bank_id,course_family,unit,section,destination,destination_group,destination_slot,spiral_role,dok,learning_target,i_can,framework_alignment,item_type,answer_type,figure_files,source_basis,notes
U5-S1-NOTE-EX01,MATH,5,5.1,notes_example,notes,pair_1_ex,current,2,"Apply the Mean Value Theorem and Extreme Value Theorem with appropriate hypotheses and conclusions, and identify critical points and local or global extrema.",I can verify theorem hypotheses on an interval and use critical points and endpoints to analyze local and absolute extrema.,"AP Topics 5.1, 5.2",mvt_application,constructed_response,,"Unit 5 Assessment Plan + AP Calculus AB Course Framework; supplied AP Topic scoring guides used for representation and rigor only, with no published wording copied.",Notes pair 1; EX.
U5-S1-NOTE-YTI01,MATH,5,5.1,notes_you_try_it,notes,pair_1_yti,current,2,"Apply the Mean Value Theorem and Extreme Value Theorem with appropriate hypotheses and conclusions, and identify critical points and local or global extrema.",I can verify theorem hypotheses on an interval and use critical points and endpoints to analyze local and absolute extrema.,"AP Topics 5.1, 5.2",mvt_conditions,constructed_response,,"Unit 5 Assessment Plan + AP Calculus AB Course Framework; supplied AP Topic scoring guides used for representation and rigor only, with no published wording copied.",Notes pair 1; YTI.
U5-S1-NOTE-EX02,MATH,5,5.1,notes_example,notes,pair_2_ex,current,2,"Apply the Mean Value Theorem and Extreme Value Theorem with appropriate hypotheses and conclusions, and identify critical points and local or global extrema.",I can verify theorem hypotheses on an interval and use critical points and endpoints to analyze local and absolute extrema.,"AP Topics 5.1, 5.2",mvt_conditions,constructed_response,,"Unit 5 Assessment Plan + AP Calculus AB Course Framework; supplied AP Topic scoring guides used for representation and rigor only, with no published wording copied.",Notes pair 2; EX.
U5-S1-NOTE-YTI02,MATH,5,5.1,notes_you_try_it,notes,pair_2_yti,current,1,"Apply the Mean Value Theorem and Extreme Value Theorem with appropriate hypotheses and conclusions, and identify critical points and local or global extrema.",I can verify theorem hypotheses on an interval and use critical points and endpoints to analyze local and absolute extrema.,"AP Topics 5.1, 5.2",critical_numbers,expression,,"Unit 5 Assessment Plan + AP Calculus AB Course Framework; supplied AP Topic scoring guides used for representation and rigor only, with no published wording copied.",Notes pair 2; YTI.
U5-S1-NOTE-EX03,MATH,5,5.1,notes_example,notes,pair_3_ex,current,1,"Apply the Mean Value Theorem and Extreme Value Theorem with appropriate hypotheses and conclusions, and identify critical points and local or global extrema.",I can verify theorem hypotheses on an interval and use critical points and endpoints to analyze local and absolute extrema.,"AP Topics 5.1, 5.2",critical_numbers,expression,,"Unit 5 Assessment Plan + AP Calculus AB Course Framework; supplied AP Topic scoring guides used for representation and rigor only, with no published wording copied.",Notes pair 3; EX.
U5-S1-NOTE-YTI03,MATH,5,5.1,notes_you_try_it,notes,pair_3_yti,current,2,"Apply the Mean Value Theorem and Extreme Value Theorem with appropriate hypotheses and conclusions, and identify critical points and local or global extrema.",I can verify theorem hypotheses on an interval and use critical points and endpoints to analyze local and absolute extrema.,"AP Topics 5.1, 5.2",closed_interval_extrema,constructed_response,,"Unit 5 Assessment Plan + AP Calculus AB Course Framework; supplied AP Topic scoring guides used for representation and rigor only, with no published wording copied.",Notes pair 3; YTI.
U5-S1-NOTE-EX04,MATH,5,5.1,notes_example,notes,pair_4_ex,current,2,"Apply the Mean Value Theorem and Extreme Value Theorem with appropriate hypotheses and conclusions, and identify critical points and local or global extrema.",I can verify theorem hypotheses on an interval and use critical points and endpoints to analyze local and absolute extrema.,"AP Topics 5.1, 5.2",closed_interval_extrema,constructed_response,,"Unit 5 Assessment Plan + AP Calculus AB Course Framework; supplied AP Topic scoring guides used for representation and rigor only, with no published wording copied.",Notes pair 4; EX.
U5-S1-NOTE-YTI04,MATH,5,5.1,notes_you_try_it,notes,pair_4_yti,current,3,"Apply the Mean Value Theorem and Extreme Value Theorem with appropriate hypotheses and conclusions, and identify critical points and local or global extrema.",I can verify theorem hypotheses on an interval and use critical points and endpoints to analyze local and absolute extrema.,"AP Topics 5.1, 5.2",critical_point_claim_critique,constructed_response,,"Unit 5 Assessment Plan + AP Calculus AB Course Framework; supplied AP Topic scoring guides used for representation and rigor only, with no published wording copied.",Notes pair 4; YTI.
U5-S2-NOTE-EX01,MATH,5,5.2,notes_example,notes,pair_1_ex,current,2,Use the sign of the first derivative to determine intervals of increase/decrease and classify local extrema with the first derivative test.,I can build and interpret a first-derivative sign chart and justify local extrema from derivative sign changes.,"AP Topics 5.3, 5.4",first_derivative_sign_chart,intervals,,"Unit 5 Assessment Plan + AP Calculus AB Course Framework; supplied AP Topic scoring guides used for representation and rigor only, with no published wording copied.",Notes pair 1; EX.
U5-S2-NOTE-YTI01,MATH,5,5.2,notes_you_try_it,notes,pair_1_yti,current,2,Use the sign of the first derivative to determine intervals of increase/decrease and classify local extrema with the first derivative test.,I can build and interpret a first-derivative sign chart and justify local extrema from derivative sign changes.,"AP Topics 5.3, 5.4",first_derivative_test,constructed_response,,"Unit 5 Assessment Plan + AP Calculus AB Course Framework; supplied AP Topic scoring guides used for representation and rigor only, with no published wording copied.",Notes pair 1; YTI.
U5-S2-NOTE-EX02,MATH,5,5.2,notes_example,notes,pair_2_ex,current,2,Use the sign of the first derivative to determine intervals of increase/decrease and classify local extrema with the first derivative test.,I can build and interpret a first-derivative sign chart and justify local extrema from derivative sign changes.,"AP Topics 5.3, 5.4",first_derivative_test,constructed_response,,"Unit 5 Assessment Plan + AP Calculus AB Course Framework; supplied AP Topic scoring guides used for representation and rigor only, with no published wording copied.",Notes pair 2; EX.
U5-S2-NOTE-YTI02,MATH,5,5.2,notes_you_try_it,notes,pair_2_yti,current,2,Use the sign of the first derivative to determine intervals of increase/decrease and classify local extrema with the first derivative test.,I can build and interpret a first-derivative sign chart and justify local extrema from derivative sign changes.,"AP Topics 5.3, 5.4",increasing_intervals,intervals,,"Unit 5 Assessment Plan + AP Calculus AB Course Framework; supplied AP Topic scoring guides used for representation and rigor only, with no published wording copied.",Notes pair 2; YTI.
U5-S2-NOTE-EX03,MATH,5,5.2,notes_example,notes,pair_3_ex,current,2,Use the sign of the first derivative to determine intervals of increase/decrease and classify local extrema with the first derivative test.,I can build and interpret a first-derivative sign chart and justify local extrema from derivative sign changes.,"AP Topics 5.3, 5.4",increasing_intervals,intervals,,"Unit 5 Assessment Plan + AP Calculus AB Course Framework; supplied AP Topic scoring guides used for representation and rigor only, with no published wording copied.",Notes pair 3; EX.
U5-S2-NOTE-YTI03,MATH,5,5.2,notes_you_try_it,notes,pair_3_yti,current,2,Use the sign of the first derivative to determine intervals of increase/decrease and classify local extrema with the first derivative test.,I can build and interpret a first-derivative sign chart and justify local extrema from derivative sign changes.,"AP Topics 5.3, 5.4",graph_of_first_derivative,intervals,u5_s2_note_yti03_fprime_graph.png,"Unit 5 Assessment Plan + AP Calculus AB Course Framework; supplied AP Topic scoring guides used for representation and rigor only, with no published wording copied.",Notes pair 3; YTI.
U5-S2-NOTE-EX04,MATH,5,5.2,notes_example,notes,pair_4_ex,current,2,Use the sign of the first derivative to determine intervals of increase/decrease and classify local extrema with the first derivative test.,I can build and interpret a first-derivative sign chart and justify local extrema from derivative sign changes.,"AP Topics 5.3, 5.4",graph_of_first_derivative,intervals,u5_s2_note_ex04_fprime_graph.png,"Unit 5 Assessment Plan + AP Calculus AB Course Framework; supplied AP Topic scoring guides used for representation and rigor only, with no published wording copied.",Notes pair 4; EX.
U5-S2-NOTE-YTI04,MATH,5,5.2,notes_you_try_it,notes,pair_4_yti,current,3,Use the sign of the first derivative to determine intervals of increase/decrease and classify local extrema with the first derivative test.,I can build and interpret a first-derivative sign chart and justify local extrema from derivative sign changes.,"AP Topics 5.3, 5.4",monotonicity_claim_critique,constructed_response,,"Unit 5 Assessment Plan + AP Calculus AB Course Framework; supplied AP Topic scoring guides used for representation and rigor only, with no published wording copied.",Notes pair 4; YTI.
U5-S3-NOTE-EX01,MATH,5,5.3,notes_example,notes,pair_1_ex,current,2,"Use second-derivative information to determine concavity, identify inflection points, and apply the second derivative test when appropriate.",I can analyze concavity from $f''$ and classify extrema using a qualified second derivative test.,"AP Topics 5.6, 5.7",second_derivative_sign_chart,intervals,,"Unit 5 Assessment Plan + AP Calculus AB Course Framework; supplied AP Topic scoring guides used for representation and rigor only, with no published wording copied.",Notes pair 1; EX.
U5-S3-NOTE-YTI01,MATH,5,5.3,notes_you_try_it,notes,pair_1_yti,current,2,"Use second-derivative information to determine concavity, identify inflection points, and apply the second derivative test when appropriate.",I can analyze concavity from $f''$ and classify extrema using a qualified second derivative test.,"AP Topics 5.6, 5.7",inflection_candidates,constructed_response,,"Unit 5 Assessment Plan + AP Calculus AB Course Framework; supplied AP Topic scoring guides used for representation and rigor only, with no published wording copied.",Notes pair 1; YTI.
U5-S3-NOTE-EX02,MATH,5,5.3,notes_example,notes,pair_2_ex,current,2,"Use second-derivative information to determine concavity, identify inflection points, and apply the second derivative test when appropriate.",I can analyze concavity from $f''$ and classify extrema using a qualified second derivative test.,"AP Topics 5.6, 5.7",inflection_candidates,constructed_response,,"Unit 5 Assessment Plan + AP Calculus AB Course Framework; supplied AP Topic scoring guides used for representation and rigor only, with no published wording copied.",Notes pair 2; EX.
U5-S3-NOTE-YTI02,MATH,5,5.3,notes_you_try_it,notes,pair_2_yti,current,2,"Use second-derivative information to determine concavity, identify inflection points, and apply the second derivative test when appropriate.",I can analyze concavity from $f''$ and classify extrema using a qualified second derivative test.,"AP Topics 5.6, 5.7",second_derivative_test,text,,"Unit 5 Assessment Plan + AP Calculus AB Course Framework; supplied AP Topic scoring guides used for representation and rigor only, with no published wording copied.",Notes pair 2; YTI.
U5-S3-NOTE-EX03,MATH,5,5.3,notes_example,notes,pair_3_ex,current,2,"Use second-derivative information to determine concavity, identify inflection points, and apply the second derivative test when appropriate.",I can analyze concavity from $f''$ and classify extrema using a qualified second derivative test.,"AP Topics 5.6, 5.7",second_derivative_test,text,,"Unit 5 Assessment Plan + AP Calculus AB Course Framework; supplied AP Topic scoring guides used for representation and rigor only, with no published wording copied.",Notes pair 3; EX.
U5-S3-NOTE-YTI03,MATH,5,5.3,notes_you_try_it,notes,pair_3_yti,current,2,"Use second-derivative information to determine concavity, identify inflection points, and apply the second derivative test when appropriate.",I can analyze concavity from $f''$ and classify extrema using a qualified second derivative test.,"AP Topics 5.6, 5.7",graph_of_second_derivative,intervals,u5_s3_note_yti03_fdoubleprime_graph.png,"Unit 5 Assessment Plan + AP Calculus AB Course Framework; supplied AP Topic scoring guides used for representation and rigor only, with no published wording copied.",Notes pair 3; YTI.
U5-S3-NOTE-EX04,MATH,5,5.3,notes_example,notes,pair_4_ex,current,2,"Use second-derivative information to determine concavity, identify inflection points, and apply the second derivative test when appropriate.",I can analyze concavity from $f''$ and classify extrema using a qualified second derivative test.,"AP Topics 5.6, 5.7",graph_of_second_derivative,intervals,u5_s3_note_ex04_fdoubleprime_graph.png,"Unit 5 Assessment Plan + AP Calculus AB Course Framework; supplied AP Topic scoring guides used for representation and rigor only, with no published wording copied.",Notes pair 4; EX.
U5-S3-NOTE-YTI04,MATH,5,5.3,notes_you_try_it,notes,pair_4_yti,current,3,"Use second-derivative information to determine concavity, identify inflection points, and apply the second derivative test when appropriate.",I can analyze concavity from $f''$ and classify extrema using a qualified second derivative test.,"AP Topics 5.6, 5.7",inflection_claim_critique,constructed_response,,"Unit 5 Assessment Plan + AP Calculus AB Course Framework; supplied AP Topic scoring guides used for representation and rigor only, with no published wording copied.",Notes pair 4; YTI.
U5-S4-NOTE-EX01,MATH,5,5.4,notes_example,notes,pair_1_ex,current,2,"Connect the behavior of $f$, $f'$, and $f''$ across graphical, numerical, analytical, and implicit representations.","I can match derivative-related features and predict missing behavior in one representation from information about $f$, $f'$, or $f''$.","AP Topics 5.8, 5.9, 5.12",derivative_table_connections,constructed_response,,"Unit 5 Assessment Plan + AP Calculus AB Course Framework; supplied AP Topic scoring guides used for representation and rigor only, with no published wording copied.",Notes pair 1; EX.
U5-S4-NOTE-YTI01,MATH,5,5.4,notes_you_try_it,notes,pair_1_yti,current,3,"Connect the behavior of $f$, $f'$, and $f''$ across graphical, numerical, analytical, and implicit representations.","I can match derivative-related features and predict missing behavior in one representation from information about $f$, $f'$, or $f''$.","AP Topics 5.8, 5.9, 5.12",f_fprime_connection,constructed_response,u5_s4_note_yti01_fprime_connection.png,"Unit 5 Assessment Plan + AP Calculus AB Course Framework; supplied AP Topic scoring guides used for representation and rigor only, with no published wording copied.",Notes pair 1; YTI.
U5-S4-NOTE-EX02,MATH,5,5.4,notes_example,notes,pair_2_ex,current,3,"Connect the behavior of $f$, $f'$, and $f''$ across graphical, numerical, analytical, and implicit representations.","I can match derivative-related features and predict missing behavior in one representation from information about $f$, $f'$, or $f''$.","AP Topics 5.8, 5.9, 5.12",f_fprime_connection,constructed_response,u5_s4_note_ex02_fprime_connection.png,"Unit 5 Assessment Plan + AP Calculus AB Course Framework; supplied AP Topic scoring guides used for representation and rigor only, with no published wording copied.",Notes pair 2; EX.
U5-S4-NOTE-YTI02,MATH,5,5.4,notes_you_try_it,notes,pair_2_yti,current,2,"Connect the behavior of $f$, $f'$, and $f''$ across graphical, numerical, analytical, and implicit representations.","I can match derivative-related features and predict missing behavior in one representation from information about $f$, $f'$, or $f''$.","AP Topics 5.8, 5.9, 5.12",multi_derivative_connection,text,,"Unit 5 Assessment Plan + AP Calculus AB Course Framework; supplied AP Topic scoring guides used for representation and rigor only, with no published wording copied.",Notes pair 2; YTI.
U5-S4-NOTE-EX03,MATH,5,5.4,notes_example,notes,pair_3_ex,current,2,"Connect the behavior of $f$, $f'$, and $f''$ across graphical, numerical, analytical, and implicit representations.","I can match derivative-related features and predict missing behavior in one representation from information about $f$, $f'$, or $f''$.","AP Topics 5.8, 5.9, 5.12",multi_derivative_connection,text,,"Unit 5 Assessment Plan + AP Calculus AB Course Framework; supplied AP Topic scoring guides used for representation and rigor only, with no published wording copied.",Notes pair 3; EX.
U5-S4-NOTE-YTI03,MATH,5,5.4,notes_you_try_it,notes,pair_3_yti,current,3,"Connect the behavior of $f$, $f'$, and $f''$ across graphical, numerical, analytical, and implicit representations.","I can match derivative-related features and predict missing behavior in one representation from information about $f$, $f'$, or $f''$.","AP Topics 5.8, 5.9, 5.12",triple_representation_synthesis,constructed_response,u5_s4_note_yti03_triple_graph.png,"Unit 5 Assessment Plan + AP Calculus AB Course Framework; supplied AP Topic scoring guides used for representation and rigor only, with no published wording copied.",Notes pair 3; YTI.
U5-S4-NOTE-EX04,MATH,5,5.4,notes_example,notes,pair_4_ex,current,3,"Connect the behavior of $f$, $f'$, and $f''$ across graphical, numerical, analytical, and implicit representations.","I can match derivative-related features and predict missing behavior in one representation from information about $f$, $f'$, or $f''$.","AP Topics 5.8, 5.9, 5.12",triple_representation_synthesis,constructed_response,u5_s4_note_ex04_triple_graph.png,"Unit 5 Assessment Plan + AP Calculus AB Course Framework; supplied AP Topic scoring guides used for representation and rigor only, with no published wording copied.",Notes pair 4; EX.
U5-S4-NOTE-YTI04,MATH,5,5.4,notes_you_try_it,notes,pair_4_yti,current,3,"Connect the behavior of $f$, $f'$, and $f''$ across graphical, numerical, analytical, and implicit representations.","I can match derivative-related features and predict missing behavior in one representation from information about $f$, $f'$, or $f''$.","AP Topics 5.8, 5.9, 5.12",graph_match_critique,constructed_response,,"Unit 5 Assessment Plan + AP Calculus AB Course Framework; supplied AP Topic scoring guides used for representation and rigor only, with no published wording copied.",Notes pair 4; YTI.
U5-S5-NOTE-EX01,MATH,5,5.5,notes_example,notes,pair_1_ex,current,2,"Model optimization situations with quantities, constraints, and objective functions, then use calculus-based reasoning to identify and justify optimal values.",I can construct an objective function from a context and justify a maximum or minimum with calculus and feasible-domain reasoning.,"AP Topics 5.10, 5.11",rectangle_optimization,constructed_response,,"Unit 5 Assessment Plan + AP Calculus AB Course Framework; supplied AP Topic scoring guides used for representation and rigor only, with no published wording copied.",Notes pair 1; EX.
U5-S5-NOTE-YTI01,MATH,5,5.5,notes_you_try_it,notes,pair_1_yti,current,2,"Model optimization situations with quantities, constraints, and objective functions, then use calculus-based reasoning to identify and justify optimal values.",I can construct an objective function from a context and justify a maximum or minimum with calculus and feasible-domain reasoning.,"AP Topics 5.10, 5.11",fencing_optimization,constructed_response,,"Unit 5 Assessment Plan + AP Calculus AB Course Framework; supplied AP Topic scoring guides used for representation and rigor only, with no published wording copied.",Notes pair 1; YTI.
U5-S5-NOTE-EX02,MATH,5,5.5,notes_example,notes,pair_2_ex,current,2,"Model optimization situations with quantities, constraints, and objective functions, then use calculus-based reasoning to identify and justify optimal values.",I can construct an objective function from a context and justify a maximum or minimum with calculus and feasible-domain reasoning.,"AP Topics 5.10, 5.11",fencing_optimization,constructed_response,,"Unit 5 Assessment Plan + AP Calculus AB Course Framework; supplied AP Topic scoring guides used for representation and rigor only, with no published wording copied.",Notes pair 2; EX.
U5-S5-NOTE-YTI02,MATH,5,5.5,notes_you_try_it,notes,pair_2_yti,current,2,"Model optimization situations with quantities, constraints, and objective functions, then use calculus-based reasoning to identify and justify optimal values.",I can construct an objective function from a context and justify a maximum or minimum with calculus and feasible-domain reasoning.,"AP Topics 5.10, 5.11",box_optimization,numeric,,"Unit 5 Assessment Plan + AP Calculus AB Course Framework; supplied AP Topic scoring guides used for representation and rigor only, with no published wording copied.",Notes pair 2; YTI.
U5-S5-NOTE-EX03,MATH,5,5.5,notes_example,notes,pair_3_ex,current,2,"Model optimization situations with quantities, constraints, and objective functions, then use calculus-based reasoning to identify and justify optimal values.",I can construct an objective function from a context and justify a maximum or minimum with calculus and feasible-domain reasoning.,"AP Topics 5.10, 5.11",box_optimization,numeric,,"Unit 5 Assessment Plan + AP Calculus AB Course Framework; supplied AP Topic scoring guides used for representation and rigor only, with no published wording copied.",Notes pair 3; EX.
U5-S5-NOTE-YTI03,MATH,5,5.5,notes_you_try_it,notes,pair_3_yti,current,2,"Model optimization situations with quantities, constraints, and objective functions, then use calculus-based reasoning to identify and justify optimal values.",I can construct an objective function from a context and justify a maximum or minimum with calculus and feasible-domain reasoning.,"AP Topics 5.10, 5.11",product_optimization,numeric,,"Unit 5 Assessment Plan + AP Calculus AB Course Framework; supplied AP Topic scoring guides used for representation and rigor only, with no published wording copied.",Notes pair 3; YTI.
U5-S5-NOTE-EX04,MATH,5,5.5,notes_example,notes,pair_4_ex,current,2,"Model optimization situations with quantities, constraints, and objective functions, then use calculus-based reasoning to identify and justify optimal values.",I can construct an objective function from a context and justify a maximum or minimum with calculus and feasible-domain reasoning.,"AP Topics 5.10, 5.11",product_optimization,numeric,,"Unit 5 Assessment Plan + AP Calculus AB Course Framework; supplied AP Topic scoring guides used for representation and rigor only, with no published wording copied.",Notes pair 4; EX.
U5-S5-NOTE-YTI04,MATH,5,5.5,notes_you_try_it,notes,pair_4_yti,current,3,"Model optimization situations with quantities, constraints, and objective functions, then use calculus-based reasoning to identify and justify optimal values.",I can construct an objective function from a context and justify a maximum or minimum with calculus and feasible-domain reasoning.,"AP Topics 5.10, 5.11",optimization_justification_critique,constructed_response,,"Unit 5 Assessment Plan + AP Calculus AB Course Framework; supplied AP Topic scoring guides used for representation and rigor only, with no published wording copied.",Notes pair 4; YTI.
U5-S1-PS1-C01,MATH,5,5.1,practice_set_1,practice,ps1_c01,current,2,"Apply the Mean Value Theorem and Extreme Value Theorem with appropriate hypotheses and conclusions, and identify critical points and local or global extrema.",I can verify theorem hypotheses on an interval and use critical points and endpoints to analyze local and absolute extrema.,"AP Topics 5.1, 5.2",mvt_conditions,constructed_response,,"Unit 5 Assessment Plan + AP Calculus AB Course Framework; supplied AP Topic scoring guides used for representation and rigor only, with no published wording copied.",
U5-S1-PS1-C02,MATH,5,5.1,practice_set_1,practice,ps1_c02,current,1,"Apply the Mean Value Theorem and Extreme Value Theorem with appropriate hypotheses and conclusions, and identify critical points and local or global extrema.",I can verify theorem hypotheses on an interval and use critical points and endpoints to analyze local and absolute extrema.,"AP Topics 5.1, 5.2",critical_numbers,expression,,"Unit 5 Assessment Plan + AP Calculus AB Course Framework; supplied AP Topic scoring guides used for representation and rigor only, with no published wording copied.",
U5-S1-PS1-C03,MATH,5,5.1,practice_set_1,practice,ps1_c03,current,2,"Apply the Mean Value Theorem and Extreme Value Theorem with appropriate hypotheses and conclusions, and identify critical points and local or global extrema.",I can verify theorem hypotheses on an interval and use critical points and endpoints to analyze local and absolute extrema.,"AP Topics 5.1, 5.2",closed_interval_extrema,constructed_response,,"Unit 5 Assessment Plan + AP Calculus AB Course Framework; supplied AP Topic scoring guides used for representation and rigor only, with no published wording copied.",
U5-S1-PS1-C04,MATH,5,5.1,practice_set_1,practice,ps1_c04,current,3,"Apply the Mean Value Theorem and Extreme Value Theorem with appropriate hypotheses and conclusions, and identify critical points and local or global extrema.",I can verify theorem hypotheses on an interval and use critical points and endpoints to analyze local and absolute extrema.,"AP Topics 5.1, 5.2",critical_point_claim_critique,constructed_response,,"Unit 5 Assessment Plan + AP Calculus AB Course Framework; supplied AP Topic scoring guides used for representation and rigor only, with no published wording copied.",
U5-S1-PS1-C05,MATH,5,5.1,practice_set_1,practice,ps1_c05,current,1,"Apply the Mean Value Theorem and Extreme Value Theorem with appropriate hypotheses and conclusions, and identify critical points and local or global extrema.",I can verify theorem hypotheses on an interval and use critical points and endpoints to analyze local and absolute extrema.,"AP Topics 5.1, 5.2",mvt_conclusion,expression,,"Unit 5 Assessment Plan + AP Calculus AB Course Framework; supplied AP Topic scoring guides used for representation and rigor only, with no published wording copied.",
U5-S1-PS1-L01,MATH,5,5.1,practice_set_1,practice,ps1_l01,last,3,Use local linearity for tangent-line approximation and apply L'Hospital's Rule only to appropriate indeterminate forms with required conditions.,I can retrieve and apply the most recent prerequisite learning.,"AP Topics 5.1, 5.2",lhospital_condition_critique,constructed_response,,"Unit 5 Assessment Plan + AP Calculus AB Course Framework; supplied AP Topic scoring guides used for representation and rigor only, with no published wording copied.",
U5-S1-PS1-L02,MATH,5,5.1,practice_set_1,practice,ps1_l02,last,2,Use local linearity for tangent-line approximation and apply L'Hospital's Rule only to appropriate indeterminate forms with required conditions.,I can retrieve and apply the most recent prerequisite learning.,"AP Topics 5.1, 5.2",local_linearity,numeric,,"Unit 5 Assessment Plan + AP Calculus AB Course Framework; supplied AP Topic scoring guides used for representation and rigor only, with no published wording copied.",
U5-S1-PS1-L03,MATH,5,5.1,practice_set_1,practice,ps1_l03,last,2,Use local linearity for tangent-line approximation and apply L'Hospital's Rule only to appropriate indeterminate forms with required conditions.,I can retrieve and apply the most recent prerequisite learning.,"AP Topics 5.1, 5.2",linearization,numeric,,"Unit 5 Assessment Plan + AP Calculus AB Course Framework; supplied AP Topic scoring guides used for representation and rigor only, with no published wording copied.",
U5-S1-PS1-L04,MATH,5,5.1,practice_set_1,practice,ps1_l04,last,2,Use local linearity for tangent-line approximation and apply L'Hospital's Rule only to appropriate indeterminate forms with required conditions.,I can retrieve and apply the most recent prerequisite learning.,"AP Topics 5.1, 5.2",lhospital_application,numeric,,"Unit 5 Assessment Plan + AP Calculus AB Course Framework; supplied AP Topic scoring guides used for representation and rigor only, with no published wording copied.",
U5-S1-PS1-L05,MATH,5,5.1,practice_set_1,practice,ps1_l05,last,3,Use local linearity for tangent-line approximation and apply L'Hospital's Rule only to appropriate indeterminate forms with required conditions.,I can retrieve and apply the most recent prerequisite learning.,"AP Topics 5.1, 5.2",lhospital_condition_critique,constructed_response,,"Unit 5 Assessment Plan + AP Calculus AB Course Framework; supplied AP Topic scoring guides used for representation and rigor only, with no published wording copied.",
U5-S1-PS1-M01,MATH,5,5.1,practice_set_1,practice,ps1_m01,mastery,2,Derivative notation and rules; graph/table interpretation; units and rate meaning; limit and continuity reasoning when relevant.,I can retrieve durable prerequisite learning that supports graph analysis.,"AP Topics 5.1, 5.2",linearization_retrieval,numeric,,"Unit 5 Assessment Plan + AP Calculus AB Course Framework; supplied AP Topic scoring guides used for representation and rigor only, with no published wording copied.",
U5-S1-PS1-M02,MATH,5,5.1,practice_set_1,practice,ps1_m02,mastery,1,Derivative notation and rules; graph/table interpretation; units and rate meaning; limit and continuity reasoning when relevant.,I can retrieve durable prerequisite learning that supports graph analysis.,"AP Topics 5.1, 5.2",lhospital_condition_retrieval,text,,"Unit 5 Assessment Plan + AP Calculus AB Course Framework; supplied AP Topic scoring guides used for representation and rigor only, with no published wording copied.",
U5-S1-PS1-M03,MATH,5,5.1,practice_set_1,practice,ps1_m03,mastery,2,Derivative notation and rules; graph/table interpretation; units and rate meaning; limit and continuity reasoning when relevant.,I can retrieve durable prerequisite learning that supports graph analysis.,"AP Topics 5.1, 5.2",motion_sign_retrieval,numeric,,"Unit 5 Assessment Plan + AP Calculus AB Course Framework; supplied AP Topic scoring guides used for representation and rigor only, with no published wording copied.",
U5-S1-PS1-M04,MATH,5,5.1,practice_set_1,practice,ps1_m04,mastery,2,Derivative notation and rules; graph/table interpretation; units and rate meaning; limit and continuity reasoning when relevant.,I can retrieve durable prerequisite learning that supports graph analysis.,"AP Topics 5.1, 5.2",limit_retrieval,numeric,,"Unit 5 Assessment Plan + AP Calculus AB Course Framework; supplied AP Topic scoring guides used for representation and rigor only, with no published wording copied.",
U5-S1-PS1-M05,MATH,5,5.1,practice_set_1,practice,ps1_m05,mastery,2,Derivative notation and rules; graph/table interpretation; units and rate meaning; limit and continuity reasoning when relevant.,I can retrieve durable prerequisite learning that supports graph analysis.,"AP Topics 5.1, 5.2",rate_meaning_retrieval,text,,"Unit 5 Assessment Plan + AP Calculus AB Course Framework; supplied AP Topic scoring guides used for representation and rigor only, with no published wording copied.",
U5-S1-PS1-M06,MATH,5,5.1,practice_set_1,practice,ps1_m06,mastery,2,Derivative notation and rules; graph/table interpretation; units and rate meaning; limit and continuity reasoning when relevant.,I can retrieve durable prerequisite learning that supports graph analysis.,"AP Topics 5.1, 5.2",product_rule_retrieval,expression,,"Unit 5 Assessment Plan + AP Calculus AB Course Framework; supplied AP Topic scoring guides used for representation and rigor only, with no published wording copied.",
U5-S1-PS1-M07,MATH,5,5.1,practice_set_1,practice,ps1_m07,mastery,2,Derivative notation and rules; graph/table interpretation; units and rate meaning; limit and continuity reasoning when relevant.,I can retrieve durable prerequisite learning that supports graph analysis.,"AP Topics 5.1, 5.2",derivative_rule_retrieval,expression,,"Unit 5 Assessment Plan + AP Calculus AB Course Framework; supplied AP Topic scoring guides used for representation and rigor only, with no published wording copied.",
U5-S1-PS1-M08,MATH,5,5.1,practice_set_1,practice,ps1_m08,mastery,1,Derivative notation and rules; graph/table interpretation; units and rate meaning; limit and continuity reasoning when relevant.,I can retrieve durable prerequisite learning that supports graph analysis.,"AP Topics 5.1, 5.2",units_interpretation,text,,"Unit 5 Assessment Plan + AP Calculus AB Course Framework; supplied AP Topic scoring guides used for representation and rigor only, with no published wording copied.",
U5-S1-PS1-M09,MATH,5,5.1,practice_set_1,practice,ps1_m09,mastery,2,Derivative notation and rules; graph/table interpretation; units and rate meaning; limit and continuity reasoning when relevant.,I can retrieve durable prerequisite learning that supports graph analysis.,"AP Topics 5.1, 5.2",linearization_retrieval,numeric,,"Unit 5 Assessment Plan + AP Calculus AB Course Framework; supplied AP Topic scoring guides used for representation and rigor only, with no published wording copied.",
U5-S1-PS1-M10,MATH,5,5.1,practice_set_1,practice,ps1_m10,mastery,1,Derivative notation and rules; graph/table interpretation; units and rate meaning; limit and continuity reasoning when relevant.,I can retrieve durable prerequisite learning that supports graph analysis.,"AP Topics 5.1, 5.2",lhospital_condition_retrieval,text,,"Unit 5 Assessment Plan + AP Calculus AB Course Framework; supplied AP Topic scoring guides used for representation and rigor only, with no published wording copied.",
U5-S1-PS2-C01,MATH,5,5.1,practice_set_2,practice,ps2_c01,current,1,"Apply the Mean Value Theorem and Extreme Value Theorem with appropriate hypotheses and conclusions, and identify critical points and local or global extrema.",I can verify theorem hypotheses on an interval and use critical points and endpoints to analyze local and absolute extrema.,"AP Topics 5.1, 5.2",critical_numbers,expression,,"Unit 5 Assessment Plan + AP Calculus AB Course Framework; supplied AP Topic scoring guides used for representation and rigor only, with no published wording copied.",
U5-S1-PS2-C02,MATH,5,5.1,practice_set_2,practice,ps2_c02,current,2,"Apply the Mean Value Theorem and Extreme Value Theorem with appropriate hypotheses and conclusions, and identify critical points and local or global extrema.",I can verify theorem hypotheses on an interval and use critical points and endpoints to analyze local and absolute extrema.,"AP Topics 5.1, 5.2",closed_interval_extrema,constructed_response,,"Unit 5 Assessment Plan + AP Calculus AB Course Framework; supplied AP Topic scoring guides used for representation and rigor only, with no published wording copied.",
U5-S1-PS2-C03,MATH,5,5.1,practice_set_2,practice,ps2_c03,current,3,"Apply the Mean Value Theorem and Extreme Value Theorem with appropriate hypotheses and conclusions, and identify critical points and local or global extrema.",I can verify theorem hypotheses on an interval and use critical points and endpoints to analyze local and absolute extrema.,"AP Topics 5.1, 5.2",critical_point_claim_critique,constructed_response,,"Unit 5 Assessment Plan + AP Calculus AB Course Framework; supplied AP Topic scoring guides used for representation and rigor only, with no published wording copied.",
U5-S1-PS2-C04,MATH,5,5.1,practice_set_2,practice,ps2_c04,current,1,"Apply the Mean Value Theorem and Extreme Value Theorem with appropriate hypotheses and conclusions, and identify critical points and local or global extrema.",I can verify theorem hypotheses on an interval and use critical points and endpoints to analyze local and absolute extrema.,"AP Topics 5.1, 5.2",mvt_conclusion,expression,,"Unit 5 Assessment Plan + AP Calculus AB Course Framework; supplied AP Topic scoring guides used for representation and rigor only, with no published wording copied.",
U5-S1-PS2-C05,MATH,5,5.1,practice_set_2,practice,ps2_c05,current,2,"Apply the Mean Value Theorem and Extreme Value Theorem with appropriate hypotheses and conclusions, and identify critical points and local or global extrema.",I can verify theorem hypotheses on an interval and use critical points and endpoints to analyze local and absolute extrema.,"AP Topics 5.1, 5.2",mvt_application,constructed_response,,"Unit 5 Assessment Plan + AP Calculus AB Course Framework; supplied AP Topic scoring guides used for representation and rigor only, with no published wording copied.",
U5-S1-PS2-L01,MATH,5,5.1,practice_set_2,practice,ps2_l01,last,2,Use local linearity for tangent-line approximation and apply L'Hospital's Rule only to appropriate indeterminate forms with required conditions.,I can retrieve and apply the most recent prerequisite learning.,"AP Topics 5.1, 5.2",lhospital_application,numeric,,"Unit 5 Assessment Plan + AP Calculus AB Course Framework; supplied AP Topic scoring guides used for representation and rigor only, with no published wording copied.",
U5-S1-PS2-L02,MATH,5,5.1,practice_set_2,practice,ps2_l02,last,3,Use local linearity for tangent-line approximation and apply L'Hospital's Rule only to appropriate indeterminate forms with required conditions.,I can retrieve and apply the most recent prerequisite learning.,"AP Topics 5.1, 5.2",lhospital_condition_critique,constructed_response,,"Unit 5 Assessment Plan + AP Calculus AB Course Framework; supplied AP Topic scoring guides used for representation and rigor only, with no published wording copied.",
U5-S1-PS2-L03,MATH,5,5.1,practice_set_2,practice,ps2_l03,last,2,Use local linearity for tangent-line approximation and apply L'Hospital's Rule only to appropriate indeterminate forms with required conditions.,I can retrieve and apply the most recent prerequisite learning.,"AP Topics 5.1, 5.2",local_linearity,numeric,,"Unit 5 Assessment Plan + AP Calculus AB Course Framework; supplied AP Topic scoring guides used for representation and rigor only, with no published wording copied.",
U5-S1-PS2-L04,MATH,5,5.1,practice_set_2,practice,ps2_l04,last,2,Use local linearity for tangent-line approximation and apply L'Hospital's Rule only to appropriate indeterminate forms with required conditions.,I can retrieve and apply the most recent prerequisite learning.,"AP Topics 5.1, 5.2",linearization,numeric,,"Unit 5 Assessment Plan + AP Calculus AB Course Framework; supplied AP Topic scoring guides used for representation and rigor only, with no published wording copied.",
U5-S1-PS2-L05,MATH,5,5.1,practice_set_2,practice,ps2_l05,last,2,Use local linearity for tangent-line approximation and apply L'Hospital's Rule only to appropriate indeterminate forms with required conditions.,I can retrieve and apply the most recent prerequisite learning.,"AP Topics 5.1, 5.2",lhospital_application,numeric,,"Unit 5 Assessment Plan + AP Calculus AB Course Framework; supplied AP Topic scoring guides used for representation and rigor only, with no published wording copied.",
U5-S1-PS2-M01,MATH,5,5.1,practice_set_2,practice,ps2_m01,mastery,1,Derivative notation and rules; graph/table interpretation; units and rate meaning; limit and continuity reasoning when relevant.,I can retrieve durable prerequisite learning that supports graph analysis.,"AP Topics 5.1, 5.2",units_interpretation,text,,"Unit 5 Assessment Plan + AP Calculus AB Course Framework; supplied AP Topic scoring guides used for representation and rigor only, with no published wording copied.",
U5-S1-PS2-M02,MATH,5,5.1,practice_set_2,practice,ps2_m02,mastery,2,Derivative notation and rules; graph/table interpretation; units and rate meaning; limit and continuity reasoning when relevant.,I can retrieve durable prerequisite learning that supports graph analysis.,"AP Topics 5.1, 5.2",linearization_retrieval,numeric,,"Unit 5 Assessment Plan + AP Calculus AB Course Framework; supplied AP Topic scoring guides used for representation and rigor only, with no published wording copied.",
U5-S1-PS2-M03,MATH,5,5.1,practice_set_2,practice,ps2_m03,mastery,1,Derivative notation and rules; graph/table interpretation; units and rate meaning; limit and continuity reasoning when relevant.,I can retrieve durable prerequisite learning that supports graph analysis.,"AP Topics 5.1, 5.2",lhospital_condition_retrieval,text,,"Unit 5 Assessment Plan + AP Calculus AB Course Framework; supplied AP Topic scoring guides used for representation and rigor only, with no published wording copied.",
U5-S1-PS2-M04,MATH,5,5.1,practice_set_2,practice,ps2_m04,mastery,2,Derivative notation and rules; graph/table interpretation; units and rate meaning; limit and continuity reasoning when relevant.,I can retrieve durable prerequisite learning that supports graph analysis.,"AP Topics 5.1, 5.2",motion_sign_retrieval,numeric,,"Unit 5 Assessment Plan + AP Calculus AB Course Framework; supplied AP Topic scoring guides used for representation and rigor only, with no published wording copied.",
U5-S1-PS2-M05,MATH,5,5.1,practice_set_2,practice,ps2_m05,mastery,2,Derivative notation and rules; graph/table interpretation; units and rate meaning; limit and continuity reasoning when relevant.,I can retrieve durable prerequisite learning that supports graph analysis.,"AP Topics 5.1, 5.2",limit_retrieval,numeric,,"Unit 5 Assessment Plan + AP Calculus AB Course Framework; supplied AP Topic scoring guides used for representation and rigor only, with no published wording copied.",
U5-S1-PS2-M06,MATH,5,5.1,practice_set_2,practice,ps2_m06,mastery,2,Derivative notation and rules; graph/table interpretation; units and rate meaning; limit and continuity reasoning when relevant.,I can retrieve durable prerequisite learning that supports graph analysis.,"AP Topics 5.1, 5.2",rate_meaning_retrieval,text,,"Unit 5 Assessment Plan + AP Calculus AB Course Framework; supplied AP Topic scoring guides used for representation and rigor only, with no published wording copied.",
U5-S1-PS2-M07,MATH,5,5.1,practice_set_2,practice,ps2_m07,mastery,2,Derivative notation and rules; graph/table interpretation; units and rate meaning; limit and continuity reasoning when relevant.,I can retrieve durable prerequisite learning that supports graph analysis.,"AP Topics 5.1, 5.2",product_rule_retrieval,expression,,"Unit 5 Assessment Plan + AP Calculus AB Course Framework; supplied AP Topic scoring guides used for representation and rigor only, with no published wording copied.",
U5-S1-PS2-M08,MATH,5,5.1,practice_set_2,practice,ps2_m08,mastery,2,Derivative notation and rules; graph/table interpretation; units and rate meaning; limit and continuity reasoning when relevant.,I can retrieve durable prerequisite learning that supports graph analysis.,"AP Topics 5.1, 5.2",derivative_rule_retrieval,expression,,"Unit 5 Assessment Plan + AP Calculus AB Course Framework; supplied AP Topic scoring guides used for representation and rigor only, with no published wording copied.",
U5-S1-PS2-M09,MATH,5,5.1,practice_set_2,practice,ps2_m09,mastery,1,Derivative notation and rules; graph/table interpretation; units and rate meaning; limit and continuity reasoning when relevant.,I can retrieve durable prerequisite learning that supports graph analysis.,"AP Topics 5.1, 5.2",units_interpretation,text,,"Unit 5 Assessment Plan + AP Calculus AB Course Framework; supplied AP Topic scoring guides used for representation and rigor only, with no published wording copied.",
U5-S1-PS2-M10,MATH,5,5.1,practice_set_2,practice,ps2_m10,mastery,2,Derivative notation and rules; graph/table interpretation; units and rate meaning; limit and continuity reasoning when relevant.,I can retrieve durable prerequisite learning that supports graph analysis.,"AP Topics 5.1, 5.2",linearization_retrieval,numeric,,"Unit 5 Assessment Plan + AP Calculus AB Course Framework; supplied AP Topic scoring guides used for representation and rigor only, with no published wording copied.",
U5-S1-PS3-C01,MATH,5,5.1,practice_set_3,practice,ps3_c01,current,2,"Apply the Mean Value Theorem and Extreme Value Theorem with appropriate hypotheses and conclusions, and identify critical points and local or global extrema.",I can verify theorem hypotheses on an interval and use critical points and endpoints to analyze local and absolute extrema.,"AP Topics 5.1, 5.2",mvt_compact,numeric,,"Unit 5 Assessment Plan + AP Calculus AB Course Framework; supplied AP Topic scoring guides used for representation and rigor only, with no published wording copied.",Tarsia-friendly concise source.
U5-S1-PS3-C02,MATH,5,5.1,practice_set_3,practice,ps3_c02,current,2,"Apply the Mean Value Theorem and Extreme Value Theorem with appropriate hypotheses and conclusions, and identify critical points and local or global extrema.",I can verify theorem hypotheses on an interval and use critical points and endpoints to analyze local and absolute extrema.,"AP Topics 5.1, 5.2",mvt_compact,numeric,,"Unit 5 Assessment Plan + AP Calculus AB Course Framework; supplied AP Topic scoring guides used for representation and rigor only, with no published wording copied.",Tarsia-friendly concise source.
U5-S1-PS3-C03,MATH,5,5.1,practice_set_3,practice,ps3_c03,current,2,"Apply the Mean Value Theorem and Extreme Value Theorem with appropriate hypotheses and conclusions, and identify critical points and local or global extrema.",I can verify theorem hypotheses on an interval and use critical points and endpoints to analyze local and absolute extrema.,"AP Topics 5.1, 5.2",mvt_compact,numeric,,"Unit 5 Assessment Plan + AP Calculus AB Course Framework; supplied AP Topic scoring guides used for representation and rigor only, with no published wording copied.",Tarsia-friendly concise source.
U5-S1-PS3-C04,MATH,5,5.1,practice_set_3,practice,ps3_c04,current,2,"Apply the Mean Value Theorem and Extreme Value Theorem with appropriate hypotheses and conclusions, and identify critical points and local or global extrema.",I can verify theorem hypotheses on an interval and use critical points and endpoints to analyze local and absolute extrema.,"AP Topics 5.1, 5.2",mvt_compact,numeric,,"Unit 5 Assessment Plan + AP Calculus AB Course Framework; supplied AP Topic scoring guides used for representation and rigor only, with no published wording copied.",Tarsia-friendly concise source.
U5-S1-PS3-C05,MATH,5,5.1,practice_set_3,practice,ps3_c05,current,2,"Apply the Mean Value Theorem and Extreme Value Theorem with appropriate hypotheses and conclusions, and identify critical points and local or global extrema.",I can verify theorem hypotheses on an interval and use critical points and endpoints to analyze local and absolute extrema.,"AP Topics 5.1, 5.2",mvt_compact,numeric,,"Unit 5 Assessment Plan + AP Calculus AB Course Framework; supplied AP Topic scoring guides used for representation and rigor only, with no published wording copied.",Tarsia-friendly concise source.
U5-S1-PS3-L01,MATH,5,5.1,practice_set_3,practice,ps3_l01,last,2,Use local linearity for tangent-line approximation and apply L'Hospital's Rule only to appropriate indeterminate forms with required conditions.,I can retrieve and apply the most recent prerequisite learning.,"AP Topics 5.1, 5.2",linearization,numeric,,"Unit 5 Assessment Plan + AP Calculus AB Course Framework; supplied AP Topic scoring guides used for representation and rigor only, with no published wording copied.",Tarsia-friendly concise source.
U5-S1-PS3-L02,MATH,5,5.1,practice_set_3,practice,ps3_l02,last,2,Use local linearity for tangent-line approximation and apply L'Hospital's Rule only to appropriate indeterminate forms with required conditions.,I can retrieve and apply the most recent prerequisite learning.,"AP Topics 5.1, 5.2",lhospital_application,numeric,,"Unit 5 Assessment Plan + AP Calculus AB Course Framework; supplied AP Topic scoring guides used for representation and rigor only, with no published wording copied.",Tarsia-friendly concise source.
U5-S1-PS3-L03,MATH,5,5.1,practice_set_3,practice,ps3_l03,last,3,Use local linearity for tangent-line approximation and apply L'Hospital's Rule only to appropriate indeterminate forms with required conditions.,I can retrieve and apply the most recent prerequisite learning.,"AP Topics 5.1, 5.2",lhospital_condition_critique,constructed_response,,"Unit 5 Assessment Plan + AP Calculus AB Course Framework; supplied AP Topic scoring guides used for representation and rigor only, with no published wording copied.",Tarsia-friendly concise source.
U5-S1-PS3-L04,MATH,5,5.1,practice_set_3,practice,ps3_l04,last,2,Use local linearity for tangent-line approximation and apply L'Hospital's Rule only to appropriate indeterminate forms with required conditions.,I can retrieve and apply the most recent prerequisite learning.,"AP Topics 5.1, 5.2",local_linearity,numeric,,"Unit 5 Assessment Plan + AP Calculus AB Course Framework; supplied AP Topic scoring guides used for representation and rigor only, with no published wording copied.",Tarsia-friendly concise source.
U5-S1-PS3-L05,MATH,5,5.1,practice_set_3,practice,ps3_l05,last,2,Use local linearity for tangent-line approximation and apply L'Hospital's Rule only to appropriate indeterminate forms with required conditions.,I can retrieve and apply the most recent prerequisite learning.,"AP Topics 5.1, 5.2",linearization,numeric,,"Unit 5 Assessment Plan + AP Calculus AB Course Framework; supplied AP Topic scoring guides used for representation and rigor only, with no published wording copied.",Tarsia-friendly concise source.
U5-S1-PS3-M01,MATH,5,5.1,practice_set_3,practice,ps3_m01,mastery,2,Derivative notation and rules; graph/table interpretation; units and rate meaning; limit and continuity reasoning when relevant.,I can retrieve durable prerequisite learning that supports graph analysis.,"AP Topics 5.1, 5.2",derivative_rule_retrieval,expression,,"Unit 5 Assessment Plan + AP Calculus AB Course Framework; supplied AP Topic scoring guides used for representation and rigor only, with no published wording copied.",Tarsia-friendly concise source.
U5-S1-PS3-M02,MATH,5,5.1,practice_set_3,practice,ps3_m02,mastery,1,Derivative notation and rules; graph/table interpretation; units and rate meaning; limit and continuity reasoning when relevant.,I can retrieve durable prerequisite learning that supports graph analysis.,"AP Topics 5.1, 5.2",units_interpretation,text,,"Unit 5 Assessment Plan + AP Calculus AB Course Framework; supplied AP Topic scoring guides used for representation and rigor only, with no published wording copied.",Tarsia-friendly concise source.
U5-S1-PS3-M03,MATH,5,5.1,practice_set_3,practice,ps3_m03,mastery,2,Derivative notation and rules; graph/table interpretation; units and rate meaning; limit and continuity reasoning when relevant.,I can retrieve durable prerequisite learning that supports graph analysis.,"AP Topics 5.1, 5.2",linearization_retrieval,numeric,,"Unit 5 Assessment Plan + AP Calculus AB Course Framework; supplied AP Topic scoring guides used for representation and rigor only, with no published wording copied.",Tarsia-friendly concise source.
U5-S1-PS3-M04,MATH,5,5.1,practice_set_3,practice,ps3_m04,mastery,1,Derivative notation and rules; graph/table interpretation; units and rate meaning; limit and continuity reasoning when relevant.,I can retrieve durable prerequisite learning that supports graph analysis.,"AP Topics 5.1, 5.2",lhospital_condition_retrieval,text,,"Unit 5 Assessment Plan + AP Calculus AB Course Framework; supplied AP Topic scoring guides used for representation and rigor only, with no published wording copied.",Tarsia-friendly concise source.
U5-S1-PS3-M05,MATH,5,5.1,practice_set_3,practice,ps3_m05,mastery,2,Derivative notation and rules; graph/table interpretation; units and rate meaning; limit and continuity reasoning when relevant.,I can retrieve durable prerequisite learning that supports graph analysis.,"AP Topics 5.1, 5.2",motion_sign_retrieval,numeric,,"Unit 5 Assessment Plan + AP Calculus AB Course Framework; supplied AP Topic scoring guides used for representation and rigor only, with no published wording copied.",Tarsia-friendly concise source.
U5-S1-PS3-M06,MATH,5,5.1,practice_set_3,practice,ps3_m06,mastery,2,Derivative notation and rules; graph/table interpretation; units and rate meaning; limit and continuity reasoning when relevant.,I can retrieve durable prerequisite learning that supports graph analysis.,"AP Topics 5.1, 5.2",limit_retrieval,numeric,,"Unit 5 Assessment Plan + AP Calculus AB Course Framework; supplied AP Topic scoring guides used for representation and rigor only, with no published wording copied.",Tarsia-friendly concise source.
U5-S1-PS3-M07,MATH,5,5.1,practice_set_3,practice,ps3_m07,mastery,2,Derivative notation and rules; graph/table interpretation; units and rate meaning; limit and continuity reasoning when relevant.,I can retrieve durable prerequisite learning that supports graph analysis.,"AP Topics 5.1, 5.2",rate_meaning_retrieval,text,,"Unit 5 Assessment Plan + AP Calculus AB Course Framework; supplied AP Topic scoring guides used for representation and rigor only, with no published wording copied.",Tarsia-friendly concise source.
U5-S1-PS3-M08,MATH,5,5.1,practice_set_3,practice,ps3_m08,mastery,2,Derivative notation and rules; graph/table interpretation; units and rate meaning; limit and continuity reasoning when relevant.,I can retrieve durable prerequisite learning that supports graph analysis.,"AP Topics 5.1, 5.2",product_rule_retrieval,expression,,"Unit 5 Assessment Plan + AP Calculus AB Course Framework; supplied AP Topic scoring guides used for representation and rigor only, with no published wording copied.",Tarsia-friendly concise source.
U5-S1-PS3-M09,MATH,5,5.1,practice_set_3,practice,ps3_m09,mastery,2,Derivative notation and rules; graph/table interpretation; units and rate meaning; limit and continuity reasoning when relevant.,I can retrieve durable prerequisite learning that supports graph analysis.,"AP Topics 5.1, 5.2",derivative_rule_retrieval,expression,,"Unit 5 Assessment Plan + AP Calculus AB Course Framework; supplied AP Topic scoring guides used for representation and rigor only, with no published wording copied.",Tarsia-friendly concise source.
U5-S1-PS3-M10,MATH,5,5.1,practice_set_3,practice,ps3_m10,mastery,1,Derivative notation and rules; graph/table interpretation; units and rate meaning; limit and continuity reasoning when relevant.,I can retrieve durable prerequisite learning that supports graph analysis.,"AP Topics 5.1, 5.2",units_interpretation,text,,"Unit 5 Assessment Plan + AP Calculus AB Course Framework; supplied AP Topic scoring guides used for representation and rigor only, with no published wording copied.",Tarsia-friendly concise source.
U5-S1-XP-C01,MATH,5,5.1,extra_practice,practice,xp_c01,current,3,"Apply the Mean Value Theorem and Extreme Value Theorem with appropriate hypotheses and conclusions, and identify critical points and local or global extrema.",I can verify theorem hypotheses on an interval and use critical points and endpoints to analyze local and absolute extrema.,"AP Topics 5.1, 5.2",critical_point_claim_critique,constructed_response,,"Unit 5 Assessment Plan + AP Calculus AB Course Framework; supplied AP Topic scoring guides used for representation and rigor only, with no published wording copied.",
U5-S1-XP-C02,MATH,5,5.1,extra_practice,practice,xp_c02,current,1,"Apply the Mean Value Theorem and Extreme Value Theorem with appropriate hypotheses and conclusions, and identify critical points and local or global extrema.",I can verify theorem hypotheses on an interval and use critical points and endpoints to analyze local and absolute extrema.,"AP Topics 5.1, 5.2",mvt_conclusion,expression,,"Unit 5 Assessment Plan + AP Calculus AB Course Framework; supplied AP Topic scoring guides used for representation and rigor only, with no published wording copied.",
U5-S1-XP-C03,MATH,5,5.1,extra_practice,practice,xp_c03,current,2,"Apply the Mean Value Theorem and Extreme Value Theorem with appropriate hypotheses and conclusions, and identify critical points and local or global extrema.",I can verify theorem hypotheses on an interval and use critical points and endpoints to analyze local and absolute extrema.,"AP Topics 5.1, 5.2",mvt_application,constructed_response,,"Unit 5 Assessment Plan + AP Calculus AB Course Framework; supplied AP Topic scoring guides used for representation and rigor only, with no published wording copied.",
U5-S1-XP-C04,MATH,5,5.1,extra_practice,practice,xp_c04,current,2,"Apply the Mean Value Theorem and Extreme Value Theorem with appropriate hypotheses and conclusions, and identify critical points and local or global extrema.",I can verify theorem hypotheses on an interval and use critical points and endpoints to analyze local and absolute extrema.,"AP Topics 5.1, 5.2",evt_conditions,constructed_response,,"Unit 5 Assessment Plan + AP Calculus AB Course Framework; supplied AP Topic scoring guides used for representation and rigor only, with no published wording copied.",
U5-S1-XP-C05,MATH,5,5.1,extra_practice,practice,xp_c05,current,1,"Apply the Mean Value Theorem and Extreme Value Theorem with appropriate hypotheses and conclusions, and identify critical points and local or global extrema.",I can verify theorem hypotheses on an interval and use critical points and endpoints to analyze local and absolute extrema.,"AP Topics 5.1, 5.2",critical_numbers,expression,,"Unit 5 Assessment Plan + AP Calculus AB Course Framework; supplied AP Topic scoring guides used for representation and rigor only, with no published wording copied.",
U5-S1-XP-L01,MATH,5,5.1,extra_practice,practice,xp_l01,last,2,Use local linearity for tangent-line approximation and apply L'Hospital's Rule only to appropriate indeterminate forms with required conditions.,I can retrieve and apply the most recent prerequisite learning.,"AP Topics 5.1, 5.2",local_linearity,numeric,,"Unit 5 Assessment Plan + AP Calculus AB Course Framework; supplied AP Topic scoring guides used for representation and rigor only, with no published wording copied.",
U5-S1-XP-L02,MATH,5,5.1,extra_practice,practice,xp_l02,last,2,Use local linearity for tangent-line approximation and apply L'Hospital's Rule only to appropriate indeterminate forms with required conditions.,I can retrieve and apply the most recent prerequisite learning.,"AP Topics 5.1, 5.2",linearization,numeric,,"Unit 5 Assessment Plan + AP Calculus AB Course Framework; supplied AP Topic scoring guides used for representation and rigor only, with no published wording copied.",
U5-S1-XP-L03,MATH,5,5.1,extra_practice,practice,xp_l03,last,2,Use local linearity for tangent-line approximation and apply L'Hospital's Rule only to appropriate indeterminate forms with required conditions.,I can retrieve and apply the most recent prerequisite learning.,"AP Topics 5.1, 5.2",lhospital_application,numeric,,"Unit 5 Assessment Plan + AP Calculus AB Course Framework; supplied AP Topic scoring guides used for representation and rigor only, with no published wording copied.",
U5-S1-XP-L04,MATH,5,5.1,extra_practice,practice,xp_l04,last,3,Use local linearity for tangent-line approximation and apply L'Hospital's Rule only to appropriate indeterminate forms with required conditions.,I can retrieve and apply the most recent prerequisite learning.,"AP Topics 5.1, 5.2",lhospital_condition_critique,constructed_response,,"Unit 5 Assessment Plan + AP Calculus AB Course Framework; supplied AP Topic scoring guides used for representation and rigor only, with no published wording copied.",
U5-S1-XP-L05,MATH,5,5.1,extra_practice,practice,xp_l05,last,2,Use local linearity for tangent-line approximation and apply L'Hospital's Rule only to appropriate indeterminate forms with required conditions.,I can retrieve and apply the most recent prerequisite learning.,"AP Topics 5.1, 5.2",local_linearity,numeric,,"Unit 5 Assessment Plan + AP Calculus AB Course Framework; supplied AP Topic scoring guides used for representation and rigor only, with no published wording copied.",
U5-S1-XP-M01,MATH,5,5.1,extra_practice,practice,xp_m01,mastery,2,Derivative notation and rules; graph/table interpretation; units and rate meaning; limit and continuity reasoning when relevant.,I can retrieve durable prerequisite learning that supports graph analysis.,"AP Topics 5.1, 5.2",product_rule_retrieval,expression,,"Unit 5 Assessment Plan + AP Calculus AB Course Framework; supplied AP Topic scoring guides used for representation and rigor only, with no published wording copied.",
U5-S1-XP-M02,MATH,5,5.1,extra_practice,practice,xp_m02,mastery,2,Derivative notation and rules; graph/table interpretation; units and rate meaning; limit and continuity reasoning when relevant.,I can retrieve durable prerequisite learning that supports graph analysis.,"AP Topics 5.1, 5.2",derivative_rule_retrieval,expression,,"Unit 5 Assessment Plan + AP Calculus AB Course Framework; supplied AP Topic scoring guides used for representation and rigor only, with no published wording copied.",
U5-S1-XP-M03,MATH,5,5.1,extra_practice,practice,xp_m03,mastery,1,Derivative notation and rules; graph/table interpretation; units and rate meaning; limit and continuity reasoning when relevant.,I can retrieve durable prerequisite learning that supports graph analysis.,"AP Topics 5.1, 5.2",units_interpretation,text,,"Unit 5 Assessment Plan + AP Calculus AB Course Framework; supplied AP Topic scoring guides used for representation and rigor only, with no published wording copied.",
U5-S1-XP-M04,MATH,5,5.1,extra_practice,practice,xp_m04,mastery,2,Derivative notation and rules; graph/table interpretation; units and rate meaning; limit and continuity reasoning when relevant.,I can retrieve durable prerequisite learning that supports graph analysis.,"AP Topics 5.1, 5.2",linearization_retrieval,numeric,,"Unit 5 Assessment Plan + AP Calculus AB Course Framework; supplied AP Topic scoring guides used for representation and rigor only, with no published wording copied.",
U5-S1-XP-M05,MATH,5,5.1,extra_practice,practice,xp_m05,mastery,1,Derivative notation and rules; graph/table interpretation; units and rate meaning; limit and continuity reasoning when relevant.,I can retrieve durable prerequisite learning that supports graph analysis.,"AP Topics 5.1, 5.2",lhospital_condition_retrieval,text,,"Unit 5 Assessment Plan + AP Calculus AB Course Framework; supplied AP Topic scoring guides used for representation and rigor only, with no published wording copied.",
U5-S1-XP-M06,MATH,5,5.1,extra_practice,practice,xp_m06,mastery,2,Derivative notation and rules; graph/table interpretation; units and rate meaning; limit and continuity reasoning when relevant.,I can retrieve durable prerequisite learning that supports graph analysis.,"AP Topics 5.1, 5.2",motion_sign_retrieval,numeric,,"Unit 5 Assessment Plan + AP Calculus AB Course Framework; supplied AP Topic scoring guides used for representation and rigor only, with no published wording copied.",
U5-S1-XP-M07,MATH,5,5.1,extra_practice,practice,xp_m07,mastery,2,Derivative notation and rules; graph/table interpretation; units and rate meaning; limit and continuity reasoning when relevant.,I can retrieve durable prerequisite learning that supports graph analysis.,"AP Topics 5.1, 5.2",limit_retrieval,numeric,,"Unit 5 Assessment Plan + AP Calculus AB Course Framework; supplied AP Topic scoring guides used for representation and rigor only, with no published wording copied.",
U5-S1-XP-M08,MATH,5,5.1,extra_practice,practice,xp_m08,mastery,2,Derivative notation and rules; graph/table interpretation; units and rate meaning; limit and continuity reasoning when relevant.,I can retrieve durable prerequisite learning that supports graph analysis.,"AP Topics 5.1, 5.2",rate_meaning_retrieval,text,,"Unit 5 Assessment Plan + AP Calculus AB Course Framework; supplied AP Topic scoring guides used for representation and rigor only, with no published wording copied.",
U5-S1-XP-M09,MATH,5,5.1,extra_practice,practice,xp_m09,mastery,2,Derivative notation and rules; graph/table interpretation; units and rate meaning; limit and continuity reasoning when relevant.,I can retrieve durable prerequisite learning that supports graph analysis.,"AP Topics 5.1, 5.2",product_rule_retrieval,expression,,"Unit 5 Assessment Plan + AP Calculus AB Course Framework; supplied AP Topic scoring guides used for representation and rigor only, with no published wording copied.",
U5-S1-XP-M10,MATH,5,5.1,extra_practice,practice,xp_m10,mastery,2,Derivative notation and rules; graph/table interpretation; units and rate meaning; limit and continuity reasoning when relevant.,I can retrieve durable prerequisite learning that supports graph analysis.,"AP Topics 5.1, 5.2",derivative_rule_retrieval,expression,,"Unit 5 Assessment Plan + AP Calculus AB Course Framework; supplied AP Topic scoring guides used for representation and rigor only, with no published wording copied.",
U5-S2-PS1-C01,MATH,5,5.2,practice_set_1,practice,ps1_c01,current,2,Use the sign of the first derivative to determine intervals of increase/decrease and classify local extrema with the first derivative test.,I can build and interpret a first-derivative sign chart and justify local extrema from derivative sign changes.,"AP Topics 5.3, 5.4",first_derivative_test,constructed_response,,"Unit 5 Assessment Plan + AP Calculus AB Course Framework; supplied AP Topic scoring guides used for representation and rigor only, with no published wording copied.",
U5-S2-PS1-C02,MATH,5,5.2,practice_set_1,practice,ps1_c02,current,2,Use the sign of the first derivative to determine intervals of increase/decrease and classify local extrema with the first derivative test.,I can build and interpret a first-derivative sign chart and justify local extrema from derivative sign changes.,"AP Topics 5.3, 5.4",increasing_intervals,intervals,,"Unit 5 Assessment Plan + AP Calculus AB Course Framework; supplied AP Topic scoring guides used for representation and rigor only, with no published wording copied.",
U5-S2-PS1-C03,MATH,5,5.2,practice_set_1,practice,ps1_c03,current,2,Use the sign of the first derivative to determine intervals of increase/decrease and classify local extrema with the first derivative test.,I can build and interpret a first-derivative sign chart and justify local extrema from derivative sign changes.,"AP Topics 5.3, 5.4",graph_of_first_derivative,intervals,u5_s2_ps1_c03_fprime_graph.png,"Unit 5 Assessment Plan + AP Calculus AB Course Framework; supplied AP Topic scoring guides used for representation and rigor only, with no published wording copied.",
U5-S2-PS1-C04,MATH,5,5.2,practice_set_1,practice,ps1_c04,current,3,Use the sign of the first derivative to determine intervals of increase/decrease and classify local extrema with the first derivative test.,I can build and interpret a first-derivative sign chart and justify local extrema from derivative sign changes.,"AP Topics 5.3, 5.4",monotonicity_claim_critique,constructed_response,,"Unit 5 Assessment Plan + AP Calculus AB Course Framework; supplied AP Topic scoring guides used for representation and rigor only, with no published wording copied.",
U5-S2-PS1-C05,MATH,5,5.2,practice_set_1,practice,ps1_c05,current,1,Use the sign of the first derivative to determine intervals of increase/decrease and classify local extrema with the first derivative test.,I can build and interpret a first-derivative sign chart and justify local extrema from derivative sign changes.,"AP Topics 5.3, 5.4",first_derivative_test_recognition,text,,"Unit 5 Assessment Plan + AP Calculus AB Course Framework; supplied AP Topic scoring guides used for representation and rigor only, with no published wording copied.",
U5-S2-PS1-L01,MATH,5,5.2,practice_set_1,practice,ps1_l01,last,3,"Apply the Mean Value Theorem and Extreme Value Theorem with appropriate hypotheses and conclusions, and identify critical points and local or global extrema.",I can retrieve and apply the most recent prerequisite learning.,"AP Topics 5.3, 5.4",critical_point_claim_critique,constructed_response,,"Unit 5 Assessment Plan + AP Calculus AB Course Framework; supplied AP Topic scoring guides used for representation and rigor only, with no published wording copied.",
U5-S2-PS1-L02,MATH,5,5.2,practice_set_1,practice,ps1_l02,last,1,"Apply the Mean Value Theorem and Extreme Value Theorem with appropriate hypotheses and conclusions, and identify critical points and local or global extrema.",I can retrieve and apply the most recent prerequisite learning.,"AP Topics 5.3, 5.4",mvt_conclusion,expression,,"Unit 5 Assessment Plan + AP Calculus AB Course Framework; supplied AP Topic scoring guides used for representation and rigor only, with no published wording copied.",
U5-S2-PS1-L03,MATH,5,5.2,practice_set_1,practice,ps1_l03,last,2,"Apply the Mean Value Theorem and Extreme Value Theorem with appropriate hypotheses and conclusions, and identify critical points and local or global extrema.",I can retrieve and apply the most recent prerequisite learning.,"AP Topics 5.3, 5.4",mvt_application,constructed_response,,"Unit 5 Assessment Plan + AP Calculus AB Course Framework; supplied AP Topic scoring guides used for representation and rigor only, with no published wording copied.",
U5-S2-PS1-L04,MATH,5,5.2,practice_set_1,practice,ps1_l04,last,2,"Apply the Mean Value Theorem and Extreme Value Theorem with appropriate hypotheses and conclusions, and identify critical points and local or global extrema.",I can retrieve and apply the most recent prerequisite learning.,"AP Topics 5.3, 5.4",mvt_conditions,constructed_response,,"Unit 5 Assessment Plan + AP Calculus AB Course Framework; supplied AP Topic scoring guides used for representation and rigor only, with no published wording copied.",
U5-S2-PS1-L05,MATH,5,5.2,practice_set_1,practice,ps1_l05,last,1,"Apply the Mean Value Theorem and Extreme Value Theorem with appropriate hypotheses and conclusions, and identify critical points and local or global extrema.",I can retrieve and apply the most recent prerequisite learning.,"AP Topics 5.3, 5.4",critical_numbers,expression,,"Unit 5 Assessment Plan + AP Calculus AB Course Framework; supplied AP Topic scoring guides used for representation and rigor only, with no published wording copied.",
U5-S2-PS1-M01,MATH,5,5.2,practice_set_1,practice,ps1_m01,mastery,2,Derivative notation and rules; graph/table interpretation; units and rate meaning; limit and continuity reasoning when relevant.,I can retrieve durable prerequisite learning that supports graph analysis.,"AP Topics 5.3, 5.4",linearization_retrieval,numeric,,"Unit 5 Assessment Plan + AP Calculus AB Course Framework; supplied AP Topic scoring guides used for representation and rigor only, with no published wording copied.",
U5-S2-PS1-M02,MATH,5,5.2,practice_set_1,practice,ps1_m02,mastery,1,Derivative notation and rules; graph/table interpretation; units and rate meaning; limit and continuity reasoning when relevant.,I can retrieve durable prerequisite learning that supports graph analysis.,"AP Topics 5.3, 5.4",lhospital_condition_retrieval,text,,"Unit 5 Assessment Plan + AP Calculus AB Course Framework; supplied AP Topic scoring guides used for representation and rigor only, with no published wording copied.",
U5-S2-PS1-M03,MATH,5,5.2,practice_set_1,practice,ps1_m03,mastery,2,Derivative notation and rules; graph/table interpretation; units and rate meaning; limit and continuity reasoning when relevant.,I can retrieve durable prerequisite learning that supports graph analysis.,"AP Topics 5.3, 5.4",motion_sign_retrieval,numeric,,"Unit 5 Assessment Plan + AP Calculus AB Course Framework; supplied AP Topic scoring guides used for representation and rigor only, with no published wording copied.",
U5-S2-PS1-M04,MATH,5,5.2,practice_set_1,practice,ps1_m04,mastery,2,Derivative notation and rules; graph/table interpretation; units and rate meaning; limit and continuity reasoning when relevant.,I can retrieve durable prerequisite learning that supports graph analysis.,"AP Topics 5.3, 5.4",limit_retrieval,numeric,,"Unit 5 Assessment Plan + AP Calculus AB Course Framework; supplied AP Topic scoring guides used for representation and rigor only, with no published wording copied.",
U5-S2-PS1-M05,MATH,5,5.2,practice_set_1,practice,ps1_m05,mastery,2,Derivative notation and rules; graph/table interpretation; units and rate meaning; limit and continuity reasoning when relevant.,I can retrieve durable prerequisite learning that supports graph analysis.,"AP Topics 5.3, 5.4",rate_meaning_retrieval,text,,"Unit 5 Assessment Plan + AP Calculus AB Course Framework; supplied AP Topic scoring guides used for representation and rigor only, with no published wording copied.",
U5-S2-PS1-M06,MATH,5,5.2,practice_set_1,practice,ps1_m06,mastery,2,Derivative notation and rules; graph/table interpretation; units and rate meaning; limit and continuity reasoning when relevant.,I can retrieve durable prerequisite learning that supports graph analysis.,"AP Topics 5.3, 5.4",product_rule_retrieval,expression,,"Unit 5 Assessment Plan + AP Calculus AB Course Framework; supplied AP Topic scoring guides used for representation and rigor only, with no published wording copied.",
U5-S2-PS1-M07,MATH,5,5.2,practice_set_1,practice,ps1_m07,mastery,2,Derivative notation and rules; graph/table interpretation; units and rate meaning; limit and continuity reasoning when relevant.,I can retrieve durable prerequisite learning that supports graph analysis.,"AP Topics 5.3, 5.4",derivative_rule_retrieval,expression,,"Unit 5 Assessment Plan + AP Calculus AB Course Framework; supplied AP Topic scoring guides used for representation and rigor only, with no published wording copied.",
U5-S2-PS1-M08,MATH,5,5.2,practice_set_1,practice,ps1_m08,mastery,1,Derivative notation and rules; graph/table interpretation; units and rate meaning; limit and continuity reasoning when relevant.,I can retrieve durable prerequisite learning that supports graph analysis.,"AP Topics 5.3, 5.4",units_interpretation,text,,"Unit 5 Assessment Plan + AP Calculus AB Course Framework; supplied AP Topic scoring guides used for representation and rigor only, with no published wording copied.",
U5-S2-PS1-M09,MATH,5,5.2,practice_set_1,practice,ps1_m09,mastery,2,Derivative notation and rules; graph/table interpretation; units and rate meaning; limit and continuity reasoning when relevant.,I can retrieve durable prerequisite learning that supports graph analysis.,"AP Topics 5.3, 5.4",linearization_retrieval,numeric,,"Unit 5 Assessment Plan + AP Calculus AB Course Framework; supplied AP Topic scoring guides used for representation and rigor only, with no published wording copied.",
U5-S2-PS1-M10,MATH,5,5.2,practice_set_1,practice,ps1_m10,mastery,1,Derivative notation and rules; graph/table interpretation; units and rate meaning; limit and continuity reasoning when relevant.,I can retrieve durable prerequisite learning that supports graph analysis.,"AP Topics 5.3, 5.4",lhospital_condition_retrieval,text,,"Unit 5 Assessment Plan + AP Calculus AB Course Framework; supplied AP Topic scoring guides used for representation and rigor only, with no published wording copied.",
U5-S2-PS2-C01,MATH,5,5.2,practice_set_2,practice,ps2_c01,current,2,Use the sign of the first derivative to determine intervals of increase/decrease and classify local extrema with the first derivative test.,I can build and interpret a first-derivative sign chart and justify local extrema from derivative sign changes.,"AP Topics 5.3, 5.4",increasing_intervals,intervals,,"Unit 5 Assessment Plan + AP Calculus AB Course Framework; supplied AP Topic scoring guides used for representation and rigor only, with no published wording copied.",
U5-S2-PS2-C02,MATH,5,5.2,practice_set_2,practice,ps2_c02,current,2,Use the sign of the first derivative to determine intervals of increase/decrease and classify local extrema with the first derivative test.,I can build and interpret a first-derivative sign chart and justify local extrema from derivative sign changes.,"AP Topics 5.3, 5.4",graph_of_first_derivative,intervals,u5_s2_ps2_c02_fprime_graph.png,"Unit 5 Assessment Plan + AP Calculus AB Course Framework; supplied AP Topic scoring guides used for representation and rigor only, with no published wording copied.",
U5-S2-PS2-C03,MATH,5,5.2,practice_set_2,practice,ps2_c03,current,3,Use the sign of the first derivative to determine intervals of increase/decrease and classify local extrema with the first derivative test.,I can build and interpret a first-derivative sign chart and justify local extrema from derivative sign changes.,"AP Topics 5.3, 5.4",monotonicity_claim_critique,constructed_response,,"Unit 5 Assessment Plan + AP Calculus AB Course Framework; supplied AP Topic scoring guides used for representation and rigor only, with no published wording copied.",
U5-S2-PS2-C04,MATH,5,5.2,practice_set_2,practice,ps2_c04,current,1,Use the sign of the first derivative to determine intervals of increase/decrease and classify local extrema with the first derivative test.,I can build and interpret a first-derivative sign chart and justify local extrema from derivative sign changes.,"AP Topics 5.3, 5.4",first_derivative_test_recognition,text,,"Unit 5 Assessment Plan + AP Calculus AB Course Framework; supplied AP Topic scoring guides used for representation and rigor only, with no published wording copied.",
U5-S2-PS2-C05,MATH,5,5.2,practice_set_2,practice,ps2_c05,current,2,Use the sign of the first derivative to determine intervals of increase/decrease and classify local extrema with the first derivative test.,I can build and interpret a first-derivative sign chart and justify local extrema from derivative sign changes.,"AP Topics 5.3, 5.4",first_derivative_sign_chart,intervals,,"Unit 5 Assessment Plan + AP Calculus AB Course Framework; supplied AP Topic scoring guides used for representation and rigor only, with no published wording copied.",
U5-S2-PS2-L01,MATH,5,5.2,practice_set_2,practice,ps2_l01,last,1,"Apply the Mean Value Theorem and Extreme Value Theorem with appropriate hypotheses and conclusions, and identify critical points and local or global extrema.",I can retrieve and apply the most recent prerequisite learning.,"AP Topics 5.3, 5.4",mvt_conclusion,expression,,"Unit 5 Assessment Plan + AP Calculus AB Course Framework; supplied AP Topic scoring guides used for representation and rigor only, with no published wording copied.",
U5-S2-PS2-L02,MATH,5,5.2,practice_set_2,practice,ps2_l02,last,2,"Apply the Mean Value Theorem and Extreme Value Theorem with appropriate hypotheses and conclusions, and identify critical points and local or global extrema.",I can retrieve and apply the most recent prerequisite learning.,"AP Topics 5.3, 5.4",mvt_application,constructed_response,,"Unit 5 Assessment Plan + AP Calculus AB Course Framework; supplied AP Topic scoring guides used for representation and rigor only, with no published wording copied.",
U5-S2-PS2-L03,MATH,5,5.2,practice_set_2,practice,ps2_l03,last,2,"Apply the Mean Value Theorem and Extreme Value Theorem with appropriate hypotheses and conclusions, and identify critical points and local or global extrema.",I can retrieve and apply the most recent prerequisite learning.,"AP Topics 5.3, 5.4",evt_conditions,constructed_response,,"Unit 5 Assessment Plan + AP Calculus AB Course Framework; supplied AP Topic scoring guides used for representation and rigor only, with no published wording copied.",
U5-S2-PS2-L04,MATH,5,5.2,practice_set_2,practice,ps2_l04,last,1,"Apply the Mean Value Theorem and Extreme Value Theorem with appropriate hypotheses and conclusions, and identify critical points and local or global extrema.",I can retrieve and apply the most recent prerequisite learning.,"AP Topics 5.3, 5.4",critical_numbers,expression,,"Unit 5 Assessment Plan + AP Calculus AB Course Framework; supplied AP Topic scoring guides used for representation and rigor only, with no published wording copied.",
U5-S2-PS2-L05,MATH,5,5.2,practice_set_2,practice,ps2_l05,last,2,"Apply the Mean Value Theorem and Extreme Value Theorem with appropriate hypotheses and conclusions, and identify critical points and local or global extrema.",I can retrieve and apply the most recent prerequisite learning.,"AP Topics 5.3, 5.4",closed_interval_extrema,constructed_response,,"Unit 5 Assessment Plan + AP Calculus AB Course Framework; supplied AP Topic scoring guides used for representation and rigor only, with no published wording copied.",
U5-S2-PS2-M01,MATH,5,5.2,practice_set_2,practice,ps2_m01,mastery,1,Derivative notation and rules; graph/table interpretation; units and rate meaning; limit and continuity reasoning when relevant.,I can retrieve durable prerequisite learning that supports graph analysis.,"AP Topics 5.3, 5.4",units_interpretation,text,,"Unit 5 Assessment Plan + AP Calculus AB Course Framework; supplied AP Topic scoring guides used for representation and rigor only, with no published wording copied.",
U5-S2-PS2-M02,MATH,5,5.2,practice_set_2,practice,ps2_m02,mastery,2,Derivative notation and rules; graph/table interpretation; units and rate meaning; limit and continuity reasoning when relevant.,I can retrieve durable prerequisite learning that supports graph analysis.,"AP Topics 5.3, 5.4",linearization_retrieval,numeric,,"Unit 5 Assessment Plan + AP Calculus AB Course Framework; supplied AP Topic scoring guides used for representation and rigor only, with no published wording copied.",
U5-S2-PS2-M03,MATH,5,5.2,practice_set_2,practice,ps2_m03,mastery,1,Derivative notation and rules; graph/table interpretation; units and rate meaning; limit and continuity reasoning when relevant.,I can retrieve durable prerequisite learning that supports graph analysis.,"AP Topics 5.3, 5.4",lhospital_condition_retrieval,text,,"Unit 5 Assessment Plan + AP Calculus AB Course Framework; supplied AP Topic scoring guides used for representation and rigor only, with no published wording copied.",
U5-S2-PS2-M04,MATH,5,5.2,practice_set_2,practice,ps2_m04,mastery,2,Derivative notation and rules; graph/table interpretation; units and rate meaning; limit and continuity reasoning when relevant.,I can retrieve durable prerequisite learning that supports graph analysis.,"AP Topics 5.3, 5.4",motion_sign_retrieval,numeric,,"Unit 5 Assessment Plan + AP Calculus AB Course Framework; supplied AP Topic scoring guides used for representation and rigor only, with no published wording copied.",
U5-S2-PS2-M05,MATH,5,5.2,practice_set_2,practice,ps2_m05,mastery,2,Derivative notation and rules; graph/table interpretation; units and rate meaning; limit and continuity reasoning when relevant.,I can retrieve durable prerequisite learning that supports graph analysis.,"AP Topics 5.3, 5.4",limit_retrieval,numeric,,"Unit 5 Assessment Plan + AP Calculus AB Course Framework; supplied AP Topic scoring guides used for representation and rigor only, with no published wording copied.",
U5-S2-PS2-M06,MATH,5,5.2,practice_set_2,practice,ps2_m06,mastery,2,Derivative notation and rules; graph/table interpretation; units and rate meaning; limit and continuity reasoning when relevant.,I can retrieve durable prerequisite learning that supports graph analysis.,"AP Topics 5.3, 5.4",rate_meaning_retrieval,text,,"Unit 5 Assessment Plan + AP Calculus AB Course Framework; supplied AP Topic scoring guides used for representation and rigor only, with no published wording copied.",
U5-S2-PS2-M07,MATH,5,5.2,practice_set_2,practice,ps2_m07,mastery,2,Derivative notation and rules; graph/table interpretation; units and rate meaning; limit and continuity reasoning when relevant.,I can retrieve durable prerequisite learning that supports graph analysis.,"AP Topics 5.3, 5.4",product_rule_retrieval,expression,,"Unit 5 Assessment Plan + AP Calculus AB Course Framework; supplied AP Topic scoring guides used for representation and rigor only, with no published wording copied.",
U5-S2-PS2-M08,MATH,5,5.2,practice_set_2,practice,ps2_m08,mastery,2,Derivative notation and rules; graph/table interpretation; units and rate meaning; limit and continuity reasoning when relevant.,I can retrieve durable prerequisite learning that supports graph analysis.,"AP Topics 5.3, 5.4",derivative_rule_retrieval,expression,,"Unit 5 Assessment Plan + AP Calculus AB Course Framework; supplied AP Topic scoring guides used for representation and rigor only, with no published wording copied.",
U5-S2-PS2-M09,MATH,5,5.2,practice_set_2,practice,ps2_m09,mastery,1,Derivative notation and rules; graph/table interpretation; units and rate meaning; limit and continuity reasoning when relevant.,I can retrieve durable prerequisite learning that supports graph analysis.,"AP Topics 5.3, 5.4",units_interpretation,text,,"Unit 5 Assessment Plan + AP Calculus AB Course Framework; supplied AP Topic scoring guides used for representation and rigor only, with no published wording copied.",
U5-S2-PS2-M10,MATH,5,5.2,practice_set_2,practice,ps2_m10,mastery,2,Derivative notation and rules; graph/table interpretation; units and rate meaning; limit and continuity reasoning when relevant.,I can retrieve durable prerequisite learning that supports graph analysis.,"AP Topics 5.3, 5.4",linearization_retrieval,numeric,,"Unit 5 Assessment Plan + AP Calculus AB Course Framework; supplied AP Topic scoring guides used for representation and rigor only, with no published wording copied.",
U5-S2-PS3-C01,MATH,5,5.2,practice_set_3,practice,ps3_c01,current,2,Use the sign of the first derivative to determine intervals of increase/decrease and classify local extrema with the first derivative test.,I can build and interpret a first-derivative sign chart and justify local extrema from derivative sign changes.,"AP Topics 5.3, 5.4",increasing_compact,intervals,,"Unit 5 Assessment Plan + AP Calculus AB Course Framework; supplied AP Topic scoring guides used for representation and rigor only, with no published wording copied.",Tarsia-friendly concise source.
U5-S2-PS3-C02,MATH,5,5.2,practice_set_3,practice,ps3_c02,current,2,Use the sign of the first derivative to determine intervals of increase/decrease and classify local extrema with the first derivative test.,I can build and interpret a first-derivative sign chart and justify local extrema from derivative sign changes.,"AP Topics 5.3, 5.4",increasing_compact,intervals,,"Unit 5 Assessment Plan + AP Calculus AB Course Framework; supplied AP Topic scoring guides used for representation and rigor only, with no published wording copied.",Tarsia-friendly concise source.
U5-S2-PS3-C03,MATH,5,5.2,practice_set_3,practice,ps3_c03,current,2,Use the sign of the first derivative to determine intervals of increase/decrease and classify local extrema with the first derivative test.,I can build and interpret a first-derivative sign chart and justify local extrema from derivative sign changes.,"AP Topics 5.3, 5.4",increasing_compact,intervals,,"Unit 5 Assessment Plan + AP Calculus AB Course Framework; supplied AP Topic scoring guides used for representation and rigor only, with no published wording copied.",Tarsia-friendly concise source.
U5-S2-PS3-C04,MATH,5,5.2,practice_set_3,practice,ps3_c04,current,2,Use the sign of the first derivative to determine intervals of increase/decrease and classify local extrema with the first derivative test.,I can build and interpret a first-derivative sign chart and justify local extrema from derivative sign changes.,"AP Topics 5.3, 5.4",increasing_compact,intervals,,"Unit 5 Assessment Plan + AP Calculus AB Course Framework; supplied AP Topic scoring guides used for representation and rigor only, with no published wording copied.",Tarsia-friendly concise source.
U5-S2-PS3-C05,MATH,5,5.2,practice_set_3,practice,ps3_c05,current,2,Use the sign of the first derivative to determine intervals of increase/decrease and classify local extrema with the first derivative test.,I can build and interpret a first-derivative sign chart and justify local extrema from derivative sign changes.,"AP Topics 5.3, 5.4",increasing_compact,intervals,,"Unit 5 Assessment Plan + AP Calculus AB Course Framework; supplied AP Topic scoring guides used for representation and rigor only, with no published wording copied.",Tarsia-friendly concise source.
U5-S2-PS3-L01,MATH,5,5.2,practice_set_3,practice,ps3_l01,last,2,"Apply the Mean Value Theorem and Extreme Value Theorem with appropriate hypotheses and conclusions, and identify critical points and local or global extrema.",I can retrieve and apply the most recent prerequisite learning.,"AP Topics 5.3, 5.4",mvt_compact,numeric,,"Unit 5 Assessment Plan + AP Calculus AB Course Framework; supplied AP Topic scoring guides used for representation and rigor only, with no published wording copied.",Tarsia-friendly concise source.
U5-S2-PS3-L02,MATH,5,5.2,practice_set_3,practice,ps3_l02,last,2,"Apply the Mean Value Theorem and Extreme Value Theorem with appropriate hypotheses and conclusions, and identify critical points and local or global extrema.",I can retrieve and apply the most recent prerequisite learning.,"AP Topics 5.3, 5.4",mvt_compact,numeric,,"Unit 5 Assessment Plan + AP Calculus AB Course Framework; supplied AP Topic scoring guides used for representation and rigor only, with no published wording copied.",Tarsia-friendly concise source.
U5-S2-PS3-L03,MATH,5,5.2,practice_set_3,practice,ps3_l03,last,2,"Apply the Mean Value Theorem and Extreme Value Theorem with appropriate hypotheses and conclusions, and identify critical points and local or global extrema.",I can retrieve and apply the most recent prerequisite learning.,"AP Topics 5.3, 5.4",mvt_compact,numeric,,"Unit 5 Assessment Plan + AP Calculus AB Course Framework; supplied AP Topic scoring guides used for representation and rigor only, with no published wording copied.",Tarsia-friendly concise source.
U5-S2-PS3-L04,MATH,5,5.2,practice_set_3,practice,ps3_l04,last,2,"Apply the Mean Value Theorem and Extreme Value Theorem with appropriate hypotheses and conclusions, and identify critical points and local or global extrema.",I can retrieve and apply the most recent prerequisite learning.,"AP Topics 5.3, 5.4",mvt_compact,numeric,,"Unit 5 Assessment Plan + AP Calculus AB Course Framework; supplied AP Topic scoring guides used for representation and rigor only, with no published wording copied.",Tarsia-friendly concise source.
U5-S2-PS3-L05,MATH,5,5.2,practice_set_3,practice,ps3_l05,last,2,"Apply the Mean Value Theorem and Extreme Value Theorem with appropriate hypotheses and conclusions, and identify critical points and local or global extrema.",I can retrieve and apply the most recent prerequisite learning.,"AP Topics 5.3, 5.4",mvt_compact,numeric,,"Unit 5 Assessment Plan + AP Calculus AB Course Framework; supplied AP Topic scoring guides used for representation and rigor only, with no published wording copied.",Tarsia-friendly concise source.
U5-S2-PS3-M01,MATH,5,5.2,practice_set_3,practice,ps3_m01,mastery,2,Derivative notation and rules; graph/table interpretation; units and rate meaning; limit and continuity reasoning when relevant.,I can retrieve durable prerequisite learning that supports graph analysis.,"AP Topics 5.3, 5.4",derivative_rule_retrieval,expression,,"Unit 5 Assessment Plan + AP Calculus AB Course Framework; supplied AP Topic scoring guides used for representation and rigor only, with no published wording copied.",Tarsia-friendly concise source.
U5-S2-PS3-M02,MATH,5,5.2,practice_set_3,practice,ps3_m02,mastery,1,Derivative notation and rules; graph/table interpretation; units and rate meaning; limit and continuity reasoning when relevant.,I can retrieve durable prerequisite learning that supports graph analysis.,"AP Topics 5.3, 5.4",units_interpretation,text,,"Unit 5 Assessment Plan + AP Calculus AB Course Framework; supplied AP Topic scoring guides used for representation and rigor only, with no published wording copied.",Tarsia-friendly concise source.
U5-S2-PS3-M03,MATH,5,5.2,practice_set_3,practice,ps3_m03,mastery,2,Derivative notation and rules; graph/table interpretation; units and rate meaning; limit and continuity reasoning when relevant.,I can retrieve durable prerequisite learning that supports graph analysis.,"AP Topics 5.3, 5.4",linearization_retrieval,numeric,,"Unit 5 Assessment Plan + AP Calculus AB Course Framework; supplied AP Topic scoring guides used for representation and rigor only, with no published wording copied.",Tarsia-friendly concise source.
U5-S2-PS3-M04,MATH,5,5.2,practice_set_3,practice,ps3_m04,mastery,1,Derivative notation and rules; graph/table interpretation; units and rate meaning; limit and continuity reasoning when relevant.,I can retrieve durable prerequisite learning that supports graph analysis.,"AP Topics 5.3, 5.4",lhospital_condition_retrieval,text,,"Unit 5 Assessment Plan + AP Calculus AB Course Framework; supplied AP Topic scoring guides used for representation and rigor only, with no published wording copied.",Tarsia-friendly concise source.
U5-S2-PS3-M05,MATH,5,5.2,practice_set_3,practice,ps3_m05,mastery,2,Derivative notation and rules; graph/table interpretation; units and rate meaning; limit and continuity reasoning when relevant.,I can retrieve durable prerequisite learning that supports graph analysis.,"AP Topics 5.3, 5.4",motion_sign_retrieval,numeric,,"Unit 5 Assessment Plan + AP Calculus AB Course Framework; supplied AP Topic scoring guides used for representation and rigor only, with no published wording copied.",Tarsia-friendly concise source.
U5-S2-PS3-M06,MATH,5,5.2,practice_set_3,practice,ps3_m06,mastery,2,Derivative notation and rules; graph/table interpretation; units and rate meaning; limit and continuity reasoning when relevant.,I can retrieve durable prerequisite learning that supports graph analysis.,"AP Topics 5.3, 5.4",limit_retrieval,numeric,,"Unit 5 Assessment Plan + AP Calculus AB Course Framework; supplied AP Topic scoring guides used for representation and rigor only, with no published wording copied.",Tarsia-friendly concise source.
U5-S2-PS3-M07,MATH,5,5.2,practice_set_3,practice,ps3_m07,mastery,2,Derivative notation and rules; graph/table interpretation; units and rate meaning; limit and continuity reasoning when relevant.,I can retrieve durable prerequisite learning that supports graph analysis.,"AP Topics 5.3, 5.4",rate_meaning_retrieval,text,,"Unit 5 Assessment Plan + AP Calculus AB Course Framework; supplied AP Topic scoring guides used for representation and rigor only, with no published wording copied.",Tarsia-friendly concise source.
U5-S2-PS3-M08,MATH,5,5.2,practice_set_3,practice,ps3_m08,mastery,2,Derivative notation and rules; graph/table interpretation; units and rate meaning; limit and continuity reasoning when relevant.,I can retrieve durable prerequisite learning that supports graph analysis.,"AP Topics 5.3, 5.4",product_rule_retrieval,expression,,"Unit 5 Assessment Plan + AP Calculus AB Course Framework; supplied AP Topic scoring guides used for representation and rigor only, with no published wording copied.",Tarsia-friendly concise source.
U5-S2-PS3-M09,MATH,5,5.2,practice_set_3,practice,ps3_m09,mastery,2,Derivative notation and rules; graph/table interpretation; units and rate meaning; limit and continuity reasoning when relevant.,I can retrieve durable prerequisite learning that supports graph analysis.,"AP Topics 5.3, 5.4",derivative_rule_retrieval,expression,,"Unit 5 Assessment Plan + AP Calculus AB Course Framework; supplied AP Topic scoring guides used for representation and rigor only, with no published wording copied.",Tarsia-friendly concise source.
U5-S2-PS3-M10,MATH,5,5.2,practice_set_3,practice,ps3_m10,mastery,1,Derivative notation and rules; graph/table interpretation; units and rate meaning; limit and continuity reasoning when relevant.,I can retrieve durable prerequisite learning that supports graph analysis.,"AP Topics 5.3, 5.4",units_interpretation,text,,"Unit 5 Assessment Plan + AP Calculus AB Course Framework; supplied AP Topic scoring guides used for representation and rigor only, with no published wording copied.",Tarsia-friendly concise source.
U5-S2-XP-C01,MATH,5,5.2,extra_practice,practice,xp_c01,current,3,Use the sign of the first derivative to determine intervals of increase/decrease and classify local extrema with the first derivative test.,I can build and interpret a first-derivative sign chart and justify local extrema from derivative sign changes.,"AP Topics 5.3, 5.4",monotonicity_claim_critique,constructed_response,,"Unit 5 Assessment Plan + AP Calculus AB Course Framework; supplied AP Topic scoring guides used for representation and rigor only, with no published wording copied.",
U5-S2-XP-C02,MATH,5,5.2,extra_practice,practice,xp_c02,current,1,Use the sign of the first derivative to determine intervals of increase/decrease and classify local extrema with the first derivative test.,I can build and interpret a first-derivative sign chart and justify local extrema from derivative sign changes.,"AP Topics 5.3, 5.4",first_derivative_test_recognition,text,,"Unit 5 Assessment Plan + AP Calculus AB Course Framework; supplied AP Topic scoring guides used for representation and rigor only, with no published wording copied.",
U5-S2-XP-C03,MATH,5,5.2,extra_practice,practice,xp_c03,current,2,Use the sign of the first derivative to determine intervals of increase/decrease and classify local extrema with the first derivative test.,I can build and interpret a first-derivative sign chart and justify local extrema from derivative sign changes.,"AP Topics 5.3, 5.4",first_derivative_sign_chart,intervals,,"Unit 5 Assessment Plan + AP Calculus AB Course Framework; supplied AP Topic scoring guides used for representation and rigor only, with no published wording copied.",
U5-S2-XP-C04,MATH,5,5.2,extra_practice,practice,xp_c04,current,2,Use the sign of the first derivative to determine intervals of increase/decrease and classify local extrema with the first derivative test.,I can build and interpret a first-derivative sign chart and justify local extrema from derivative sign changes.,"AP Topics 5.3, 5.4",first_derivative_test,constructed_response,,"Unit 5 Assessment Plan + AP Calculus AB Course Framework; supplied AP Topic scoring guides used for representation and rigor only, with no published wording copied.",
U5-S2-XP-C05,MATH,5,5.2,extra_practice,practice,xp_c05,current,2,Use the sign of the first derivative to determine intervals of increase/decrease and classify local extrema with the first derivative test.,I can build and interpret a first-derivative sign chart and justify local extrema from derivative sign changes.,"AP Topics 5.3, 5.4",increasing_intervals,intervals,,"Unit 5 Assessment Plan + AP Calculus AB Course Framework; supplied AP Topic scoring guides used for representation and rigor only, with no published wording copied.",
U5-S2-XP-L01,MATH,5,5.2,extra_practice,practice,xp_l01,last,2,"Apply the Mean Value Theorem and Extreme Value Theorem with appropriate hypotheses and conclusions, and identify critical points and local or global extrema.",I can retrieve and apply the most recent prerequisite learning.,"AP Topics 5.3, 5.4",evt_conditions,constructed_response,,"Unit 5 Assessment Plan + AP Calculus AB Course Framework; supplied AP Topic scoring guides used for representation and rigor only, with no published wording copied.",
U5-S2-XP-L02,MATH,5,5.2,extra_practice,practice,xp_l02,last,1,"Apply the Mean Value Theorem and Extreme Value Theorem with appropriate hypotheses and conclusions, and identify critical points and local or global extrema.",I can retrieve and apply the most recent prerequisite learning.,"AP Topics 5.3, 5.4",critical_numbers,expression,,"Unit 5 Assessment Plan + AP Calculus AB Course Framework; supplied AP Topic scoring guides used for representation and rigor only, with no published wording copied.",
U5-S2-XP-L03,MATH,5,5.2,extra_practice,practice,xp_l03,last,2,"Apply the Mean Value Theorem and Extreme Value Theorem with appropriate hypotheses and conclusions, and identify critical points and local or global extrema.",I can retrieve and apply the most recent prerequisite learning.,"AP Topics 5.3, 5.4",closed_interval_extrema,constructed_response,,"Unit 5 Assessment Plan + AP Calculus AB Course Framework; supplied AP Topic scoring guides used for representation and rigor only, with no published wording copied.",
U5-S2-XP-L04,MATH,5,5.2,extra_practice,practice,xp_l04,last,3,"Apply the Mean Value Theorem and Extreme Value Theorem with appropriate hypotheses and conclusions, and identify critical points and local or global extrema.",I can retrieve and apply the most recent prerequisite learning.,"AP Topics 5.3, 5.4",critical_point_claim_critique,constructed_response,,"Unit 5 Assessment Plan + AP Calculus AB Course Framework; supplied AP Topic scoring guides used for representation and rigor only, with no published wording copied.",
U5-S2-XP-L05,MATH,5,5.2,extra_practice,practice,xp_l05,last,1,"Apply the Mean Value Theorem and Extreme Value Theorem with appropriate hypotheses and conclusions, and identify critical points and local or global extrema.",I can retrieve and apply the most recent prerequisite learning.,"AP Topics 5.3, 5.4",mvt_conclusion,expression,,"Unit 5 Assessment Plan + AP Calculus AB Course Framework; supplied AP Topic scoring guides used for representation and rigor only, with no published wording copied.",
U5-S2-XP-M01,MATH,5,5.2,extra_practice,practice,xp_m01,mastery,2,Derivative notation and rules; graph/table interpretation; units and rate meaning; limit and continuity reasoning when relevant.,I can retrieve durable prerequisite learning that supports graph analysis.,"AP Topics 5.3, 5.4",product_rule_retrieval,expression,,"Unit 5 Assessment Plan + AP Calculus AB Course Framework; supplied AP Topic scoring guides used for representation and rigor only, with no published wording copied.",
U5-S2-XP-M02,MATH,5,5.2,extra_practice,practice,xp_m02,mastery,2,Derivative notation and rules; graph/table interpretation; units and rate meaning; limit and continuity reasoning when relevant.,I can retrieve durable prerequisite learning that supports graph analysis.,"AP Topics 5.3, 5.4",derivative_rule_retrieval,expression,,"Unit 5 Assessment Plan + AP Calculus AB Course Framework; supplied AP Topic scoring guides used for representation and rigor only, with no published wording copied.",
U5-S2-XP-M03,MATH,5,5.2,extra_practice,practice,xp_m03,mastery,1,Derivative notation and rules; graph/table interpretation; units and rate meaning; limit and continuity reasoning when relevant.,I can retrieve durable prerequisite learning that supports graph analysis.,"AP Topics 5.3, 5.4",units_interpretation,text,,"Unit 5 Assessment Plan + AP Calculus AB Course Framework; supplied AP Topic scoring guides used for representation and rigor only, with no published wording copied.",
U5-S2-XP-M04,MATH,5,5.2,extra_practice,practice,xp_m04,mastery,2,Derivative notation and rules; graph/table interpretation; units and rate meaning; limit and continuity reasoning when relevant.,I can retrieve durable prerequisite learning that supports graph analysis.,"AP Topics 5.3, 5.4",linearization_retrieval,numeric,,"Unit 5 Assessment Plan + AP Calculus AB Course Framework; supplied AP Topic scoring guides used for representation and rigor only, with no published wording copied.",
U5-S2-XP-M05,MATH,5,5.2,extra_practice,practice,xp_m05,mastery,1,Derivative notation and rules; graph/table interpretation; units and rate meaning; limit and continuity reasoning when relevant.,I can retrieve durable prerequisite learning that supports graph analysis.,"AP Topics 5.3, 5.4",lhospital_condition_retrieval,text,,"Unit 5 Assessment Plan + AP Calculus AB Course Framework; supplied AP Topic scoring guides used for representation and rigor only, with no published wording copied.",
U5-S2-XP-M06,MATH,5,5.2,extra_practice,practice,xp_m06,mastery,2,Derivative notation and rules; graph/table interpretation; units and rate meaning; limit and continuity reasoning when relevant.,I can retrieve durable prerequisite learning that supports graph analysis.,"AP Topics 5.3, 5.4",motion_sign_retrieval,numeric,,"Unit 5 Assessment Plan + AP Calculus AB Course Framework; supplied AP Topic scoring guides used for representation and rigor only, with no published wording copied.",
U5-S2-XP-M07,MATH,5,5.2,extra_practice,practice,xp_m07,mastery,2,Derivative notation and rules; graph/table interpretation; units and rate meaning; limit and continuity reasoning when relevant.,I can retrieve durable prerequisite learning that supports graph analysis.,"AP Topics 5.3, 5.4",limit_retrieval,numeric,,"Unit 5 Assessment Plan + AP Calculus AB Course Framework; supplied AP Topic scoring guides used for representation and rigor only, with no published wording copied.",
U5-S2-XP-M08,MATH,5,5.2,extra_practice,practice,xp_m08,mastery,2,Derivative notation and rules; graph/table interpretation; units and rate meaning; limit and continuity reasoning when relevant.,I can retrieve durable prerequisite learning that supports graph analysis.,"AP Topics 5.3, 5.4",rate_meaning_retrieval,text,,"Unit 5 Assessment Plan + AP Calculus AB Course Framework; supplied AP Topic scoring guides used for representation and rigor only, with no published wording copied.",
U5-S2-XP-M09,MATH,5,5.2,extra_practice,practice,xp_m09,mastery,2,Derivative notation and rules; graph/table interpretation; units and rate meaning; limit and continuity reasoning when relevant.,I can retrieve durable prerequisite learning that supports graph analysis.,"AP Topics 5.3, 5.4",product_rule_retrieval,expression,,"Unit 5 Assessment Plan + AP Calculus AB Course Framework; supplied AP Topic scoring guides used for representation and rigor only, with no published wording copied.",
U5-S2-XP-M10,MATH,5,5.2,extra_practice,practice,xp_m10,mastery,2,Derivative notation and rules; graph/table interpretation; units and rate meaning; limit and continuity reasoning when relevant.,I can retrieve durable prerequisite learning that supports graph analysis.,"AP Topics 5.3, 5.4",derivative_rule_retrieval,expression,,"Unit 5 Assessment Plan + AP Calculus AB Course Framework; supplied AP Topic scoring guides used for representation and rigor only, with no published wording copied.",
U5-S3-PS1-C01,MATH,5,5.3,practice_set_1,practice,ps1_c01,current,2,"Use second-derivative information to determine concavity, identify inflection points, and apply the second derivative test when appropriate.",I can analyze concavity from $f''$ and classify extrema using a qualified second derivative test.,"AP Topics 5.6, 5.7",inflection_candidates,constructed_response,,"Unit 5 Assessment Plan + AP Calculus AB Course Framework; supplied AP Topic scoring guides used for representation and rigor only, with no published wording copied.",
U5-S3-PS1-C02,MATH,5,5.3,practice_set_1,practice,ps1_c02,current,2,"Use second-derivative information to determine concavity, identify inflection points, and apply the second derivative test when appropriate.",I can analyze concavity from $f''$ and classify extrema using a qualified second derivative test.,"AP Topics 5.6, 5.7",second_derivative_test,text,,"Unit 5 Assessment Plan + AP Calculus AB Course Framework; supplied AP Topic scoring guides used for representation and rigor only, with no published wording copied.",
U5-S3-PS1-C03,MATH,5,5.3,practice_set_1,practice,ps1_c03,current,2,"Use second-derivative information to determine concavity, identify inflection points, and apply the second derivative test when appropriate.",I can analyze concavity from $f''$ and classify extrema using a qualified second derivative test.,"AP Topics 5.6, 5.7",graph_of_second_derivative,intervals,u5_s3_ps1_c03_fdoubleprime_graph.png,"Unit 5 Assessment Plan + AP Calculus AB Course Framework; supplied AP Topic scoring guides used for representation and rigor only, with no published wording copied.",
U5-S3-PS1-C04,MATH,5,5.3,practice_set_1,practice,ps1_c04,current,3,"Use second-derivative information to determine concavity, identify inflection points, and apply the second derivative test when appropriate.",I can analyze concavity from $f''$ and classify extrema using a qualified second derivative test.,"AP Topics 5.6, 5.7",inflection_claim_critique,constructed_response,,"Unit 5 Assessment Plan + AP Calculus AB Course Framework; supplied AP Topic scoring guides used for representation and rigor only, with no published wording copied.",
U5-S3-PS1-C05,MATH,5,5.3,practice_set_1,practice,ps1_c05,current,1,"Use second-derivative information to determine concavity, identify inflection points, and apply the second derivative test when appropriate.",I can analyze concavity from $f''$ and classify extrema using a qualified second derivative test.,"AP Topics 5.6, 5.7",concavity_recognition,text,,"Unit 5 Assessment Plan + AP Calculus AB Course Framework; supplied AP Topic scoring guides used for representation and rigor only, with no published wording copied.",
U5-S3-PS1-L01,MATH,5,5.3,practice_set_1,practice,ps1_l01,last,3,Use the sign of the first derivative to determine intervals of increase/decrease and classify local extrema with the first derivative test.,I can retrieve and apply the most recent prerequisite learning.,"AP Topics 5.6, 5.7",monotonicity_claim_critique,constructed_response,,"Unit 5 Assessment Plan + AP Calculus AB Course Framework; supplied AP Topic scoring guides used for representation and rigor only, with no published wording copied.",
U5-S3-PS1-L02,MATH,5,5.3,practice_set_1,practice,ps1_l02,last,1,Use the sign of the first derivative to determine intervals of increase/decrease and classify local extrema with the first derivative test.,I can retrieve and apply the most recent prerequisite learning.,"AP Topics 5.6, 5.7",first_derivative_test_recognition,text,,"Unit 5 Assessment Plan + AP Calculus AB Course Framework; supplied AP Topic scoring guides used for representation and rigor only, with no published wording copied.",
U5-S3-PS1-L03,MATH,5,5.3,practice_set_1,practice,ps1_l03,last,2,Use the sign of the first derivative to determine intervals of increase/decrease and classify local extrema with the first derivative test.,I can retrieve and apply the most recent prerequisite learning.,"AP Topics 5.6, 5.7",first_derivative_sign_chart,intervals,,"Unit 5 Assessment Plan + AP Calculus AB Course Framework; supplied AP Topic scoring guides used for representation and rigor only, with no published wording copied.",
U5-S3-PS1-L04,MATH,5,5.3,practice_set_1,practice,ps1_l04,last,2,Use the sign of the first derivative to determine intervals of increase/decrease and classify local extrema with the first derivative test.,I can retrieve and apply the most recent prerequisite learning.,"AP Topics 5.6, 5.7",first_derivative_test,constructed_response,,"Unit 5 Assessment Plan + AP Calculus AB Course Framework; supplied AP Topic scoring guides used for representation and rigor only, with no published wording copied.",
U5-S3-PS1-L05,MATH,5,5.3,practice_set_1,practice,ps1_l05,last,2,Use the sign of the first derivative to determine intervals of increase/decrease and classify local extrema with the first derivative test.,I can retrieve and apply the most recent prerequisite learning.,"AP Topics 5.6, 5.7",increasing_intervals,intervals,,"Unit 5 Assessment Plan + AP Calculus AB Course Framework; supplied AP Topic scoring guides used for representation and rigor only, with no published wording copied.",
U5-S3-PS1-M01,MATH,5,5.3,practice_set_1,practice,ps1_m01,mastery,2,Derivative notation and rules; graph/table interpretation; units and rate meaning; limit and continuity reasoning when relevant.,I can retrieve durable prerequisite learning that supports graph analysis.,"AP Topics 5.6, 5.7",linearization_retrieval,numeric,,"Unit 5 Assessment Plan + AP Calculus AB Course Framework; supplied AP Topic scoring guides used for representation and rigor only, with no published wording copied.",
U5-S3-PS1-M02,MATH,5,5.3,practice_set_1,practice,ps1_m02,mastery,1,Derivative notation and rules; graph/table interpretation; units and rate meaning; limit and continuity reasoning when relevant.,I can retrieve durable prerequisite learning that supports graph analysis.,"AP Topics 5.6, 5.7",lhospital_condition_retrieval,text,,"Unit 5 Assessment Plan + AP Calculus AB Course Framework; supplied AP Topic scoring guides used for representation and rigor only, with no published wording copied.",
U5-S3-PS1-M03,MATH,5,5.3,practice_set_1,practice,ps1_m03,mastery,2,Derivative notation and rules; graph/table interpretation; units and rate meaning; limit and continuity reasoning when relevant.,I can retrieve durable prerequisite learning that supports graph analysis.,"AP Topics 5.6, 5.7",motion_sign_retrieval,numeric,,"Unit 5 Assessment Plan + AP Calculus AB Course Framework; supplied AP Topic scoring guides used for representation and rigor only, with no published wording copied.",
U5-S3-PS1-M04,MATH,5,5.3,practice_set_1,practice,ps1_m04,mastery,2,Derivative notation and rules; graph/table interpretation; units and rate meaning; limit and continuity reasoning when relevant.,I can retrieve durable prerequisite learning that supports graph analysis.,"AP Topics 5.6, 5.7",limit_retrieval,numeric,,"Unit 5 Assessment Plan + AP Calculus AB Course Framework; supplied AP Topic scoring guides used for representation and rigor only, with no published wording copied.",
U5-S3-PS1-M05,MATH,5,5.3,practice_set_1,practice,ps1_m05,mastery,2,Derivative notation and rules; graph/table interpretation; units and rate meaning; limit and continuity reasoning when relevant.,I can retrieve durable prerequisite learning that supports graph analysis.,"AP Topics 5.6, 5.7",rate_meaning_retrieval,text,,"Unit 5 Assessment Plan + AP Calculus AB Course Framework; supplied AP Topic scoring guides used for representation and rigor only, with no published wording copied.",
U5-S3-PS1-M06,MATH,5,5.3,practice_set_1,practice,ps1_m06,mastery,2,Derivative notation and rules; graph/table interpretation; units and rate meaning; limit and continuity reasoning when relevant.,I can retrieve durable prerequisite learning that supports graph analysis.,"AP Topics 5.6, 5.7",product_rule_retrieval,expression,,"Unit 5 Assessment Plan + AP Calculus AB Course Framework; supplied AP Topic scoring guides used for representation and rigor only, with no published wording copied.",
U5-S3-PS1-M07,MATH,5,5.3,practice_set_1,practice,ps1_m07,mastery,2,Derivative notation and rules; graph/table interpretation; units and rate meaning; limit and continuity reasoning when relevant.,I can retrieve durable prerequisite learning that supports graph analysis.,"AP Topics 5.6, 5.7",derivative_rule_retrieval,expression,,"Unit 5 Assessment Plan + AP Calculus AB Course Framework; supplied AP Topic scoring guides used for representation and rigor only, with no published wording copied.",
U5-S3-PS1-M08,MATH,5,5.3,practice_set_1,practice,ps1_m08,mastery,1,Derivative notation and rules; graph/table interpretation; units and rate meaning; limit and continuity reasoning when relevant.,I can retrieve durable prerequisite learning that supports graph analysis.,"AP Topics 5.6, 5.7",units_interpretation,text,,"Unit 5 Assessment Plan + AP Calculus AB Course Framework; supplied AP Topic scoring guides used for representation and rigor only, with no published wording copied.",
U5-S3-PS1-M09,MATH,5,5.3,practice_set_1,practice,ps1_m09,mastery,2,Derivative notation and rules; graph/table interpretation; units and rate meaning; limit and continuity reasoning when relevant.,I can retrieve durable prerequisite learning that supports graph analysis.,"AP Topics 5.6, 5.7",linearization_retrieval,numeric,,"Unit 5 Assessment Plan + AP Calculus AB Course Framework; supplied AP Topic scoring guides used for representation and rigor only, with no published wording copied.",
U5-S3-PS1-M10,MATH,5,5.3,practice_set_1,practice,ps1_m10,mastery,1,Derivative notation and rules; graph/table interpretation; units and rate meaning; limit and continuity reasoning when relevant.,I can retrieve durable prerequisite learning that supports graph analysis.,"AP Topics 5.6, 5.7",lhospital_condition_retrieval,text,,"Unit 5 Assessment Plan + AP Calculus AB Course Framework; supplied AP Topic scoring guides used for representation and rigor only, with no published wording copied.",
U5-S3-PS2-C01,MATH,5,5.3,practice_set_2,practice,ps2_c01,current,2,"Use second-derivative information to determine concavity, identify inflection points, and apply the second derivative test when appropriate.",I can analyze concavity from $f''$ and classify extrema using a qualified second derivative test.,"AP Topics 5.6, 5.7",second_derivative_test,text,,"Unit 5 Assessment Plan + AP Calculus AB Course Framework; supplied AP Topic scoring guides used for representation and rigor only, with no published wording copied.",
U5-S3-PS2-C02,MATH,5,5.3,practice_set_2,practice,ps2_c02,current,2,"Use second-derivative information to determine concavity, identify inflection points, and apply the second derivative test when appropriate.",I can analyze concavity from $f''$ and classify extrema using a qualified second derivative test.,"AP Topics 5.6, 5.7",graph_of_second_derivative,intervals,u5_s3_ps2_c02_fdoubleprime_graph.png,"Unit 5 Assessment Plan + AP Calculus AB Course Framework; supplied AP Topic scoring guides used for representation and rigor only, with no published wording copied.",
U5-S3-PS2-C03,MATH,5,5.3,practice_set_2,practice,ps2_c03,current,3,"Use second-derivative information to determine concavity, identify inflection points, and apply the second derivative test when appropriate.",I can analyze concavity from $f''$ and classify extrema using a qualified second derivative test.,"AP Topics 5.6, 5.7",inflection_claim_critique,constructed_response,,"Unit 5 Assessment Plan + AP Calculus AB Course Framework; supplied AP Topic scoring guides used for representation and rigor only, with no published wording copied.",
U5-S3-PS2-C04,MATH,5,5.3,practice_set_2,practice,ps2_c04,current,1,"Use second-derivative information to determine concavity, identify inflection points, and apply the second derivative test when appropriate.",I can analyze concavity from $f''$ and classify extrema using a qualified second derivative test.,"AP Topics 5.6, 5.7",concavity_recognition,text,,"Unit 5 Assessment Plan + AP Calculus AB Course Framework; supplied AP Topic scoring guides used for representation and rigor only, with no published wording copied.",
U5-S3-PS2-C05,MATH,5,5.3,practice_set_2,practice,ps2_c05,current,2,"Use second-derivative information to determine concavity, identify inflection points, and apply the second derivative test when appropriate.",I can analyze concavity from $f''$ and classify extrema using a qualified second derivative test.,"AP Topics 5.6, 5.7",second_derivative_sign_chart,intervals,,"Unit 5 Assessment Plan + AP Calculus AB Course Framework; supplied AP Topic scoring guides used for representation and rigor only, with no published wording copied.",
U5-S3-PS2-L01,MATH,5,5.3,practice_set_2,practice,ps2_l01,last,1,Use the sign of the first derivative to determine intervals of increase/decrease and classify local extrema with the first derivative test.,I can retrieve and apply the most recent prerequisite learning.,"AP Topics 5.6, 5.7",first_derivative_test_recognition,text,,"Unit 5 Assessment Plan + AP Calculus AB Course Framework; supplied AP Topic scoring guides used for representation and rigor only, with no published wording copied.",
U5-S3-PS2-L02,MATH,5,5.3,practice_set_2,practice,ps2_l02,last,2,Use the sign of the first derivative to determine intervals of increase/decrease and classify local extrema with the first derivative test.,I can retrieve and apply the most recent prerequisite learning.,"AP Topics 5.6, 5.7",first_derivative_sign_chart,intervals,,"Unit 5 Assessment Plan + AP Calculus AB Course Framework; supplied AP Topic scoring guides used for representation and rigor only, with no published wording copied.",
U5-S3-PS2-L03,MATH,5,5.3,practice_set_2,practice,ps2_l03,last,2,Use the sign of the first derivative to determine intervals of increase/decrease and classify local extrema with the first derivative test.,I can retrieve and apply the most recent prerequisite learning.,"AP Topics 5.6, 5.7",first_derivative_test,constructed_response,,"Unit 5 Assessment Plan + AP Calculus AB Course Framework; supplied AP Topic scoring guides used for representation and rigor only, with no published wording copied.",
U5-S3-PS2-L04,MATH,5,5.3,practice_set_2,practice,ps2_l04,last,2,Use the sign of the first derivative to determine intervals of increase/decrease and classify local extrema with the first derivative test.,I can retrieve and apply the most recent prerequisite learning.,"AP Topics 5.6, 5.7",increasing_intervals,intervals,,"Unit 5 Assessment Plan + AP Calculus AB Course Framework; supplied AP Topic scoring guides used for representation and rigor only, with no published wording copied.",
U5-S3-PS2-L05,MATH,5,5.3,practice_set_2,practice,ps2_l05,last,2,Use the sign of the first derivative to determine intervals of increase/decrease and classify local extrema with the first derivative test.,I can retrieve and apply the most recent prerequisite learning.,"AP Topics 5.6, 5.7",graph_of_first_derivative,intervals,u5_s3_ps2_l05_fprime_graph.png,"Unit 5 Assessment Plan + AP Calculus AB Course Framework; supplied AP Topic scoring guides used for representation and rigor only, with no published wording copied.",
U5-S3-PS2-M01,MATH,5,5.3,practice_set_2,practice,ps2_m01,mastery,1,Derivative notation and rules; graph/table interpretation; units and rate meaning; limit and continuity reasoning when relevant.,I can retrieve durable prerequisite learning that supports graph analysis.,"AP Topics 5.6, 5.7",units_interpretation,text,,"Unit 5 Assessment Plan + AP Calculus AB Course Framework; supplied AP Topic scoring guides used for representation and rigor only, with no published wording copied.",
U5-S3-PS2-M02,MATH,5,5.3,practice_set_2,practice,ps2_m02,mastery,2,Derivative notation and rules; graph/table interpretation; units and rate meaning; limit and continuity reasoning when relevant.,I can retrieve durable prerequisite learning that supports graph analysis.,"AP Topics 5.6, 5.7",linearization_retrieval,numeric,,"Unit 5 Assessment Plan + AP Calculus AB Course Framework; supplied AP Topic scoring guides used for representation and rigor only, with no published wording copied.",
U5-S3-PS2-M03,MATH,5,5.3,practice_set_2,practice,ps2_m03,mastery,1,Derivative notation and rules; graph/table interpretation; units and rate meaning; limit and continuity reasoning when relevant.,I can retrieve durable prerequisite learning that supports graph analysis.,"AP Topics 5.6, 5.7",lhospital_condition_retrieval,text,,"Unit 5 Assessment Plan + AP Calculus AB Course Framework; supplied AP Topic scoring guides used for representation and rigor only, with no published wording copied.",
U5-S3-PS2-M04,MATH,5,5.3,practice_set_2,practice,ps2_m04,mastery,2,Derivative notation and rules; graph/table interpretation; units and rate meaning; limit and continuity reasoning when relevant.,I can retrieve durable prerequisite learning that supports graph analysis.,"AP Topics 5.6, 5.7",motion_sign_retrieval,numeric,,"Unit 5 Assessment Plan + AP Calculus AB Course Framework; supplied AP Topic scoring guides used for representation and rigor only, with no published wording copied.",
U5-S3-PS2-M05,MATH,5,5.3,practice_set_2,practice,ps2_m05,mastery,2,Derivative notation and rules; graph/table interpretation; units and rate meaning; limit and continuity reasoning when relevant.,I can retrieve durable prerequisite learning that supports graph analysis.,"AP Topics 5.6, 5.7",limit_retrieval,numeric,,"Unit 5 Assessment Plan + AP Calculus AB Course Framework; supplied AP Topic scoring guides used for representation and rigor only, with no published wording copied.",
U5-S3-PS2-M06,MATH,5,5.3,practice_set_2,practice,ps2_m06,mastery,2,Derivative notation and rules; graph/table interpretation; units and rate meaning; limit and continuity reasoning when relevant.,I can retrieve durable prerequisite learning that supports graph analysis.,"AP Topics 5.6, 5.7",rate_meaning_retrieval,text,,"Unit 5 Assessment Plan + AP Calculus AB Course Framework; supplied AP Topic scoring guides used for representation and rigor only, with no published wording copied.",
U5-S3-PS2-M07,MATH,5,5.3,practice_set_2,practice,ps2_m07,mastery,2,Derivative notation and rules; graph/table interpretation; units and rate meaning; limit and continuity reasoning when relevant.,I can retrieve durable prerequisite learning that supports graph analysis.,"AP Topics 5.6, 5.7",product_rule_retrieval,expression,,"Unit 5 Assessment Plan + AP Calculus AB Course Framework; supplied AP Topic scoring guides used for representation and rigor only, with no published wording copied.",
U5-S3-PS2-M08,MATH,5,5.3,practice_set_2,practice,ps2_m08,mastery,2,Derivative notation and rules; graph/table interpretation; units and rate meaning; limit and continuity reasoning when relevant.,I can retrieve durable prerequisite learning that supports graph analysis.,"AP Topics 5.6, 5.7",derivative_rule_retrieval,expression,,"Unit 5 Assessment Plan + AP Calculus AB Course Framework; supplied AP Topic scoring guides used for representation and rigor only, with no published wording copied.",
U5-S3-PS2-M09,MATH,5,5.3,practice_set_2,practice,ps2_m09,mastery,1,Derivative notation and rules; graph/table interpretation; units and rate meaning; limit and continuity reasoning when relevant.,I can retrieve durable prerequisite learning that supports graph analysis.,"AP Topics 5.6, 5.7",units_interpretation,text,,"Unit 5 Assessment Plan + AP Calculus AB Course Framework; supplied AP Topic scoring guides used for representation and rigor only, with no published wording copied.",
U5-S3-PS2-M10,MATH,5,5.3,practice_set_2,practice,ps2_m10,mastery,2,Derivative notation and rules; graph/table interpretation; units and rate meaning; limit and continuity reasoning when relevant.,I can retrieve durable prerequisite learning that supports graph analysis.,"AP Topics 5.6, 5.7",linearization_retrieval,numeric,,"Unit 5 Assessment Plan + AP Calculus AB Course Framework; supplied AP Topic scoring guides used for representation and rigor only, with no published wording copied.",
U5-S3-PS3-C01,MATH,5,5.3,practice_set_3,practice,ps3_c01,current,2,"Use second-derivative information to determine concavity, identify inflection points, and apply the second derivative test when appropriate.",I can analyze concavity from $f''$ and classify extrema using a qualified second derivative test.,"AP Topics 5.6, 5.7",concavity_compact,intervals,,"Unit 5 Assessment Plan + AP Calculus AB Course Framework; supplied AP Topic scoring guides used for representation and rigor only, with no published wording copied.",Tarsia-friendly concise source.
U5-S3-PS3-C02,MATH,5,5.3,practice_set_3,practice,ps3_c02,current,2,"Use second-derivative information to determine concavity, identify inflection points, and apply the second derivative test when appropriate.",I can analyze concavity from $f''$ and classify extrema using a qualified second derivative test.,"AP Topics 5.6, 5.7",concavity_compact,intervals,,"Unit 5 Assessment Plan + AP Calculus AB Course Framework; supplied AP Topic scoring guides used for representation and rigor only, with no published wording copied.",Tarsia-friendly concise source.
U5-S3-PS3-C03,MATH,5,5.3,practice_set_3,practice,ps3_c03,current,2,"Use second-derivative information to determine concavity, identify inflection points, and apply the second derivative test when appropriate.",I can analyze concavity from $f''$ and classify extrema using a qualified second derivative test.,"AP Topics 5.6, 5.7",concavity_compact,intervals,,"Unit 5 Assessment Plan + AP Calculus AB Course Framework; supplied AP Topic scoring guides used for representation and rigor only, with no published wording copied.",Tarsia-friendly concise source.
U5-S3-PS3-C04,MATH,5,5.3,practice_set_3,practice,ps3_c04,current,2,"Use second-derivative information to determine concavity, identify inflection points, and apply the second derivative test when appropriate.",I can analyze concavity from $f''$ and classify extrema using a qualified second derivative test.,"AP Topics 5.6, 5.7",concavity_compact,intervals,,"Unit 5 Assessment Plan + AP Calculus AB Course Framework; supplied AP Topic scoring guides used for representation and rigor only, with no published wording copied.",Tarsia-friendly concise source.
U5-S3-PS3-C05,MATH,5,5.3,practice_set_3,practice,ps3_c05,current,2,"Use second-derivative information to determine concavity, identify inflection points, and apply the second derivative test when appropriate.",I can analyze concavity from $f''$ and classify extrema using a qualified second derivative test.,"AP Topics 5.6, 5.7",concavity_compact,intervals,,"Unit 5 Assessment Plan + AP Calculus AB Course Framework; supplied AP Topic scoring guides used for representation and rigor only, with no published wording copied.",Tarsia-friendly concise source.
U5-S3-PS3-L01,MATH,5,5.3,practice_set_3,practice,ps3_l01,last,2,Use the sign of the first derivative to determine intervals of increase/decrease and classify local extrema with the first derivative test.,I can retrieve and apply the most recent prerequisite learning.,"AP Topics 5.6, 5.7",increasing_compact,intervals,,"Unit 5 Assessment Plan + AP Calculus AB Course Framework; supplied AP Topic scoring guides used for representation and rigor only, with no published wording copied.",Tarsia-friendly concise source.
U5-S3-PS3-L02,MATH,5,5.3,practice_set_3,practice,ps3_l02,last,2,Use the sign of the first derivative to determine intervals of increase/decrease and classify local extrema with the first derivative test.,I can retrieve and apply the most recent prerequisite learning.,"AP Topics 5.6, 5.7",increasing_compact,intervals,,"Unit 5 Assessment Plan + AP Calculus AB Course Framework; supplied AP Topic scoring guides used for representation and rigor only, with no published wording copied.",Tarsia-friendly concise source.
U5-S3-PS3-L03,MATH,5,5.3,practice_set_3,practice,ps3_l03,last,2,Use the sign of the first derivative to determine intervals of increase/decrease and classify local extrema with the first derivative test.,I can retrieve and apply the most recent prerequisite learning.,"AP Topics 5.6, 5.7",increasing_compact,intervals,,"Unit 5 Assessment Plan + AP Calculus AB Course Framework; supplied AP Topic scoring guides used for representation and rigor only, with no published wording copied.",Tarsia-friendly concise source.
U5-S3-PS3-L04,MATH,5,5.3,practice_set_3,practice,ps3_l04,last,2,Use the sign of the first derivative to determine intervals of increase/decrease and classify local extrema with the first derivative test.,I can retrieve and apply the most recent prerequisite learning.,"AP Topics 5.6, 5.7",increasing_compact,intervals,,"Unit 5 Assessment Plan + AP Calculus AB Course Framework; supplied AP Topic scoring guides used for representation and rigor only, with no published wording copied.",Tarsia-friendly concise source.
U5-S3-PS3-L05,MATH,5,5.3,practice_set_3,practice,ps3_l05,last,2,Use the sign of the first derivative to determine intervals of increase/decrease and classify local extrema with the first derivative test.,I can retrieve and apply the most recent prerequisite learning.,"AP Topics 5.6, 5.7",increasing_compact,intervals,,"Unit 5 Assessment Plan + AP Calculus AB Course Framework; supplied AP Topic scoring guides used for representation and rigor only, with no published wording copied.",Tarsia-friendly concise source.
U5-S3-PS3-M01,MATH,5,5.3,practice_set_3,practice,ps3_m01,mastery,2,Derivative notation and rules; graph/table interpretation; units and rate meaning; limit and continuity reasoning when relevant.,I can retrieve durable prerequisite learning that supports graph analysis.,"AP Topics 5.6, 5.7",derivative_rule_retrieval,expression,,"Unit 5 Assessment Plan + AP Calculus AB Course Framework; supplied AP Topic scoring guides used for representation and rigor only, with no published wording copied.",Tarsia-friendly concise source.
U5-S3-PS3-M02,MATH,5,5.3,practice_set_3,practice,ps3_m02,mastery,1,Derivative notation and rules; graph/table interpretation; units and rate meaning; limit and continuity reasoning when relevant.,I can retrieve durable prerequisite learning that supports graph analysis.,"AP Topics 5.6, 5.7",units_interpretation,text,,"Unit 5 Assessment Plan + AP Calculus AB Course Framework; supplied AP Topic scoring guides used for representation and rigor only, with no published wording copied.",Tarsia-friendly concise source.
U5-S3-PS3-M03,MATH,5,5.3,practice_set_3,practice,ps3_m03,mastery,2,Derivative notation and rules; graph/table interpretation; units and rate meaning; limit and continuity reasoning when relevant.,I can retrieve durable prerequisite learning that supports graph analysis.,"AP Topics 5.6, 5.7",linearization_retrieval,numeric,,"Unit 5 Assessment Plan + AP Calculus AB Course Framework; supplied AP Topic scoring guides used for representation and rigor only, with no published wording copied.",Tarsia-friendly concise source.
U5-S3-PS3-M04,MATH,5,5.3,practice_set_3,practice,ps3_m04,mastery,1,Derivative notation and rules; graph/table interpretation; units and rate meaning; limit and continuity reasoning when relevant.,I can retrieve durable prerequisite learning that supports graph analysis.,"AP Topics 5.6, 5.7",lhospital_condition_retrieval,text,,"Unit 5 Assessment Plan + AP Calculus AB Course Framework; supplied AP Topic scoring guides used for representation and rigor only, with no published wording copied.",Tarsia-friendly concise source.
U5-S3-PS3-M05,MATH,5,5.3,practice_set_3,practice,ps3_m05,mastery,2,Derivative notation and rules; graph/table interpretation; units and rate meaning; limit and continuity reasoning when relevant.,I can retrieve durable prerequisite learning that supports graph analysis.,"AP Topics 5.6, 5.7",motion_sign_retrieval,numeric,,"Unit 5 Assessment Plan + AP Calculus AB Course Framework; supplied AP Topic scoring guides used for representation and rigor only, with no published wording copied.",Tarsia-friendly concise source.
U5-S3-PS3-M06,MATH,5,5.3,practice_set_3,practice,ps3_m06,mastery,2,Derivative notation and rules; graph/table interpretation; units and rate meaning; limit and continuity reasoning when relevant.,I can retrieve durable prerequisite learning that supports graph analysis.,"AP Topics 5.6, 5.7",limit_retrieval,numeric,,"Unit 5 Assessment Plan + AP Calculus AB Course Framework; supplied AP Topic scoring guides used for representation and rigor only, with no published wording copied.",Tarsia-friendly concise source.
U5-S3-PS3-M07,MATH,5,5.3,practice_set_3,practice,ps3_m07,mastery,2,Derivative notation and rules; graph/table interpretation; units and rate meaning; limit and continuity reasoning when relevant.,I can retrieve durable prerequisite learning that supports graph analysis.,"AP Topics 5.6, 5.7",rate_meaning_retrieval,text,,"Unit 5 Assessment Plan + AP Calculus AB Course Framework; supplied AP Topic scoring guides used for representation and rigor only, with no published wording copied.",Tarsia-friendly concise source.
U5-S3-PS3-M08,MATH,5,5.3,practice_set_3,practice,ps3_m08,mastery,2,Derivative notation and rules; graph/table interpretation; units and rate meaning; limit and continuity reasoning when relevant.,I can retrieve durable prerequisite learning that supports graph analysis.,"AP Topics 5.6, 5.7",product_rule_retrieval,expression,,"Unit 5 Assessment Plan + AP Calculus AB Course Framework; supplied AP Topic scoring guides used for representation and rigor only, with no published wording copied.",Tarsia-friendly concise source.
U5-S3-PS3-M09,MATH,5,5.3,practice_set_3,practice,ps3_m09,mastery,2,Derivative notation and rules; graph/table interpretation; units and rate meaning; limit and continuity reasoning when relevant.,I can retrieve durable prerequisite learning that supports graph analysis.,"AP Topics 5.6, 5.7",derivative_rule_retrieval,expression,,"Unit 5 Assessment Plan + AP Calculus AB Course Framework; supplied AP Topic scoring guides used for representation and rigor only, with no published wording copied.",Tarsia-friendly concise source.
U5-S3-PS3-M10,MATH,5,5.3,practice_set_3,practice,ps3_m10,mastery,1,Derivative notation and rules; graph/table interpretation; units and rate meaning; limit and continuity reasoning when relevant.,I can retrieve durable prerequisite learning that supports graph analysis.,"AP Topics 5.6, 5.7",units_interpretation,text,,"Unit 5 Assessment Plan + AP Calculus AB Course Framework; supplied AP Topic scoring guides used for representation and rigor only, with no published wording copied.",Tarsia-friendly concise source.
U5-S3-XP-C01,MATH,5,5.3,extra_practice,practice,xp_c01,current,3,"Use second-derivative information to determine concavity, identify inflection points, and apply the second derivative test when appropriate.",I can analyze concavity from $f''$ and classify extrema using a qualified second derivative test.,"AP Topics 5.6, 5.7",inflection_claim_critique,constructed_response,,"Unit 5 Assessment Plan + AP Calculus AB Course Framework; supplied AP Topic scoring guides used for representation and rigor only, with no published wording copied.",
U5-S3-XP-C02,MATH,5,5.3,extra_practice,practice,xp_c02,current,1,"Use second-derivative information to determine concavity, identify inflection points, and apply the second derivative test when appropriate.",I can analyze concavity from $f''$ and classify extrema using a qualified second derivative test.,"AP Topics 5.6, 5.7",concavity_recognition,text,,"Unit 5 Assessment Plan + AP Calculus AB Course Framework; supplied AP Topic scoring guides used for representation and rigor only, with no published wording copied.",
U5-S3-XP-C03,MATH,5,5.3,extra_practice,practice,xp_c03,current,2,"Use second-derivative information to determine concavity, identify inflection points, and apply the second derivative test when appropriate.",I can analyze concavity from $f''$ and classify extrema using a qualified second derivative test.,"AP Topics 5.6, 5.7",second_derivative_sign_chart,intervals,,"Unit 5 Assessment Plan + AP Calculus AB Course Framework; supplied AP Topic scoring guides used for representation and rigor only, with no published wording copied.",
U5-S3-XP-C04,MATH,5,5.3,extra_practice,practice,xp_c04,current,2,"Use second-derivative information to determine concavity, identify inflection points, and apply the second derivative test when appropriate.",I can analyze concavity from $f''$ and classify extrema using a qualified second derivative test.,"AP Topics 5.6, 5.7",inflection_candidates,constructed_response,,"Unit 5 Assessment Plan + AP Calculus AB Course Framework; supplied AP Topic scoring guides used for representation and rigor only, with no published wording copied.",
U5-S3-XP-C05,MATH,5,5.3,extra_practice,practice,xp_c05,current,2,"Use second-derivative information to determine concavity, identify inflection points, and apply the second derivative test when appropriate.",I can analyze concavity from $f''$ and classify extrema using a qualified second derivative test.,"AP Topics 5.6, 5.7",second_derivative_test,text,,"Unit 5 Assessment Plan + AP Calculus AB Course Framework; supplied AP Topic scoring guides used for representation and rigor only, with no published wording copied.",
U5-S3-XP-L01,MATH,5,5.3,extra_practice,practice,xp_l01,last,2,Use the sign of the first derivative to determine intervals of increase/decrease and classify local extrema with the first derivative test.,I can retrieve and apply the most recent prerequisite learning.,"AP Topics 5.6, 5.7",first_derivative_test,constructed_response,,"Unit 5 Assessment Plan + AP Calculus AB Course Framework; supplied AP Topic scoring guides used for representation and rigor only, with no published wording copied.",
U5-S3-XP-L02,MATH,5,5.3,extra_practice,practice,xp_l02,last,2,Use the sign of the first derivative to determine intervals of increase/decrease and classify local extrema with the first derivative test.,I can retrieve and apply the most recent prerequisite learning.,"AP Topics 5.6, 5.7",increasing_intervals,intervals,,"Unit 5 Assessment Plan + AP Calculus AB Course Framework; supplied AP Topic scoring guides used for representation and rigor only, with no published wording copied.",
U5-S3-XP-L03,MATH,5,5.3,extra_practice,practice,xp_l03,last,2,Use the sign of the first derivative to determine intervals of increase/decrease and classify local extrema with the first derivative test.,I can retrieve and apply the most recent prerequisite learning.,"AP Topics 5.6, 5.7",graph_of_first_derivative,intervals,u5_s3_xp_l03_fprime_graph.png,"Unit 5 Assessment Plan + AP Calculus AB Course Framework; supplied AP Topic scoring guides used for representation and rigor only, with no published wording copied.",
U5-S3-XP-L04,MATH,5,5.3,extra_practice,practice,xp_l04,last,3,Use the sign of the first derivative to determine intervals of increase/decrease and classify local extrema with the first derivative test.,I can retrieve and apply the most recent prerequisite learning.,"AP Topics 5.6, 5.7",monotonicity_claim_critique,constructed_response,,"Unit 5 Assessment Plan + AP Calculus AB Course Framework; supplied AP Topic scoring guides used for representation and rigor only, with no published wording copied.",
U5-S3-XP-L05,MATH,5,5.3,extra_practice,practice,xp_l05,last,1,Use the sign of the first derivative to determine intervals of increase/decrease and classify local extrema with the first derivative test.,I can retrieve and apply the most recent prerequisite learning.,"AP Topics 5.6, 5.7",first_derivative_test_recognition,text,,"Unit 5 Assessment Plan + AP Calculus AB Course Framework; supplied AP Topic scoring guides used for representation and rigor only, with no published wording copied.",
U5-S3-XP-M01,MATH,5,5.3,extra_practice,practice,xp_m01,mastery,2,Derivative notation and rules; graph/table interpretation; units and rate meaning; limit and continuity reasoning when relevant.,I can retrieve durable prerequisite learning that supports graph analysis.,"AP Topics 5.6, 5.7",product_rule_retrieval,expression,,"Unit 5 Assessment Plan + AP Calculus AB Course Framework; supplied AP Topic scoring guides used for representation and rigor only, with no published wording copied.",
U5-S3-XP-M02,MATH,5,5.3,extra_practice,practice,xp_m02,mastery,2,Derivative notation and rules; graph/table interpretation; units and rate meaning; limit and continuity reasoning when relevant.,I can retrieve durable prerequisite learning that supports graph analysis.,"AP Topics 5.6, 5.7",derivative_rule_retrieval,expression,,"Unit 5 Assessment Plan + AP Calculus AB Course Framework; supplied AP Topic scoring guides used for representation and rigor only, with no published wording copied.",
U5-S3-XP-M03,MATH,5,5.3,extra_practice,practice,xp_m03,mastery,1,Derivative notation and rules; graph/table interpretation; units and rate meaning; limit and continuity reasoning when relevant.,I can retrieve durable prerequisite learning that supports graph analysis.,"AP Topics 5.6, 5.7",units_interpretation,text,,"Unit 5 Assessment Plan + AP Calculus AB Course Framework; supplied AP Topic scoring guides used for representation and rigor only, with no published wording copied.",
U5-S3-XP-M04,MATH,5,5.3,extra_practice,practice,xp_m04,mastery,2,Derivative notation and rules; graph/table interpretation; units and rate meaning; limit and continuity reasoning when relevant.,I can retrieve durable prerequisite learning that supports graph analysis.,"AP Topics 5.6, 5.7",linearization_retrieval,numeric,,"Unit 5 Assessment Plan + AP Calculus AB Course Framework; supplied AP Topic scoring guides used for representation and rigor only, with no published wording copied.",
U5-S3-XP-M05,MATH,5,5.3,extra_practice,practice,xp_m05,mastery,1,Derivative notation and rules; graph/table interpretation; units and rate meaning; limit and continuity reasoning when relevant.,I can retrieve durable prerequisite learning that supports graph analysis.,"AP Topics 5.6, 5.7",lhospital_condition_retrieval,text,,"Unit 5 Assessment Plan + AP Calculus AB Course Framework; supplied AP Topic scoring guides used for representation and rigor only, with no published wording copied.",
U5-S3-XP-M06,MATH,5,5.3,extra_practice,practice,xp_m06,mastery,2,Derivative notation and rules; graph/table interpretation; units and rate meaning; limit and continuity reasoning when relevant.,I can retrieve durable prerequisite learning that supports graph analysis.,"AP Topics 5.6, 5.7",motion_sign_retrieval,numeric,,"Unit 5 Assessment Plan + AP Calculus AB Course Framework; supplied AP Topic scoring guides used for representation and rigor only, with no published wording copied.",
U5-S3-XP-M07,MATH,5,5.3,extra_practice,practice,xp_m07,mastery,2,Derivative notation and rules; graph/table interpretation; units and rate meaning; limit and continuity reasoning when relevant.,I can retrieve durable prerequisite learning that supports graph analysis.,"AP Topics 5.6, 5.7",limit_retrieval,numeric,,"Unit 5 Assessment Plan + AP Calculus AB Course Framework; supplied AP Topic scoring guides used for representation and rigor only, with no published wording copied.",
U5-S3-XP-M08,MATH,5,5.3,extra_practice,practice,xp_m08,mastery,2,Derivative notation and rules; graph/table interpretation; units and rate meaning; limit and continuity reasoning when relevant.,I can retrieve durable prerequisite learning that supports graph analysis.,"AP Topics 5.6, 5.7",rate_meaning_retrieval,text,,"Unit 5 Assessment Plan + AP Calculus AB Course Framework; supplied AP Topic scoring guides used for representation and rigor only, with no published wording copied.",
U5-S3-XP-M09,MATH,5,5.3,extra_practice,practice,xp_m09,mastery,2,Derivative notation and rules; graph/table interpretation; units and rate meaning; limit and continuity reasoning when relevant.,I can retrieve durable prerequisite learning that supports graph analysis.,"AP Topics 5.6, 5.7",product_rule_retrieval,expression,,"Unit 5 Assessment Plan + AP Calculus AB Course Framework; supplied AP Topic scoring guides used for representation and rigor only, with no published wording copied.",
U5-S3-XP-M10,MATH,5,5.3,extra_practice,practice,xp_m10,mastery,2,Derivative notation and rules; graph/table interpretation; units and rate meaning; limit and continuity reasoning when relevant.,I can retrieve durable prerequisite learning that supports graph analysis.,"AP Topics 5.6, 5.7",derivative_rule_retrieval,expression,,"Unit 5 Assessment Plan + AP Calculus AB Course Framework; supplied AP Topic scoring guides used for representation and rigor only, with no published wording copied.",
U5-S4-PS1-C01,MATH,5,5.4,practice_set_1,practice,ps1_c01,current,3,"Connect the behavior of $f$, $f'$, and $f''$ across graphical, numerical, analytical, and implicit representations.","I can match derivative-related features and predict missing behavior in one representation from information about $f$, $f'$, or $f''$.","AP Topics 5.8, 5.9, 5.12",f_fprime_connection,constructed_response,u5_s4_ps1_c01_fprime_connection.png,"Unit 5 Assessment Plan + AP Calculus AB Course Framework; supplied AP Topic scoring guides used for representation and rigor only, with no published wording copied.",
U5-S4-PS1-C02,MATH,5,5.4,practice_set_1,practice,ps1_c02,current,2,"Connect the behavior of $f$, $f'$, and $f''$ across graphical, numerical, analytical, and implicit representations.","I can match derivative-related features and predict missing behavior in one representation from information about $f$, $f'$, or $f''$.","AP Topics 5.8, 5.9, 5.12",multi_derivative_connection,text,,"Unit 5 Assessment Plan + AP Calculus AB Course Framework; supplied AP Topic scoring guides used for representation and rigor only, with no published wording copied.",
U5-S4-PS1-C03,MATH,5,5.4,practice_set_1,practice,ps1_c03,current,3,"Connect the behavior of $f$, $f'$, and $f''$ across graphical, numerical, analytical, and implicit representations.","I can match derivative-related features and predict missing behavior in one representation from information about $f$, $f'$, or $f''$.","AP Topics 5.8, 5.9, 5.12",triple_representation_synthesis,constructed_response,u5_s4_ps1_c03_triple_graph.png,"Unit 5 Assessment Plan + AP Calculus AB Course Framework; supplied AP Topic scoring guides used for representation and rigor only, with no published wording copied.",
U5-S4-PS1-C04,MATH,5,5.4,practice_set_1,practice,ps1_c04,current,3,"Connect the behavior of $f$, $f'$, and $f''$ across graphical, numerical, analytical, and implicit representations.","I can match derivative-related features and predict missing behavior in one representation from information about $f$, $f'$, or $f''$.","AP Topics 5.8, 5.9, 5.12",graph_match_critique,constructed_response,,"Unit 5 Assessment Plan + AP Calculus AB Course Framework; supplied AP Topic scoring guides used for representation and rigor only, with no published wording copied.",
U5-S4-PS1-C05,MATH,5,5.4,practice_set_1,practice,ps1_c05,current,2,"Connect the behavior of $f$, $f'$, and $f''$ across graphical, numerical, analytical, and implicit representations.","I can match derivative-related features and predict missing behavior in one representation from information about $f$, $f'$, or $f''$.","AP Topics 5.8, 5.9, 5.12",fprime_fdoubleprime_feature,numeric,,"Unit 5 Assessment Plan + AP Calculus AB Course Framework; supplied AP Topic scoring guides used for representation and rigor only, with no published wording copied.",
U5-S4-PS1-L01,MATH,5,5.4,practice_set_1,practice,ps1_l01,last,3,"Use second-derivative information to determine concavity, identify inflection points, and apply the second derivative test when appropriate.",I can retrieve and apply the most recent prerequisite learning.,"AP Topics 5.8, 5.9, 5.12",inflection_claim_critique,constructed_response,,"Unit 5 Assessment Plan + AP Calculus AB Course Framework; supplied AP Topic scoring guides used for representation and rigor only, with no published wording copied.",
U5-S4-PS1-L02,MATH,5,5.4,practice_set_1,practice,ps1_l02,last,1,"Use second-derivative information to determine concavity, identify inflection points, and apply the second derivative test when appropriate.",I can retrieve and apply the most recent prerequisite learning.,"AP Topics 5.8, 5.9, 5.12",concavity_recognition,text,,"Unit 5 Assessment Plan + AP Calculus AB Course Framework; supplied AP Topic scoring guides used for representation and rigor only, with no published wording copied.",
U5-S4-PS1-L03,MATH,5,5.4,practice_set_1,practice,ps1_l03,last,2,"Use second-derivative information to determine concavity, identify inflection points, and apply the second derivative test when appropriate.",I can retrieve and apply the most recent prerequisite learning.,"AP Topics 5.8, 5.9, 5.12",second_derivative_sign_chart,intervals,,"Unit 5 Assessment Plan + AP Calculus AB Course Framework; supplied AP Topic scoring guides used for representation and rigor only, with no published wording copied.",
U5-S4-PS1-L04,MATH,5,5.4,practice_set_1,practice,ps1_l04,last,2,"Use second-derivative information to determine concavity, identify inflection points, and apply the second derivative test when appropriate.",I can retrieve and apply the most recent prerequisite learning.,"AP Topics 5.8, 5.9, 5.12",inflection_candidates,constructed_response,,"Unit 5 Assessment Plan + AP Calculus AB Course Framework; supplied AP Topic scoring guides used for representation and rigor only, with no published wording copied.",
U5-S4-PS1-L05,MATH,5,5.4,practice_set_1,practice,ps1_l05,last,2,"Use second-derivative information to determine concavity, identify inflection points, and apply the second derivative test when appropriate.",I can retrieve and apply the most recent prerequisite learning.,"AP Topics 5.8, 5.9, 5.12",second_derivative_test,text,,"Unit 5 Assessment Plan + AP Calculus AB Course Framework; supplied AP Topic scoring guides used for representation and rigor only, with no published wording copied.",
U5-S4-PS1-M01,MATH,5,5.4,practice_set_1,practice,ps1_m01,mastery,2,Derivative notation and rules; graph/table interpretation; units and rate meaning; limit and continuity reasoning when relevant.,I can retrieve durable prerequisite learning that supports graph analysis.,"AP Topics 5.8, 5.9, 5.12",linearization_retrieval,numeric,,"Unit 5 Assessment Plan + AP Calculus AB Course Framework; supplied AP Topic scoring guides used for representation and rigor only, with no published wording copied.",
U5-S4-PS1-M02,MATH,5,5.4,practice_set_1,practice,ps1_m02,mastery,1,Derivative notation and rules; graph/table interpretation; units and rate meaning; limit and continuity reasoning when relevant.,I can retrieve durable prerequisite learning that supports graph analysis.,"AP Topics 5.8, 5.9, 5.12",lhospital_condition_retrieval,text,,"Unit 5 Assessment Plan + AP Calculus AB Course Framework; supplied AP Topic scoring guides used for representation and rigor only, with no published wording copied.",
U5-S4-PS1-M03,MATH,5,5.4,practice_set_1,practice,ps1_m03,mastery,2,Derivative notation and rules; graph/table interpretation; units and rate meaning; limit and continuity reasoning when relevant.,I can retrieve durable prerequisite learning that supports graph analysis.,"AP Topics 5.8, 5.9, 5.12",motion_sign_retrieval,numeric,,"Unit 5 Assessment Plan + AP Calculus AB Course Framework; supplied AP Topic scoring guides used for representation and rigor only, with no published wording copied.",
U5-S4-PS1-M04,MATH,5,5.4,practice_set_1,practice,ps1_m04,mastery,2,Derivative notation and rules; graph/table interpretation; units and rate meaning; limit and continuity reasoning when relevant.,I can retrieve durable prerequisite learning that supports graph analysis.,"AP Topics 5.8, 5.9, 5.12",limit_retrieval,numeric,,"Unit 5 Assessment Plan + AP Calculus AB Course Framework; supplied AP Topic scoring guides used for representation and rigor only, with no published wording copied.",
U5-S4-PS1-M05,MATH,5,5.4,practice_set_1,practice,ps1_m05,mastery,2,Derivative notation and rules; graph/table interpretation; units and rate meaning; limit and continuity reasoning when relevant.,I can retrieve durable prerequisite learning that supports graph analysis.,"AP Topics 5.8, 5.9, 5.12",rate_meaning_retrieval,text,,"Unit 5 Assessment Plan + AP Calculus AB Course Framework; supplied AP Topic scoring guides used for representation and rigor only, with no published wording copied.",
U5-S4-PS1-M06,MATH,5,5.4,practice_set_1,practice,ps1_m06,mastery,2,Derivative notation and rules; graph/table interpretation; units and rate meaning; limit and continuity reasoning when relevant.,I can retrieve durable prerequisite learning that supports graph analysis.,"AP Topics 5.8, 5.9, 5.12",product_rule_retrieval,expression,,"Unit 5 Assessment Plan + AP Calculus AB Course Framework; supplied AP Topic scoring guides used for representation and rigor only, with no published wording copied.",
U5-S4-PS1-M07,MATH,5,5.4,practice_set_1,practice,ps1_m07,mastery,2,Derivative notation and rules; graph/table interpretation; units and rate meaning; limit and continuity reasoning when relevant.,I can retrieve durable prerequisite learning that supports graph analysis.,"AP Topics 5.8, 5.9, 5.12",derivative_rule_retrieval,expression,,"Unit 5 Assessment Plan + AP Calculus AB Course Framework; supplied AP Topic scoring guides used for representation and rigor only, with no published wording copied.",
U5-S4-PS1-M08,MATH,5,5.4,practice_set_1,practice,ps1_m08,mastery,1,Derivative notation and rules; graph/table interpretation; units and rate meaning; limit and continuity reasoning when relevant.,I can retrieve durable prerequisite learning that supports graph analysis.,"AP Topics 5.8, 5.9, 5.12",units_interpretation,text,,"Unit 5 Assessment Plan + AP Calculus AB Course Framework; supplied AP Topic scoring guides used for representation and rigor only, with no published wording copied.",
U5-S4-PS1-M09,MATH,5,5.4,practice_set_1,practice,ps1_m09,mastery,2,Derivative notation and rules; graph/table interpretation; units and rate meaning; limit and continuity reasoning when relevant.,I can retrieve durable prerequisite learning that supports graph analysis.,"AP Topics 5.8, 5.9, 5.12",linearization_retrieval,numeric,,"Unit 5 Assessment Plan + AP Calculus AB Course Framework; supplied AP Topic scoring guides used for representation and rigor only, with no published wording copied.",
U5-S4-PS1-M10,MATH,5,5.4,practice_set_1,practice,ps1_m10,mastery,1,Derivative notation and rules; graph/table interpretation; units and rate meaning; limit and continuity reasoning when relevant.,I can retrieve durable prerequisite learning that supports graph analysis.,"AP Topics 5.8, 5.9, 5.12",lhospital_condition_retrieval,text,,"Unit 5 Assessment Plan + AP Calculus AB Course Framework; supplied AP Topic scoring guides used for representation and rigor only, with no published wording copied.",
U5-S4-PS2-C01,MATH,5,5.4,practice_set_2,practice,ps2_c01,current,2,"Connect the behavior of $f$, $f'$, and $f''$ across graphical, numerical, analytical, and implicit representations.","I can match derivative-related features and predict missing behavior in one representation from information about $f$, $f'$, or $f''$.","AP Topics 5.8, 5.9, 5.12",multi_derivative_connection,text,,"Unit 5 Assessment Plan + AP Calculus AB Course Framework; supplied AP Topic scoring guides used for representation and rigor only, with no published wording copied.",
U5-S4-PS2-C02,MATH,5,5.4,practice_set_2,practice,ps2_c02,current,3,"Connect the behavior of $f$, $f'$, and $f''$ across graphical, numerical, analytical, and implicit representations.","I can match derivative-related features and predict missing behavior in one representation from information about $f$, $f'$, or $f''$.","AP Topics 5.8, 5.9, 5.12",triple_representation_synthesis,constructed_response,u5_s4_ps2_c02_triple_graph.png,"Unit 5 Assessment Plan + AP Calculus AB Course Framework; supplied AP Topic scoring guides used for representation and rigor only, with no published wording copied.",
U5-S4-PS2-C03,MATH,5,5.4,practice_set_2,practice,ps2_c03,current,3,"Connect the behavior of $f$, $f'$, and $f''$ across graphical, numerical, analytical, and implicit representations.","I can match derivative-related features and predict missing behavior in one representation from information about $f$, $f'$, or $f''$.","AP Topics 5.8, 5.9, 5.12",graph_match_critique,constructed_response,,"Unit 5 Assessment Plan + AP Calculus AB Course Framework; supplied AP Topic scoring guides used for representation and rigor only, with no published wording copied.",
U5-S4-PS2-C04,MATH,5,5.4,practice_set_2,practice,ps2_c04,current,2,"Connect the behavior of $f$, $f'$, and $f''$ across graphical, numerical, analytical, and implicit representations.","I can match derivative-related features and predict missing behavior in one representation from information about $f$, $f'$, or $f''$.","AP Topics 5.8, 5.9, 5.12",fprime_fdoubleprime_feature,numeric,,"Unit 5 Assessment Plan + AP Calculus AB Course Framework; supplied AP Topic scoring guides used for representation and rigor only, with no published wording copied.",
U5-S4-PS2-C05,MATH,5,5.4,practice_set_2,practice,ps2_c05,current,2,"Connect the behavior of $f$, $f'$, and $f''$ across graphical, numerical, analytical, and implicit representations.","I can match derivative-related features and predict missing behavior in one representation from information about $f$, $f'$, or $f''$.","AP Topics 5.8, 5.9, 5.12",derivative_table_connections,constructed_response,,"Unit 5 Assessment Plan + AP Calculus AB Course Framework; supplied AP Topic scoring guides used for representation and rigor only, with no published wording copied.",
U5-S4-PS2-L01,MATH,5,5.4,practice_set_2,practice,ps2_l01,last,1,"Use second-derivative information to determine concavity, identify inflection points, and apply the second derivative test when appropriate.",I can retrieve and apply the most recent prerequisite learning.,"AP Topics 5.8, 5.9, 5.12",concavity_recognition,text,,"Unit 5 Assessment Plan + AP Calculus AB Course Framework; supplied AP Topic scoring guides used for representation and rigor only, with no published wording copied.",
U5-S4-PS2-L02,MATH,5,5.4,practice_set_2,practice,ps2_l02,last,2,"Use second-derivative information to determine concavity, identify inflection points, and apply the second derivative test when appropriate.",I can retrieve and apply the most recent prerequisite learning.,"AP Topics 5.8, 5.9, 5.12",second_derivative_sign_chart,intervals,,"Unit 5 Assessment Plan + AP Calculus AB Course Framework; supplied AP Topic scoring guides used for representation and rigor only, with no published wording copied.",
U5-S4-PS2-L03,MATH,5,5.4,practice_set_2,practice,ps2_l03,last,2,"Use second-derivative information to determine concavity, identify inflection points, and apply the second derivative test when appropriate.",I can retrieve and apply the most recent prerequisite learning.,"AP Topics 5.8, 5.9, 5.12",inflection_candidates,constructed_response,,"Unit 5 Assessment Plan + AP Calculus AB Course Framework; supplied AP Topic scoring guides used for representation and rigor only, with no published wording copied.",
U5-S4-PS2-L04,MATH,5,5.4,practice_set_2,practice,ps2_l04,last,2,"Use second-derivative information to determine concavity, identify inflection points, and apply the second derivative test when appropriate.",I can retrieve and apply the most recent prerequisite learning.,"AP Topics 5.8, 5.9, 5.12",second_derivative_test,text,,"Unit 5 Assessment Plan + AP Calculus AB Course Framework; supplied AP Topic scoring guides used for representation and rigor only, with no published wording copied.",
U5-S4-PS2-L05,MATH,5,5.4,practice_set_2,practice,ps2_l05,last,2,"Use second-derivative information to determine concavity, identify inflection points, and apply the second derivative test when appropriate.",I can retrieve and apply the most recent prerequisite learning.,"AP Topics 5.8, 5.9, 5.12",graph_of_second_derivative,intervals,u5_s4_ps2_l05_fdoubleprime_graph.png,"Unit 5 Assessment Plan + AP Calculus AB Course Framework; supplied AP Topic scoring guides used for representation and rigor only, with no published wording copied.",
U5-S4-PS2-M01,MATH,5,5.4,practice_set_2,practice,ps2_m01,mastery,1,Derivative notation and rules; graph/table interpretation; units and rate meaning; limit and continuity reasoning when relevant.,I can retrieve durable prerequisite learning that supports graph analysis.,"AP Topics 5.8, 5.9, 5.12",units_interpretation,text,,"Unit 5 Assessment Plan + AP Calculus AB Course Framework; supplied AP Topic scoring guides used for representation and rigor only, with no published wording copied.",
U5-S4-PS2-M02,MATH,5,5.4,practice_set_2,practice,ps2_m02,mastery,2,Derivative notation and rules; graph/table interpretation; units and rate meaning; limit and continuity reasoning when relevant.,I can retrieve durable prerequisite learning that supports graph analysis.,"AP Topics 5.8, 5.9, 5.12",linearization_retrieval,numeric,,"Unit 5 Assessment Plan + AP Calculus AB Course Framework; supplied AP Topic scoring guides used for representation and rigor only, with no published wording copied.",
U5-S4-PS2-M03,MATH,5,5.4,practice_set_2,practice,ps2_m03,mastery,1,Derivative notation and rules; graph/table interpretation; units and rate meaning; limit and continuity reasoning when relevant.,I can retrieve durable prerequisite learning that supports graph analysis.,"AP Topics 5.8, 5.9, 5.12",lhospital_condition_retrieval,text,,"Unit 5 Assessment Plan + AP Calculus AB Course Framework; supplied AP Topic scoring guides used for representation and rigor only, with no published wording copied.",
U5-S4-PS2-M04,MATH,5,5.4,practice_set_2,practice,ps2_m04,mastery,2,Derivative notation and rules; graph/table interpretation; units and rate meaning; limit and continuity reasoning when relevant.,I can retrieve durable prerequisite learning that supports graph analysis.,"AP Topics 5.8, 5.9, 5.12",motion_sign_retrieval,numeric,,"Unit 5 Assessment Plan + AP Calculus AB Course Framework; supplied AP Topic scoring guides used for representation and rigor only, with no published wording copied.",
U5-S4-PS2-M05,MATH,5,5.4,practice_set_2,practice,ps2_m05,mastery,2,Derivative notation and rules; graph/table interpretation; units and rate meaning; limit and continuity reasoning when relevant.,I can retrieve durable prerequisite learning that supports graph analysis.,"AP Topics 5.8, 5.9, 5.12",limit_retrieval,numeric,,"Unit 5 Assessment Plan + AP Calculus AB Course Framework; supplied AP Topic scoring guides used for representation and rigor only, with no published wording copied.",
U5-S4-PS2-M06,MATH,5,5.4,practice_set_2,practice,ps2_m06,mastery,2,Derivative notation and rules; graph/table interpretation; units and rate meaning; limit and continuity reasoning when relevant.,I can retrieve durable prerequisite learning that supports graph analysis.,"AP Topics 5.8, 5.9, 5.12",rate_meaning_retrieval,text,,"Unit 5 Assessment Plan + AP Calculus AB Course Framework; supplied AP Topic scoring guides used for representation and rigor only, with no published wording copied.",
U5-S4-PS2-M07,MATH,5,5.4,practice_set_2,practice,ps2_m07,mastery,2,Derivative notation and rules; graph/table interpretation; units and rate meaning; limit and continuity reasoning when relevant.,I can retrieve durable prerequisite learning that supports graph analysis.,"AP Topics 5.8, 5.9, 5.12",product_rule_retrieval,expression,,"Unit 5 Assessment Plan + AP Calculus AB Course Framework; supplied AP Topic scoring guides used for representation and rigor only, with no published wording copied.",
U5-S4-PS2-M08,MATH,5,5.4,practice_set_2,practice,ps2_m08,mastery,2,Derivative notation and rules; graph/table interpretation; units and rate meaning; limit and continuity reasoning when relevant.,I can retrieve durable prerequisite learning that supports graph analysis.,"AP Topics 5.8, 5.9, 5.12",derivative_rule_retrieval,expression,,"Unit 5 Assessment Plan + AP Calculus AB Course Framework; supplied AP Topic scoring guides used for representation and rigor only, with no published wording copied.",
U5-S4-PS2-M09,MATH,5,5.4,practice_set_2,practice,ps2_m09,mastery,1,Derivative notation and rules; graph/table interpretation; units and rate meaning; limit and continuity reasoning when relevant.,I can retrieve durable prerequisite learning that supports graph analysis.,"AP Topics 5.8, 5.9, 5.12",units_interpretation,text,,"Unit 5 Assessment Plan + AP Calculus AB Course Framework; supplied AP Topic scoring guides used for representation and rigor only, with no published wording copied.",
U5-S4-PS2-M10,MATH,5,5.4,practice_set_2,practice,ps2_m10,mastery,2,Derivative notation and rules; graph/table interpretation; units and rate meaning; limit and continuity reasoning when relevant.,I can retrieve durable prerequisite learning that supports graph analysis.,"AP Topics 5.8, 5.9, 5.12",linearization_retrieval,numeric,,"Unit 5 Assessment Plan + AP Calculus AB Course Framework; supplied AP Topic scoring guides used for representation and rigor only, with no published wording copied.",
U5-S4-PS3-C01,MATH,5,5.4,practice_set_3,practice,ps3_c01,current,1,"Connect the behavior of $f$, $f'$, and $f''$ across graphical, numerical, analytical, and implicit representations.","I can match derivative-related features and predict missing behavior in one representation from information about $f$, $f'$, or $f''$.","AP Topics 5.8, 5.9, 5.12",connection_compact,text,,"Unit 5 Assessment Plan + AP Calculus AB Course Framework; supplied AP Topic scoring guides used for representation and rigor only, with no published wording copied.",Tarsia-friendly concise source.
U5-S4-PS3-C02,MATH,5,5.4,practice_set_3,practice,ps3_c02,current,1,"Connect the behavior of $f$, $f'$, and $f''$ across graphical, numerical, analytical, and implicit representations.","I can match derivative-related features and predict missing behavior in one representation from information about $f$, $f'$, or $f''$.","AP Topics 5.8, 5.9, 5.12",connection_compact,text,,"Unit 5 Assessment Plan + AP Calculus AB Course Framework; supplied AP Topic scoring guides used for representation and rigor only, with no published wording copied.",Tarsia-friendly concise source.
U5-S4-PS3-C03,MATH,5,5.4,practice_set_3,practice,ps3_c03,current,1,"Connect the behavior of $f$, $f'$, and $f''$ across graphical, numerical, analytical, and implicit representations.","I can match derivative-related features and predict missing behavior in one representation from information about $f$, $f'$, or $f''$.","AP Topics 5.8, 5.9, 5.12",connection_compact,text,,"Unit 5 Assessment Plan + AP Calculus AB Course Framework; supplied AP Topic scoring guides used for representation and rigor only, with no published wording copied.",Tarsia-friendly concise source.
U5-S4-PS3-C04,MATH,5,5.4,practice_set_3,practice,ps3_c04,current,1,"Connect the behavior of $f$, $f'$, and $f''$ across graphical, numerical, analytical, and implicit representations.","I can match derivative-related features and predict missing behavior in one representation from information about $f$, $f'$, or $f''$.","AP Topics 5.8, 5.9, 5.12",connection_compact,text,,"Unit 5 Assessment Plan + AP Calculus AB Course Framework; supplied AP Topic scoring guides used for representation and rigor only, with no published wording copied.",Tarsia-friendly concise source.
U5-S4-PS3-C05,MATH,5,5.4,practice_set_3,practice,ps3_c05,current,1,"Connect the behavior of $f$, $f'$, and $f''$ across graphical, numerical, analytical, and implicit representations.","I can match derivative-related features and predict missing behavior in one representation from information about $f$, $f'$, or $f''$.","AP Topics 5.8, 5.9, 5.12",connection_compact,text,,"Unit 5 Assessment Plan + AP Calculus AB Course Framework; supplied AP Topic scoring guides used for representation and rigor only, with no published wording copied.",Tarsia-friendly concise source.
U5-S4-PS3-L01,MATH,5,5.4,practice_set_3,practice,ps3_l01,last,2,"Use second-derivative information to determine concavity, identify inflection points, and apply the second derivative test when appropriate.",I can retrieve and apply the most recent prerequisite learning.,"AP Topics 5.8, 5.9, 5.12",concavity_compact,intervals,,"Unit 5 Assessment Plan + AP Calculus AB Course Framework; supplied AP Topic scoring guides used for representation and rigor only, with no published wording copied.",Tarsia-friendly concise source.
U5-S4-PS3-L02,MATH,5,5.4,practice_set_3,practice,ps3_l02,last,2,"Use second-derivative information to determine concavity, identify inflection points, and apply the second derivative test when appropriate.",I can retrieve and apply the most recent prerequisite learning.,"AP Topics 5.8, 5.9, 5.12",concavity_compact,intervals,,"Unit 5 Assessment Plan + AP Calculus AB Course Framework; supplied AP Topic scoring guides used for representation and rigor only, with no published wording copied.",Tarsia-friendly concise source.
U5-S4-PS3-L03,MATH,5,5.4,practice_set_3,practice,ps3_l03,last,2,"Use second-derivative information to determine concavity, identify inflection points, and apply the second derivative test when appropriate.",I can retrieve and apply the most recent prerequisite learning.,"AP Topics 5.8, 5.9, 5.12",concavity_compact,intervals,,"Unit 5 Assessment Plan + AP Calculus AB Course Framework; supplied AP Topic scoring guides used for representation and rigor only, with no published wording copied.",Tarsia-friendly concise source.
U5-S4-PS3-L04,MATH,5,5.4,practice_set_3,practice,ps3_l04,last,2,"Use second-derivative information to determine concavity, identify inflection points, and apply the second derivative test when appropriate.",I can retrieve and apply the most recent prerequisite learning.,"AP Topics 5.8, 5.9, 5.12",concavity_compact,intervals,,"Unit 5 Assessment Plan + AP Calculus AB Course Framework; supplied AP Topic scoring guides used for representation and rigor only, with no published wording copied.",Tarsia-friendly concise source.
U5-S4-PS3-L05,MATH,5,5.4,practice_set_3,practice,ps3_l05,last,2,"Use second-derivative information to determine concavity, identify inflection points, and apply the second derivative test when appropriate.",I can retrieve and apply the most recent prerequisite learning.,"AP Topics 5.8, 5.9, 5.12",concavity_compact,intervals,,"Unit 5 Assessment Plan + AP Calculus AB Course Framework; supplied AP Topic scoring guides used for representation and rigor only, with no published wording copied.",Tarsia-friendly concise source.
U5-S4-PS3-M01,MATH,5,5.4,practice_set_3,practice,ps3_m01,mastery,2,Derivative notation and rules; graph/table interpretation; units and rate meaning; limit and continuity reasoning when relevant.,I can retrieve durable prerequisite learning that supports graph analysis.,"AP Topics 5.8, 5.9, 5.12",derivative_rule_retrieval,expression,,"Unit 5 Assessment Plan + AP Calculus AB Course Framework; supplied AP Topic scoring guides used for representation and rigor only, with no published wording copied.",Tarsia-friendly concise source.
U5-S4-PS3-M02,MATH,5,5.4,practice_set_3,practice,ps3_m02,mastery,1,Derivative notation and rules; graph/table interpretation; units and rate meaning; limit and continuity reasoning when relevant.,I can retrieve durable prerequisite learning that supports graph analysis.,"AP Topics 5.8, 5.9, 5.12",units_interpretation,text,,"Unit 5 Assessment Plan + AP Calculus AB Course Framework; supplied AP Topic scoring guides used for representation and rigor only, with no published wording copied.",Tarsia-friendly concise source.
U5-S4-PS3-M03,MATH,5,5.4,practice_set_3,practice,ps3_m03,mastery,2,Derivative notation and rules; graph/table interpretation; units and rate meaning; limit and continuity reasoning when relevant.,I can retrieve durable prerequisite learning that supports graph analysis.,"AP Topics 5.8, 5.9, 5.12",linearization_retrieval,numeric,,"Unit 5 Assessment Plan + AP Calculus AB Course Framework; supplied AP Topic scoring guides used for representation and rigor only, with no published wording copied.",Tarsia-friendly concise source.
U5-S4-PS3-M04,MATH,5,5.4,practice_set_3,practice,ps3_m04,mastery,1,Derivative notation and rules; graph/table interpretation; units and rate meaning; limit and continuity reasoning when relevant.,I can retrieve durable prerequisite learning that supports graph analysis.,"AP Topics 5.8, 5.9, 5.12",lhospital_condition_retrieval,text,,"Unit 5 Assessment Plan + AP Calculus AB Course Framework; supplied AP Topic scoring guides used for representation and rigor only, with no published wording copied.",Tarsia-friendly concise source.
U5-S4-PS3-M05,MATH,5,5.4,practice_set_3,practice,ps3_m05,mastery,2,Derivative notation and rules; graph/table interpretation; units and rate meaning; limit and continuity reasoning when relevant.,I can retrieve durable prerequisite learning that supports graph analysis.,"AP Topics 5.8, 5.9, 5.12",motion_sign_retrieval,numeric,,"Unit 5 Assessment Plan + AP Calculus AB Course Framework; supplied AP Topic scoring guides used for representation and rigor only, with no published wording copied.",Tarsia-friendly concise source.
U5-S4-PS3-M06,MATH,5,5.4,practice_set_3,practice,ps3_m06,mastery,2,Derivative notation and rules; graph/table interpretation; units and rate meaning; limit and continuity reasoning when relevant.,I can retrieve durable prerequisite learning that supports graph analysis.,"AP Topics 5.8, 5.9, 5.12",limit_retrieval,numeric,,"Unit 5 Assessment Plan + AP Calculus AB Course Framework; supplied AP Topic scoring guides used for representation and rigor only, with no published wording copied.",Tarsia-friendly concise source.
U5-S4-PS3-M07,MATH,5,5.4,practice_set_3,practice,ps3_m07,mastery,2,Derivative notation and rules; graph/table interpretation; units and rate meaning; limit and continuity reasoning when relevant.,I can retrieve durable prerequisite learning that supports graph analysis.,"AP Topics 5.8, 5.9, 5.12",rate_meaning_retrieval,text,,"Unit 5 Assessment Plan + AP Calculus AB Course Framework; supplied AP Topic scoring guides used for representation and rigor only, with no published wording copied.",Tarsia-friendly concise source.
U5-S4-PS3-M08,MATH,5,5.4,practice_set_3,practice,ps3_m08,mastery,2,Derivative notation and rules; graph/table interpretation; units and rate meaning; limit and continuity reasoning when relevant.,I can retrieve durable prerequisite learning that supports graph analysis.,"AP Topics 5.8, 5.9, 5.12",product_rule_retrieval,expression,,"Unit 5 Assessment Plan + AP Calculus AB Course Framework; supplied AP Topic scoring guides used for representation and rigor only, with no published wording copied.",Tarsia-friendly concise source.
U5-S4-PS3-M09,MATH,5,5.4,practice_set_3,practice,ps3_m09,mastery,2,Derivative notation and rules; graph/table interpretation; units and rate meaning; limit and continuity reasoning when relevant.,I can retrieve durable prerequisite learning that supports graph analysis.,"AP Topics 5.8, 5.9, 5.12",derivative_rule_retrieval,expression,,"Unit 5 Assessment Plan + AP Calculus AB Course Framework; supplied AP Topic scoring guides used for representation and rigor only, with no published wording copied.",Tarsia-friendly concise source.
U5-S4-PS3-M10,MATH,5,5.4,practice_set_3,practice,ps3_m10,mastery,1,Derivative notation and rules; graph/table interpretation; units and rate meaning; limit and continuity reasoning when relevant.,I can retrieve durable prerequisite learning that supports graph analysis.,"AP Topics 5.8, 5.9, 5.12",units_interpretation,text,,"Unit 5 Assessment Plan + AP Calculus AB Course Framework; supplied AP Topic scoring guides used for representation and rigor only, with no published wording copied.",Tarsia-friendly concise source.
U5-S4-XP-C01,MATH,5,5.4,extra_practice,practice,xp_c01,current,3,"Connect the behavior of $f$, $f'$, and $f''$ across graphical, numerical, analytical, and implicit representations.","I can match derivative-related features and predict missing behavior in one representation from information about $f$, $f'$, or $f''$.","AP Topics 5.8, 5.9, 5.12",graph_match_critique,constructed_response,,"Unit 5 Assessment Plan + AP Calculus AB Course Framework; supplied AP Topic scoring guides used for representation and rigor only, with no published wording copied.",
U5-S4-XP-C02,MATH,5,5.4,extra_practice,practice,xp_c02,current,2,"Connect the behavior of $f$, $f'$, and $f''$ across graphical, numerical, analytical, and implicit representations.","I can match derivative-related features and predict missing behavior in one representation from information about $f$, $f'$, or $f''$.","AP Topics 5.8, 5.9, 5.12",fprime_fdoubleprime_feature,numeric,,"Unit 5 Assessment Plan + AP Calculus AB Course Framework; supplied AP Topic scoring guides used for representation and rigor only, with no published wording copied.",
U5-S4-XP-C03,MATH,5,5.4,extra_practice,practice,xp_c03,current,2,"Connect the behavior of $f$, $f'$, and $f''$ across graphical, numerical, analytical, and implicit representations.","I can match derivative-related features and predict missing behavior in one representation from information about $f$, $f'$, or $f''$.","AP Topics 5.8, 5.9, 5.12",derivative_table_connections,constructed_response,,"Unit 5 Assessment Plan + AP Calculus AB Course Framework; supplied AP Topic scoring guides used for representation and rigor only, with no published wording copied.",
U5-S4-XP-C04,MATH,5,5.4,extra_practice,practice,xp_c04,current,3,"Connect the behavior of $f$, $f'$, and $f''$ across graphical, numerical, analytical, and implicit representations.","I can match derivative-related features and predict missing behavior in one representation from information about $f$, $f'$, or $f''$.","AP Topics 5.8, 5.9, 5.12",f_fprime_connection,constructed_response,u5_s4_xp_c04_fprime_connection.png,"Unit 5 Assessment Plan + AP Calculus AB Course Framework; supplied AP Topic scoring guides used for representation and rigor only, with no published wording copied.",
U5-S4-XP-C05,MATH,5,5.4,extra_practice,practice,xp_c05,current,2,"Connect the behavior of $f$, $f'$, and $f''$ across graphical, numerical, analytical, and implicit representations.","I can match derivative-related features and predict missing behavior in one representation from information about $f$, $f'$, or $f''$.","AP Topics 5.8, 5.9, 5.12",multi_derivative_connection,text,,"Unit 5 Assessment Plan + AP Calculus AB Course Framework; supplied AP Topic scoring guides used for representation and rigor only, with no published wording copied.",
U5-S4-XP-L01,MATH,5,5.4,extra_practice,practice,xp_l01,last,2,"Use second-derivative information to determine concavity, identify inflection points, and apply the second derivative test when appropriate.",I can retrieve and apply the most recent prerequisite learning.,"AP Topics 5.8, 5.9, 5.12",inflection_candidates,constructed_response,,"Unit 5 Assessment Plan + AP Calculus AB Course Framework; supplied AP Topic scoring guides used for representation and rigor only, with no published wording copied.",
U5-S4-XP-L02,MATH,5,5.4,extra_practice,practice,xp_l02,last,2,"Use second-derivative information to determine concavity, identify inflection points, and apply the second derivative test when appropriate.",I can retrieve and apply the most recent prerequisite learning.,"AP Topics 5.8, 5.9, 5.12",second_derivative_test,text,,"Unit 5 Assessment Plan + AP Calculus AB Course Framework; supplied AP Topic scoring guides used for representation and rigor only, with no published wording copied.",
U5-S4-XP-L03,MATH,5,5.4,extra_practice,practice,xp_l03,last,2,"Use second-derivative information to determine concavity, identify inflection points, and apply the second derivative test when appropriate.",I can retrieve and apply the most recent prerequisite learning.,"AP Topics 5.8, 5.9, 5.12",graph_of_second_derivative,intervals,u5_s4_xp_l03_fdoubleprime_graph.png,"Unit 5 Assessment Plan + AP Calculus AB Course Framework; supplied AP Topic scoring guides used for representation and rigor only, with no published wording copied.",
U5-S4-XP-L04,MATH,5,5.4,extra_practice,practice,xp_l04,last,3,"Use second-derivative information to determine concavity, identify inflection points, and apply the second derivative test when appropriate.",I can retrieve and apply the most recent prerequisite learning.,"AP Topics 5.8, 5.9, 5.12",inflection_claim_critique,constructed_response,,"Unit 5 Assessment Plan + AP Calculus AB Course Framework; supplied AP Topic scoring guides used for representation and rigor only, with no published wording copied.",
U5-S4-XP-L05,MATH,5,5.4,extra_practice,practice,xp_l05,last,1,"Use second-derivative information to determine concavity, identify inflection points, and apply the second derivative test when appropriate.",I can retrieve and apply the most recent prerequisite learning.,"AP Topics 5.8, 5.9, 5.12",concavity_recognition,text,,"Unit 5 Assessment Plan + AP Calculus AB Course Framework; supplied AP Topic scoring guides used for representation and rigor only, with no published wording copied.",
U5-S4-XP-M01,MATH,5,5.4,extra_practice,practice,xp_m01,mastery,2,Derivative notation and rules; graph/table interpretation; units and rate meaning; limit and continuity reasoning when relevant.,I can retrieve durable prerequisite learning that supports graph analysis.,"AP Topics 5.8, 5.9, 5.12",product_rule_retrieval,expression,,"Unit 5 Assessment Plan + AP Calculus AB Course Framework; supplied AP Topic scoring guides used for representation and rigor only, with no published wording copied.",
U5-S4-XP-M02,MATH,5,5.4,extra_practice,practice,xp_m02,mastery,2,Derivative notation and rules; graph/table interpretation; units and rate meaning; limit and continuity reasoning when relevant.,I can retrieve durable prerequisite learning that supports graph analysis.,"AP Topics 5.8, 5.9, 5.12",derivative_rule_retrieval,expression,,"Unit 5 Assessment Plan + AP Calculus AB Course Framework; supplied AP Topic scoring guides used for representation and rigor only, with no published wording copied.",
U5-S4-XP-M03,MATH,5,5.4,extra_practice,practice,xp_m03,mastery,1,Derivative notation and rules; graph/table interpretation; units and rate meaning; limit and continuity reasoning when relevant.,I can retrieve durable prerequisite learning that supports graph analysis.,"AP Topics 5.8, 5.9, 5.12",units_interpretation,text,,"Unit 5 Assessment Plan + AP Calculus AB Course Framework; supplied AP Topic scoring guides used for representation and rigor only, with no published wording copied.",
U5-S4-XP-M04,MATH,5,5.4,extra_practice,practice,xp_m04,mastery,2,Derivative notation and rules; graph/table interpretation; units and rate meaning; limit and continuity reasoning when relevant.,I can retrieve durable prerequisite learning that supports graph analysis.,"AP Topics 5.8, 5.9, 5.12",linearization_retrieval,numeric,,"Unit 5 Assessment Plan + AP Calculus AB Course Framework; supplied AP Topic scoring guides used for representation and rigor only, with no published wording copied.",
U5-S4-XP-M05,MATH,5,5.4,extra_practice,practice,xp_m05,mastery,1,Derivative notation and rules; graph/table interpretation; units and rate meaning; limit and continuity reasoning when relevant.,I can retrieve durable prerequisite learning that supports graph analysis.,"AP Topics 5.8, 5.9, 5.12",lhospital_condition_retrieval,text,,"Unit 5 Assessment Plan + AP Calculus AB Course Framework; supplied AP Topic scoring guides used for representation and rigor only, with no published wording copied.",
U5-S4-XP-M06,MATH,5,5.4,extra_practice,practice,xp_m06,mastery,2,Derivative notation and rules; graph/table interpretation; units and rate meaning; limit and continuity reasoning when relevant.,I can retrieve durable prerequisite learning that supports graph analysis.,"AP Topics 5.8, 5.9, 5.12",motion_sign_retrieval,numeric,,"Unit 5 Assessment Plan + AP Calculus AB Course Framework; supplied AP Topic scoring guides used for representation and rigor only, with no published wording copied.",
U5-S4-XP-M07,MATH,5,5.4,extra_practice,practice,xp_m07,mastery,2,Derivative notation and rules; graph/table interpretation; units and rate meaning; limit and continuity reasoning when relevant.,I can retrieve durable prerequisite learning that supports graph analysis.,"AP Topics 5.8, 5.9, 5.12",limit_retrieval,numeric,,"Unit 5 Assessment Plan + AP Calculus AB Course Framework; supplied AP Topic scoring guides used for representation and rigor only, with no published wording copied.",
U5-S4-XP-M08,MATH,5,5.4,extra_practice,practice,xp_m08,mastery,2,Derivative notation and rules; graph/table interpretation; units and rate meaning; limit and continuity reasoning when relevant.,I can retrieve durable prerequisite learning that supports graph analysis.,"AP Topics 5.8, 5.9, 5.12",rate_meaning_retrieval,text,,"Unit 5 Assessment Plan + AP Calculus AB Course Framework; supplied AP Topic scoring guides used for representation and rigor only, with no published wording copied.",
U5-S4-XP-M09,MATH,5,5.4,extra_practice,practice,xp_m09,mastery,2,Derivative notation and rules; graph/table interpretation; units and rate meaning; limit and continuity reasoning when relevant.,I can retrieve durable prerequisite learning that supports graph analysis.,"AP Topics 5.8, 5.9, 5.12",product_rule_retrieval,expression,,"Unit 5 Assessment Plan + AP Calculus AB Course Framework; supplied AP Topic scoring guides used for representation and rigor only, with no published wording copied.",
U5-S4-XP-M10,MATH,5,5.4,extra_practice,practice,xp_m10,mastery,2,Derivative notation and rules; graph/table interpretation; units and rate meaning; limit and continuity reasoning when relevant.,I can retrieve durable prerequisite learning that supports graph analysis.,"AP Topics 5.8, 5.9, 5.12",derivative_rule_retrieval,expression,,"Unit 5 Assessment Plan + AP Calculus AB Course Framework; supplied AP Topic scoring guides used for representation and rigor only, with no published wording copied.",
U5-S5-PS1-C01,MATH,5,5.5,practice_set_1,practice,ps1_c01,current,2,"Model optimization situations with quantities, constraints, and objective functions, then use calculus-based reasoning to identify and justify optimal values.",I can construct an objective function from a context and justify a maximum or minimum with calculus and feasible-domain reasoning.,"AP Topics 5.10, 5.11",fencing_optimization,constructed_response,,"Unit 5 Assessment Plan + AP Calculus AB Course Framework; supplied AP Topic scoring guides used for representation and rigor only, with no published wording copied.",
U5-S5-PS1-C02,MATH,5,5.5,practice_set_1,practice,ps1_c02,current,2,"Model optimization situations with quantities, constraints, and objective functions, then use calculus-based reasoning to identify and justify optimal values.",I can construct an objective function from a context and justify a maximum or minimum with calculus and feasible-domain reasoning.,"AP Topics 5.10, 5.11",box_optimization,numeric,,"Unit 5 Assessment Plan + AP Calculus AB Course Framework; supplied AP Topic scoring guides used for representation and rigor only, with no published wording copied.",
U5-S5-PS1-C03,MATH,5,5.5,practice_set_1,practice,ps1_c03,current,2,"Model optimization situations with quantities, constraints, and objective functions, then use calculus-based reasoning to identify and justify optimal values.",I can construct an objective function from a context and justify a maximum or minimum with calculus and feasible-domain reasoning.,"AP Topics 5.10, 5.11",product_optimization,numeric,,"Unit 5 Assessment Plan + AP Calculus AB Course Framework; supplied AP Topic scoring guides used for representation and rigor only, with no published wording copied.",
U5-S5-PS1-C04,MATH,5,5.5,practice_set_1,practice,ps1_c04,current,3,"Model optimization situations with quantities, constraints, and objective functions, then use calculus-based reasoning to identify and justify optimal values.",I can construct an objective function from a context and justify a maximum or minimum with calculus and feasible-domain reasoning.,"AP Topics 5.10, 5.11",optimization_justification_critique,constructed_response,,"Unit 5 Assessment Plan + AP Calculus AB Course Framework; supplied AP Topic scoring guides used for representation and rigor only, with no published wording copied.",
U5-S5-PS1-C05,MATH,5,5.5,practice_set_1,practice,ps1_c05,current,1,"Model optimization situations with quantities, constraints, and objective functions, then use calculus-based reasoning to identify and justify optimal values.",I can construct an objective function from a context and justify a maximum or minimum with calculus and feasible-domain reasoning.,"AP Topics 5.10, 5.11",optimization_vocabulary,text,,"Unit 5 Assessment Plan + AP Calculus AB Course Framework; supplied AP Topic scoring guides used for representation and rigor only, with no published wording copied.",
U5-S5-PS1-L01,MATH,5,5.5,practice_set_1,practice,ps1_l01,last,3,"Connect the behavior of $f$, $f'$, and $f''$ across graphical, numerical, analytical, and implicit representations.",I can retrieve and apply the most recent prerequisite learning.,"AP Topics 5.10, 5.11",graph_match_critique,constructed_response,,"Unit 5 Assessment Plan + AP Calculus AB Course Framework; supplied AP Topic scoring guides used for representation and rigor only, with no published wording copied.",
U5-S5-PS1-L02,MATH,5,5.5,practice_set_1,practice,ps1_l02,last,2,"Connect the behavior of $f$, $f'$, and $f''$ across graphical, numerical, analytical, and implicit representations.",I can retrieve and apply the most recent prerequisite learning.,"AP Topics 5.10, 5.11",fprime_fdoubleprime_feature,numeric,,"Unit 5 Assessment Plan + AP Calculus AB Course Framework; supplied AP Topic scoring guides used for representation and rigor only, with no published wording copied.",
U5-S5-PS1-L03,MATH,5,5.5,practice_set_1,practice,ps1_l03,last,2,"Connect the behavior of $f$, $f'$, and $f''$ across graphical, numerical, analytical, and implicit representations.",I can retrieve and apply the most recent prerequisite learning.,"AP Topics 5.10, 5.11",derivative_table_connections,constructed_response,,"Unit 5 Assessment Plan + AP Calculus AB Course Framework; supplied AP Topic scoring guides used for representation and rigor only, with no published wording copied.",
U5-S5-PS1-L04,MATH,5,5.5,practice_set_1,practice,ps1_l04,last,3,"Connect the behavior of $f$, $f'$, and $f''$ across graphical, numerical, analytical, and implicit representations.",I can retrieve and apply the most recent prerequisite learning.,"AP Topics 5.10, 5.11",f_fprime_connection,constructed_response,u5_s5_ps1_l04_fprime_connection.png,"Unit 5 Assessment Plan + AP Calculus AB Course Framework; supplied AP Topic scoring guides used for representation and rigor only, with no published wording copied.",
U5-S5-PS1-L05,MATH,5,5.5,practice_set_1,practice,ps1_l05,last,2,"Connect the behavior of $f$, $f'$, and $f''$ across graphical, numerical, analytical, and implicit representations.",I can retrieve and apply the most recent prerequisite learning.,"AP Topics 5.10, 5.11",multi_derivative_connection,text,,"Unit 5 Assessment Plan + AP Calculus AB Course Framework; supplied AP Topic scoring guides used for representation and rigor only, with no published wording copied.",
U5-S5-PS1-M01,MATH,5,5.5,practice_set_1,practice,ps1_m01,mastery,2,Derivative notation and rules; graph/table interpretation; units and rate meaning; limit and continuity reasoning when relevant.,I can retrieve durable prerequisite learning that supports graph analysis.,"AP Topics 5.10, 5.11",linearization_retrieval,numeric,,"Unit 5 Assessment Plan + AP Calculus AB Course Framework; supplied AP Topic scoring guides used for representation and rigor only, with no published wording copied.",
U5-S5-PS1-M02,MATH,5,5.5,practice_set_1,practice,ps1_m02,mastery,1,Derivative notation and rules; graph/table interpretation; units and rate meaning; limit and continuity reasoning when relevant.,I can retrieve durable prerequisite learning that supports graph analysis.,"AP Topics 5.10, 5.11",lhospital_condition_retrieval,text,,"Unit 5 Assessment Plan + AP Calculus AB Course Framework; supplied AP Topic scoring guides used for representation and rigor only, with no published wording copied.",
U5-S5-PS1-M03,MATH,5,5.5,practice_set_1,practice,ps1_m03,mastery,2,Derivative notation and rules; graph/table interpretation; units and rate meaning; limit and continuity reasoning when relevant.,I can retrieve durable prerequisite learning that supports graph analysis.,"AP Topics 5.10, 5.11",motion_sign_retrieval,numeric,,"Unit 5 Assessment Plan + AP Calculus AB Course Framework; supplied AP Topic scoring guides used for representation and rigor only, with no published wording copied.",
U5-S5-PS1-M04,MATH,5,5.5,practice_set_1,practice,ps1_m04,mastery,2,Derivative notation and rules; graph/table interpretation; units and rate meaning; limit and continuity reasoning when relevant.,I can retrieve durable prerequisite learning that supports graph analysis.,"AP Topics 5.10, 5.11",limit_retrieval,numeric,,"Unit 5 Assessment Plan + AP Calculus AB Course Framework; supplied AP Topic scoring guides used for representation and rigor only, with no published wording copied.",
U5-S5-PS1-M05,MATH,5,5.5,practice_set_1,practice,ps1_m05,mastery,2,Derivative notation and rules; graph/table interpretation; units and rate meaning; limit and continuity reasoning when relevant.,I can retrieve durable prerequisite learning that supports graph analysis.,"AP Topics 5.10, 5.11",rate_meaning_retrieval,text,,"Unit 5 Assessment Plan + AP Calculus AB Course Framework; supplied AP Topic scoring guides used for representation and rigor only, with no published wording copied.",
U5-S5-PS1-M06,MATH,5,5.5,practice_set_1,practice,ps1_m06,mastery,2,Derivative notation and rules; graph/table interpretation; units and rate meaning; limit and continuity reasoning when relevant.,I can retrieve durable prerequisite learning that supports graph analysis.,"AP Topics 5.10, 5.11",product_rule_retrieval,expression,,"Unit 5 Assessment Plan + AP Calculus AB Course Framework; supplied AP Topic scoring guides used for representation and rigor only, with no published wording copied.",
U5-S5-PS1-M07,MATH,5,5.5,practice_set_1,practice,ps1_m07,mastery,2,Derivative notation and rules; graph/table interpretation; units and rate meaning; limit and continuity reasoning when relevant.,I can retrieve durable prerequisite learning that supports graph analysis.,"AP Topics 5.10, 5.11",derivative_rule_retrieval,expression,,"Unit 5 Assessment Plan + AP Calculus AB Course Framework; supplied AP Topic scoring guides used for representation and rigor only, with no published wording copied.",
U5-S5-PS1-M08,MATH,5,5.5,practice_set_1,practice,ps1_m08,mastery,1,Derivative notation and rules; graph/table interpretation; units and rate meaning; limit and continuity reasoning when relevant.,I can retrieve durable prerequisite learning that supports graph analysis.,"AP Topics 5.10, 5.11",units_interpretation,text,,"Unit 5 Assessment Plan + AP Calculus AB Course Framework; supplied AP Topic scoring guides used for representation and rigor only, with no published wording copied.",
U5-S5-PS1-M09,MATH,5,5.5,practice_set_1,practice,ps1_m09,mastery,2,Derivative notation and rules; graph/table interpretation; units and rate meaning; limit and continuity reasoning when relevant.,I can retrieve durable prerequisite learning that supports graph analysis.,"AP Topics 5.10, 5.11",linearization_retrieval,numeric,,"Unit 5 Assessment Plan + AP Calculus AB Course Framework; supplied AP Topic scoring guides used for representation and rigor only, with no published wording copied.",
U5-S5-PS1-M10,MATH,5,5.5,practice_set_1,practice,ps1_m10,mastery,1,Derivative notation and rules; graph/table interpretation; units and rate meaning; limit and continuity reasoning when relevant.,I can retrieve durable prerequisite learning that supports graph analysis.,"AP Topics 5.10, 5.11",lhospital_condition_retrieval,text,,"Unit 5 Assessment Plan + AP Calculus AB Course Framework; supplied AP Topic scoring guides used for representation and rigor only, with no published wording copied.",
U5-S5-PS2-C01,MATH,5,5.5,practice_set_2,practice,ps2_c01,current,2,"Model optimization situations with quantities, constraints, and objective functions, then use calculus-based reasoning to identify and justify optimal values.",I can construct an objective function from a context and justify a maximum or minimum with calculus and feasible-domain reasoning.,"AP Topics 5.10, 5.11",box_optimization,numeric,,"Unit 5 Assessment Plan + AP Calculus AB Course Framework; supplied AP Topic scoring guides used for representation and rigor only, with no published wording copied.",
U5-S5-PS2-C02,MATH,5,5.5,practice_set_2,practice,ps2_c02,current,2,"Model optimization situations with quantities, constraints, and objective functions, then use calculus-based reasoning to identify and justify optimal values.",I can construct an objective function from a context and justify a maximum or minimum with calculus and feasible-domain reasoning.,"AP Topics 5.10, 5.11",product_optimization,numeric,,"Unit 5 Assessment Plan + AP Calculus AB Course Framework; supplied AP Topic scoring guides used for representation and rigor only, with no published wording copied.",
U5-S5-PS2-C03,MATH,5,5.5,practice_set_2,practice,ps2_c03,current,3,"Model optimization situations with quantities, constraints, and objective functions, then use calculus-based reasoning to identify and justify optimal values.",I can construct an objective function from a context and justify a maximum or minimum with calculus and feasible-domain reasoning.,"AP Topics 5.10, 5.11",optimization_justification_critique,constructed_response,,"Unit 5 Assessment Plan + AP Calculus AB Course Framework; supplied AP Topic scoring guides used for representation and rigor only, with no published wording copied.",
U5-S5-PS2-C04,MATH,5,5.5,practice_set_2,practice,ps2_c04,current,1,"Model optimization situations with quantities, constraints, and objective functions, then use calculus-based reasoning to identify and justify optimal values.",I can construct an objective function from a context and justify a maximum or minimum with calculus and feasible-domain reasoning.,"AP Topics 5.10, 5.11",optimization_vocabulary,text,,"Unit 5 Assessment Plan + AP Calculus AB Course Framework; supplied AP Topic scoring guides used for representation and rigor only, with no published wording copied.",
U5-S5-PS2-C05,MATH,5,5.5,practice_set_2,practice,ps2_c05,current,2,"Model optimization situations with quantities, constraints, and objective functions, then use calculus-based reasoning to identify and justify optimal values.",I can construct an objective function from a context and justify a maximum or minimum with calculus and feasible-domain reasoning.,"AP Topics 5.10, 5.11",rectangle_optimization,constructed_response,,"Unit 5 Assessment Plan + AP Calculus AB Course Framework; supplied AP Topic scoring guides used for representation and rigor only, with no published wording copied.",
U5-S5-PS2-L01,MATH,5,5.5,practice_set_2,practice,ps2_l01,last,2,"Connect the behavior of $f$, $f'$, and $f''$ across graphical, numerical, analytical, and implicit representations.",I can retrieve and apply the most recent prerequisite learning.,"AP Topics 5.10, 5.11",fprime_fdoubleprime_feature,numeric,,"Unit 5 Assessment Plan + AP Calculus AB Course Framework; supplied AP Topic scoring guides used for representation and rigor only, with no published wording copied.",
U5-S5-PS2-L02,MATH,5,5.5,practice_set_2,practice,ps2_l02,last,2,"Connect the behavior of $f$, $f'$, and $f''$ across graphical, numerical, analytical, and implicit representations.",I can retrieve and apply the most recent prerequisite learning.,"AP Topics 5.10, 5.11",derivative_table_connections,constructed_response,,"Unit 5 Assessment Plan + AP Calculus AB Course Framework; supplied AP Topic scoring guides used for representation and rigor only, with no published wording copied.",
U5-S5-PS2-L03,MATH,5,5.5,practice_set_2,practice,ps2_l03,last,3,"Connect the behavior of $f$, $f'$, and $f''$ across graphical, numerical, analytical, and implicit representations.",I can retrieve and apply the most recent prerequisite learning.,"AP Topics 5.10, 5.11",f_fprime_connection,constructed_response,u5_s5_ps2_l03_fprime_connection.png,"Unit 5 Assessment Plan + AP Calculus AB Course Framework; supplied AP Topic scoring guides used for representation and rigor only, with no published wording copied.",
U5-S5-PS2-L04,MATH,5,5.5,practice_set_2,practice,ps2_l04,last,2,"Connect the behavior of $f$, $f'$, and $f''$ across graphical, numerical, analytical, and implicit representations.",I can retrieve and apply the most recent prerequisite learning.,"AP Topics 5.10, 5.11",multi_derivative_connection,text,,"Unit 5 Assessment Plan + AP Calculus AB Course Framework; supplied AP Topic scoring guides used for representation and rigor only, with no published wording copied.",
U5-S5-PS2-L05,MATH,5,5.5,practice_set_2,practice,ps2_l05,last,3,"Connect the behavior of $f$, $f'$, and $f''$ across graphical, numerical, analytical, and implicit representations.",I can retrieve and apply the most recent prerequisite learning.,"AP Topics 5.10, 5.11",triple_representation_synthesis,constructed_response,u5_s5_ps2_l05_triple_graph.png,"Unit 5 Assessment Plan + AP Calculus AB Course Framework; supplied AP Topic scoring guides used for representation and rigor only, with no published wording copied.",
U5-S5-PS2-M01,MATH,5,5.5,practice_set_2,practice,ps2_m01,mastery,1,Derivative notation and rules; graph/table interpretation; units and rate meaning; limit and continuity reasoning when relevant.,I can retrieve durable prerequisite learning that supports graph analysis.,"AP Topics 5.10, 5.11",units_interpretation,text,,"Unit 5 Assessment Plan + AP Calculus AB Course Framework; supplied AP Topic scoring guides used for representation and rigor only, with no published wording copied.",
U5-S5-PS2-M02,MATH,5,5.5,practice_set_2,practice,ps2_m02,mastery,2,Derivative notation and rules; graph/table interpretation; units and rate meaning; limit and continuity reasoning when relevant.,I can retrieve durable prerequisite learning that supports graph analysis.,"AP Topics 5.10, 5.11",linearization_retrieval,numeric,,"Unit 5 Assessment Plan + AP Calculus AB Course Framework; supplied AP Topic scoring guides used for representation and rigor only, with no published wording copied.",
U5-S5-PS2-M03,MATH,5,5.5,practice_set_2,practice,ps2_m03,mastery,1,Derivative notation and rules; graph/table interpretation; units and rate meaning; limit and continuity reasoning when relevant.,I can retrieve durable prerequisite learning that supports graph analysis.,"AP Topics 5.10, 5.11",lhospital_condition_retrieval,text,,"Unit 5 Assessment Plan + AP Calculus AB Course Framework; supplied AP Topic scoring guides used for representation and rigor only, with no published wording copied.",
U5-S5-PS2-M04,MATH,5,5.5,practice_set_2,practice,ps2_m04,mastery,2,Derivative notation and rules; graph/table interpretation; units and rate meaning; limit and continuity reasoning when relevant.,I can retrieve durable prerequisite learning that supports graph analysis.,"AP Topics 5.10, 5.11",motion_sign_retrieval,numeric,,"Unit 5 Assessment Plan + AP Calculus AB Course Framework; supplied AP Topic scoring guides used for representation and rigor only, with no published wording copied.",
U5-S5-PS2-M05,MATH,5,5.5,practice_set_2,practice,ps2_m05,mastery,2,Derivative notation and rules; graph/table interpretation; units and rate meaning; limit and continuity reasoning when relevant.,I can retrieve durable prerequisite learning that supports graph analysis.,"AP Topics 5.10, 5.11",limit_retrieval,numeric,,"Unit 5 Assessment Plan + AP Calculus AB Course Framework; supplied AP Topic scoring guides used for representation and rigor only, with no published wording copied.",
U5-S5-PS2-M06,MATH,5,5.5,practice_set_2,practice,ps2_m06,mastery,2,Derivative notation and rules; graph/table interpretation; units and rate meaning; limit and continuity reasoning when relevant.,I can retrieve durable prerequisite learning that supports graph analysis.,"AP Topics 5.10, 5.11",rate_meaning_retrieval,text,,"Unit 5 Assessment Plan + AP Calculus AB Course Framework; supplied AP Topic scoring guides used for representation and rigor only, with no published wording copied.",
U5-S5-PS2-M07,MATH,5,5.5,practice_set_2,practice,ps2_m07,mastery,2,Derivative notation and rules; graph/table interpretation; units and rate meaning; limit and continuity reasoning when relevant.,I can retrieve durable prerequisite learning that supports graph analysis.,"AP Topics 5.10, 5.11",product_rule_retrieval,expression,,"Unit 5 Assessment Plan + AP Calculus AB Course Framework; supplied AP Topic scoring guides used for representation and rigor only, with no published wording copied.",
U5-S5-PS2-M08,MATH,5,5.5,practice_set_2,practice,ps2_m08,mastery,2,Derivative notation and rules; graph/table interpretation; units and rate meaning; limit and continuity reasoning when relevant.,I can retrieve durable prerequisite learning that supports graph analysis.,"AP Topics 5.10, 5.11",derivative_rule_retrieval,expression,,"Unit 5 Assessment Plan + AP Calculus AB Course Framework; supplied AP Topic scoring guides used for representation and rigor only, with no published wording copied.",
U5-S5-PS2-M09,MATH,5,5.5,practice_set_2,practice,ps2_m09,mastery,1,Derivative notation and rules; graph/table interpretation; units and rate meaning; limit and continuity reasoning when relevant.,I can retrieve durable prerequisite learning that supports graph analysis.,"AP Topics 5.10, 5.11",units_interpretation,text,,"Unit 5 Assessment Plan + AP Calculus AB Course Framework; supplied AP Topic scoring guides used for representation and rigor only, with no published wording copied.",
U5-S5-PS2-M10,MATH,5,5.5,practice_set_2,practice,ps2_m10,mastery,2,Derivative notation and rules; graph/table interpretation; units and rate meaning; limit and continuity reasoning when relevant.,I can retrieve durable prerequisite learning that supports graph analysis.,"AP Topics 5.10, 5.11",linearization_retrieval,numeric,,"Unit 5 Assessment Plan + AP Calculus AB Course Framework; supplied AP Topic scoring guides used for representation and rigor only, with no published wording copied.",
U5-S5-PS3-C01,MATH,5,5.5,practice_set_3,practice,ps3_c01,current,2,"Model optimization situations with quantities, constraints, and objective functions, then use calculus-based reasoning to identify and justify optimal values.",I can construct an objective function from a context and justify a maximum or minimum with calculus and feasible-domain reasoning.,"AP Topics 5.10, 5.11",optimization_compact,numeric,,"Unit 5 Assessment Plan + AP Calculus AB Course Framework; supplied AP Topic scoring guides used for representation and rigor only, with no published wording copied.",Tarsia-friendly concise source.
U5-S5-PS3-C02,MATH,5,5.5,practice_set_3,practice,ps3_c02,current,2,"Model optimization situations with quantities, constraints, and objective functions, then use calculus-based reasoning to identify and justify optimal values.",I can construct an objective function from a context and justify a maximum or minimum with calculus and feasible-domain reasoning.,"AP Topics 5.10, 5.11",optimization_compact,numeric,,"Unit 5 Assessment Plan + AP Calculus AB Course Framework; supplied AP Topic scoring guides used for representation and rigor only, with no published wording copied.",Tarsia-friendly concise source.
U5-S5-PS3-C03,MATH,5,5.5,practice_set_3,practice,ps3_c03,current,2,"Model optimization situations with quantities, constraints, and objective functions, then use calculus-based reasoning to identify and justify optimal values.",I can construct an objective function from a context and justify a maximum or minimum with calculus and feasible-domain reasoning.,"AP Topics 5.10, 5.11",optimization_compact,numeric,,"Unit 5 Assessment Plan + AP Calculus AB Course Framework; supplied AP Topic scoring guides used for representation and rigor only, with no published wording copied.",Tarsia-friendly concise source.
U5-S5-PS3-C04,MATH,5,5.5,practice_set_3,practice,ps3_c04,current,2,"Model optimization situations with quantities, constraints, and objective functions, then use calculus-based reasoning to identify and justify optimal values.",I can construct an objective function from a context and justify a maximum or minimum with calculus and feasible-domain reasoning.,"AP Topics 5.10, 5.11",optimization_compact,numeric,,"Unit 5 Assessment Plan + AP Calculus AB Course Framework; supplied AP Topic scoring guides used for representation and rigor only, with no published wording copied.",Tarsia-friendly concise source.
U5-S5-PS3-C05,MATH,5,5.5,practice_set_3,practice,ps3_c05,current,2,"Model optimization situations with quantities, constraints, and objective functions, then use calculus-based reasoning to identify and justify optimal values.",I can construct an objective function from a context and justify a maximum or minimum with calculus and feasible-domain reasoning.,"AP Topics 5.10, 5.11",optimization_compact,numeric,,"Unit 5 Assessment Plan + AP Calculus AB Course Framework; supplied AP Topic scoring guides used for representation and rigor only, with no published wording copied.",Tarsia-friendly concise source.
U5-S5-PS3-L01,MATH,5,5.5,practice_set_3,practice,ps3_l01,last,1,"Connect the behavior of $f$, $f'$, and $f''$ across graphical, numerical, analytical, and implicit representations.",I can retrieve and apply the most recent prerequisite learning.,"AP Topics 5.10, 5.11",connection_compact,text,,"Unit 5 Assessment Plan + AP Calculus AB Course Framework; supplied AP Topic scoring guides used for representation and rigor only, with no published wording copied.",Tarsia-friendly concise source.
U5-S5-PS3-L02,MATH,5,5.5,practice_set_3,practice,ps3_l02,last,1,"Connect the behavior of $f$, $f'$, and $f''$ across graphical, numerical, analytical, and implicit representations.",I can retrieve and apply the most recent prerequisite learning.,"AP Topics 5.10, 5.11",connection_compact,text,,"Unit 5 Assessment Plan + AP Calculus AB Course Framework; supplied AP Topic scoring guides used for representation and rigor only, with no published wording copied.",Tarsia-friendly concise source.
U5-S5-PS3-L03,MATH,5,5.5,practice_set_3,practice,ps3_l03,last,1,"Connect the behavior of $f$, $f'$, and $f''$ across graphical, numerical, analytical, and implicit representations.",I can retrieve and apply the most recent prerequisite learning.,"AP Topics 5.10, 5.11",connection_compact,text,,"Unit 5 Assessment Plan + AP Calculus AB Course Framework; supplied AP Topic scoring guides used for representation and rigor only, with no published wording copied.",Tarsia-friendly concise source.
U5-S5-PS3-L04,MATH,5,5.5,practice_set_3,practice,ps3_l04,last,1,"Connect the behavior of $f$, $f'$, and $f''$ across graphical, numerical, analytical, and implicit representations.",I can retrieve and apply the most recent prerequisite learning.,"AP Topics 5.10, 5.11",connection_compact,text,,"Unit 5 Assessment Plan + AP Calculus AB Course Framework; supplied AP Topic scoring guides used for representation and rigor only, with no published wording copied.",Tarsia-friendly concise source.
U5-S5-PS3-L05,MATH,5,5.5,practice_set_3,practice,ps3_l05,last,1,"Connect the behavior of $f$, $f'$, and $f''$ across graphical, numerical, analytical, and implicit representations.",I can retrieve and apply the most recent prerequisite learning.,"AP Topics 5.10, 5.11",connection_compact,text,,"Unit 5 Assessment Plan + AP Calculus AB Course Framework; supplied AP Topic scoring guides used for representation and rigor only, with no published wording copied.",Tarsia-friendly concise source.
U5-S5-PS3-M01,MATH,5,5.5,practice_set_3,practice,ps3_m01,mastery,2,Derivative notation and rules; graph/table interpretation; units and rate meaning; limit and continuity reasoning when relevant.,I can retrieve durable prerequisite learning that supports graph analysis.,"AP Topics 5.10, 5.11",derivative_rule_retrieval,expression,,"Unit 5 Assessment Plan + AP Calculus AB Course Framework; supplied AP Topic scoring guides used for representation and rigor only, with no published wording copied.",Tarsia-friendly concise source.
U5-S5-PS3-M02,MATH,5,5.5,practice_set_3,practice,ps3_m02,mastery,1,Derivative notation and rules; graph/table interpretation; units and rate meaning; limit and continuity reasoning when relevant.,I can retrieve durable prerequisite learning that supports graph analysis.,"AP Topics 5.10, 5.11",units_interpretation,text,,"Unit 5 Assessment Plan + AP Calculus AB Course Framework; supplied AP Topic scoring guides used for representation and rigor only, with no published wording copied.",Tarsia-friendly concise source.
U5-S5-PS3-M03,MATH,5,5.5,practice_set_3,practice,ps3_m03,mastery,2,Derivative notation and rules; graph/table interpretation; units and rate meaning; limit and continuity reasoning when relevant.,I can retrieve durable prerequisite learning that supports graph analysis.,"AP Topics 5.10, 5.11",linearization_retrieval,numeric,,"Unit 5 Assessment Plan + AP Calculus AB Course Framework; supplied AP Topic scoring guides used for representation and rigor only, with no published wording copied.",Tarsia-friendly concise source.
U5-S5-PS3-M04,MATH,5,5.5,practice_set_3,practice,ps3_m04,mastery,1,Derivative notation and rules; graph/table interpretation; units and rate meaning; limit and continuity reasoning when relevant.,I can retrieve durable prerequisite learning that supports graph analysis.,"AP Topics 5.10, 5.11",lhospital_condition_retrieval,text,,"Unit 5 Assessment Plan + AP Calculus AB Course Framework; supplied AP Topic scoring guides used for representation and rigor only, with no published wording copied.",Tarsia-friendly concise source.
U5-S5-PS3-M05,MATH,5,5.5,practice_set_3,practice,ps3_m05,mastery,2,Derivative notation and rules; graph/table interpretation; units and rate meaning; limit and continuity reasoning when relevant.,I can retrieve durable prerequisite learning that supports graph analysis.,"AP Topics 5.10, 5.11",motion_sign_retrieval,numeric,,"Unit 5 Assessment Plan + AP Calculus AB Course Framework; supplied AP Topic scoring guides used for representation and rigor only, with no published wording copied.",Tarsia-friendly concise source.
U5-S5-PS3-M06,MATH,5,5.5,practice_set_3,practice,ps3_m06,mastery,2,Derivative notation and rules; graph/table interpretation; units and rate meaning; limit and continuity reasoning when relevant.,I can retrieve durable prerequisite learning that supports graph analysis.,"AP Topics 5.10, 5.11",limit_retrieval,numeric,,"Unit 5 Assessment Plan + AP Calculus AB Course Framework; supplied AP Topic scoring guides used for representation and rigor only, with no published wording copied.",Tarsia-friendly concise source.
U5-S5-PS3-M07,MATH,5,5.5,practice_set_3,practice,ps3_m07,mastery,2,Derivative notation and rules; graph/table interpretation; units and rate meaning; limit and continuity reasoning when relevant.,I can retrieve durable prerequisite learning that supports graph analysis.,"AP Topics 5.10, 5.11",rate_meaning_retrieval,text,,"Unit 5 Assessment Plan + AP Calculus AB Course Framework; supplied AP Topic scoring guides used for representation and rigor only, with no published wording copied.",Tarsia-friendly concise source.
U5-S5-PS3-M08,MATH,5,5.5,practice_set_3,practice,ps3_m08,mastery,2,Derivative notation and rules; graph/table interpretation; units and rate meaning; limit and continuity reasoning when relevant.,I can retrieve durable prerequisite learning that supports graph analysis.,"AP Topics 5.10, 5.11",product_rule_retrieval,expression,,"Unit 5 Assessment Plan + AP Calculus AB Course Framework; supplied AP Topic scoring guides used for representation and rigor only, with no published wording copied.",Tarsia-friendly concise source.
U5-S5-PS3-M09,MATH,5,5.5,practice_set_3,practice,ps3_m09,mastery,2,Derivative notation and rules; graph/table interpretation; units and rate meaning; limit and continuity reasoning when relevant.,I can retrieve durable prerequisite learning that supports graph analysis.,"AP Topics 5.10, 5.11",derivative_rule_retrieval,expression,,"Unit 5 Assessment Plan + AP Calculus AB Course Framework; supplied AP Topic scoring guides used for representation and rigor only, with no published wording copied.",Tarsia-friendly concise source.
U5-S5-PS3-M10,MATH,5,5.5,practice_set_3,practice,ps3_m10,mastery,1,Derivative notation and rules; graph/table interpretation; units and rate meaning; limit and continuity reasoning when relevant.,I can retrieve durable prerequisite learning that supports graph analysis.,"AP Topics 5.10, 5.11",units_interpretation,text,,"Unit 5 Assessment Plan + AP Calculus AB Course Framework; supplied AP Topic scoring guides used for representation and rigor only, with no published wording copied.",Tarsia-friendly concise source.
U5-S5-XP-C01,MATH,5,5.5,extra_practice,practice,xp_c01,current,3,"Model optimization situations with quantities, constraints, and objective functions, then use calculus-based reasoning to identify and justify optimal values.",I can construct an objective function from a context and justify a maximum or minimum with calculus and feasible-domain reasoning.,"AP Topics 5.10, 5.11",optimization_justification_critique,constructed_response,,"Unit 5 Assessment Plan + AP Calculus AB Course Framework; supplied AP Topic scoring guides used for representation and rigor only, with no published wording copied.",
U5-S5-XP-C02,MATH,5,5.5,extra_practice,practice,xp_c02,current,1,"Model optimization situations with quantities, constraints, and objective functions, then use calculus-based reasoning to identify and justify optimal values.",I can construct an objective function from a context and justify a maximum or minimum with calculus and feasible-domain reasoning.,"AP Topics 5.10, 5.11",optimization_vocabulary,text,,"Unit 5 Assessment Plan + AP Calculus AB Course Framework; supplied AP Topic scoring guides used for representation and rigor only, with no published wording copied.",
U5-S5-XP-C03,MATH,5,5.5,extra_practice,practice,xp_c03,current,2,"Model optimization situations with quantities, constraints, and objective functions, then use calculus-based reasoning to identify and justify optimal values.",I can construct an objective function from a context and justify a maximum or minimum with calculus and feasible-domain reasoning.,"AP Topics 5.10, 5.11",rectangle_optimization,constructed_response,,"Unit 5 Assessment Plan + AP Calculus AB Course Framework; supplied AP Topic scoring guides used for representation and rigor only, with no published wording copied.",
U5-S5-XP-C04,MATH,5,5.5,extra_practice,practice,xp_c04,current,2,"Model optimization situations with quantities, constraints, and objective functions, then use calculus-based reasoning to identify and justify optimal values.",I can construct an objective function from a context and justify a maximum or minimum with calculus and feasible-domain reasoning.,"AP Topics 5.10, 5.11",fencing_optimization,constructed_response,,"Unit 5 Assessment Plan + AP Calculus AB Course Framework; supplied AP Topic scoring guides used for representation and rigor only, with no published wording copied.",
U5-S5-XP-C05,MATH,5,5.5,extra_practice,practice,xp_c05,current,2,"Model optimization situations with quantities, constraints, and objective functions, then use calculus-based reasoning to identify and justify optimal values.",I can construct an objective function from a context and justify a maximum or minimum with calculus and feasible-domain reasoning.,"AP Topics 5.10, 5.11",box_optimization,numeric,,"Unit 5 Assessment Plan + AP Calculus AB Course Framework; supplied AP Topic scoring guides used for representation and rigor only, with no published wording copied.",
U5-S5-XP-L01,MATH,5,5.5,extra_practice,practice,xp_l01,last,3,"Connect the behavior of $f$, $f'$, and $f''$ across graphical, numerical, analytical, and implicit representations.",I can retrieve and apply the most recent prerequisite learning.,"AP Topics 5.10, 5.11",f_fprime_connection,constructed_response,u5_s5_xp_l01_fprime_connection.png,"Unit 5 Assessment Plan + AP Calculus AB Course Framework; supplied AP Topic scoring guides used for representation and rigor only, with no published wording copied.",
U5-S5-XP-L02,MATH,5,5.5,extra_practice,practice,xp_l02,last,2,"Connect the behavior of $f$, $f'$, and $f''$ across graphical, numerical, analytical, and implicit representations.",I can retrieve and apply the most recent prerequisite learning.,"AP Topics 5.10, 5.11",multi_derivative_connection,text,,"Unit 5 Assessment Plan + AP Calculus AB Course Framework; supplied AP Topic scoring guides used for representation and rigor only, with no published wording copied.",
U5-S5-XP-L03,MATH,5,5.5,extra_practice,practice,xp_l03,last,3,"Connect the behavior of $f$, $f'$, and $f''$ across graphical, numerical, analytical, and implicit representations.",I can retrieve and apply the most recent prerequisite learning.,"AP Topics 5.10, 5.11",triple_representation_synthesis,constructed_response,u5_s5_xp_l03_triple_graph.png,"Unit 5 Assessment Plan + AP Calculus AB Course Framework; supplied AP Topic scoring guides used for representation and rigor only, with no published wording copied.",
U5-S5-XP-L04,MATH,5,5.5,extra_practice,practice,xp_l04,last,3,"Connect the behavior of $f$, $f'$, and $f''$ across graphical, numerical, analytical, and implicit representations.",I can retrieve and apply the most recent prerequisite learning.,"AP Topics 5.10, 5.11",graph_match_critique,constructed_response,,"Unit 5 Assessment Plan + AP Calculus AB Course Framework; supplied AP Topic scoring guides used for representation and rigor only, with no published wording copied.",
U5-S5-XP-L05,MATH,5,5.5,extra_practice,practice,xp_l05,last,2,"Connect the behavior of $f$, $f'$, and $f''$ across graphical, numerical, analytical, and implicit representations.",I can retrieve and apply the most recent prerequisite learning.,"AP Topics 5.10, 5.11",fprime_fdoubleprime_feature,numeric,,"Unit 5 Assessment Plan + AP Calculus AB Course Framework; supplied AP Topic scoring guides used for representation and rigor only, with no published wording copied.",
U5-S5-XP-M01,MATH,5,5.5,extra_practice,practice,xp_m01,mastery,2,Derivative notation and rules; graph/table interpretation; units and rate meaning; limit and continuity reasoning when relevant.,I can retrieve durable prerequisite learning that supports graph analysis.,"AP Topics 5.10, 5.11",product_rule_retrieval,expression,,"Unit 5 Assessment Plan + AP Calculus AB Course Framework; supplied AP Topic scoring guides used for representation and rigor only, with no published wording copied.",
U5-S5-XP-M02,MATH,5,5.5,extra_practice,practice,xp_m02,mastery,2,Derivative notation and rules; graph/table interpretation; units and rate meaning; limit and continuity reasoning when relevant.,I can retrieve durable prerequisite learning that supports graph analysis.,"AP Topics 5.10, 5.11",derivative_rule_retrieval,expression,,"Unit 5 Assessment Plan + AP Calculus AB Course Framework; supplied AP Topic scoring guides used for representation and rigor only, with no published wording copied.",
U5-S5-XP-M03,MATH,5,5.5,extra_practice,practice,xp_m03,mastery,1,Derivative notation and rules; graph/table interpretation; units and rate meaning; limit and continuity reasoning when relevant.,I can retrieve durable prerequisite learning that supports graph analysis.,"AP Topics 5.10, 5.11",units_interpretation,text,,"Unit 5 Assessment Plan + AP Calculus AB Course Framework; supplied AP Topic scoring guides used for representation and rigor only, with no published wording copied.",
U5-S5-XP-M04,MATH,5,5.5,extra_practice,practice,xp_m04,mastery,2,Derivative notation and rules; graph/table interpretation; units and rate meaning; limit and continuity reasoning when relevant.,I can retrieve durable prerequisite learning that supports graph analysis.,"AP Topics 5.10, 5.11",linearization_retrieval,numeric,,"Unit 5 Assessment Plan + AP Calculus AB Course Framework; supplied AP Topic scoring guides used for representation and rigor only, with no published wording copied.",
U5-S5-XP-M05,MATH,5,5.5,extra_practice,practice,xp_m05,mastery,1,Derivative notation and rules; graph/table interpretation; units and rate meaning; limit and continuity reasoning when relevant.,I can retrieve durable prerequisite learning that supports graph analysis.,"AP Topics 5.10, 5.11",lhospital_condition_retrieval,text,,"Unit 5 Assessment Plan + AP Calculus AB Course Framework; supplied AP Topic scoring guides used for representation and rigor only, with no published wording copied.",
U5-S5-XP-M06,MATH,5,5.5,extra_practice,practice,xp_m06,mastery,2,Derivative notation and rules; graph/table interpretation; units and rate meaning; limit and continuity reasoning when relevant.,I can retrieve durable prerequisite learning that supports graph analysis.,"AP Topics 5.10, 5.11",motion_sign_retrieval,numeric,,"Unit 5 Assessment Plan + AP Calculus AB Course Framework; supplied AP Topic scoring guides used for representation and rigor only, with no published wording copied.",
U5-S5-XP-M07,MATH,5,5.5,extra_practice,practice,xp_m07,mastery,2,Derivative notation and rules; graph/table interpretation; units and rate meaning; limit and continuity reasoning when relevant.,I can retrieve durable prerequisite learning that supports graph analysis.,"AP Topics 5.10, 5.11",limit_retrieval,numeric,,"Unit 5 Assessment Plan + AP Calculus AB Course Framework; supplied AP Topic scoring guides used for representation and rigor only, with no published wording copied.",
U5-S5-XP-M08,MATH,5,5.5,extra_practice,practice,xp_m08,mastery,2,Derivative notation and rules; graph/table interpretation; units and rate meaning; limit and continuity reasoning when relevant.,I can retrieve durable prerequisite learning that supports graph analysis.,"AP Topics 5.10, 5.11",rate_meaning_retrieval,text,,"Unit 5 Assessment Plan + AP Calculus AB Course Framework; supplied AP Topic scoring guides used for representation and rigor only, with no published wording copied.",
U5-S5-XP-M09,MATH,5,5.5,extra_practice,practice,xp_m09,mastery,2,Derivative notation and rules; graph/table interpretation; units and rate meaning; limit and continuity reasoning when relevant.,I can retrieve durable prerequisite learning that supports graph analysis.,"AP Topics 5.10, 5.11",product_rule_retrieval,expression,,"Unit 5 Assessment Plan + AP Calculus AB Course Framework; supplied AP Topic scoring guides used for representation and rigor only, with no published wording copied.",
U5-S5-XP-M10,MATH,5,5.5,extra_practice,practice,xp_m10,mastery,2,Derivative notation and rules; graph/table interpretation; units and rate meaning; limit and continuity reasoning when relevant.,I can retrieve durable prerequisite learning that supports graph analysis.,"AP Topics 5.10, 5.11",derivative_rule_retrieval,expression,,"Unit 5 Assessment Plan + AP Calculus AB Course Framework; supplied AP Topic scoring guides used for representation and rigor only, with no published wording copied.",
U5-S1-CYU-C01,MATH,5,5.1,cyu,cyu,c01,current,2,"Apply the Mean Value Theorem and Extreme Value Theorem with appropriate hypotheses and conclusions, and identify critical points and local or global extrema.",I can verify theorem hypotheses on an interval and use critical points and endpoints to analyze local and absolute extrema.,"AP Topics 5.1, 5.2",evt_conditions,constructed_response,,"Unit 5 Assessment Plan + AP Calculus AB Course Framework; supplied AP Topic scoring guides used for representation and rigor only, with no published wording copied.",
U5-S1-CYU-C02,MATH,5,5.1,cyu,cyu,c02,current,1,"Apply the Mean Value Theorem and Extreme Value Theorem with appropriate hypotheses and conclusions, and identify critical points and local or global extrema.",I can verify theorem hypotheses on an interval and use critical points and endpoints to analyze local and absolute extrema.,"AP Topics 5.1, 5.2",critical_numbers,expression,,"Unit 5 Assessment Plan + AP Calculus AB Course Framework; supplied AP Topic scoring guides used for representation and rigor only, with no published wording copied.",
U5-S1-CYU-L01,MATH,5,5.1,cyu,cyu,l01,last,2,Use local linearity for tangent-line approximation and apply L'Hospital's Rule only to appropriate indeterminate forms with required conditions.,I can retrieve recent learning.,"AP Topics 5.1, 5.2",lhospital_application,numeric,,"Unit 5 Assessment Plan + AP Calculus AB Course Framework; supplied AP Topic scoring guides used for representation and rigor only, with no published wording copied.",
U5-S1-CYU-L02,MATH,5,5.1,cyu,cyu,l02,last,3,Use local linearity for tangent-line approximation and apply L'Hospital's Rule only to appropriate indeterminate forms with required conditions.,I can retrieve recent learning.,"AP Topics 5.1, 5.2",lhospital_condition_critique,constructed_response,,"Unit 5 Assessment Plan + AP Calculus AB Course Framework; supplied AP Topic scoring guides used for representation and rigor only, with no published wording copied.",
U5-S1-CYU-M01,MATH,5,5.1,cyu,cyu,m01,mastery,2,Derivative notation and rules; graph/table interpretation; units and rate meaning; limit and continuity reasoning when relevant.,I can retrieve durable prerequisite learning.,"AP Topics 5.1, 5.2",product_rule_retrieval,expression,,"Unit 5 Assessment Plan + AP Calculus AB Course Framework; supplied AP Topic scoring guides used for representation and rigor only, with no published wording copied.",
U5-S1-CYU-M02,MATH,5,5.1,cyu,cyu,m02,mastery,2,Derivative notation and rules; graph/table interpretation; units and rate meaning; limit and continuity reasoning when relevant.,I can retrieve durable prerequisite learning.,"AP Topics 5.1, 5.2",derivative_rule_retrieval,expression,,"Unit 5 Assessment Plan + AP Calculus AB Course Framework; supplied AP Topic scoring guides used for representation and rigor only, with no published wording copied.",
U5-S1-WU1-C01,MATH,5,5.1,warm_up_1,warm_up,wu1_c01,current,1,"Apply the Mean Value Theorem and Extreme Value Theorem with appropriate hypotheses and conclusions, and identify critical points and local or global extrema.",I can verify theorem hypotheses on an interval and use critical points and endpoints to analyze local and absolute extrema.,"AP Topics 5.1, 5.2",mvt_conclusion,expression,,"Unit 5 Assessment Plan + AP Calculus AB Course Framework; supplied AP Topic scoring guides used for representation and rigor only, with no published wording copied.",
U5-S1-WU1-L01,MATH,5,5.1,warm_up_1,warm_up,wu1_l01,last,2,Use local linearity for tangent-line approximation and apply L'Hospital's Rule only to appropriate indeterminate forms with required conditions.,I can retrieve recent learning.,"AP Topics 5.1, 5.2",local_linearity,numeric,,"Unit 5 Assessment Plan + AP Calculus AB Course Framework; supplied AP Topic scoring guides used for representation and rigor only, with no published wording copied.",
U5-S1-WU1-M01,MATH,5,5.1,warm_up_1,warm_up,wu1_m01,mastery,1,Derivative notation and rules; graph/table interpretation; units and rate meaning; limit and continuity reasoning when relevant.,I can retrieve durable prerequisite learning.,"AP Topics 5.1, 5.2",units_interpretation,text,,"Unit 5 Assessment Plan + AP Calculus AB Course Framework; supplied AP Topic scoring guides used for representation and rigor only, with no published wording copied.",
U5-S1-WU2-C01,MATH,5,5.1,warm_up_2,warm_up,wu2_c01,current,3,"Apply the Mean Value Theorem and Extreme Value Theorem with appropriate hypotheses and conclusions, and identify critical points and local or global extrema.",I can verify theorem hypotheses on an interval and use critical points and endpoints to analyze local and absolute extrema.,"AP Topics 5.1, 5.2",critical_point_claim_critique,constructed_response,,"Unit 5 Assessment Plan + AP Calculus AB Course Framework; supplied AP Topic scoring guides used for representation and rigor only, with no published wording copied.",
U5-S1-WU2-L01,MATH,5,5.1,warm_up_2,warm_up,wu2_l01,last,2,Use local linearity for tangent-line approximation and apply L'Hospital's Rule only to appropriate indeterminate forms with required conditions.,I can retrieve recent learning.,"AP Topics 5.1, 5.2",linearization,numeric,,"Unit 5 Assessment Plan + AP Calculus AB Course Framework; supplied AP Topic scoring guides used for representation and rigor only, with no published wording copied.",
U5-S1-WU2-M01,MATH,5,5.1,warm_up_2,warm_up,wu2_m01,mastery,2,Derivative notation and rules; graph/table interpretation; units and rate meaning; limit and continuity reasoning when relevant.,I can retrieve durable prerequisite learning.,"AP Topics 5.1, 5.2",rate_meaning_retrieval,text,,"Unit 5 Assessment Plan + AP Calculus AB Course Framework; supplied AP Topic scoring guides used for representation and rigor only, with no published wording copied.",
U5-S1-WU3-C01,MATH,5,5.1,warm_up_3,warm_up,wu3_c01,current,2,"Apply the Mean Value Theorem and Extreme Value Theorem with appropriate hypotheses and conclusions, and identify critical points and local or global extrema.",I can verify theorem hypotheses on an interval and use critical points and endpoints to analyze local and absolute extrema.,"AP Topics 5.1, 5.2",closed_interval_extrema,constructed_response,,"Unit 5 Assessment Plan + AP Calculus AB Course Framework; supplied AP Topic scoring guides used for representation and rigor only, with no published wording copied.",
U5-S1-WU3-L01,MATH,5,5.1,warm_up_3,warm_up,wu3_l01,last,2,Use local linearity for tangent-line approximation and apply L'Hospital's Rule only to appropriate indeterminate forms with required conditions.,I can retrieve recent learning.,"AP Topics 5.1, 5.2",lhospital_application,numeric,,"Unit 5 Assessment Plan + AP Calculus AB Course Framework; supplied AP Topic scoring guides used for representation and rigor only, with no published wording copied.",
U5-S1-WU3-M01,MATH,5,5.1,warm_up_3,warm_up,wu3_m01,mastery,1,Derivative notation and rules; graph/table interpretation; units and rate meaning; limit and continuity reasoning when relevant.,I can retrieve durable prerequisite learning.,"AP Topics 5.1, 5.2",lhospital_condition_retrieval,text,,"Unit 5 Assessment Plan + AP Calculus AB Course Framework; supplied AP Topic scoring guides used for representation and rigor only, with no published wording copied.",
U5-S1-ET-A-C01,MATH,5,5.1,exit_ticket_a,exit_ticket,et_a_c01,current,3,"Apply the Mean Value Theorem and Extreme Value Theorem with appropriate hypotheses and conclusions, and identify critical points and local or global extrema.",I can verify theorem hypotheses on an interval and use critical points and endpoints to analyze local and absolute extrema.,"AP Topics 5.1, 5.2",critical_point_claim_critique,constructed_response,,"Unit 5 Assessment Plan + AP Calculus AB Course Framework; supplied AP Topic scoring guides used for representation and rigor only, with no published wording copied.",
U5-S1-ET-A-C02,MATH,5,5.1,exit_ticket_a,exit_ticket,et_a_c02,current,1,"Apply the Mean Value Theorem and Extreme Value Theorem with appropriate hypotheses and conclusions, and identify critical points and local or global extrema.",I can verify theorem hypotheses on an interval and use critical points and endpoints to analyze local and absolute extrema.,"AP Topics 5.1, 5.2",mvt_conclusion,expression,,"Unit 5 Assessment Plan + AP Calculus AB Course Framework; supplied AP Topic scoring guides used for representation and rigor only, with no published wording copied.",
U5-S1-ET-A-L01,MATH,5,5.1,exit_ticket_a,exit_ticket,et_a_l01,last,3,Use local linearity for tangent-line approximation and apply L'Hospital's Rule only to appropriate indeterminate forms with required conditions.,I can retrieve recent learning.,"AP Topics 5.1, 5.2",lhospital_condition_critique,constructed_response,,"Unit 5 Assessment Plan + AP Calculus AB Course Framework; supplied AP Topic scoring guides used for representation and rigor only, with no published wording copied.",
U5-S1-ET-A-M01,MATH,5,5.1,exit_ticket_a,exit_ticket,et_a_m01,mastery,1,Derivative notation and rules; graph/table interpretation; units and rate meaning; limit and continuity reasoning when relevant.,I can retrieve durable prerequisite learning.,"AP Topics 5.1, 5.2",lhospital_condition_retrieval,text,,"Unit 5 Assessment Plan + AP Calculus AB Course Framework; supplied AP Topic scoring guides used for representation and rigor only, with no published wording copied.",
U5-S1-ET-B-C01,MATH,5,5.1,exit_ticket_b,exit_ticket,et_b_c01,current,1,"Apply the Mean Value Theorem and Extreme Value Theorem with appropriate hypotheses and conclusions, and identify critical points and local or global extrema.",I can verify theorem hypotheses on an interval and use critical points and endpoints to analyze local and absolute extrema.,"AP Topics 5.1, 5.2",mvt_conclusion,expression,,"Unit 5 Assessment Plan + AP Calculus AB Course Framework; supplied AP Topic scoring guides used for representation and rigor only, with no published wording copied.",
U5-S1-ET-B-C02,MATH,5,5.1,exit_ticket_b,exit_ticket,et_b_c02,current,2,"Apply the Mean Value Theorem and Extreme Value Theorem with appropriate hypotheses and conclusions, and identify critical points and local or global extrema.",I can verify theorem hypotheses on an interval and use critical points and endpoints to analyze local and absolute extrema.,"AP Topics 5.1, 5.2",mvt_application,constructed_response,,"Unit 5 Assessment Plan + AP Calculus AB Course Framework; supplied AP Topic scoring guides used for representation and rigor only, with no published wording copied.",
U5-S1-ET-B-L01,MATH,5,5.1,exit_ticket_b,exit_ticket,et_b_l01,last,2,Use local linearity for tangent-line approximation and apply L'Hospital's Rule only to appropriate indeterminate forms with required conditions.,I can retrieve recent learning.,"AP Topics 5.1, 5.2",local_linearity,numeric,,"Unit 5 Assessment Plan + AP Calculus AB Course Framework; supplied AP Topic scoring guides used for representation and rigor only, with no published wording copied.",
U5-S1-ET-B-M01,MATH,5,5.1,exit_ticket_b,exit_ticket,et_b_m01,mastery,2,Derivative notation and rules; graph/table interpretation; units and rate meaning; limit and continuity reasoning when relevant.,I can retrieve durable prerequisite learning.,"AP Topics 5.1, 5.2",derivative_rule_retrieval,expression,,"Unit 5 Assessment Plan + AP Calculus AB Course Framework; supplied AP Topic scoring guides used for representation and rigor only, with no published wording copied.",
U5-S1-ET-C-C01,MATH,5,5.1,exit_ticket_c,exit_ticket,et_c_c01,current,2,"Apply the Mean Value Theorem and Extreme Value Theorem with appropriate hypotheses and conclusions, and identify critical points and local or global extrema.",I can verify theorem hypotheses on an interval and use critical points and endpoints to analyze local and absolute extrema.,"AP Topics 5.1, 5.2",mvt_application,constructed_response,,"Unit 5 Assessment Plan + AP Calculus AB Course Framework; supplied AP Topic scoring guides used for representation and rigor only, with no published wording copied.",
U5-S1-ET-C-C02,MATH,5,5.1,exit_ticket_c,exit_ticket,et_c_c02,current,2,"Apply the Mean Value Theorem and Extreme Value Theorem with appropriate hypotheses and conclusions, and identify critical points and local or global extrema.",I can verify theorem hypotheses on an interval and use critical points and endpoints to analyze local and absolute extrema.,"AP Topics 5.1, 5.2",mvt_conditions,constructed_response,,"Unit 5 Assessment Plan + AP Calculus AB Course Framework; supplied AP Topic scoring guides used for representation and rigor only, with no published wording copied.",
U5-S1-ET-C-L01,MATH,5,5.1,exit_ticket_c,exit_ticket,et_c_l01,last,2,Use local linearity for tangent-line approximation and apply L'Hospital's Rule only to appropriate indeterminate forms with required conditions.,I can retrieve recent learning.,"AP Topics 5.1, 5.2",linearization,numeric,,"Unit 5 Assessment Plan + AP Calculus AB Course Framework; supplied AP Topic scoring guides used for representation and rigor only, with no published wording copied.",
U5-S1-ET-C-M01,MATH,5,5.1,exit_ticket_c,exit_ticket,et_c_m01,mastery,2,Derivative notation and rules; graph/table interpretation; units and rate meaning; limit and continuity reasoning when relevant.,I can retrieve durable prerequisite learning.,"AP Topics 5.1, 5.2",limit_retrieval,numeric,,"Unit 5 Assessment Plan + AP Calculus AB Course Framework; supplied AP Topic scoring guides used for representation and rigor only, with no published wording copied.",
U5-S2-CYU-C01,MATH,5,5.2,cyu,cyu,c01,current,2,Use the sign of the first derivative to determine intervals of increase/decrease and classify local extrema with the first derivative test.,I can build and interpret a first-derivative sign chart and justify local extrema from derivative sign changes.,"AP Topics 5.3, 5.4",first_derivative_test,constructed_response,,"Unit 5 Assessment Plan + AP Calculus AB Course Framework; supplied AP Topic scoring guides used for representation and rigor only, with no published wording copied.",
U5-S2-CYU-C02,MATH,5,5.2,cyu,cyu,c02,current,2,Use the sign of the first derivative to determine intervals of increase/decrease and classify local extrema with the first derivative test.,I can build and interpret a first-derivative sign chart and justify local extrema from derivative sign changes.,"AP Topics 5.3, 5.4",increasing_intervals,intervals,,"Unit 5 Assessment Plan + AP Calculus AB Course Framework; supplied AP Topic scoring guides used for representation and rigor only, with no published wording copied.",
U5-S2-CYU-L01,MATH,5,5.2,cyu,cyu,l01,last,1,"Apply the Mean Value Theorem and Extreme Value Theorem with appropriate hypotheses and conclusions, and identify critical points and local or global extrema.",I can retrieve recent learning.,"AP Topics 5.3, 5.4",mvt_conclusion,expression,,"Unit 5 Assessment Plan + AP Calculus AB Course Framework; supplied AP Topic scoring guides used for representation and rigor only, with no published wording copied.",
U5-S2-CYU-L02,MATH,5,5.2,cyu,cyu,l02,last,2,"Apply the Mean Value Theorem and Extreme Value Theorem with appropriate hypotheses and conclusions, and identify critical points and local or global extrema.",I can retrieve recent learning.,"AP Topics 5.3, 5.4",mvt_application,constructed_response,,"Unit 5 Assessment Plan + AP Calculus AB Course Framework; supplied AP Topic scoring guides used for representation and rigor only, with no published wording copied.",
U5-S2-CYU-M01,MATH,5,5.2,cyu,cyu,m01,mastery,2,Derivative notation and rules; graph/table interpretation; units and rate meaning; limit and continuity reasoning when relevant.,I can retrieve durable prerequisite learning.,"AP Topics 5.3, 5.4",product_rule_retrieval,expression,,"Unit 5 Assessment Plan + AP Calculus AB Course Framework; supplied AP Topic scoring guides used for representation and rigor only, with no published wording copied.",
U5-S2-CYU-M02,MATH,5,5.2,cyu,cyu,m02,mastery,2,Derivative notation and rules; graph/table interpretation; units and rate meaning; limit and continuity reasoning when relevant.,I can retrieve durable prerequisite learning.,"AP Topics 5.3, 5.4",derivative_rule_retrieval,expression,,"Unit 5 Assessment Plan + AP Calculus AB Course Framework; supplied AP Topic scoring guides used for representation and rigor only, with no published wording copied.",
U5-S2-WU1-C01,MATH,5,5.2,warm_up_1,warm_up,wu1_c01,current,1,Use the sign of the first derivative to determine intervals of increase/decrease and classify local extrema with the first derivative test.,I can build and interpret a first-derivative sign chart and justify local extrema from derivative sign changes.,"AP Topics 5.3, 5.4",first_derivative_test_recognition,text,,"Unit 5 Assessment Plan + AP Calculus AB Course Framework; supplied AP Topic scoring guides used for representation and rigor only, with no published wording copied.",
U5-S2-WU1-L01,MATH,5,5.2,warm_up_1,warm_up,wu1_l01,last,2,"Apply the Mean Value Theorem and Extreme Value Theorem with appropriate hypotheses and conclusions, and identify critical points and local or global extrema.",I can retrieve recent learning.,"AP Topics 5.3, 5.4",closed_interval_extrema,constructed_response,,"Unit 5 Assessment Plan + AP Calculus AB Course Framework; supplied AP Topic scoring guides used for representation and rigor only, with no published wording copied.",
U5-S2-WU1-M01,MATH,5,5.2,warm_up_1,warm_up,wu1_m01,mastery,1,Derivative notation and rules; graph/table interpretation; units and rate meaning; limit and continuity reasoning when relevant.,I can retrieve durable prerequisite learning.,"AP Topics 5.3, 5.4",units_interpretation,text,,"Unit 5 Assessment Plan + AP Calculus AB Course Framework; supplied AP Topic scoring guides used for representation and rigor only, with no published wording copied.",
U5-S2-WU2-C01,MATH,5,5.2,warm_up_2,warm_up,wu2_c01,current,3,Use the sign of the first derivative to determine intervals of increase/decrease and classify local extrema with the first derivative test.,I can build and interpret a first-derivative sign chart and justify local extrema from derivative sign changes.,"AP Topics 5.3, 5.4",monotonicity_claim_critique,constructed_response,,"Unit 5 Assessment Plan + AP Calculus AB Course Framework; supplied AP Topic scoring guides used for representation and rigor only, with no published wording copied.",
U5-S2-WU2-L01,MATH,5,5.2,warm_up_2,warm_up,wu2_l01,last,1,"Apply the Mean Value Theorem and Extreme Value Theorem with appropriate hypotheses and conclusions, and identify critical points and local or global extrema.",I can retrieve recent learning.,"AP Topics 5.3, 5.4",critical_numbers,expression,,"Unit 5 Assessment Plan + AP Calculus AB Course Framework; supplied AP Topic scoring guides used for representation and rigor only, with no published wording copied.",
U5-S2-WU2-M01,MATH,5,5.2,warm_up_2,warm_up,wu2_m01,mastery,2,Derivative notation and rules; graph/table interpretation; units and rate meaning; limit and continuity reasoning when relevant.,I can retrieve durable prerequisite learning.,"AP Topics 5.3, 5.4",rate_meaning_retrieval,text,,"Unit 5 Assessment Plan + AP Calculus AB Course Framework; supplied AP Topic scoring guides used for representation and rigor only, with no published wording copied.",
U5-S2-WU3-C01,MATH,5,5.2,warm_up_3,warm_up,wu3_c01,current,2,Use the sign of the first derivative to determine intervals of increase/decrease and classify local extrema with the first derivative test.,I can build and interpret a first-derivative sign chart and justify local extrema from derivative sign changes.,"AP Topics 5.3, 5.4",graph_of_first_derivative,intervals,u5_s2_wu3_c01_fprime_graph.png,"Unit 5 Assessment Plan + AP Calculus AB Course Framework; supplied AP Topic scoring guides used for representation and rigor only, with no published wording copied.",
U5-S2-WU3-L01,MATH,5,5.2,warm_up_3,warm_up,wu3_l01,last,2,"Apply the Mean Value Theorem and Extreme Value Theorem with appropriate hypotheses and conclusions, and identify critical points and local or global extrema.",I can retrieve recent learning.,"AP Topics 5.3, 5.4",evt_conditions,constructed_response,,"Unit 5 Assessment Plan + AP Calculus AB Course Framework; supplied AP Topic scoring guides used for representation and rigor only, with no published wording copied.",
U5-S2-WU3-M01,MATH,5,5.2,warm_up_3,warm_up,wu3_m01,mastery,1,Derivative notation and rules; graph/table interpretation; units and rate meaning; limit and continuity reasoning when relevant.,I can retrieve durable prerequisite learning.,"AP Topics 5.3, 5.4",lhospital_condition_retrieval,text,,"Unit 5 Assessment Plan + AP Calculus AB Course Framework; supplied AP Topic scoring guides used for representation and rigor only, with no published wording copied.",
U5-S2-ET-A-C01,MATH,5,5.2,exit_ticket_a,exit_ticket,et_a_c01,current,3,Use the sign of the first derivative to determine intervals of increase/decrease and classify local extrema with the first derivative test.,I can build and interpret a first-derivative sign chart and justify local extrema from derivative sign changes.,"AP Topics 5.3, 5.4",monotonicity_claim_critique,constructed_response,,"Unit 5 Assessment Plan + AP Calculus AB Course Framework; supplied AP Topic scoring guides used for representation and rigor only, with no published wording copied.",
U5-S2-ET-A-C02,MATH,5,5.2,exit_ticket_a,exit_ticket,et_a_c02,current,1,Use the sign of the first derivative to determine intervals of increase/decrease and classify local extrema with the first derivative test.,I can build and interpret a first-derivative sign chart and justify local extrema from derivative sign changes.,"AP Topics 5.3, 5.4",first_derivative_test_recognition,text,,"Unit 5 Assessment Plan + AP Calculus AB Course Framework; supplied AP Topic scoring guides used for representation and rigor only, with no published wording copied.",
U5-S2-ET-A-L01,MATH,5,5.2,exit_ticket_a,exit_ticket,et_a_l01,last,2,"Apply the Mean Value Theorem and Extreme Value Theorem with appropriate hypotheses and conclusions, and identify critical points and local or global extrema.",I can retrieve recent learning.,"AP Topics 5.3, 5.4",mvt_application,constructed_response,,"Unit 5 Assessment Plan + AP Calculus AB Course Framework; supplied AP Topic scoring guides used for representation and rigor only, with no published wording copied.",
U5-S2-ET-A-M01,MATH,5,5.2,exit_ticket_a,exit_ticket,et_a_m01,mastery,1,Derivative notation and rules; graph/table interpretation; units and rate meaning; limit and continuity reasoning when relevant.,I can retrieve durable prerequisite learning.,"AP Topics 5.3, 5.4",lhospital_condition_retrieval,text,,"Unit 5 Assessment Plan + AP Calculus AB Course Framework; supplied AP Topic scoring guides used for representation and rigor only, with no published wording copied.",
U5-S2-ET-B-C01,MATH,5,5.2,exit_ticket_b,exit_ticket,et_b_c01,current,1,Use the sign of the first derivative to determine intervals of increase/decrease and classify local extrema with the first derivative test.,I can build and interpret a first-derivative sign chart and justify local extrema from derivative sign changes.,"AP Topics 5.3, 5.4",first_derivative_test_recognition,text,,"Unit 5 Assessment Plan + AP Calculus AB Course Framework; supplied AP Topic scoring guides used for representation and rigor only, with no published wording copied.",
U5-S2-ET-B-C02,MATH,5,5.2,exit_ticket_b,exit_ticket,et_b_c02,current,2,Use the sign of the first derivative to determine intervals of increase/decrease and classify local extrema with the first derivative test.,I can build and interpret a first-derivative sign chart and justify local extrema from derivative sign changes.,"AP Topics 5.3, 5.4",first_derivative_sign_chart,intervals,,"Unit 5 Assessment Plan + AP Calculus AB Course Framework; supplied AP Topic scoring guides used for representation and rigor only, with no published wording copied.",
U5-S2-ET-B-L01,MATH,5,5.2,exit_ticket_b,exit_ticket,et_b_l01,last,2,"Apply the Mean Value Theorem and Extreme Value Theorem with appropriate hypotheses and conclusions, and identify critical points and local or global extrema.",I can retrieve recent learning.,"AP Topics 5.3, 5.4",evt_conditions,constructed_response,,"Unit 5 Assessment Plan + AP Calculus AB Course Framework; supplied AP Topic scoring guides used for representation and rigor only, with no published wording copied.",
U5-S2-ET-B-M01,MATH,5,5.2,exit_ticket_b,exit_ticket,et_b_m01,mastery,2,Derivative notation and rules; graph/table interpretation; units and rate meaning; limit and continuity reasoning when relevant.,I can retrieve durable prerequisite learning.,"AP Topics 5.3, 5.4",derivative_rule_retrieval,expression,,"Unit 5 Assessment Plan + AP Calculus AB Course Framework; supplied AP Topic scoring guides used for representation and rigor only, with no published wording copied.",
U5-S2-ET-C-C01,MATH,5,5.2,exit_ticket_c,exit_ticket,et_c_c01,current,2,Use the sign of the first derivative to determine intervals of increase/decrease and classify local extrema with the first derivative test.,I can build and interpret a first-derivative sign chart and justify local extrema from derivative sign changes.,"AP Topics 5.3, 5.4",first_derivative_sign_chart,intervals,,"Unit 5 Assessment Plan + AP Calculus AB Course Framework; supplied AP Topic scoring guides used for representation and rigor only, with no published wording copied.",
U5-S2-ET-C-C02,MATH,5,5.2,exit_ticket_c,exit_ticket,et_c_c02,current,2,Use the sign of the first derivative to determine intervals of increase/decrease and classify local extrema with the first derivative test.,I can build and interpret a first-derivative sign chart and justify local extrema from derivative sign changes.,"AP Topics 5.3, 5.4",first_derivative_test,constructed_response,,"Unit 5 Assessment Plan + AP Calculus AB Course Framework; supplied AP Topic scoring guides used for representation and rigor only, with no published wording copied.",
U5-S2-ET-C-L01,MATH,5,5.2,exit_ticket_c,exit_ticket,et_c_l01,last,1,"Apply the Mean Value Theorem and Extreme Value Theorem with appropriate hypotheses and conclusions, and identify critical points and local or global extrema.",I can retrieve recent learning.,"AP Topics 5.3, 5.4",critical_numbers,expression,,"Unit 5 Assessment Plan + AP Calculus AB Course Framework; supplied AP Topic scoring guides used for representation and rigor only, with no published wording copied.",
U5-S2-ET-C-M01,MATH,5,5.2,exit_ticket_c,exit_ticket,et_c_m01,mastery,2,Derivative notation and rules; graph/table interpretation; units and rate meaning; limit and continuity reasoning when relevant.,I can retrieve durable prerequisite learning.,"AP Topics 5.3, 5.4",limit_retrieval,numeric,,"Unit 5 Assessment Plan + AP Calculus AB Course Framework; supplied AP Topic scoring guides used for representation and rigor only, with no published wording copied.",
U5-S3-CYU-C01,MATH,5,5.3,cyu,cyu,c01,current,2,"Use second-derivative information to determine concavity, identify inflection points, and apply the second derivative test when appropriate.",I can analyze concavity from $f''$ and classify extrema using a qualified second derivative test.,"AP Topics 5.6, 5.7",inflection_candidates,constructed_response,,"Unit 5 Assessment Plan + AP Calculus AB Course Framework; supplied AP Topic scoring guides used for representation and rigor only, with no published wording copied.",
U5-S3-CYU-C02,MATH,5,5.3,cyu,cyu,c02,current,2,"Use second-derivative information to determine concavity, identify inflection points, and apply the second derivative test when appropriate.",I can analyze concavity from $f''$ and classify extrema using a qualified second derivative test.,"AP Topics 5.6, 5.7",second_derivative_test,text,,"Unit 5 Assessment Plan + AP Calculus AB Course Framework; supplied AP Topic scoring guides used for representation and rigor only, with no published wording copied.",
U5-S3-CYU-L01,MATH,5,5.3,cyu,cyu,l01,last,1,Use the sign of the first derivative to determine intervals of increase/decrease and classify local extrema with the first derivative test.,I can retrieve recent learning.,"AP Topics 5.6, 5.7",first_derivative_test_recognition,text,,"Unit 5 Assessment Plan + AP Calculus AB Course Framework; supplied AP Topic scoring guides used for representation and rigor only, with no published wording copied.",
U5-S3-CYU-L02,MATH,5,5.3,cyu,cyu,l02,last,2,Use the sign of the first derivative to determine intervals of increase/decrease and classify local extrema with the first derivative test.,I can retrieve recent learning.,"AP Topics 5.6, 5.7",first_derivative_sign_chart,intervals,,"Unit 5 Assessment Plan + AP Calculus AB Course Framework; supplied AP Topic scoring guides used for representation and rigor only, with no published wording copied.",
U5-S3-CYU-M01,MATH,5,5.3,cyu,cyu,m01,mastery,2,Derivative notation and rules; graph/table interpretation; units and rate meaning; limit and continuity reasoning when relevant.,I can retrieve durable prerequisite learning.,"AP Topics 5.6, 5.7",product_rule_retrieval,expression,,"Unit 5 Assessment Plan + AP Calculus AB Course Framework; supplied AP Topic scoring guides used for representation and rigor only, with no published wording copied.",
U5-S3-CYU-M02,MATH,5,5.3,cyu,cyu,m02,mastery,2,Derivative notation and rules; graph/table interpretation; units and rate meaning; limit and continuity reasoning when relevant.,I can retrieve durable prerequisite learning.,"AP Topics 5.6, 5.7",derivative_rule_retrieval,expression,,"Unit 5 Assessment Plan + AP Calculus AB Course Framework; supplied AP Topic scoring guides used for representation and rigor only, with no published wording copied.",
U5-S3-WU1-C01,MATH,5,5.3,warm_up_1,warm_up,wu1_c01,current,1,"Use second-derivative information to determine concavity, identify inflection points, and apply the second derivative test when appropriate.",I can analyze concavity from $f''$ and classify extrema using a qualified second derivative test.,"AP Topics 5.6, 5.7",concavity_recognition,text,,"Unit 5 Assessment Plan + AP Calculus AB Course Framework; supplied AP Topic scoring guides used for representation and rigor only, with no published wording copied.",
U5-S3-WU1-L01,MATH,5,5.3,warm_up_1,warm_up,wu1_l01,last,2,Use the sign of the first derivative to determine intervals of increase/decrease and classify local extrema with the first derivative test.,I can retrieve recent learning.,"AP Topics 5.6, 5.7",graph_of_first_derivative,intervals,u5_s3_wu1_l01_fprime_graph.png,"Unit 5 Assessment Plan + AP Calculus AB Course Framework; supplied AP Topic scoring guides used for representation and rigor only, with no published wording copied.",
U5-S3-WU1-M01,MATH,5,5.3,warm_up_1,warm_up,wu1_m01,mastery,1,Derivative notation and rules; graph/table interpretation; units and rate meaning; limit and continuity reasoning when relevant.,I can retrieve durable prerequisite learning.,"AP Topics 5.6, 5.7",units_interpretation,text,,"Unit 5 Assessment Plan + AP Calculus AB Course Framework; supplied AP Topic scoring guides used for representation and rigor only, with no published wording copied.",
U5-S3-WU2-C01,MATH,5,5.3,warm_up_2,warm_up,wu2_c01,current,3,"Use second-derivative information to determine concavity, identify inflection points, and apply the second derivative test when appropriate.",I can analyze concavity from $f''$ and classify extrema using a qualified second derivative test.,"AP Topics 5.6, 5.7",inflection_claim_critique,constructed_response,,"Unit 5 Assessment Plan + AP Calculus AB Course Framework; supplied AP Topic scoring guides used for representation and rigor only, with no published wording copied.",
U5-S3-WU2-L01,MATH,5,5.3,warm_up_2,warm_up,wu2_l01,last,2,Use the sign of the first derivative to determine intervals of increase/decrease and classify local extrema with the first derivative test.,I can retrieve recent learning.,"AP Topics 5.6, 5.7",increasing_intervals,intervals,,"Unit 5 Assessment Plan + AP Calculus AB Course Framework; supplied AP Topic scoring guides used for representation and rigor only, with no published wording copied.",
U5-S3-WU2-M01,MATH,5,5.3,warm_up_2,warm_up,wu2_m01,mastery,2,Derivative notation and rules; graph/table interpretation; units and rate meaning; limit and continuity reasoning when relevant.,I can retrieve durable prerequisite learning.,"AP Topics 5.6, 5.7",rate_meaning_retrieval,text,,"Unit 5 Assessment Plan + AP Calculus AB Course Framework; supplied AP Topic scoring guides used for representation and rigor only, with no published wording copied.",
U5-S3-WU3-C01,MATH,5,5.3,warm_up_3,warm_up,wu3_c01,current,2,"Use second-derivative information to determine concavity, identify inflection points, and apply the second derivative test when appropriate.",I can analyze concavity from $f''$ and classify extrema using a qualified second derivative test.,"AP Topics 5.6, 5.7",graph_of_second_derivative,intervals,u5_s3_wu3_c01_fdoubleprime_graph.png,"Unit 5 Assessment Plan + AP Calculus AB Course Framework; supplied AP Topic scoring guides used for representation and rigor only, with no published wording copied.",
U5-S3-WU3-L01,MATH,5,5.3,warm_up_3,warm_up,wu3_l01,last,2,Use the sign of the first derivative to determine intervals of increase/decrease and classify local extrema with the first derivative test.,I can retrieve recent learning.,"AP Topics 5.6, 5.7",first_derivative_test,constructed_response,,"Unit 5 Assessment Plan + AP Calculus AB Course Framework; supplied AP Topic scoring guides used for representation and rigor only, with no published wording copied.",
U5-S3-WU3-M01,MATH,5,5.3,warm_up_3,warm_up,wu3_m01,mastery,1,Derivative notation and rules; graph/table interpretation; units and rate meaning; limit and continuity reasoning when relevant.,I can retrieve durable prerequisite learning.,"AP Topics 5.6, 5.7",lhospital_condition_retrieval,text,,"Unit 5 Assessment Plan + AP Calculus AB Course Framework; supplied AP Topic scoring guides used for representation and rigor only, with no published wording copied.",
U5-S3-ET-A-C01,MATH,5,5.3,exit_ticket_a,exit_ticket,et_a_c01,current,3,"Use second-derivative information to determine concavity, identify inflection points, and apply the second derivative test when appropriate.",I can analyze concavity from $f''$ and classify extrema using a qualified second derivative test.,"AP Topics 5.6, 5.7",inflection_claim_critique,constructed_response,,"Unit 5 Assessment Plan + AP Calculus AB Course Framework; supplied AP Topic scoring guides used for representation and rigor only, with no published wording copied.",
U5-S3-ET-A-C02,MATH,5,5.3,exit_ticket_a,exit_ticket,et_a_c02,current,1,"Use second-derivative information to determine concavity, identify inflection points, and apply the second derivative test when appropriate.",I can analyze concavity from $f''$ and classify extrema using a qualified second derivative test.,"AP Topics 5.6, 5.7",concavity_recognition,text,,"Unit 5 Assessment Plan + AP Calculus AB Course Framework; supplied AP Topic scoring guides used for representation and rigor only, with no published wording copied.",
U5-S3-ET-A-L01,MATH,5,5.3,exit_ticket_a,exit_ticket,et_a_l01,last,2,Use the sign of the first derivative to determine intervals of increase/decrease and classify local extrema with the first derivative test.,I can retrieve recent learning.,"AP Topics 5.6, 5.7",first_derivative_sign_chart,intervals,,"Unit 5 Assessment Plan + AP Calculus AB Course Framework; supplied AP Topic scoring guides used for representation and rigor only, with no published wording copied.",
U5-S3-ET-A-M01,MATH,5,5.3,exit_ticket_a,exit_ticket,et_a_m01,mastery,1,Derivative notation and rules; graph/table interpretation; units and rate meaning; limit and continuity reasoning when relevant.,I can retrieve durable prerequisite learning.,"AP Topics 5.6, 5.7",lhospital_condition_retrieval,text,,"Unit 5 Assessment Plan + AP Calculus AB Course Framework; supplied AP Topic scoring guides used for representation and rigor only, with no published wording copied.",
U5-S3-ET-B-C01,MATH,5,5.3,exit_ticket_b,exit_ticket,et_b_c01,current,1,"Use second-derivative information to determine concavity, identify inflection points, and apply the second derivative test when appropriate.",I can analyze concavity from $f''$ and classify extrema using a qualified second derivative test.,"AP Topics 5.6, 5.7",concavity_recognition,text,,"Unit 5 Assessment Plan + AP Calculus AB Course Framework; supplied AP Topic scoring guides used for representation and rigor only, with no published wording copied.",
U5-S3-ET-B-C02,MATH,5,5.3,exit_ticket_b,exit_ticket,et_b_c02,current,2,"Use second-derivative information to determine concavity, identify inflection points, and apply the second derivative test when appropriate.",I can analyze concavity from $f''$ and classify extrema using a qualified second derivative test.,"AP Topics 5.6, 5.7",second_derivative_sign_chart,intervals,,"Unit 5 Assessment Plan + AP Calculus AB Course Framework; supplied AP Topic scoring guides used for representation and rigor only, with no published wording copied.",
U5-S3-ET-B-L01,MATH,5,5.3,exit_ticket_b,exit_ticket,et_b_l01,last,2,Use the sign of the first derivative to determine intervals of increase/decrease and classify local extrema with the first derivative test.,I can retrieve recent learning.,"AP Topics 5.6, 5.7",first_derivative_test,constructed_response,,"Unit 5 Assessment Plan + AP Calculus AB Course Framework; supplied AP Topic scoring guides used for representation and rigor only, with no published wording copied.",
U5-S3-ET-B-M01,MATH,5,5.3,exit_ticket_b,exit_ticket,et_b_m01,mastery,2,Derivative notation and rules; graph/table interpretation; units and rate meaning; limit and continuity reasoning when relevant.,I can retrieve durable prerequisite learning.,"AP Topics 5.6, 5.7",derivative_rule_retrieval,expression,,"Unit 5 Assessment Plan + AP Calculus AB Course Framework; supplied AP Topic scoring guides used for representation and rigor only, with no published wording copied.",
U5-S3-ET-C-C01,MATH,5,5.3,exit_ticket_c,exit_ticket,et_c_c01,current,2,"Use second-derivative information to determine concavity, identify inflection points, and apply the second derivative test when appropriate.",I can analyze concavity from $f''$ and classify extrema using a qualified second derivative test.,"AP Topics 5.6, 5.7",second_derivative_sign_chart,intervals,,"Unit 5 Assessment Plan + AP Calculus AB Course Framework; supplied AP Topic scoring guides used for representation and rigor only, with no published wording copied.",
U5-S3-ET-C-C02,MATH,5,5.3,exit_ticket_c,exit_ticket,et_c_c02,current,2,"Use second-derivative information to determine concavity, identify inflection points, and apply the second derivative test when appropriate.",I can analyze concavity from $f''$ and classify extrema using a qualified second derivative test.,"AP Topics 5.6, 5.7",inflection_candidates,constructed_response,,"Unit 5 Assessment Plan + AP Calculus AB Course Framework; supplied AP Topic scoring guides used for representation and rigor only, with no published wording copied.",
U5-S3-ET-C-L01,MATH,5,5.3,exit_ticket_c,exit_ticket,et_c_l01,last,2,Use the sign of the first derivative to determine intervals of increase/decrease and classify local extrema with the first derivative test.,I can retrieve recent learning.,"AP Topics 5.6, 5.7",increasing_intervals,intervals,,"Unit 5 Assessment Plan + AP Calculus AB Course Framework; supplied AP Topic scoring guides used for representation and rigor only, with no published wording copied.",
U5-S3-ET-C-M01,MATH,5,5.3,exit_ticket_c,exit_ticket,et_c_m01,mastery,2,Derivative notation and rules; graph/table interpretation; units and rate meaning; limit and continuity reasoning when relevant.,I can retrieve durable prerequisite learning.,"AP Topics 5.6, 5.7",limit_retrieval,numeric,,"Unit 5 Assessment Plan + AP Calculus AB Course Framework; supplied AP Topic scoring guides used for representation and rigor only, with no published wording copied.",
U5-S4-CYU-C01,MATH,5,5.4,cyu,cyu,c01,current,3,"Connect the behavior of $f$, $f'$, and $f''$ across graphical, numerical, analytical, and implicit representations.","I can match derivative-related features and predict missing behavior in one representation from information about $f$, $f'$, or $f''$.","AP Topics 5.8, 5.9, 5.12",f_fprime_connection,constructed_response,u5_s4_cyu_c01_fprime_connection.png,"Unit 5 Assessment Plan + AP Calculus AB Course Framework; supplied AP Topic scoring guides used for representation and rigor only, with no published wording copied.",
U5-S4-CYU-C02,MATH,5,5.4,cyu,cyu,c02,current,2,"Connect the behavior of $f$, $f'$, and $f''$ across graphical, numerical, analytical, and implicit representations.","I can match derivative-related features and predict missing behavior in one representation from information about $f$, $f'$, or $f''$.","AP Topics 5.8, 5.9, 5.12",multi_derivative_connection,text,,"Unit 5 Assessment Plan + AP Calculus AB Course Framework; supplied AP Topic scoring guides used for representation and rigor only, with no published wording copied.",
U5-S4-CYU-L01,MATH,5,5.4,cyu,cyu,l01,last,1,"Use second-derivative information to determine concavity, identify inflection points, and apply the second derivative test when appropriate.",I can retrieve recent learning.,"AP Topics 5.8, 5.9, 5.12",concavity_recognition,text,,"Unit 5 Assessment Plan + AP Calculus AB Course Framework; supplied AP Topic scoring guides used for representation and rigor only, with no published wording copied.",
U5-S4-CYU-L02,MATH,5,5.4,cyu,cyu,l02,last,2,"Use second-derivative information to determine concavity, identify inflection points, and apply the second derivative test when appropriate.",I can retrieve recent learning.,"AP Topics 5.8, 5.9, 5.12",second_derivative_sign_chart,intervals,,"Unit 5 Assessment Plan + AP Calculus AB Course Framework; supplied AP Topic scoring guides used for representation and rigor only, with no published wording copied.",
U5-S4-CYU-M01,MATH,5,5.4,cyu,cyu,m01,mastery,2,Derivative notation and rules; graph/table interpretation; units and rate meaning; limit and continuity reasoning when relevant.,I can retrieve durable prerequisite learning.,"AP Topics 5.8, 5.9, 5.12",product_rule_retrieval,expression,,"Unit 5 Assessment Plan + AP Calculus AB Course Framework; supplied AP Topic scoring guides used for representation and rigor only, with no published wording copied.",
U5-S4-CYU-M02,MATH,5,5.4,cyu,cyu,m02,mastery,2,Derivative notation and rules; graph/table interpretation; units and rate meaning; limit and continuity reasoning when relevant.,I can retrieve durable prerequisite learning.,"AP Topics 5.8, 5.9, 5.12",derivative_rule_retrieval,expression,,"Unit 5 Assessment Plan + AP Calculus AB Course Framework; supplied AP Topic scoring guides used for representation and rigor only, with no published wording copied.",
U5-S4-WU1-C01,MATH,5,5.4,warm_up_1,warm_up,wu1_c01,current,2,"Connect the behavior of $f$, $f'$, and $f''$ across graphical, numerical, analytical, and implicit representations.","I can match derivative-related features and predict missing behavior in one representation from information about $f$, $f'$, or $f''$.","AP Topics 5.8, 5.9, 5.12",fprime_fdoubleprime_feature,numeric,,"Unit 5 Assessment Plan + AP Calculus AB Course Framework; supplied AP Topic scoring guides used for representation and rigor only, with no published wording copied.",
U5-S4-WU1-L01,MATH,5,5.4,warm_up_1,warm_up,wu1_l01,last,2,"Use second-derivative information to determine concavity, identify inflection points, and apply the second derivative test when appropriate.",I can retrieve recent learning.,"AP Topics 5.8, 5.9, 5.12",graph_of_second_derivative,intervals,u5_s4_wu1_l01_fdoubleprime_graph.png,"Unit 5 Assessment Plan + AP Calculus AB Course Framework; supplied AP Topic scoring guides used for representation and rigor only, with no published wording copied.",
U5-S4-WU1-M01,MATH,5,5.4,warm_up_1,warm_up,wu1_m01,mastery,1,Derivative notation and rules; graph/table interpretation; units and rate meaning; limit and continuity reasoning when relevant.,I can retrieve durable prerequisite learning.,"AP Topics 5.8, 5.9, 5.12",units_interpretation,text,,"Unit 5 Assessment Plan + AP Calculus AB Course Framework; supplied AP Topic scoring guides used for representation and rigor only, with no published wording copied.",
U5-S4-WU2-C01,MATH,5,5.4,warm_up_2,warm_up,wu2_c01,current,3,"Connect the behavior of $f$, $f'$, and $f''$ across graphical, numerical, analytical, and implicit representations.","I can match derivative-related features and predict missing behavior in one representation from information about $f$, $f'$, or $f''$.","AP Topics 5.8, 5.9, 5.12",graph_match_critique,constructed_response,,"Unit 5 Assessment Plan + AP Calculus AB Course Framework; supplied AP Topic scoring guides used for representation and rigor only, with no published wording copied.",
U5-S4-WU2-L01,MATH,5,5.4,warm_up_2,warm_up,wu2_l01,last,2,"Use second-derivative information to determine concavity, identify inflection points, and apply the second derivative test when appropriate.",I can retrieve recent learning.,"AP Topics 5.8, 5.9, 5.12",second_derivative_test,text,,"Unit 5 Assessment Plan + AP Calculus AB Course Framework; supplied AP Topic scoring guides used for representation and rigor only, with no published wording copied.",
U5-S4-WU2-M01,MATH,5,5.4,warm_up_2,warm_up,wu2_m01,mastery,2,Derivative notation and rules; graph/table interpretation; units and rate meaning; limit and continuity reasoning when relevant.,I can retrieve durable prerequisite learning.,"AP Topics 5.8, 5.9, 5.12",rate_meaning_retrieval,text,,"Unit 5 Assessment Plan + AP Calculus AB Course Framework; supplied AP Topic scoring guides used for representation and rigor only, with no published wording copied.",
U5-S4-WU3-C01,MATH,5,5.4,warm_up_3,warm_up,wu3_c01,current,3,"Connect the behavior of $f$, $f'$, and $f''$ across graphical, numerical, analytical, and implicit representations.","I can match derivative-related features and predict missing behavior in one representation from information about $f$, $f'$, or $f''$.","AP Topics 5.8, 5.9, 5.12",triple_representation_synthesis,constructed_response,u5_s4_wu3_c01_triple_graph.png,"Unit 5 Assessment Plan + AP Calculus AB Course Framework; supplied AP Topic scoring guides used for representation and rigor only, with no published wording copied.",
U5-S4-WU3-L01,MATH,5,5.4,warm_up_3,warm_up,wu3_l01,last,2,"Use second-derivative information to determine concavity, identify inflection points, and apply the second derivative test when appropriate.",I can retrieve recent learning.,"AP Topics 5.8, 5.9, 5.12",inflection_candidates,constructed_response,,"Unit 5 Assessment Plan + AP Calculus AB Course Framework; supplied AP Topic scoring guides used for representation and rigor only, with no published wording copied.",
U5-S4-WU3-M01,MATH,5,5.4,warm_up_3,warm_up,wu3_m01,mastery,1,Derivative notation and rules; graph/table interpretation; units and rate meaning; limit and continuity reasoning when relevant.,I can retrieve durable prerequisite learning.,"AP Topics 5.8, 5.9, 5.12",lhospital_condition_retrieval,text,,"Unit 5 Assessment Plan + AP Calculus AB Course Framework; supplied AP Topic scoring guides used for representation and rigor only, with no published wording copied.",
U5-S4-ET-A-C01,MATH,5,5.4,exit_ticket_a,exit_ticket,et_a_c01,current,3,"Connect the behavior of $f$, $f'$, and $f''$ across graphical, numerical, analytical, and implicit representations.","I can match derivative-related features and predict missing behavior in one representation from information about $f$, $f'$, or $f''$.","AP Topics 5.8, 5.9, 5.12",graph_match_critique,constructed_response,,"Unit 5 Assessment Plan + AP Calculus AB Course Framework; supplied AP Topic scoring guides used for representation and rigor only, with no published wording copied.",
U5-S4-ET-A-C02,MATH,5,5.4,exit_ticket_a,exit_ticket,et_a_c02,current,2,"Connect the behavior of $f$, $f'$, and $f''$ across graphical, numerical, analytical, and implicit representations.","I can match derivative-related features and predict missing behavior in one representation from information about $f$, $f'$, or $f''$.","AP Topics 5.8, 5.9, 5.12",fprime_fdoubleprime_feature,numeric,,"Unit 5 Assessment Plan + AP Calculus AB Course Framework; supplied AP Topic scoring guides used for representation and rigor only, with no published wording copied.",
U5-S4-ET-A-L01,MATH,5,5.4,exit_ticket_a,exit_ticket,et_a_l01,last,2,"Use second-derivative information to determine concavity, identify inflection points, and apply the second derivative test when appropriate.",I can retrieve recent learning.,"AP Topics 5.8, 5.9, 5.12",second_derivative_sign_chart,intervals,,"Unit 5 Assessment Plan + AP Calculus AB Course Framework; supplied AP Topic scoring guides used for representation and rigor only, with no published wording copied.",
U5-S4-ET-A-M01,MATH,5,5.4,exit_ticket_a,exit_ticket,et_a_m01,mastery,1,Derivative notation and rules; graph/table interpretation; units and rate meaning; limit and continuity reasoning when relevant.,I can retrieve durable prerequisite learning.,"AP Topics 5.8, 5.9, 5.12",lhospital_condition_retrieval,text,,"Unit 5 Assessment Plan + AP Calculus AB Course Framework; supplied AP Topic scoring guides used for representation and rigor only, with no published wording copied.",
U5-S4-ET-B-C01,MATH,5,5.4,exit_ticket_b,exit_ticket,et_b_c01,current,2,"Connect the behavior of $f$, $f'$, and $f''$ across graphical, numerical, analytical, and implicit representations.","I can match derivative-related features and predict missing behavior in one representation from information about $f$, $f'$, or $f''$.","AP Topics 5.8, 5.9, 5.12",fprime_fdoubleprime_feature,numeric,,"Unit 5 Assessment Plan + AP Calculus AB Course Framework; supplied AP Topic scoring guides used for representation and rigor only, with no published wording copied.",
U5-S4-ET-B-C02,MATH,5,5.4,exit_ticket_b,exit_ticket,et_b_c02,current,2,"Connect the behavior of $f$, $f'$, and $f''$ across graphical, numerical, analytical, and implicit representations.","I can match derivative-related features and predict missing behavior in one representation from information about $f$, $f'$, or $f''$.","AP Topics 5.8, 5.9, 5.12",derivative_table_connections,constructed_response,,"Unit 5 Assessment Plan + AP Calculus AB Course Framework; supplied AP Topic scoring guides used for representation and rigor only, with no published wording copied.",
U5-S4-ET-B-L01,MATH,5,5.4,exit_ticket_b,exit_ticket,et_b_l01,last,2,"Use second-derivative information to determine concavity, identify inflection points, and apply the second derivative test when appropriate.",I can retrieve recent learning.,"AP Topics 5.8, 5.9, 5.12",inflection_candidates,constructed_response,,"Unit 5 Assessment Plan + AP Calculus AB Course Framework; supplied AP Topic scoring guides used for representation and rigor only, with no published wording copied.",
U5-S4-ET-B-M01,MATH,5,5.4,exit_ticket_b,exit_ticket,et_b_m01,mastery,2,Derivative notation and rules; graph/table interpretation; units and rate meaning; limit and continuity reasoning when relevant.,I can retrieve durable prerequisite learning.,"AP Topics 5.8, 5.9, 5.12",derivative_rule_retrieval,expression,,"Unit 5 Assessment Plan + AP Calculus AB Course Framework; supplied AP Topic scoring guides used for representation and rigor only, with no published wording copied.",
U5-S4-ET-C-C01,MATH,5,5.4,exit_ticket_c,exit_ticket,et_c_c01,current,2,"Connect the behavior of $f$, $f'$, and $f''$ across graphical, numerical, analytical, and implicit representations.","I can match derivative-related features and predict missing behavior in one representation from information about $f$, $f'$, or $f''$.","AP Topics 5.8, 5.9, 5.12",derivative_table_connections,constructed_response,,"Unit 5 Assessment Plan + AP Calculus AB Course Framework; supplied AP Topic scoring guides used for representation and rigor only, with no published wording copied.",
U5-S4-ET-C-C02,MATH,5,5.4,exit_ticket_c,exit_ticket,et_c_c02,current,3,"Connect the behavior of $f$, $f'$, and $f''$ across graphical, numerical, analytical, and implicit representations.","I can match derivative-related features and predict missing behavior in one representation from information about $f$, $f'$, or $f''$.","AP Topics 5.8, 5.9, 5.12",f_fprime_connection,constructed_response,u5_s4_et_c_c02_fprime_connection.png,"Unit 5 Assessment Plan + AP Calculus AB Course Framework; supplied AP Topic scoring guides used for representation and rigor only, with no published wording copied.",
U5-S4-ET-C-L01,MATH,5,5.4,exit_ticket_c,exit_ticket,et_c_l01,last,2,"Use second-derivative information to determine concavity, identify inflection points, and apply the second derivative test when appropriate.",I can retrieve recent learning.,"AP Topics 5.8, 5.9, 5.12",second_derivative_test,text,,"Unit 5 Assessment Plan + AP Calculus AB Course Framework; supplied AP Topic scoring guides used for representation and rigor only, with no published wording copied.",
U5-S4-ET-C-M01,MATH,5,5.4,exit_ticket_c,exit_ticket,et_c_m01,mastery,2,Derivative notation and rules; graph/table interpretation; units and rate meaning; limit and continuity reasoning when relevant.,I can retrieve durable prerequisite learning.,"AP Topics 5.8, 5.9, 5.12",limit_retrieval,numeric,,"Unit 5 Assessment Plan + AP Calculus AB Course Framework; supplied AP Topic scoring guides used for representation and rigor only, with no published wording copied.",
U5-S5-CYU-C01,MATH,5,5.5,cyu,cyu,c01,current,2,"Model optimization situations with quantities, constraints, and objective functions, then use calculus-based reasoning to identify and justify optimal values.",I can construct an objective function from a context and justify a maximum or minimum with calculus and feasible-domain reasoning.,"AP Topics 5.10, 5.11",fencing_optimization,constructed_response,,"Unit 5 Assessment Plan + AP Calculus AB Course Framework; supplied AP Topic scoring guides used for representation and rigor only, with no published wording copied.",
U5-S5-CYU-C02,MATH,5,5.5,cyu,cyu,c02,current,2,"Model optimization situations with quantities, constraints, and objective functions, then use calculus-based reasoning to identify and justify optimal values.",I can construct an objective function from a context and justify a maximum or minimum with calculus and feasible-domain reasoning.,"AP Topics 5.10, 5.11",box_optimization,numeric,,"Unit 5 Assessment Plan + AP Calculus AB Course Framework; supplied AP Topic scoring guides used for representation and rigor only, with no published wording copied.",
U5-S5-CYU-L01,MATH,5,5.5,cyu,cyu,l01,last,2,"Connect the behavior of $f$, $f'$, and $f''$ across graphical, numerical, analytical, and implicit representations.",I can retrieve recent learning.,"AP Topics 5.10, 5.11",fprime_fdoubleprime_feature,numeric,,"Unit 5 Assessment Plan + AP Calculus AB Course Framework; supplied AP Topic scoring guides used for representation and rigor only, with no published wording copied.",
U5-S5-CYU-L02,MATH,5,5.5,cyu,cyu,l02,last,2,"Connect the behavior of $f$, $f'$, and $f''$ across graphical, numerical, analytical, and implicit representations.",I can retrieve recent learning.,"AP Topics 5.10, 5.11",derivative_table_connections,constructed_response,,"Unit 5 Assessment Plan + AP Calculus AB Course Framework; supplied AP Topic scoring guides used for representation and rigor only, with no published wording copied.",
U5-S5-CYU-M01,MATH,5,5.5,cyu,cyu,m01,mastery,2,Derivative notation and rules; graph/table interpretation; units and rate meaning; limit and continuity reasoning when relevant.,I can retrieve durable prerequisite learning.,"AP Topics 5.10, 5.11",product_rule_retrieval,expression,,"Unit 5 Assessment Plan + AP Calculus AB Course Framework; supplied AP Topic scoring guides used for representation and rigor only, with no published wording copied.",
U5-S5-CYU-M02,MATH,5,5.5,cyu,cyu,m02,mastery,2,Derivative notation and rules; graph/table interpretation; units and rate meaning; limit and continuity reasoning when relevant.,I can retrieve durable prerequisite learning.,"AP Topics 5.10, 5.11",derivative_rule_retrieval,expression,,"Unit 5 Assessment Plan + AP Calculus AB Course Framework; supplied AP Topic scoring guides used for representation and rigor only, with no published wording copied.",
U5-S5-WU1-C01,MATH,5,5.5,warm_up_1,warm_up,wu1_c01,current,1,"Model optimization situations with quantities, constraints, and objective functions, then use calculus-based reasoning to identify and justify optimal values.",I can construct an objective function from a context and justify a maximum or minimum with calculus and feasible-domain reasoning.,"AP Topics 5.10, 5.11",optimization_vocabulary,text,,"Unit 5 Assessment Plan + AP Calculus AB Course Framework; supplied AP Topic scoring guides used for representation and rigor only, with no published wording copied.",
U5-S5-WU1-L01,MATH,5,5.5,warm_up_1,warm_up,wu1_l01,last,3,"Connect the behavior of $f$, $f'$, and $f''$ across graphical, numerical, analytical, and implicit representations.",I can retrieve recent learning.,"AP Topics 5.10, 5.11",triple_representation_synthesis,constructed_response,u5_s5_wu1_l01_triple_graph.png,"Unit 5 Assessment Plan + AP Calculus AB Course Framework; supplied AP Topic scoring guides used for representation and rigor only, with no published wording copied.",
U5-S5-WU1-M01,MATH,5,5.5,warm_up_1,warm_up,wu1_m01,mastery,1,Derivative notation and rules; graph/table interpretation; units and rate meaning; limit and continuity reasoning when relevant.,I can retrieve durable prerequisite learning.,"AP Topics 5.10, 5.11",units_interpretation,text,,"Unit 5 Assessment Plan + AP Calculus AB Course Framework; supplied AP Topic scoring guides used for representation and rigor only, with no published wording copied.",
U5-S5-WU2-C01,MATH,5,5.5,warm_up_2,warm_up,wu2_c01,current,3,"Model optimization situations with quantities, constraints, and objective functions, then use calculus-based reasoning to identify and justify optimal values.",I can construct an objective function from a context and justify a maximum or minimum with calculus and feasible-domain reasoning.,"AP Topics 5.10, 5.11",optimization_justification_critique,constructed_response,,"Unit 5 Assessment Plan + AP Calculus AB Course Framework; supplied AP Topic scoring guides used for representation and rigor only, with no published wording copied.",
U5-S5-WU2-L01,MATH,5,5.5,warm_up_2,warm_up,wu2_l01,last,2,"Connect the behavior of $f$, $f'$, and $f''$ across graphical, numerical, analytical, and implicit representations.",I can retrieve recent learning.,"AP Topics 5.10, 5.11",multi_derivative_connection,text,,"Unit 5 Assessment Plan + AP Calculus AB Course Framework; supplied AP Topic scoring guides used for representation and rigor only, with no published wording copied.",
U5-S5-WU2-M01,MATH,5,5.5,warm_up_2,warm_up,wu2_m01,mastery,2,Derivative notation and rules; graph/table interpretation; units and rate meaning; limit and continuity reasoning when relevant.,I can retrieve durable prerequisite learning.,"AP Topics 5.10, 5.11",rate_meaning_retrieval,text,,"Unit 5 Assessment Plan + AP Calculus AB Course Framework; supplied AP Topic scoring guides used for representation and rigor only, with no published wording copied.",
U5-S5-WU3-C01,MATH,5,5.5,warm_up_3,warm_up,wu3_c01,current,2,"Model optimization situations with quantities, constraints, and objective functions, then use calculus-based reasoning to identify and justify optimal values.",I can construct an objective function from a context and justify a maximum or minimum with calculus and feasible-domain reasoning.,"AP Topics 5.10, 5.11",product_optimization,numeric,,"Unit 5 Assessment Plan + AP Calculus AB Course Framework; supplied AP Topic scoring guides used for representation and rigor only, with no published wording copied.",
U5-S5-WU3-L01,MATH,5,5.5,warm_up_3,warm_up,wu3_l01,last,3,"Connect the behavior of $f$, $f'$, and $f''$ across graphical, numerical, analytical, and implicit representations.",I can retrieve recent learning.,"AP Topics 5.10, 5.11",f_fprime_connection,constructed_response,u5_s5_wu3_l01_fprime_connection.png,"Unit 5 Assessment Plan + AP Calculus AB Course Framework; supplied AP Topic scoring guides used for representation and rigor only, with no published wording copied.",
U5-S5-WU3-M01,MATH,5,5.5,warm_up_3,warm_up,wu3_m01,mastery,1,Derivative notation and rules; graph/table interpretation; units and rate meaning; limit and continuity reasoning when relevant.,I can retrieve durable prerequisite learning.,"AP Topics 5.10, 5.11",lhospital_condition_retrieval,text,,"Unit 5 Assessment Plan + AP Calculus AB Course Framework; supplied AP Topic scoring guides used for representation and rigor only, with no published wording copied.",
U5-S5-ET-A-C01,MATH,5,5.5,exit_ticket_a,exit_ticket,et_a_c01,current,3,"Model optimization situations with quantities, constraints, and objective functions, then use calculus-based reasoning to identify and justify optimal values.",I can construct an objective function from a context and justify a maximum or minimum with calculus and feasible-domain reasoning.,"AP Topics 5.10, 5.11",optimization_justification_critique,constructed_response,,"Unit 5 Assessment Plan + AP Calculus AB Course Framework; supplied AP Topic scoring guides used for representation and rigor only, with no published wording copied.",
U5-S5-ET-A-C02,MATH,5,5.5,exit_ticket_a,exit_ticket,et_a_c02,current,1,"Model optimization situations with quantities, constraints, and objective functions, then use calculus-based reasoning to identify and justify optimal values.",I can construct an objective function from a context and justify a maximum or minimum with calculus and feasible-domain reasoning.,"AP Topics 5.10, 5.11",optimization_vocabulary,text,,"Unit 5 Assessment Plan + AP Calculus AB Course Framework; supplied AP Topic scoring guides used for representation and rigor only, with no published wording copied.",
U5-S5-ET-A-L01,MATH,5,5.5,exit_ticket_a,exit_ticket,et_a_l01,last,2,"Connect the behavior of $f$, $f'$, and $f''$ across graphical, numerical, analytical, and implicit representations.",I can retrieve recent learning.,"AP Topics 5.10, 5.11",derivative_table_connections,constructed_response,,"Unit 5 Assessment Plan + AP Calculus AB Course Framework; supplied AP Topic scoring guides used for representation and rigor only, with no published wording copied.",
U5-S5-ET-A-M01,MATH,5,5.5,exit_ticket_a,exit_ticket,et_a_m01,mastery,1,Derivative notation and rules; graph/table interpretation; units and rate meaning; limit and continuity reasoning when relevant.,I can retrieve durable prerequisite learning.,"AP Topics 5.10, 5.11",lhospital_condition_retrieval,text,,"Unit 5 Assessment Plan + AP Calculus AB Course Framework; supplied AP Topic scoring guides used for representation and rigor only, with no published wording copied.",
U5-S5-ET-B-C01,MATH,5,5.5,exit_ticket_b,exit_ticket,et_b_c01,current,1,"Model optimization situations with quantities, constraints, and objective functions, then use calculus-based reasoning to identify and justify optimal values.",I can construct an objective function from a context and justify a maximum or minimum with calculus and feasible-domain reasoning.,"AP Topics 5.10, 5.11",optimization_vocabulary,text,,"Unit 5 Assessment Plan + AP Calculus AB Course Framework; supplied AP Topic scoring guides used for representation and rigor only, with no published wording copied.",
U5-S5-ET-B-C02,MATH,5,5.5,exit_ticket_b,exit_ticket,et_b_c02,current,2,"Model optimization situations with quantities, constraints, and objective functions, then use calculus-based reasoning to identify and justify optimal values.",I can construct an objective function from a context and justify a maximum or minimum with calculus and feasible-domain reasoning.,"AP Topics 5.10, 5.11",rectangle_optimization,constructed_response,,"Unit 5 Assessment Plan + AP Calculus AB Course Framework; supplied AP Topic scoring guides used for representation and rigor only, with no published wording copied.",
U5-S5-ET-B-L01,MATH,5,5.5,exit_ticket_b,exit_ticket,et_b_l01,last,3,"Connect the behavior of $f$, $f'$, and $f''$ across graphical, numerical, analytical, and implicit representations.",I can retrieve recent learning.,"AP Topics 5.10, 5.11",f_fprime_connection,constructed_response,u5_s5_et_b_l01_fprime_connection.png,"Unit 5 Assessment Plan + AP Calculus AB Course Framework; supplied AP Topic scoring guides used for representation and rigor only, with no published wording copied.",
U5-S5-ET-B-M01,MATH,5,5.5,exit_ticket_b,exit_ticket,et_b_m01,mastery,2,Derivative notation and rules; graph/table interpretation; units and rate meaning; limit and continuity reasoning when relevant.,I can retrieve durable prerequisite learning.,"AP Topics 5.10, 5.11",derivative_rule_retrieval,expression,,"Unit 5 Assessment Plan + AP Calculus AB Course Framework; supplied AP Topic scoring guides used for representation and rigor only, with no published wording copied.",
U5-S5-ET-C-C01,MATH,5,5.5,exit_ticket_c,exit_ticket,et_c_c01,current,2,"Model optimization situations with quantities, constraints, and objective functions, then use calculus-based reasoning to identify and justify optimal values.",I can construct an objective function from a context and justify a maximum or minimum with calculus and feasible-domain reasoning.,"AP Topics 5.10, 5.11",rectangle_optimization,constructed_response,,"Unit 5 Assessment Plan + AP Calculus AB Course Framework; supplied AP Topic scoring guides used for representation and rigor only, with no published wording copied.",
U5-S5-ET-C-C02,MATH,5,5.5,exit_ticket_c,exit_ticket,et_c_c02,current,2,"Model optimization situations with quantities, constraints, and objective functions, then use calculus-based reasoning to identify and justify optimal values.",I can construct an objective function from a context and justify a maximum or minimum with calculus and feasible-domain reasoning.,"AP Topics 5.10, 5.11",fencing_optimization,constructed_response,,"Unit 5 Assessment Plan + AP Calculus AB Course Framework; supplied AP Topic scoring guides used for representation and rigor only, with no published wording copied.",
U5-S5-ET-C-L01,MATH,5,5.5,exit_ticket_c,exit_ticket,et_c_l01,last,2,"Connect the behavior of $f$, $f'$, and $f''$ across graphical, numerical, analytical, and implicit representations.",I can retrieve recent learning.,"AP Topics 5.10, 5.11",multi_derivative_connection,text,,"Unit 5 Assessment Plan + AP Calculus AB Course Framework; supplied AP Topic scoring guides used for representation and rigor only, with no published wording copied.",
U5-S5-ET-C-M01,MATH,5,5.5,exit_ticket_c,exit_ticket,et_c_m01,mastery,2,Derivative notation and rules; graph/table interpretation; units and rate meaning; limit and continuity reasoning when relevant.,I can retrieve durable prerequisite learning.,"AP Topics 5.10, 5.11",limit_retrieval,numeric,,"Unit 5 Assessment Plan + AP Calculus AB Course Framework; supplied AP Topic scoring guides used for representation and rigor only, with no published wording copied.",
U5-S1-PERF01,MATH,5,5.1,performance_future_task,performance,perf01,performance,4,"Apply the Mean Value Theorem and Extreme Value Theorem with appropriate hypotheses and conclusions, and identify critical points and local or global extrema.",I can verify theorem hypotheses on an interval and use critical points and endpoints to analyze local and absolute extrema.,"AP Topics 5.1, 5.2",theorem_performance,constructed_response,,"Unit 5 Assessment Plan + AP Calculus AB Course Framework; supplied AP Topic scoring guides used for representation and rigor only, with no published wording copied.",
U5-S2-PERF01,MATH,5,5.2,performance_future_task,performance,perf01,performance,3,Use the sign of the first derivative to determine intervals of increase/decrease and classify local extrema with the first derivative test.,I can build and interpret a first-derivative sign chart and justify local extrema from derivative sign changes.,"AP Topics 5.3, 5.4",first_derivative_argument_audit,constructed_response,,"Unit 5 Assessment Plan + AP Calculus AB Course Framework; supplied AP Topic scoring guides used for representation and rigor only, with no published wording copied.",
U5-S3-PERF01,MATH,5,5.3,performance_future_task,performance,perf01,performance,3,"Use second-derivative information to determine concavity, identify inflection points, and apply the second derivative test when appropriate.",I can analyze concavity from $f''$ and classify extrema using a qualified second derivative test.,"AP Topics 5.6, 5.7",second_derivative_evidence_comparison,constructed_response,,"Unit 5 Assessment Plan + AP Calculus AB Course Framework; supplied AP Topic scoring guides used for representation and rigor only, with no published wording copied.",
U5-S4-PERF01,MATH,5,5.4,performance_future_task,performance,perf01,performance,4,"Connect the behavior of $f$, $f'$, and $f''$ across graphical, numerical, analytical, and implicit representations.","I can match derivative-related features and predict missing behavior in one representation from information about $f$, $f'$, or $f''$.","AP Topics 5.8, 5.9, 5.12",graph_reconstruction_performance,constructed_response,,"Unit 5 Assessment Plan + AP Calculus AB Course Framework; supplied AP Topic scoring guides used for representation and rigor only, with no published wording copied.",
U5-S5-PERF01,MATH,5,5.5,performance_future_task,performance,perf01,performance,4,"Model optimization situations with quantities, constraints, and objective functions, then use calculus-based reasoning to identify and justify optimal values.",I can construct an objective function from a context and justify a maximum or minimum with calculus and feasible-domain reasoning.,"AP Topics 5.10, 5.11",optimization_design,constructed_response,,"Unit 5 Assessment Plan + AP Calculus AB Course Framework; supplied AP Topic scoring guides used for representation and rigor only, with no published wording copied.",
U5-FA-D1-01-V1,MATH,5,5.1,formative_assessment,formative,d1_01_v1,n-a,1,"Apply the Mean Value Theorem and Extreme Value Theorem with appropriate hypotheses and conclusions, and identify critical points and local or global extrema.",I can verify theorem hypotheses on an interval and use critical points and endpoints to analyze local and absolute extrema.,"AP Topics 5.1, 5.2",theorem_language_check,text,,"Unit 5 Assessment Plan + AP Calculus AB Course Framework; supplied AP Topic scoring guides used for representation and rigor only, with no published wording copied.","Eligibility: after Section 5.1. Formative family 1, version 1."
U5-FA-D1-01-V2,MATH,5,5.1,formative_assessment,formative,d1_01_v2,n-a,1,"Apply the Mean Value Theorem and Extreme Value Theorem with appropriate hypotheses and conclusions, and identify critical points and local or global extrema.",I can verify theorem hypotheses on an interval and use critical points and endpoints to analyze local and absolute extrema.,"AP Topics 5.1, 5.2",theorem_language_check,text,,"Unit 5 Assessment Plan + AP Calculus AB Course Framework; supplied AP Topic scoring guides used for representation and rigor only, with no published wording copied.","Eligibility: after Section 5.1. Formative family 1, version 2."
U5-FA-D1-01-V3,MATH,5,5.1,formative_assessment,formative,d1_01_v3,n-a,1,"Apply the Mean Value Theorem and Extreme Value Theorem with appropriate hypotheses and conclusions, and identify critical points and local or global extrema.",I can verify theorem hypotheses on an interval and use critical points and endpoints to analyze local and absolute extrema.,"AP Topics 5.1, 5.2",theorem_language_check,text,,"Unit 5 Assessment Plan + AP Calculus AB Course Framework; supplied AP Topic scoring guides used for representation and rigor only, with no published wording copied.","Eligibility: after Section 5.1. Formative family 1, version 3."
U5-FA-D1-01-V4,MATH,5,5.1,formative_assessment,formative,d1_01_v4,n-a,1,"Apply the Mean Value Theorem and Extreme Value Theorem with appropriate hypotheses and conclusions, and identify critical points and local or global extrema.",I can verify theorem hypotheses on an interval and use critical points and endpoints to analyze local and absolute extrema.,"AP Topics 5.1, 5.2",theorem_language_check,text,,"Unit 5 Assessment Plan + AP Calculus AB Course Framework; supplied AP Topic scoring guides used for representation and rigor only, with no published wording copied.","Eligibility: after Section 5.1. Formative family 1, version 4."
U5-FA-D1-01-V5,MATH,5,5.1,formative_assessment,formative,d1_01_v5,n-a,1,"Apply the Mean Value Theorem and Extreme Value Theorem with appropriate hypotheses and conclusions, and identify critical points and local or global extrema.",I can verify theorem hypotheses on an interval and use critical points and endpoints to analyze local and absolute extrema.,"AP Topics 5.1, 5.2",theorem_language_check,text,,"Unit 5 Assessment Plan + AP Calculus AB Course Framework; supplied AP Topic scoring guides used for representation and rigor only, with no published wording copied.","Eligibility: after Section 5.1. Formative family 1, version 5."
U5-FA-D1-01-V6,MATH,5,5.1,formative_assessment,formative,d1_01_v6,n-a,1,"Apply the Mean Value Theorem and Extreme Value Theorem with appropriate hypotheses and conclusions, and identify critical points and local or global extrema.",I can verify theorem hypotheses on an interval and use critical points and endpoints to analyze local and absolute extrema.,"AP Topics 5.1, 5.2",theorem_language_check,text,,"Unit 5 Assessment Plan + AP Calculus AB Course Framework; supplied AP Topic scoring guides used for representation and rigor only, with no published wording copied.","Eligibility: after Section 5.1. Formative family 1, version 6."
U5-FA-D1-01-V7,MATH,5,5.1,formative_assessment,formative,d1_01_v7,n-a,1,"Apply the Mean Value Theorem and Extreme Value Theorem with appropriate hypotheses and conclusions, and identify critical points and local or global extrema.",I can verify theorem hypotheses on an interval and use critical points and endpoints to analyze local and absolute extrema.,"AP Topics 5.1, 5.2",theorem_language_check,text,,"Unit 5 Assessment Plan + AP Calculus AB Course Framework; supplied AP Topic scoring guides used for representation and rigor only, with no published wording copied.","Eligibility: after Section 5.1. Formative family 1, version 7."
U5-FA-D1-01-V8,MATH,5,5.1,formative_assessment,formative,d1_01_v8,n-a,1,"Apply the Mean Value Theorem and Extreme Value Theorem with appropriate hypotheses and conclusions, and identify critical points and local or global extrema.",I can verify theorem hypotheses on an interval and use critical points and endpoints to analyze local and absolute extrema.,"AP Topics 5.1, 5.2",theorem_language_check,text,,"Unit 5 Assessment Plan + AP Calculus AB Course Framework; supplied AP Topic scoring guides used for representation and rigor only, with no published wording copied.","Eligibility: after Section 5.1. Formative family 1, version 8."
U5-FA-D1-02-V1,MATH,5,5.2,formative_assessment,formative,d1_02_v1,n-a,1,Use the sign of the first derivative to determine intervals of increase/decrease and classify local extrema with the first derivative test.,I can build and interpret a first-derivative sign chart and justify local extrema from derivative sign changes.,"AP Topics 5.3, 5.4",sign_recognition,text,,"Unit 5 Assessment Plan + AP Calculus AB Course Framework; supplied AP Topic scoring guides used for representation and rigor only, with no published wording copied.","Eligibility: after Section 5.2. Formative family 2, version 1."
U5-FA-D1-02-V2,MATH,5,5.2,formative_assessment,formative,d1_02_v2,n-a,1,Use the sign of the first derivative to determine intervals of increase/decrease and classify local extrema with the first derivative test.,I can build and interpret a first-derivative sign chart and justify local extrema from derivative sign changes.,"AP Topics 5.3, 5.4",sign_recognition,text,,"Unit 5 Assessment Plan + AP Calculus AB Course Framework; supplied AP Topic scoring guides used for representation and rigor only, with no published wording copied.","Eligibility: after Section 5.2. Formative family 2, version 2."
U5-FA-D1-02-V3,MATH,5,5.2,formative_assessment,formative,d1_02_v3,n-a,1,Use the sign of the first derivative to determine intervals of increase/decrease and classify local extrema with the first derivative test.,I can build and interpret a first-derivative sign chart and justify local extrema from derivative sign changes.,"AP Topics 5.3, 5.4",sign_recognition,text,,"Unit 5 Assessment Plan + AP Calculus AB Course Framework; supplied AP Topic scoring guides used for representation and rigor only, with no published wording copied.","Eligibility: after Section 5.2. Formative family 2, version 3."
U5-FA-D1-02-V4,MATH,5,5.2,formative_assessment,formative,d1_02_v4,n-a,1,Use the sign of the first derivative to determine intervals of increase/decrease and classify local extrema with the first derivative test.,I can build and interpret a first-derivative sign chart and justify local extrema from derivative sign changes.,"AP Topics 5.3, 5.4",sign_recognition,text,,"Unit 5 Assessment Plan + AP Calculus AB Course Framework; supplied AP Topic scoring guides used for representation and rigor only, with no published wording copied.","Eligibility: after Section 5.2. Formative family 2, version 4."
U5-FA-D1-02-V5,MATH,5,5.2,formative_assessment,formative,d1_02_v5,n-a,1,Use the sign of the first derivative to determine intervals of increase/decrease and classify local extrema with the first derivative test.,I can build and interpret a first-derivative sign chart and justify local extrema from derivative sign changes.,"AP Topics 5.3, 5.4",sign_recognition,text,,"Unit 5 Assessment Plan + AP Calculus AB Course Framework; supplied AP Topic scoring guides used for representation and rigor only, with no published wording copied.","Eligibility: after Section 5.2. Formative family 2, version 5."
U5-FA-D1-02-V6,MATH,5,5.2,formative_assessment,formative,d1_02_v6,n-a,1,Use the sign of the first derivative to determine intervals of increase/decrease and classify local extrema with the first derivative test.,I can build and interpret a first-derivative sign chart and justify local extrema from derivative sign changes.,"AP Topics 5.3, 5.4",sign_recognition,text,,"Unit 5 Assessment Plan + AP Calculus AB Course Framework; supplied AP Topic scoring guides used for representation and rigor only, with no published wording copied.","Eligibility: after Section 5.2. Formative family 2, version 6."
U5-FA-D1-02-V7,MATH,5,5.2,formative_assessment,formative,d1_02_v7,n-a,1,Use the sign of the first derivative to determine intervals of increase/decrease and classify local extrema with the first derivative test.,I can build and interpret a first-derivative sign chart and justify local extrema from derivative sign changes.,"AP Topics 5.3, 5.4",sign_recognition,text,,"Unit 5 Assessment Plan + AP Calculus AB Course Framework; supplied AP Topic scoring guides used for representation and rigor only, with no published wording copied.","Eligibility: after Section 5.2. Formative family 2, version 7."
U5-FA-D1-02-V8,MATH,5,5.2,formative_assessment,formative,d1_02_v8,n-a,1,Use the sign of the first derivative to determine intervals of increase/decrease and classify local extrema with the first derivative test.,I can build and interpret a first-derivative sign chart and justify local extrema from derivative sign changes.,"AP Topics 5.3, 5.4",sign_recognition,text,,"Unit 5 Assessment Plan + AP Calculus AB Course Framework; supplied AP Topic scoring guides used for representation and rigor only, with no published wording copied.","Eligibility: after Section 5.2. Formative family 2, version 8."
U5-FA-D1-03-V1,MATH,5,5.3,formative_assessment,formative,d1_03_v1,n-a,1,"Use second-derivative information to determine concavity, identify inflection points, and apply the second derivative test when appropriate.",I can analyze concavity from $f''$ and classify extrema using a qualified second derivative test.,"AP Topics 5.6, 5.7",concavity_recognition,text,,"Unit 5 Assessment Plan + AP Calculus AB Course Framework; supplied AP Topic scoring guides used for representation and rigor only, with no published wording copied.","Eligibility: after Section 5.3. Formative family 3, version 1."
U5-FA-D1-03-V2,MATH,5,5.3,formative_assessment,formative,d1_03_v2,n-a,1,"Use second-derivative information to determine concavity, identify inflection points, and apply the second derivative test when appropriate.",I can analyze concavity from $f''$ and classify extrema using a qualified second derivative test.,"AP Topics 5.6, 5.7",concavity_recognition,text,,"Unit 5 Assessment Plan + AP Calculus AB Course Framework; supplied AP Topic scoring guides used for representation and rigor only, with no published wording copied.","Eligibility: after Section 5.3. Formative family 3, version 2."
U5-FA-D1-03-V3,MATH,5,5.3,formative_assessment,formative,d1_03_v3,n-a,1,"Use second-derivative information to determine concavity, identify inflection points, and apply the second derivative test when appropriate.",I can analyze concavity from $f''$ and classify extrema using a qualified second derivative test.,"AP Topics 5.6, 5.7",concavity_recognition,text,,"Unit 5 Assessment Plan + AP Calculus AB Course Framework; supplied AP Topic scoring guides used for representation and rigor only, with no published wording copied.","Eligibility: after Section 5.3. Formative family 3, version 3."
U5-FA-D1-03-V4,MATH,5,5.3,formative_assessment,formative,d1_03_v4,n-a,1,"Use second-derivative information to determine concavity, identify inflection points, and apply the second derivative test when appropriate.",I can analyze concavity from $f''$ and classify extrema using a qualified second derivative test.,"AP Topics 5.6, 5.7",concavity_recognition,text,,"Unit 5 Assessment Plan + AP Calculus AB Course Framework; supplied AP Topic scoring guides used for representation and rigor only, with no published wording copied.","Eligibility: after Section 5.3. Formative family 3, version 4."
U5-FA-D1-03-V5,MATH,5,5.3,formative_assessment,formative,d1_03_v5,n-a,1,"Use second-derivative information to determine concavity, identify inflection points, and apply the second derivative test when appropriate.",I can analyze concavity from $f''$ and classify extrema using a qualified second derivative test.,"AP Topics 5.6, 5.7",concavity_recognition,text,,"Unit 5 Assessment Plan + AP Calculus AB Course Framework; supplied AP Topic scoring guides used for representation and rigor only, with no published wording copied.","Eligibility: after Section 5.3. Formative family 3, version 5."
U5-FA-D1-03-V6,MATH,5,5.3,formative_assessment,formative,d1_03_v6,n-a,1,"Use second-derivative information to determine concavity, identify inflection points, and apply the second derivative test when appropriate.",I can analyze concavity from $f''$ and classify extrema using a qualified second derivative test.,"AP Topics 5.6, 5.7",concavity_recognition,text,,"Unit 5 Assessment Plan + AP Calculus AB Course Framework; supplied AP Topic scoring guides used for representation and rigor only, with no published wording copied.","Eligibility: after Section 5.3. Formative family 3, version 6."
U5-FA-D1-03-V7,MATH,5,5.3,formative_assessment,formative,d1_03_v7,n-a,1,"Use second-derivative information to determine concavity, identify inflection points, and apply the second derivative test when appropriate.",I can analyze concavity from $f''$ and classify extrema using a qualified second derivative test.,"AP Topics 5.6, 5.7",concavity_recognition,text,,"Unit 5 Assessment Plan + AP Calculus AB Course Framework; supplied AP Topic scoring guides used for representation and rigor only, with no published wording copied.","Eligibility: after Section 5.3. Formative family 3, version 7."
U5-FA-D1-03-V8,MATH,5,5.3,formative_assessment,formative,d1_03_v8,n-a,1,"Use second-derivative information to determine concavity, identify inflection points, and apply the second derivative test when appropriate.",I can analyze concavity from $f''$ and classify extrema using a qualified second derivative test.,"AP Topics 5.6, 5.7",concavity_recognition,text,,"Unit 5 Assessment Plan + AP Calculus AB Course Framework; supplied AP Topic scoring guides used for representation and rigor only, with no published wording copied.","Eligibility: after Section 5.3. Formative family 3, version 8."
U5-FA-D1-04-V1,MATH,5,5.4,formative_assessment,formative,d1_04_v1,n-a,1,"Connect the behavior of $f$, $f'$, and $f''$ across graphical, numerical, analytical, and implicit representations.","I can match derivative-related features and predict missing behavior in one representation from information about $f$, $f'$, or $f''$.","AP Topics 5.8, 5.9, 5.12",feature_match,text,,"Unit 5 Assessment Plan + AP Calculus AB Course Framework; supplied AP Topic scoring guides used for representation and rigor only, with no published wording copied.","Eligibility: after Section 5.4. Formative family 4, version 1."
U5-FA-D1-04-V2,MATH,5,5.4,formative_assessment,formative,d1_04_v2,n-a,1,"Connect the behavior of $f$, $f'$, and $f''$ across graphical, numerical, analytical, and implicit representations.","I can match derivative-related features and predict missing behavior in one representation from information about $f$, $f'$, or $f''$.","AP Topics 5.8, 5.9, 5.12",feature_match,text,,"Unit 5 Assessment Plan + AP Calculus AB Course Framework; supplied AP Topic scoring guides used for representation and rigor only, with no published wording copied.","Eligibility: after Section 5.4. Formative family 4, version 2."
U5-FA-D1-04-V3,MATH,5,5.4,formative_assessment,formative,d1_04_v3,n-a,1,"Connect the behavior of $f$, $f'$, and $f''$ across graphical, numerical, analytical, and implicit representations.","I can match derivative-related features and predict missing behavior in one representation from information about $f$, $f'$, or $f''$.","AP Topics 5.8, 5.9, 5.12",feature_match,text,,"Unit 5 Assessment Plan + AP Calculus AB Course Framework; supplied AP Topic scoring guides used for representation and rigor only, with no published wording copied.","Eligibility: after Section 5.4. Formative family 4, version 3."
U5-FA-D1-04-V4,MATH,5,5.4,formative_assessment,formative,d1_04_v4,n-a,1,"Connect the behavior of $f$, $f'$, and $f''$ across graphical, numerical, analytical, and implicit representations.","I can match derivative-related features and predict missing behavior in one representation from information about $f$, $f'$, or $f''$.","AP Topics 5.8, 5.9, 5.12",feature_match,text,,"Unit 5 Assessment Plan + AP Calculus AB Course Framework; supplied AP Topic scoring guides used for representation and rigor only, with no published wording copied.","Eligibility: after Section 5.4. Formative family 4, version 4."
U5-FA-D1-04-V5,MATH,5,5.4,formative_assessment,formative,d1_04_v5,n-a,1,"Connect the behavior of $f$, $f'$, and $f''$ across graphical, numerical, analytical, and implicit representations.","I can match derivative-related features and predict missing behavior in one representation from information about $f$, $f'$, or $f''$.","AP Topics 5.8, 5.9, 5.12",feature_match,text,,"Unit 5 Assessment Plan + AP Calculus AB Course Framework; supplied AP Topic scoring guides used for representation and rigor only, with no published wording copied.","Eligibility: after Section 5.4. Formative family 4, version 5."
U5-FA-D1-04-V6,MATH,5,5.4,formative_assessment,formative,d1_04_v6,n-a,1,"Connect the behavior of $f$, $f'$, and $f''$ across graphical, numerical, analytical, and implicit representations.","I can match derivative-related features and predict missing behavior in one representation from information about $f$, $f'$, or $f''$.","AP Topics 5.8, 5.9, 5.12",feature_match,text,,"Unit 5 Assessment Plan + AP Calculus AB Course Framework; supplied AP Topic scoring guides used for representation and rigor only, with no published wording copied.","Eligibility: after Section 5.4. Formative family 4, version 6."
U5-FA-D1-04-V7,MATH,5,5.4,formative_assessment,formative,d1_04_v7,n-a,1,"Connect the behavior of $f$, $f'$, and $f''$ across graphical, numerical, analytical, and implicit representations.","I can match derivative-related features and predict missing behavior in one representation from information about $f$, $f'$, or $f''$.","AP Topics 5.8, 5.9, 5.12",feature_match,text,,"Unit 5 Assessment Plan + AP Calculus AB Course Framework; supplied AP Topic scoring guides used for representation and rigor only, with no published wording copied.","Eligibility: after Section 5.4. Formative family 4, version 7."
U5-FA-D1-04-V8,MATH,5,5.4,formative_assessment,formative,d1_04_v8,n-a,1,"Connect the behavior of $f$, $f'$, and $f''$ across graphical, numerical, analytical, and implicit representations.","I can match derivative-related features and predict missing behavior in one representation from information about $f$, $f'$, or $f''$.","AP Topics 5.8, 5.9, 5.12",feature_match,text,,"Unit 5 Assessment Plan + AP Calculus AB Course Framework; supplied AP Topic scoring guides used for representation and rigor only, with no published wording copied.","Eligibility: after Section 5.4. Formative family 4, version 8."
U5-FA-D2-01-V1,MATH,5,5.1,formative_assessment,formative,d2_01_v1,n-a,2,"Apply the Mean Value Theorem and Extreme Value Theorem with appropriate hypotheses and conclusions, and identify critical points and local or global extrema.",I can verify theorem hypotheses on an interval and use critical points and endpoints to analyze local and absolute extrema.,"AP Topics 5.1, 5.2",mvt_application,constructed_response,,"Unit 5 Assessment Plan + AP Calculus AB Course Framework; supplied AP Topic scoring guides used for representation and rigor only, with no published wording copied.","Eligibility: after Section 5.1. Formative family 1, version 1."
U5-FA-D2-01-V2,MATH,5,5.1,formative_assessment,formative,d2_01_v2,n-a,2,"Apply the Mean Value Theorem and Extreme Value Theorem with appropriate hypotheses and conclusions, and identify critical points and local or global extrema.",I can verify theorem hypotheses on an interval and use critical points and endpoints to analyze local and absolute extrema.,"AP Topics 5.1, 5.2",mvt_application,constructed_response,,"Unit 5 Assessment Plan + AP Calculus AB Course Framework; supplied AP Topic scoring guides used for representation and rigor only, with no published wording copied.","Eligibility: after Section 5.1. Formative family 1, version 2."
U5-FA-D2-01-V3,MATH,5,5.1,formative_assessment,formative,d2_01_v3,n-a,2,"Apply the Mean Value Theorem and Extreme Value Theorem with appropriate hypotheses and conclusions, and identify critical points and local or global extrema.",I can verify theorem hypotheses on an interval and use critical points and endpoints to analyze local and absolute extrema.,"AP Topics 5.1, 5.2",mvt_application,constructed_response,,"Unit 5 Assessment Plan + AP Calculus AB Course Framework; supplied AP Topic scoring guides used for representation and rigor only, with no published wording copied.","Eligibility: after Section 5.1. Formative family 1, version 3."
U5-FA-D2-01-V4,MATH,5,5.1,formative_assessment,formative,d2_01_v4,n-a,2,"Apply the Mean Value Theorem and Extreme Value Theorem with appropriate hypotheses and conclusions, and identify critical points and local or global extrema.",I can verify theorem hypotheses on an interval and use critical points and endpoints to analyze local and absolute extrema.,"AP Topics 5.1, 5.2",mvt_application,constructed_response,,"Unit 5 Assessment Plan + AP Calculus AB Course Framework; supplied AP Topic scoring guides used for representation and rigor only, with no published wording copied.","Eligibility: after Section 5.1. Formative family 1, version 4."
U5-FA-D2-01-V5,MATH,5,5.1,formative_assessment,formative,d2_01_v5,n-a,2,"Apply the Mean Value Theorem and Extreme Value Theorem with appropriate hypotheses and conclusions, and identify critical points and local or global extrema.",I can verify theorem hypotheses on an interval and use critical points and endpoints to analyze local and absolute extrema.,"AP Topics 5.1, 5.2",mvt_application,constructed_response,,"Unit 5 Assessment Plan + AP Calculus AB Course Framework; supplied AP Topic scoring guides used for representation and rigor only, with no published wording copied.","Eligibility: after Section 5.1. Formative family 1, version 5."
U5-FA-D2-01-V6,MATH,5,5.1,formative_assessment,formative,d2_01_v6,n-a,2,"Apply the Mean Value Theorem and Extreme Value Theorem with appropriate hypotheses and conclusions, and identify critical points and local or global extrema.",I can verify theorem hypotheses on an interval and use critical points and endpoints to analyze local and absolute extrema.,"AP Topics 5.1, 5.2",mvt_application,constructed_response,,"Unit 5 Assessment Plan + AP Calculus AB Course Framework; supplied AP Topic scoring guides used for representation and rigor only, with no published wording copied.","Eligibility: after Section 5.1. Formative family 1, version 6."
U5-FA-D2-01-V7,MATH,5,5.1,formative_assessment,formative,d2_01_v7,n-a,2,"Apply the Mean Value Theorem and Extreme Value Theorem with appropriate hypotheses and conclusions, and identify critical points and local or global extrema.",I can verify theorem hypotheses on an interval and use critical points and endpoints to analyze local and absolute extrema.,"AP Topics 5.1, 5.2",mvt_application,constructed_response,,"Unit 5 Assessment Plan + AP Calculus AB Course Framework; supplied AP Topic scoring guides used for representation and rigor only, with no published wording copied.","Eligibility: after Section 5.1. Formative family 1, version 7."
U5-FA-D2-01-V8,MATH,5,5.1,formative_assessment,formative,d2_01_v8,n-a,2,"Apply the Mean Value Theorem and Extreme Value Theorem with appropriate hypotheses and conclusions, and identify critical points and local or global extrema.",I can verify theorem hypotheses on an interval and use critical points and endpoints to analyze local and absolute extrema.,"AP Topics 5.1, 5.2",mvt_application,constructed_response,,"Unit 5 Assessment Plan + AP Calculus AB Course Framework; supplied AP Topic scoring guides used for representation and rigor only, with no published wording copied.","Eligibility: after Section 5.1. Formative family 1, version 8."
U5-FA-D2-02-V1,MATH,5,5.2,formative_assessment,formative,d2_02_v1,n-a,2,Use the sign of the first derivative to determine intervals of increase/decrease and classify local extrema with the first derivative test.,I can build and interpret a first-derivative sign chart and justify local extrema from derivative sign changes.,"AP Topics 5.3, 5.4",first_derivative_test,constructed_response,,"Unit 5 Assessment Plan + AP Calculus AB Course Framework; supplied AP Topic scoring guides used for representation and rigor only, with no published wording copied.","Eligibility: after Section 5.2. Formative family 2, version 1."
U5-FA-D2-02-V2,MATH,5,5.2,formative_assessment,formative,d2_02_v2,n-a,2,Use the sign of the first derivative to determine intervals of increase/decrease and classify local extrema with the first derivative test.,I can build and interpret a first-derivative sign chart and justify local extrema from derivative sign changes.,"AP Topics 5.3, 5.4",first_derivative_test,constructed_response,,"Unit 5 Assessment Plan + AP Calculus AB Course Framework; supplied AP Topic scoring guides used for representation and rigor only, with no published wording copied.","Eligibility: after Section 5.2. Formative family 2, version 2."
U5-FA-D2-02-V3,MATH,5,5.2,formative_assessment,formative,d2_02_v3,n-a,2,Use the sign of the first derivative to determine intervals of increase/decrease and classify local extrema with the first derivative test.,I can build and interpret a first-derivative sign chart and justify local extrema from derivative sign changes.,"AP Topics 5.3, 5.4",first_derivative_test,constructed_response,,"Unit 5 Assessment Plan + AP Calculus AB Course Framework; supplied AP Topic scoring guides used for representation and rigor only, with no published wording copied.","Eligibility: after Section 5.2. Formative family 2, version 3."
U5-FA-D2-02-V4,MATH,5,5.2,formative_assessment,formative,d2_02_v4,n-a,2,Use the sign of the first derivative to determine intervals of increase/decrease and classify local extrema with the first derivative test.,I can build and interpret a first-derivative sign chart and justify local extrema from derivative sign changes.,"AP Topics 5.3, 5.4",first_derivative_test,constructed_response,,"Unit 5 Assessment Plan + AP Calculus AB Course Framework; supplied AP Topic scoring guides used for representation and rigor only, with no published wording copied.","Eligibility: after Section 5.2. Formative family 2, version 4."
U5-FA-D2-02-V5,MATH,5,5.2,formative_assessment,formative,d2_02_v5,n-a,2,Use the sign of the first derivative to determine intervals of increase/decrease and classify local extrema with the first derivative test.,I can build and interpret a first-derivative sign chart and justify local extrema from derivative sign changes.,"AP Topics 5.3, 5.4",first_derivative_test,constructed_response,,"Unit 5 Assessment Plan + AP Calculus AB Course Framework; supplied AP Topic scoring guides used for representation and rigor only, with no published wording copied.","Eligibility: after Section 5.2. Formative family 2, version 5."
U5-FA-D2-02-V6,MATH,5,5.2,formative_assessment,formative,d2_02_v6,n-a,2,Use the sign of the first derivative to determine intervals of increase/decrease and classify local extrema with the first derivative test.,I can build and interpret a first-derivative sign chart and justify local extrema from derivative sign changes.,"AP Topics 5.3, 5.4",first_derivative_test,constructed_response,,"Unit 5 Assessment Plan + AP Calculus AB Course Framework; supplied AP Topic scoring guides used for representation and rigor only, with no published wording copied.","Eligibility: after Section 5.2. Formative family 2, version 6."
U5-FA-D2-02-V7,MATH,5,5.2,formative_assessment,formative,d2_02_v7,n-a,2,Use the sign of the first derivative to determine intervals of increase/decrease and classify local extrema with the first derivative test.,I can build and interpret a first-derivative sign chart and justify local extrema from derivative sign changes.,"AP Topics 5.3, 5.4",first_derivative_test,constructed_response,,"Unit 5 Assessment Plan + AP Calculus AB Course Framework; supplied AP Topic scoring guides used for representation and rigor only, with no published wording copied.","Eligibility: after Section 5.2. Formative family 2, version 7."
U5-FA-D2-02-V8,MATH,5,5.2,formative_assessment,formative,d2_02_v8,n-a,2,Use the sign of the first derivative to determine intervals of increase/decrease and classify local extrema with the first derivative test.,I can build and interpret a first-derivative sign chart and justify local extrema from derivative sign changes.,"AP Topics 5.3, 5.4",first_derivative_test,constructed_response,,"Unit 5 Assessment Plan + AP Calculus AB Course Framework; supplied AP Topic scoring guides used for representation and rigor only, with no published wording copied.","Eligibility: after Section 5.2. Formative family 2, version 8."
U5-FA-D2-03-V1,MATH,5,5.3,formative_assessment,formative,d2_03_v1,n-a,2,"Use second-derivative information to determine concavity, identify inflection points, and apply the second derivative test when appropriate.",I can analyze concavity from $f''$ and classify extrema using a qualified second derivative test.,"AP Topics 5.6, 5.7",second_derivative_sign_chart,intervals,,"Unit 5 Assessment Plan + AP Calculus AB Course Framework; supplied AP Topic scoring guides used for representation and rigor only, with no published wording copied.","Eligibility: after Section 5.3. Formative family 3, version 1."
U5-FA-D2-03-V2,MATH,5,5.3,formative_assessment,formative,d2_03_v2,n-a,2,"Use second-derivative information to determine concavity, identify inflection points, and apply the second derivative test when appropriate.",I can analyze concavity from $f''$ and classify extrema using a qualified second derivative test.,"AP Topics 5.6, 5.7",second_derivative_sign_chart,intervals,,"Unit 5 Assessment Plan + AP Calculus AB Course Framework; supplied AP Topic scoring guides used for representation and rigor only, with no published wording copied.","Eligibility: after Section 5.3. Formative family 3, version 2."
U5-FA-D2-03-V3,MATH,5,5.3,formative_assessment,formative,d2_03_v3,n-a,2,"Use second-derivative information to determine concavity, identify inflection points, and apply the second derivative test when appropriate.",I can analyze concavity from $f''$ and classify extrema using a qualified second derivative test.,"AP Topics 5.6, 5.7",second_derivative_test,text,,"Unit 5 Assessment Plan + AP Calculus AB Course Framework; supplied AP Topic scoring guides used for representation and rigor only, with no published wording copied.","Eligibility: after Section 5.3. Formative family 3, version 3."
U5-FA-D2-03-V4,MATH,5,5.3,formative_assessment,formative,d2_03_v4,n-a,2,"Use second-derivative information to determine concavity, identify inflection points, and apply the second derivative test when appropriate.",I can analyze concavity from $f''$ and classify extrema using a qualified second derivative test.,"AP Topics 5.6, 5.7",second_derivative_test,text,,"Unit 5 Assessment Plan + AP Calculus AB Course Framework; supplied AP Topic scoring guides used for representation and rigor only, with no published wording copied.","Eligibility: after Section 5.3. Formative family 3, version 4."
U5-FA-D2-03-V5,MATH,5,5.3,formative_assessment,formative,d2_03_v5,n-a,2,"Use second-derivative information to determine concavity, identify inflection points, and apply the second derivative test when appropriate.",I can analyze concavity from $f''$ and classify extrema using a qualified second derivative test.,"AP Topics 5.6, 5.7",second_derivative_sign_chart,intervals,,"Unit 5 Assessment Plan + AP Calculus AB Course Framework; supplied AP Topic scoring guides used for representation and rigor only, with no published wording copied.","Eligibility: after Section 5.3. Formative family 3, version 5."
U5-FA-D2-03-V6,MATH,5,5.3,formative_assessment,formative,d2_03_v6,n-a,2,"Use second-derivative information to determine concavity, identify inflection points, and apply the second derivative test when appropriate.",I can analyze concavity from $f''$ and classify extrema using a qualified second derivative test.,"AP Topics 5.6, 5.7",second_derivative_sign_chart,intervals,,"Unit 5 Assessment Plan + AP Calculus AB Course Framework; supplied AP Topic scoring guides used for representation and rigor only, with no published wording copied.","Eligibility: after Section 5.3. Formative family 3, version 6."
U5-FA-D2-03-V7,MATH,5,5.3,formative_assessment,formative,d2_03_v7,n-a,2,"Use second-derivative information to determine concavity, identify inflection points, and apply the second derivative test when appropriate.",I can analyze concavity from $f''$ and classify extrema using a qualified second derivative test.,"AP Topics 5.6, 5.7",second_derivative_test,text,,"Unit 5 Assessment Plan + AP Calculus AB Course Framework; supplied AP Topic scoring guides used for representation and rigor only, with no published wording copied.","Eligibility: after Section 5.3. Formative family 3, version 7."
U5-FA-D2-03-V8,MATH,5,5.3,formative_assessment,formative,d2_03_v8,n-a,2,"Use second-derivative information to determine concavity, identify inflection points, and apply the second derivative test when appropriate.",I can analyze concavity from $f''$ and classify extrema using a qualified second derivative test.,"AP Topics 5.6, 5.7",second_derivative_test,text,,"Unit 5 Assessment Plan + AP Calculus AB Course Framework; supplied AP Topic scoring guides used for representation and rigor only, with no published wording copied.","Eligibility: after Section 5.3. Formative family 3, version 8."
U5-FA-D2-04-V1,MATH,5,5.5,formative_assessment,formative,d2_04_v1,n-a,2,"Model optimization situations with quantities, constraints, and objective functions, then use calculus-based reasoning to identify and justify optimal values.",I can construct an objective function from a context and justify a maximum or minimum with calculus and feasible-domain reasoning.,"AP Topics 5.10, 5.11",rectangle_optimization,constructed_response,,"Unit 5 Assessment Plan + AP Calculus AB Course Framework; supplied AP Topic scoring guides used for representation and rigor only, with no published wording copied.","Eligibility: after Section 5.5. Formative family 4, version 1."
U5-FA-D2-04-V2,MATH,5,5.5,formative_assessment,formative,d2_04_v2,n-a,2,"Model optimization situations with quantities, constraints, and objective functions, then use calculus-based reasoning to identify and justify optimal values.",I can construct an objective function from a context and justify a maximum or minimum with calculus and feasible-domain reasoning.,"AP Topics 5.10, 5.11",fencing_optimization,constructed_response,,"Unit 5 Assessment Plan + AP Calculus AB Course Framework; supplied AP Topic scoring guides used for representation and rigor only, with no published wording copied.","Eligibility: after Section 5.5. Formative family 4, version 2."
U5-FA-D2-04-V3,MATH,5,5.5,formative_assessment,formative,d2_04_v3,n-a,2,"Model optimization situations with quantities, constraints, and objective functions, then use calculus-based reasoning to identify and justify optimal values.",I can construct an objective function from a context and justify a maximum or minimum with calculus and feasible-domain reasoning.,"AP Topics 5.10, 5.11",box_optimization,numeric,,"Unit 5 Assessment Plan + AP Calculus AB Course Framework; supplied AP Topic scoring guides used for representation and rigor only, with no published wording copied.","Eligibility: after Section 5.5. Formative family 4, version 3."
U5-FA-D2-04-V4,MATH,5,5.5,formative_assessment,formative,d2_04_v4,n-a,2,"Model optimization situations with quantities, constraints, and objective functions, then use calculus-based reasoning to identify and justify optimal values.",I can construct an objective function from a context and justify a maximum or minimum with calculus and feasible-domain reasoning.,"AP Topics 5.10, 5.11",product_optimization,numeric,,"Unit 5 Assessment Plan + AP Calculus AB Course Framework; supplied AP Topic scoring guides used for representation and rigor only, with no published wording copied.","Eligibility: after Section 5.5. Formative family 4, version 4."
U5-FA-D2-04-V5,MATH,5,5.5,formative_assessment,formative,d2_04_v5,n-a,2,"Model optimization situations with quantities, constraints, and objective functions, then use calculus-based reasoning to identify and justify optimal values.",I can construct an objective function from a context and justify a maximum or minimum with calculus and feasible-domain reasoning.,"AP Topics 5.10, 5.11",rectangle_optimization,constructed_response,,"Unit 5 Assessment Plan + AP Calculus AB Course Framework; supplied AP Topic scoring guides used for representation and rigor only, with no published wording copied.","Eligibility: after Section 5.5. Formative family 4, version 5."
U5-FA-D2-04-V6,MATH,5,5.5,formative_assessment,formative,d2_04_v6,n-a,2,"Model optimization situations with quantities, constraints, and objective functions, then use calculus-based reasoning to identify and justify optimal values.",I can construct an objective function from a context and justify a maximum or minimum with calculus and feasible-domain reasoning.,"AP Topics 5.10, 5.11",fencing_optimization,constructed_response,,"Unit 5 Assessment Plan + AP Calculus AB Course Framework; supplied AP Topic scoring guides used for representation and rigor only, with no published wording copied.","Eligibility: after Section 5.5. Formative family 4, version 6."
U5-FA-D2-04-V7,MATH,5,5.5,formative_assessment,formative,d2_04_v7,n-a,2,"Model optimization situations with quantities, constraints, and objective functions, then use calculus-based reasoning to identify and justify optimal values.",I can construct an objective function from a context and justify a maximum or minimum with calculus and feasible-domain reasoning.,"AP Topics 5.10, 5.11",box_optimization,numeric,,"Unit 5 Assessment Plan + AP Calculus AB Course Framework; supplied AP Topic scoring guides used for representation and rigor only, with no published wording copied.","Eligibility: after Section 5.5. Formative family 4, version 7."
U5-FA-D2-04-V8,MATH,5,5.5,formative_assessment,formative,d2_04_v8,n-a,2,"Model optimization situations with quantities, constraints, and objective functions, then use calculus-based reasoning to identify and justify optimal values.",I can construct an objective function from a context and justify a maximum or minimum with calculus and feasible-domain reasoning.,"AP Topics 5.10, 5.11",product_optimization,numeric,,"Unit 5 Assessment Plan + AP Calculus AB Course Framework; supplied AP Topic scoring guides used for representation and rigor only, with no published wording copied.","Eligibility: after Section 5.5. Formative family 4, version 8."
U5-FA-D3-01-V1,MATH,5,5.1,formative_assessment,formative,d3_01_v1,n-a,3,"Apply the Mean Value Theorem and Extreme Value Theorem with appropriate hypotheses and conclusions, and identify critical points and local or global extrema.",I can verify theorem hypotheses on an interval and use critical points and endpoints to analyze local and absolute extrema.,"AP Topics 5.1, 5.2",theorem_claim_critique,constructed_response,,"Unit 5 Assessment Plan + AP Calculus AB Course Framework; supplied AP Topic scoring guides used for representation and rigor only, with no published wording copied.","Eligibility: after Section 5.1. Formative family 1, version 1."
U5-FA-D3-01-V2,MATH,5,5.1,formative_assessment,formative,d3_01_v2,n-a,3,"Apply the Mean Value Theorem and Extreme Value Theorem with appropriate hypotheses and conclusions, and identify critical points and local or global extrema.",I can verify theorem hypotheses on an interval and use critical points and endpoints to analyze local and absolute extrema.,"AP Topics 5.1, 5.2",theorem_claim_critique,constructed_response,,"Unit 5 Assessment Plan + AP Calculus AB Course Framework; supplied AP Topic scoring guides used for representation and rigor only, with no published wording copied.","Eligibility: after Section 5.1. Formative family 1, version 2."
U5-FA-D3-01-V3,MATH,5,5.1,formative_assessment,formative,d3_01_v3,n-a,3,"Apply the Mean Value Theorem and Extreme Value Theorem with appropriate hypotheses and conclusions, and identify critical points and local or global extrema.",I can verify theorem hypotheses on an interval and use critical points and endpoints to analyze local and absolute extrema.,"AP Topics 5.1, 5.2",theorem_claim_critique,constructed_response,,"Unit 5 Assessment Plan + AP Calculus AB Course Framework; supplied AP Topic scoring guides used for representation and rigor only, with no published wording copied.","Eligibility: after Section 5.1. Formative family 1, version 3."
U5-FA-D3-01-V4,MATH,5,5.1,formative_assessment,formative,d3_01_v4,n-a,3,"Apply the Mean Value Theorem and Extreme Value Theorem with appropriate hypotheses and conclusions, and identify critical points and local or global extrema.",I can verify theorem hypotheses on an interval and use critical points and endpoints to analyze local and absolute extrema.,"AP Topics 5.1, 5.2",theorem_claim_critique,constructed_response,,"Unit 5 Assessment Plan + AP Calculus AB Course Framework; supplied AP Topic scoring guides used for representation and rigor only, with no published wording copied.","Eligibility: after Section 5.1. Formative family 1, version 4."
U5-FA-D3-01-V5,MATH,5,5.1,formative_assessment,formative,d3_01_v5,n-a,3,"Apply the Mean Value Theorem and Extreme Value Theorem with appropriate hypotheses and conclusions, and identify critical points and local or global extrema.",I can verify theorem hypotheses on an interval and use critical points and endpoints to analyze local and absolute extrema.,"AP Topics 5.1, 5.2",theorem_claim_critique,constructed_response,,"Unit 5 Assessment Plan + AP Calculus AB Course Framework; supplied AP Topic scoring guides used for representation and rigor only, with no published wording copied.","Eligibility: after Section 5.1. Formative family 1, version 5."
U5-FA-D3-01-V6,MATH,5,5.1,formative_assessment,formative,d3_01_v6,n-a,3,"Apply the Mean Value Theorem and Extreme Value Theorem with appropriate hypotheses and conclusions, and identify critical points and local or global extrema.",I can verify theorem hypotheses on an interval and use critical points and endpoints to analyze local and absolute extrema.,"AP Topics 5.1, 5.2",theorem_claim_critique,constructed_response,,"Unit 5 Assessment Plan + AP Calculus AB Course Framework; supplied AP Topic scoring guides used for representation and rigor only, with no published wording copied.","Eligibility: after Section 5.1. Formative family 1, version 6."
U5-FA-D3-01-V7,MATH,5,5.1,formative_assessment,formative,d3_01_v7,n-a,3,"Apply the Mean Value Theorem and Extreme Value Theorem with appropriate hypotheses and conclusions, and identify critical points and local or global extrema.",I can verify theorem hypotheses on an interval and use critical points and endpoints to analyze local and absolute extrema.,"AP Topics 5.1, 5.2",theorem_claim_critique,constructed_response,,"Unit 5 Assessment Plan + AP Calculus AB Course Framework; supplied AP Topic scoring guides used for representation and rigor only, with no published wording copied.","Eligibility: after Section 5.1. Formative family 1, version 7."
U5-FA-D3-01-V8,MATH,5,5.1,formative_assessment,formative,d3_01_v8,n-a,3,"Apply the Mean Value Theorem and Extreme Value Theorem with appropriate hypotheses and conclusions, and identify critical points and local or global extrema.",I can verify theorem hypotheses on an interval and use critical points and endpoints to analyze local and absolute extrema.,"AP Topics 5.1, 5.2",theorem_claim_critique,constructed_response,,"Unit 5 Assessment Plan + AP Calculus AB Course Framework; supplied AP Topic scoring guides used for representation and rigor only, with no published wording copied.","Eligibility: after Section 5.1. Formative family 1, version 8."
U5-FA-D3-02-V1,MATH,5,5.4,formative_assessment,formative,d3_02_v1,n-a,3,"Connect the behavior of $f$, $f'$, and $f''$ across graphical, numerical, analytical, and implicit representations.","I can match derivative-related features and predict missing behavior in one representation from information about $f$, $f'$, or $f''$.","AP Topics 5.8, 5.9, 5.12",graph_analysis_strategy,constructed_response,u5_fa_d3_02_v1_strategy_graph.png,"Unit 5 Assessment Plan + AP Calculus AB Course Framework; supplied AP Topic scoring guides used for representation and rigor only, with no published wording copied.","Eligibility: after Section 5.4. Formative family 2, version 1."
U5-FA-D3-02-V2,MATH,5,5.4,formative_assessment,formative,d3_02_v2,n-a,3,"Connect the behavior of $f$, $f'$, and $f''$ across graphical, numerical, analytical, and implicit representations.","I can match derivative-related features and predict missing behavior in one representation from information about $f$, $f'$, or $f''$.","AP Topics 5.8, 5.9, 5.12",graph_analysis_strategy,constructed_response,u5_fa_d3_02_v2_strategy_graph.png,"Unit 5 Assessment Plan + AP Calculus AB Course Framework; supplied AP Topic scoring guides used for representation and rigor only, with no published wording copied.","Eligibility: after Section 5.4. Formative family 2, version 2."
U5-FA-D3-02-V3,MATH,5,5.4,formative_assessment,formative,d3_02_v3,n-a,3,"Connect the behavior of $f$, $f'$, and $f''$ across graphical, numerical, analytical, and implicit representations.","I can match derivative-related features and predict missing behavior in one representation from information about $f$, $f'$, or $f''$.","AP Topics 5.8, 5.9, 5.12",graph_analysis_strategy,constructed_response,u5_fa_d3_02_v3_strategy_graph.png,"Unit 5 Assessment Plan + AP Calculus AB Course Framework; supplied AP Topic scoring guides used for representation and rigor only, with no published wording copied.","Eligibility: after Section 5.4. Formative family 2, version 3."
U5-FA-D3-02-V4,MATH,5,5.4,formative_assessment,formative,d3_02_v4,n-a,3,"Connect the behavior of $f$, $f'$, and $f''$ across graphical, numerical, analytical, and implicit representations.","I can match derivative-related features and predict missing behavior in one representation from information about $f$, $f'$, or $f''$.","AP Topics 5.8, 5.9, 5.12",graph_analysis_strategy,constructed_response,u5_fa_d3_02_v4_strategy_graph.png,"Unit 5 Assessment Plan + AP Calculus AB Course Framework; supplied AP Topic scoring guides used for representation and rigor only, with no published wording copied.","Eligibility: after Section 5.4. Formative family 2, version 4."
U5-FA-D3-02-V5,MATH,5,5.4,formative_assessment,formative,d3_02_v5,n-a,3,"Connect the behavior of $f$, $f'$, and $f''$ across graphical, numerical, analytical, and implicit representations.","I can match derivative-related features and predict missing behavior in one representation from information about $f$, $f'$, or $f''$.","AP Topics 5.8, 5.9, 5.12",graph_analysis_strategy,constructed_response,u5_fa_d3_02_v5_strategy_graph.png,"Unit 5 Assessment Plan + AP Calculus AB Course Framework; supplied AP Topic scoring guides used for representation and rigor only, with no published wording copied.","Eligibility: after Section 5.4. Formative family 2, version 5."
U5-FA-D3-02-V6,MATH,5,5.4,formative_assessment,formative,d3_02_v6,n-a,3,"Connect the behavior of $f$, $f'$, and $f''$ across graphical, numerical, analytical, and implicit representations.","I can match derivative-related features and predict missing behavior in one representation from information about $f$, $f'$, or $f''$.","AP Topics 5.8, 5.9, 5.12",graph_analysis_strategy,constructed_response,u5_fa_d3_02_v6_strategy_graph.png,"Unit 5 Assessment Plan + AP Calculus AB Course Framework; supplied AP Topic scoring guides used for representation and rigor only, with no published wording copied.","Eligibility: after Section 5.4. Formative family 2, version 6."
U5-FA-D3-02-V7,MATH,5,5.4,formative_assessment,formative,d3_02_v7,n-a,3,"Connect the behavior of $f$, $f'$, and $f''$ across graphical, numerical, analytical, and implicit representations.","I can match derivative-related features and predict missing behavior in one representation from information about $f$, $f'$, or $f''$.","AP Topics 5.8, 5.9, 5.12",graph_analysis_strategy,constructed_response,u5_fa_d3_02_v7_strategy_graph.png,"Unit 5 Assessment Plan + AP Calculus AB Course Framework; supplied AP Topic scoring guides used for representation and rigor only, with no published wording copied.","Eligibility: after Section 5.4. Formative family 2, version 7."
U5-FA-D3-02-V8,MATH,5,5.4,formative_assessment,formative,d3_02_v8,n-a,3,"Connect the behavior of $f$, $f'$, and $f''$ across graphical, numerical, analytical, and implicit representations.","I can match derivative-related features and predict missing behavior in one representation from information about $f$, $f'$, or $f''$.","AP Topics 5.8, 5.9, 5.12",graph_analysis_strategy,constructed_response,u5_fa_d3_02_v8_strategy_graph.png,"Unit 5 Assessment Plan + AP Calculus AB Course Framework; supplied AP Topic scoring guides used for representation and rigor only, with no published wording copied.","Eligibility: after Section 5.4. Formative family 2, version 8."
U5-FA-D3-03-V1,MATH,5,5.3,formative_assessment,formative,d3_03_v1,n-a,3,"Use second-derivative information to determine concavity, identify inflection points, and apply the second derivative test when appropriate.",I can analyze concavity from $f''$ and classify extrema using a qualified second derivative test.,"AP Topics 5.6, 5.7",extrema_evidence_comparison,constructed_response,,"Unit 5 Assessment Plan + AP Calculus AB Course Framework; supplied AP Topic scoring guides used for representation and rigor only, with no published wording copied.","Eligibility: after Section 5.3. Formative family 3, version 1."
U5-FA-D3-03-V2,MATH,5,5.3,formative_assessment,formative,d3_03_v2,n-a,3,"Use second-derivative information to determine concavity, identify inflection points, and apply the second derivative test when appropriate.",I can analyze concavity from $f''$ and classify extrema using a qualified second derivative test.,"AP Topics 5.6, 5.7",extrema_evidence_comparison,constructed_response,,"Unit 5 Assessment Plan + AP Calculus AB Course Framework; supplied AP Topic scoring guides used for representation and rigor only, with no published wording copied.","Eligibility: after Section 5.3. Formative family 3, version 2."
U5-FA-D3-03-V3,MATH,5,5.3,formative_assessment,formative,d3_03_v3,n-a,3,"Use second-derivative information to determine concavity, identify inflection points, and apply the second derivative test when appropriate.",I can analyze concavity from $f''$ and classify extrema using a qualified second derivative test.,"AP Topics 5.6, 5.7",extrema_evidence_comparison,constructed_response,,"Unit 5 Assessment Plan + AP Calculus AB Course Framework; supplied AP Topic scoring guides used for representation and rigor only, with no published wording copied.","Eligibility: after Section 5.3. Formative family 3, version 3."
U5-FA-D3-03-V4,MATH,5,5.3,formative_assessment,formative,d3_03_v4,n-a,3,"Use second-derivative information to determine concavity, identify inflection points, and apply the second derivative test when appropriate.",I can analyze concavity from $f''$ and classify extrema using a qualified second derivative test.,"AP Topics 5.6, 5.7",extrema_evidence_comparison,constructed_response,,"Unit 5 Assessment Plan + AP Calculus AB Course Framework; supplied AP Topic scoring guides used for representation and rigor only, with no published wording copied.","Eligibility: after Section 5.3. Formative family 3, version 4."
U5-FA-D3-03-V5,MATH,5,5.3,formative_assessment,formative,d3_03_v5,n-a,3,"Use second-derivative information to determine concavity, identify inflection points, and apply the second derivative test when appropriate.",I can analyze concavity from $f''$ and classify extrema using a qualified second derivative test.,"AP Topics 5.6, 5.7",extrema_evidence_comparison,constructed_response,,"Unit 5 Assessment Plan + AP Calculus AB Course Framework; supplied AP Topic scoring guides used for representation and rigor only, with no published wording copied.","Eligibility: after Section 5.3. Formative family 3, version 5."
U5-FA-D3-03-V6,MATH,5,5.3,formative_assessment,formative,d3_03_v6,n-a,3,"Use second-derivative information to determine concavity, identify inflection points, and apply the second derivative test when appropriate.",I can analyze concavity from $f''$ and classify extrema using a qualified second derivative test.,"AP Topics 5.6, 5.7",extrema_evidence_comparison,constructed_response,,"Unit 5 Assessment Plan + AP Calculus AB Course Framework; supplied AP Topic scoring guides used for representation and rigor only, with no published wording copied.","Eligibility: after Section 5.3. Formative family 3, version 6."
U5-FA-D3-03-V7,MATH,5,5.3,formative_assessment,formative,d3_03_v7,n-a,3,"Use second-derivative information to determine concavity, identify inflection points, and apply the second derivative test when appropriate.",I can analyze concavity from $f''$ and classify extrema using a qualified second derivative test.,"AP Topics 5.6, 5.7",extrema_evidence_comparison,constructed_response,,"Unit 5 Assessment Plan + AP Calculus AB Course Framework; supplied AP Topic scoring guides used for representation and rigor only, with no published wording copied.","Eligibility: after Section 5.3. Formative family 3, version 7."
U5-FA-D3-03-V8,MATH,5,5.3,formative_assessment,formative,d3_03_v8,n-a,3,"Use second-derivative information to determine concavity, identify inflection points, and apply the second derivative test when appropriate.",I can analyze concavity from $f''$ and classify extrema using a qualified second derivative test.,"AP Topics 5.6, 5.7",extrema_evidence_comparison,constructed_response,,"Unit 5 Assessment Plan + AP Calculus AB Course Framework; supplied AP Topic scoring guides used for representation and rigor only, with no published wording copied.","Eligibility: after Section 5.3. Formative family 3, version 8."
U5-FA-D3-04-V1,MATH,5,5.5,formative_assessment,formative,d3_04_v1,n-a,3,"Model optimization situations with quantities, constraints, and objective functions, then use calculus-based reasoning to identify and justify optimal values.",I can construct an objective function from a context and justify a maximum or minimum with calculus and feasible-domain reasoning.,"AP Topics 5.10, 5.11",optimization_model_defense,constructed_response,,"Unit 5 Assessment Plan + AP Calculus AB Course Framework; supplied AP Topic scoring guides used for representation and rigor only, with no published wording copied.","Eligibility: after Section 5.5. Formative family 4, version 1."
U5-FA-D3-04-V2,MATH,5,5.5,formative_assessment,formative,d3_04_v2,n-a,3,"Model optimization situations with quantities, constraints, and objective functions, then use calculus-based reasoning to identify and justify optimal values.",I can construct an objective function from a context and justify a maximum or minimum with calculus and feasible-domain reasoning.,"AP Topics 5.10, 5.11",optimization_model_defense,constructed_response,,"Unit 5 Assessment Plan + AP Calculus AB Course Framework; supplied AP Topic scoring guides used for representation and rigor only, with no published wording copied.","Eligibility: after Section 5.5. Formative family 4, version 2."
U5-FA-D3-04-V3,MATH,5,5.5,formative_assessment,formative,d3_04_v3,n-a,3,"Model optimization situations with quantities, constraints, and objective functions, then use calculus-based reasoning to identify and justify optimal values.",I can construct an objective function from a context and justify a maximum or minimum with calculus and feasible-domain reasoning.,"AP Topics 5.10, 5.11",optimization_model_defense,constructed_response,,"Unit 5 Assessment Plan + AP Calculus AB Course Framework; supplied AP Topic scoring guides used for representation and rigor only, with no published wording copied.","Eligibility: after Section 5.5. Formative family 4, version 3."
U5-FA-D3-04-V4,MATH,5,5.5,formative_assessment,formative,d3_04_v4,n-a,3,"Model optimization situations with quantities, constraints, and objective functions, then use calculus-based reasoning to identify and justify optimal values.",I can construct an objective function from a context and justify a maximum or minimum with calculus and feasible-domain reasoning.,"AP Topics 5.10, 5.11",optimization_model_defense,constructed_response,,"Unit 5 Assessment Plan + AP Calculus AB Course Framework; supplied AP Topic scoring guides used for representation and rigor only, with no published wording copied.","Eligibility: after Section 5.5. Formative family 4, version 4."
U5-FA-D3-04-V5,MATH,5,5.5,formative_assessment,formative,d3_04_v5,n-a,3,"Model optimization situations with quantities, constraints, and objective functions, then use calculus-based reasoning to identify and justify optimal values.",I can construct an objective function from a context and justify a maximum or minimum with calculus and feasible-domain reasoning.,"AP Topics 5.10, 5.11",optimization_model_defense,constructed_response,,"Unit 5 Assessment Plan + AP Calculus AB Course Framework; supplied AP Topic scoring guides used for representation and rigor only, with no published wording copied.","Eligibility: after Section 5.5. Formative family 4, version 5."
U5-FA-D3-04-V6,MATH,5,5.5,formative_assessment,formative,d3_04_v6,n-a,3,"Model optimization situations with quantities, constraints, and objective functions, then use calculus-based reasoning to identify and justify optimal values.",I can construct an objective function from a context and justify a maximum or minimum with calculus and feasible-domain reasoning.,"AP Topics 5.10, 5.11",optimization_model_defense,constructed_response,,"Unit 5 Assessment Plan + AP Calculus AB Course Framework; supplied AP Topic scoring guides used for representation and rigor only, with no published wording copied.","Eligibility: after Section 5.5. Formative family 4, version 6."
U5-FA-D3-04-V7,MATH,5,5.5,formative_assessment,formative,d3_04_v7,n-a,3,"Model optimization situations with quantities, constraints, and objective functions, then use calculus-based reasoning to identify and justify optimal values.",I can construct an objective function from a context and justify a maximum or minimum with calculus and feasible-domain reasoning.,"AP Topics 5.10, 5.11",optimization_model_defense,constructed_response,,"Unit 5 Assessment Plan + AP Calculus AB Course Framework; supplied AP Topic scoring guides used for representation and rigor only, with no published wording copied.","Eligibility: after Section 5.5. Formative family 4, version 7."
U5-FA-D3-04-V8,MATH,5,5.5,formative_assessment,formative,d3_04_v8,n-a,3,"Model optimization situations with quantities, constraints, and objective functions, then use calculus-based reasoning to identify and justify optimal values.",I can construct an objective function from a context and justify a maximum or minimum with calculus and feasible-domain reasoning.,"AP Topics 5.10, 5.11",optimization_model_defense,constructed_response,,"Unit 5 Assessment Plan + AP Calculus AB Course Framework; supplied AP Topic scoring guides used for representation and rigor only, with no published wording copied.","Eligibility: after Section 5.5. Formative family 4, version 8."
U5-FA-D4-01-V1,MATH,5,5.4,formative_assessment,formative,d4_01_v1,performance,4,"Connect the behavior of $f$, $f'$, and $f''$ across graphical, numerical, analytical, and implicit representations.","I can match derivative-related features and predict missing behavior in one representation from information about $f$, $f'$, or $f''$.","AP Topics 5.8, 5.9, 5.12",function_behavior_investigation,performance,,"Unit 5 Assessment Plan + AP Calculus AB Course Framework; supplied AP Topic scoring guides used for representation and rigor only, with no published wording copied.","Eligibility: after Section 5.4. Formative family 1, version 1."
U5-FA-D4-01-V2,MATH,5,5.4,formative_assessment,formative,d4_01_v2,performance,4,"Connect the behavior of $f$, $f'$, and $f''$ across graphical, numerical, analytical, and implicit representations.","I can match derivative-related features and predict missing behavior in one representation from information about $f$, $f'$, or $f''$.","AP Topics 5.8, 5.9, 5.12",function_behavior_investigation,performance,,"Unit 5 Assessment Plan + AP Calculus AB Course Framework; supplied AP Topic scoring guides used for representation and rigor only, with no published wording copied.","Eligibility: after Section 5.4. Formative family 1, version 2."
U5-FA-D4-01-V3,MATH,5,5.4,formative_assessment,formative,d4_01_v3,performance,4,"Connect the behavior of $f$, $f'$, and $f''$ across graphical, numerical, analytical, and implicit representations.","I can match derivative-related features and predict missing behavior in one representation from information about $f$, $f'$, or $f''$.","AP Topics 5.8, 5.9, 5.12",function_behavior_investigation,performance,,"Unit 5 Assessment Plan + AP Calculus AB Course Framework; supplied AP Topic scoring guides used for representation and rigor only, with no published wording copied.","Eligibility: after Section 5.4. Formative family 1, version 3."
U5-FA-D4-01-V4,MATH,5,5.4,formative_assessment,formative,d4_01_v4,performance,4,"Connect the behavior of $f$, $f'$, and $f''$ across graphical, numerical, analytical, and implicit representations.","I can match derivative-related features and predict missing behavior in one representation from information about $f$, $f'$, or $f''$.","AP Topics 5.8, 5.9, 5.12",function_behavior_investigation,performance,,"Unit 5 Assessment Plan + AP Calculus AB Course Framework; supplied AP Topic scoring guides used for representation and rigor only, with no published wording copied.","Eligibility: after Section 5.4. Formative family 1, version 4."
U5-FA-D4-01-V5,MATH,5,5.4,formative_assessment,formative,d4_01_v5,performance,4,"Connect the behavior of $f$, $f'$, and $f''$ across graphical, numerical, analytical, and implicit representations.","I can match derivative-related features and predict missing behavior in one representation from information about $f$, $f'$, or $f''$.","AP Topics 5.8, 5.9, 5.12",function_behavior_investigation,performance,,"Unit 5 Assessment Plan + AP Calculus AB Course Framework; supplied AP Topic scoring guides used for representation and rigor only, with no published wording copied.","Eligibility: after Section 5.4. Formative family 1, version 5."
U5-FA-D4-01-V6,MATH,5,5.4,formative_assessment,formative,d4_01_v6,performance,4,"Connect the behavior of $f$, $f'$, and $f''$ across graphical, numerical, analytical, and implicit representations.","I can match derivative-related features and predict missing behavior in one representation from information about $f$, $f'$, or $f''$.","AP Topics 5.8, 5.9, 5.12",function_behavior_investigation,performance,,"Unit 5 Assessment Plan + AP Calculus AB Course Framework; supplied AP Topic scoring guides used for representation and rigor only, with no published wording copied.","Eligibility: after Section 5.4. Formative family 1, version 6."
U5-FA-D4-01-V7,MATH,5,5.4,formative_assessment,formative,d4_01_v7,performance,4,"Connect the behavior of $f$, $f'$, and $f''$ across graphical, numerical, analytical, and implicit representations.","I can match derivative-related features and predict missing behavior in one representation from information about $f$, $f'$, or $f''$.","AP Topics 5.8, 5.9, 5.12",function_behavior_investigation,performance,,"Unit 5 Assessment Plan + AP Calculus AB Course Framework; supplied AP Topic scoring guides used for representation and rigor only, with no published wording copied.","Eligibility: after Section 5.4. Formative family 1, version 7."
U5-FA-D4-01-V8,MATH,5,5.4,formative_assessment,formative,d4_01_v8,performance,4,"Connect the behavior of $f$, $f'$, and $f''$ across graphical, numerical, analytical, and implicit representations.","I can match derivative-related features and predict missing behavior in one representation from information about $f$, $f'$, or $f''$.","AP Topics 5.8, 5.9, 5.12",function_behavior_investigation,performance,,"Unit 5 Assessment Plan + AP Calculus AB Course Framework; supplied AP Topic scoring guides used for representation and rigor only, with no published wording copied.","Eligibility: after Section 5.4. Formative family 1, version 8."
U5-FA-D4-02-V1,MATH,5,5.1,formative_assessment,formative,d4_02_v1,performance,4,"Apply the Mean Value Theorem and Extreme Value Theorem with appropriate hypotheses and conclusions, and identify critical points and local or global extrema.",I can verify theorem hypotheses on an interval and use critical points and endpoints to analyze local and absolute extrema.,"AP Topics 5.1, 5.2",theorem_performance,performance,,"Unit 5 Assessment Plan + AP Calculus AB Course Framework; supplied AP Topic scoring guides used for representation and rigor only, with no published wording copied.","Eligibility: after Section 5.1. Formative family 2, version 1."
U5-FA-D4-02-V2,MATH,5,5.1,formative_assessment,formative,d4_02_v2,performance,4,"Apply the Mean Value Theorem and Extreme Value Theorem with appropriate hypotheses and conclusions, and identify critical points and local or global extrema.",I can verify theorem hypotheses on an interval and use critical points and endpoints to analyze local and absolute extrema.,"AP Topics 5.1, 5.2",theorem_performance,performance,,"Unit 5 Assessment Plan + AP Calculus AB Course Framework; supplied AP Topic scoring guides used for representation and rigor only, with no published wording copied.","Eligibility: after Section 5.1. Formative family 2, version 2."
U5-FA-D4-02-V3,MATH,5,5.1,formative_assessment,formative,d4_02_v3,performance,4,"Apply the Mean Value Theorem and Extreme Value Theorem with appropriate hypotheses and conclusions, and identify critical points and local or global extrema.",I can verify theorem hypotheses on an interval and use critical points and endpoints to analyze local and absolute extrema.,"AP Topics 5.1, 5.2",theorem_performance,performance,,"Unit 5 Assessment Plan + AP Calculus AB Course Framework; supplied AP Topic scoring guides used for representation and rigor only, with no published wording copied.","Eligibility: after Section 5.1. Formative family 2, version 3."
U5-FA-D4-02-V4,MATH,5,5.1,formative_assessment,formative,d4_02_v4,performance,4,"Apply the Mean Value Theorem and Extreme Value Theorem with appropriate hypotheses and conclusions, and identify critical points and local or global extrema.",I can verify theorem hypotheses on an interval and use critical points and endpoints to analyze local and absolute extrema.,"AP Topics 5.1, 5.2",theorem_performance,performance,,"Unit 5 Assessment Plan + AP Calculus AB Course Framework; supplied AP Topic scoring guides used for representation and rigor only, with no published wording copied.","Eligibility: after Section 5.1. Formative family 2, version 4."
U5-FA-D4-02-V5,MATH,5,5.1,formative_assessment,formative,d4_02_v5,performance,4,"Apply the Mean Value Theorem and Extreme Value Theorem with appropriate hypotheses and conclusions, and identify critical points and local or global extrema.",I can verify theorem hypotheses on an interval and use critical points and endpoints to analyze local and absolute extrema.,"AP Topics 5.1, 5.2",theorem_performance,performance,,"Unit 5 Assessment Plan + AP Calculus AB Course Framework; supplied AP Topic scoring guides used for representation and rigor only, with no published wording copied.","Eligibility: after Section 5.1. Formative family 2, version 5."
U5-FA-D4-02-V6,MATH,5,5.1,formative_assessment,formative,d4_02_v6,performance,4,"Apply the Mean Value Theorem and Extreme Value Theorem with appropriate hypotheses and conclusions, and identify critical points and local or global extrema.",I can verify theorem hypotheses on an interval and use critical points and endpoints to analyze local and absolute extrema.,"AP Topics 5.1, 5.2",theorem_performance,performance,,"Unit 5 Assessment Plan + AP Calculus AB Course Framework; supplied AP Topic scoring guides used for representation and rigor only, with no published wording copied.","Eligibility: after Section 5.1. Formative family 2, version 6."
U5-FA-D4-02-V7,MATH,5,5.1,formative_assessment,formative,d4_02_v7,performance,4,"Apply the Mean Value Theorem and Extreme Value Theorem with appropriate hypotheses and conclusions, and identify critical points and local or global extrema.",I can verify theorem hypotheses on an interval and use critical points and endpoints to analyze local and absolute extrema.,"AP Topics 5.1, 5.2",theorem_performance,performance,,"Unit 5 Assessment Plan + AP Calculus AB Course Framework; supplied AP Topic scoring guides used for representation and rigor only, with no published wording copied.","Eligibility: after Section 5.1. Formative family 2, version 7."
U5-FA-D4-02-V8,MATH,5,5.1,formative_assessment,formative,d4_02_v8,performance,4,"Apply the Mean Value Theorem and Extreme Value Theorem with appropriate hypotheses and conclusions, and identify critical points and local or global extrema.",I can verify theorem hypotheses on an interval and use critical points and endpoints to analyze local and absolute extrema.,"AP Topics 5.1, 5.2",theorem_performance,performance,,"Unit 5 Assessment Plan + AP Calculus AB Course Framework; supplied AP Topic scoring guides used for representation and rigor only, with no published wording copied.","Eligibility: after Section 5.1. Formative family 2, version 8."
U5-FA-D4-03-V1,MATH,5,5.5,formative_assessment,formative,d4_03_v1,performance,4,"Model optimization situations with quantities, constraints, and objective functions, then use calculus-based reasoning to identify and justify optimal values.",I can construct an objective function from a context and justify a maximum or minimum with calculus and feasible-domain reasoning.,"AP Topics 5.10, 5.11",optimization_design_task,performance,,"Unit 5 Assessment Plan + AP Calculus AB Course Framework; supplied AP Topic scoring guides used for representation and rigor only, with no published wording copied.","Eligibility: after Section 5.5. Formative family 3, version 1."
U5-FA-D4-03-V2,MATH,5,5.5,formative_assessment,formative,d4_03_v2,performance,4,"Model optimization situations with quantities, constraints, and objective functions, then use calculus-based reasoning to identify and justify optimal values.",I can construct an objective function from a context and justify a maximum or minimum with calculus and feasible-domain reasoning.,"AP Topics 5.10, 5.11",optimization_design_task,performance,,"Unit 5 Assessment Plan + AP Calculus AB Course Framework; supplied AP Topic scoring guides used for representation and rigor only, with no published wording copied.","Eligibility: after Section 5.5. Formative family 3, version 2."
U5-FA-D4-03-V3,MATH,5,5.5,formative_assessment,formative,d4_03_v3,performance,4,"Model optimization situations with quantities, constraints, and objective functions, then use calculus-based reasoning to identify and justify optimal values.",I can construct an objective function from a context and justify a maximum or minimum with calculus and feasible-domain reasoning.,"AP Topics 5.10, 5.11",optimization_design_task,performance,,"Unit 5 Assessment Plan + AP Calculus AB Course Framework; supplied AP Topic scoring guides used for representation and rigor only, with no published wording copied.","Eligibility: after Section 5.5. Formative family 3, version 3."
U5-FA-D4-03-V4,MATH,5,5.5,formative_assessment,formative,d4_03_v4,performance,4,"Model optimization situations with quantities, constraints, and objective functions, then use calculus-based reasoning to identify and justify optimal values.",I can construct an objective function from a context and justify a maximum or minimum with calculus and feasible-domain reasoning.,"AP Topics 5.10, 5.11",optimization_design_task,performance,,"Unit 5 Assessment Plan + AP Calculus AB Course Framework; supplied AP Topic scoring guides used for representation and rigor only, with no published wording copied.","Eligibility: after Section 5.5. Formative family 3, version 4."
U5-FA-D4-03-V5,MATH,5,5.5,formative_assessment,formative,d4_03_v5,performance,4,"Model optimization situations with quantities, constraints, and objective functions, then use calculus-based reasoning to identify and justify optimal values.",I can construct an objective function from a context and justify a maximum or minimum with calculus and feasible-domain reasoning.,"AP Topics 5.10, 5.11",optimization_design_task,performance,,"Unit 5 Assessment Plan + AP Calculus AB Course Framework; supplied AP Topic scoring guides used for representation and rigor only, with no published wording copied.","Eligibility: after Section 5.5. Formative family 3, version 5."
U5-FA-D4-03-V6,MATH,5,5.5,formative_assessment,formative,d4_03_v6,performance,4,"Model optimization situations with quantities, constraints, and objective functions, then use calculus-based reasoning to identify and justify optimal values.",I can construct an objective function from a context and justify a maximum or minimum with calculus and feasible-domain reasoning.,"AP Topics 5.10, 5.11",optimization_design_task,performance,,"Unit 5 Assessment Plan + AP Calculus AB Course Framework; supplied AP Topic scoring guides used for representation and rigor only, with no published wording copied.","Eligibility: after Section 5.5. Formative family 3, version 6."
U5-FA-D4-03-V7,MATH,5,5.5,formative_assessment,formative,d4_03_v7,performance,4,"Model optimization situations with quantities, constraints, and objective functions, then use calculus-based reasoning to identify and justify optimal values.",I can construct an objective function from a context and justify a maximum or minimum with calculus and feasible-domain reasoning.,"AP Topics 5.10, 5.11",optimization_design_task,performance,,"Unit 5 Assessment Plan + AP Calculus AB Course Framework; supplied AP Topic scoring guides used for representation and rigor only, with no published wording copied.","Eligibility: after Section 5.5. Formative family 3, version 7."
U5-FA-D4-03-V8,MATH,5,5.5,formative_assessment,formative,d4_03_v8,performance,4,"Model optimization situations with quantities, constraints, and objective functions, then use calculus-based reasoning to identify and justify optimal values.",I can construct an objective function from a context and justify a maximum or minimum with calculus and feasible-domain reasoning.,"AP Topics 5.10, 5.11",optimization_design_task,performance,,"Unit 5 Assessment Plan + AP Calculus AB Course Framework; supplied AP Topic scoring guides used for representation and rigor only, with no published wording copied.","Eligibility: after Section 5.5. Formative family 3, version 8."
U5-FA-D4-04-V1,MATH,5,5.4,formative_assessment,formative,d4_04_v1,performance,4,"Connect the behavior of $f$, $f'$, and $f''$ across graphical, numerical, analytical, and implicit representations.","I can match derivative-related features and predict missing behavior in one representation from information about $f$, $f'$, or $f''$.","AP Topics 5.8, 5.9, 5.12",graph_reconstruction_performance,performance,,"Unit 5 Assessment Plan + AP Calculus AB Course Framework; supplied AP Topic scoring guides used for representation and rigor only, with no published wording copied.","Eligibility: after Section 5.4. Formative family 4, version 1."
U5-FA-D4-04-V2,MATH,5,5.4,formative_assessment,formative,d4_04_v2,performance,4,"Connect the behavior of $f$, $f'$, and $f''$ across graphical, numerical, analytical, and implicit representations.","I can match derivative-related features and predict missing behavior in one representation from information about $f$, $f'$, or $f''$.","AP Topics 5.8, 5.9, 5.12",graph_reconstruction_performance,performance,,"Unit 5 Assessment Plan + AP Calculus AB Course Framework; supplied AP Topic scoring guides used for representation and rigor only, with no published wording copied.","Eligibility: after Section 5.4. Formative family 4, version 2."
U5-FA-D4-04-V3,MATH,5,5.4,formative_assessment,formative,d4_04_v3,performance,4,"Connect the behavior of $f$, $f'$, and $f''$ across graphical, numerical, analytical, and implicit representations.","I can match derivative-related features and predict missing behavior in one representation from information about $f$, $f'$, or $f''$.","AP Topics 5.8, 5.9, 5.12",graph_reconstruction_performance,performance,,"Unit 5 Assessment Plan + AP Calculus AB Course Framework; supplied AP Topic scoring guides used for representation and rigor only, with no published wording copied.","Eligibility: after Section 5.4. Formative family 4, version 3."
U5-FA-D4-04-V4,MATH,5,5.4,formative_assessment,formative,d4_04_v4,performance,4,"Connect the behavior of $f$, $f'$, and $f''$ across graphical, numerical, analytical, and implicit representations.","I can match derivative-related features and predict missing behavior in one representation from information about $f$, $f'$, or $f''$.","AP Topics 5.8, 5.9, 5.12",graph_reconstruction_performance,performance,,"Unit 5 Assessment Plan + AP Calculus AB Course Framework; supplied AP Topic scoring guides used for representation and rigor only, with no published wording copied.","Eligibility: after Section 5.4. Formative family 4, version 4."
U5-FA-D4-04-V5,MATH,5,5.4,formative_assessment,formative,d4_04_v5,performance,4,"Connect the behavior of $f$, $f'$, and $f''$ across graphical, numerical, analytical, and implicit representations.","I can match derivative-related features and predict missing behavior in one representation from information about $f$, $f'$, or $f''$.","AP Topics 5.8, 5.9, 5.12",graph_reconstruction_performance,performance,,"Unit 5 Assessment Plan + AP Calculus AB Course Framework; supplied AP Topic scoring guides used for representation and rigor only, with no published wording copied.","Eligibility: after Section 5.4. Formative family 4, version 5."
U5-FA-D4-04-V6,MATH,5,5.4,formative_assessment,formative,d4_04_v6,performance,4,"Connect the behavior of $f$, $f'$, and $f''$ across graphical, numerical, analytical, and implicit representations.","I can match derivative-related features and predict missing behavior in one representation from information about $f$, $f'$, or $f''$.","AP Topics 5.8, 5.9, 5.12",graph_reconstruction_performance,performance,,"Unit 5 Assessment Plan + AP Calculus AB Course Framework; supplied AP Topic scoring guides used for representation and rigor only, with no published wording copied.","Eligibility: after Section 5.4. Formative family 4, version 6."
U5-FA-D4-04-V7,MATH,5,5.4,formative_assessment,formative,d4_04_v7,performance,4,"Connect the behavior of $f$, $f'$, and $f''$ across graphical, numerical, analytical, and implicit representations.","I can match derivative-related features and predict missing behavior in one representation from information about $f$, $f'$, or $f''$.","AP Topics 5.8, 5.9, 5.12",graph_reconstruction_performance,performance,,"Unit 5 Assessment Plan + AP Calculus AB Course Framework; supplied AP Topic scoring guides used for representation and rigor only, with no published wording copied.","Eligibility: after Section 5.4. Formative family 4, version 7."
U5-FA-D4-04-V8,MATH,5,5.4,formative_assessment,formative,d4_04_v8,performance,4,"Connect the behavior of $f$, $f'$, and $f''$ across graphical, numerical, analytical, and implicit representations.","I can match derivative-related features and predict missing behavior in one representation from information about $f$, $f'$, or $f''$.","AP Topics 5.8, 5.9, 5.12",graph_reconstruction_performance,performance,,"Unit 5 Assessment Plan + AP Calculus AB Course Framework; supplied AP Topic scoring guides used for representation and rigor only, with no published wording copied.","Eligibility: after Section 5.4. Formative family 4, version 8."
U5-SUM-V1-Q01,MATH,5,5.1,summative_assessment,summative,v1_q01,unit-synthesis,1,"Apply the Mean Value Theorem and Extreme Value Theorem with appropriate hypotheses and conclusions, and identify critical points and local or global extrema.",I can verify theorem hypotheses on an interval and use critical points and endpoints to analyze local and absolute extrema.,"AP Topics 5.1, 5.2",theorem_conditions,multiple_choice,,"Unit 5 Assessment Plan + AP Calculus AB Course Framework; supplied AP Topic scoring guides used for representation and rigor only, with no published wording copied.",AP-style mixed selected/constructed response source; no published question text copied.
U5-SUM-V1-Q02,MATH,5,5.1,summative_assessment,summative,v1_q02,unit-synthesis,2,"Apply the Mean Value Theorem and Extreme Value Theorem with appropriate hypotheses and conclusions, and identify critical points and local or global extrema.",I can verify theorem hypotheses on an interval and use critical points and endpoints to analyze local and absolute extrema.,"AP Topics 5.1, 5.2",mvt_application,constructed_response,,"Unit 5 Assessment Plan + AP Calculus AB Course Framework; supplied AP Topic scoring guides used for representation and rigor only, with no published wording copied.",AP-style mixed selected/constructed response source; no published question text copied.
U5-SUM-V1-Q03,MATH,5,5.1,summative_assessment,summative,v1_q03,unit-synthesis,1,"Apply the Mean Value Theorem and Extreme Value Theorem with appropriate hypotheses and conclusions, and identify critical points and local or global extrema.",I can verify theorem hypotheses on an interval and use critical points and endpoints to analyze local and absolute extrema.,"AP Topics 5.1, 5.2",critical_numbers,multiple_choice,,"Unit 5 Assessment Plan + AP Calculus AB Course Framework; supplied AP Topic scoring guides used for representation and rigor only, with no published wording copied.",AP-style mixed selected/constructed response source; no published question text copied.
U5-SUM-V1-Q04,MATH,5,5.1,summative_assessment,summative,v1_q04,unit-synthesis,3,"Apply the Mean Value Theorem and Extreme Value Theorem with appropriate hypotheses and conclusions, and identify critical points and local or global extrema.",I can verify theorem hypotheses on an interval and use critical points and endpoints to analyze local and absolute extrema.,"AP Topics 5.1, 5.2",evt_claim_critique,constructed_response,,"Unit 5 Assessment Plan + AP Calculus AB Course Framework; supplied AP Topic scoring guides used for representation and rigor only, with no published wording copied.",AP-style mixed selected/constructed response source; no published question text copied.
U5-SUM-V1-Q05,MATH,5,5.2,summative_assessment,summative,v1_q05,unit-synthesis,2,Use the sign of the first derivative to determine intervals of increase/decrease and classify local extrema with the first derivative test.,I can build and interpret a first-derivative sign chart and justify local extrema from derivative sign changes.,"AP Topics 5.3, 5.4",increasing_intervals,multiple_choice,,"Unit 5 Assessment Plan + AP Calculus AB Course Framework; supplied AP Topic scoring guides used for representation and rigor only, with no published wording copied.",AP-style mixed selected/constructed response source; no published question text copied.
U5-SUM-V1-Q06,MATH,5,5.2,summative_assessment,summative,v1_q06,unit-synthesis,2,Use the sign of the first derivative to determine intervals of increase/decrease and classify local extrema with the first derivative test.,I can build and interpret a first-derivative sign chart and justify local extrema from derivative sign changes.,"AP Topics 5.3, 5.4",first_derivative_test,constructed_response,,"Unit 5 Assessment Plan + AP Calculus AB Course Framework; supplied AP Topic scoring guides used for representation and rigor only, with no published wording copied.",AP-style mixed selected/constructed response source; no published question text copied.
U5-SUM-V1-Q07,MATH,5,5.2,summative_assessment,summative,v1_q07,unit-synthesis,2,Use the sign of the first derivative to determine intervals of increase/decrease and classify local extrema with the first derivative test.,I can build and interpret a first-derivative sign chart and justify local extrema from derivative sign changes.,"AP Topics 5.3, 5.4",graph_sign_interpretation,multiple_choice,u5_sum_v1_q07_sum_fprime.png,"Unit 5 Assessment Plan + AP Calculus AB Course Framework; supplied AP Topic scoring guides used for representation and rigor only, with no published wording copied.",AP-style mixed selected/constructed response source; no published question text copied.
U5-SUM-V1-Q08,MATH,5,5.2,summative_assessment,summative,v1_q08,unit-synthesis,3,Use the sign of the first derivative to determine intervals of increase/decrease and classify local extrema with the first derivative test.,I can build and interpret a first-derivative sign chart and justify local extrema from derivative sign changes.,"AP Topics 5.3, 5.4",extrema_evidence_strategy,constructed_response,,"Unit 5 Assessment Plan + AP Calculus AB Course Framework; supplied AP Topic scoring guides used for representation and rigor only, with no published wording copied.",AP-style mixed selected/constructed response source; no published question text copied.
U5-SUM-V1-Q09,MATH,5,5.3,summative_assessment,summative,v1_q09,unit-synthesis,2,"Use second-derivative information to determine concavity, identify inflection points, and apply the second derivative test when appropriate.",I can analyze concavity from $f''$ and classify extrema using a qualified second derivative test.,"AP Topics 5.6, 5.7",concavity_intervals,multiple_choice,,"Unit 5 Assessment Plan + AP Calculus AB Course Framework; supplied AP Topic scoring guides used for representation and rigor only, with no published wording copied.",AP-style mixed selected/constructed response source; no published question text copied.
U5-SUM-V1-Q10,MATH,5,5.3,summative_assessment,summative,v1_q10,unit-synthesis,2,"Use second-derivative information to determine concavity, identify inflection points, and apply the second derivative test when appropriate.",I can analyze concavity from $f''$ and classify extrema using a qualified second derivative test.,"AP Topics 5.6, 5.7",second_derivative_test,multiple_choice,,"Unit 5 Assessment Plan + AP Calculus AB Course Framework; supplied AP Topic scoring guides used for representation and rigor only, with no published wording copied.",AP-style mixed selected/constructed response source; no published question text copied.
U5-SUM-V1-Q11,MATH,5,5.3,summative_assessment,summative,v1_q11,unit-synthesis,2,"Use second-derivative information to determine concavity, identify inflection points, and apply the second derivative test when appropriate.",I can analyze concavity from $f''$ and classify extrema using a qualified second derivative test.,"AP Topics 5.6, 5.7",second_derivative_graph,constructed_response,u5_sum_v1_q11_sum_fdoubleprime.png,"Unit 5 Assessment Plan + AP Calculus AB Course Framework; supplied AP Topic scoring guides used for representation and rigor only, with no published wording copied.",AP-style mixed selected/constructed response source; no published question text copied.
U5-SUM-V1-Q12,MATH,5,5.3,summative_assessment,summative,v1_q12,unit-synthesis,3,"Use second-derivative information to determine concavity, identify inflection points, and apply the second derivative test when appropriate.",I can analyze concavity from $f''$ and classify extrema using a qualified second derivative test.,"AP Topics 5.6, 5.7",derivative_test_strategy,constructed_response,,"Unit 5 Assessment Plan + AP Calculus AB Course Framework; supplied AP Topic scoring guides used for representation and rigor only, with no published wording copied.",AP-style mixed selected/constructed response source; no published question text copied.
U5-SUM-V1-Q13,MATH,5,5.4,summative_assessment,summative,v1_q13,unit-synthesis,1,"Connect the behavior of $f$, $f'$, and $f''$ across graphical, numerical, analytical, and implicit representations.","I can match derivative-related features and predict missing behavior in one representation from information about $f$, $f'$, or $f''$.","AP Topics 5.8, 5.9, 5.12",derivative_connection,multiple_choice,,"Unit 5 Assessment Plan + AP Calculus AB Course Framework; supplied AP Topic scoring guides used for representation and rigor only, with no published wording copied.",AP-style mixed selected/constructed response source; no published question text copied.
U5-SUM-V1-Q14,MATH,5,5.4,summative_assessment,summative,v1_q14,unit-synthesis,1,"Connect the behavior of $f$, $f'$, and $f''$ across graphical, numerical, analytical, and implicit representations.","I can match derivative-related features and predict missing behavior in one representation from information about $f$, $f'$, or $f''$.","AP Topics 5.8, 5.9, 5.12",fprime_feature_match,multiple_choice,,"Unit 5 Assessment Plan + AP Calculus AB Course Framework; supplied AP Topic scoring guides used for representation and rigor only, with no published wording copied.",AP-style mixed selected/constructed response source; no published question text copied.
U5-SUM-V1-Q15,MATH,5,5.4,summative_assessment,summative,v1_q15,unit-synthesis,2,"Connect the behavior of $f$, $f'$, and $f''$ across graphical, numerical, analytical, and implicit representations.","I can match derivative-related features and predict missing behavior in one representation from information about $f$, $f'$, or $f''$.","AP Topics 5.8, 5.9, 5.12",table_representation_connection,constructed_response,,"Unit 5 Assessment Plan + AP Calculus AB Course Framework; supplied AP Topic scoring guides used for representation and rigor only, with no published wording copied.",AP-style mixed selected/constructed response source; no published question text copied.
U5-SUM-V1-Q16,MATH,5,5.4,summative_assessment,summative,v1_q16,unit-synthesis,3,"Connect the behavior of $f$, $f'$, and $f''$ across graphical, numerical, analytical, and implicit representations.","I can match derivative-related features and predict missing behavior in one representation from information about $f$, $f'$, or $f''$.","AP Topics 5.8, 5.9, 5.12",representation_synthesis,constructed_response,u5_sum_v1_q16_sum_connection.png,"Unit 5 Assessment Plan + AP Calculus AB Course Framework; supplied AP Topic scoring guides used for representation and rigor only, with no published wording copied.",AP-style mixed selected/constructed response source; no published question text copied.
U5-SUM-V1-Q17,MATH,5,5.5,summative_assessment,summative,v1_q17,unit-synthesis,2,"Model optimization situations with quantities, constraints, and objective functions, then use calculus-based reasoning to identify and justify optimal values.",I can construct an objective function from a context and justify a maximum or minimum with calculus and feasible-domain reasoning.,"AP Topics 5.10, 5.11",optimization_model,multiple_choice,,"Unit 5 Assessment Plan + AP Calculus AB Course Framework; supplied AP Topic scoring guides used for representation and rigor only, with no published wording copied.",AP-style mixed selected/constructed response source; no published question text copied.
U5-SUM-V1-Q18,MATH,5,5.5,summative_assessment,summative,v1_q18,unit-synthesis,2,"Model optimization situations with quantities, constraints, and objective functions, then use calculus-based reasoning to identify and justify optimal values.",I can construct an objective function from a context and justify a maximum or minimum with calculus and feasible-domain reasoning.,"AP Topics 5.10, 5.11",optimization_solve,multiple_choice,,"Unit 5 Assessment Plan + AP Calculus AB Course Framework; supplied AP Topic scoring guides used for representation and rigor only, with no published wording copied.",AP-style mixed selected/constructed response source; no published question text copied.
U5-SUM-V1-Q19,MATH,5,5.5,summative_assessment,summative,v1_q19,unit-synthesis,2,"Model optimization situations with quantities, constraints, and objective functions, then use calculus-based reasoning to identify and justify optimal values.",I can construct an objective function from a context and justify a maximum or minimum with calculus and feasible-domain reasoning.,"AP Topics 5.10, 5.11",box_optimization,constructed_response,,"Unit 5 Assessment Plan + AP Calculus AB Course Framework; supplied AP Topic scoring guides used for representation and rigor only, with no published wording copied.",AP-style mixed selected/constructed response source; no published question text copied.
U5-SUM-V1-Q20,MATH,5,5.5,summative_assessment,summative,v1_q20,unit-synthesis,3,"Model optimization situations with quantities, constraints, and objective functions, then use calculus-based reasoning to identify and justify optimal values.",I can construct an objective function from a context and justify a maximum or minimum with calculus and feasible-domain reasoning.,"AP Topics 5.10, 5.11",optimization_model_defense,constructed_response,,"Unit 5 Assessment Plan + AP Calculus AB Course Framework; supplied AP Topic scoring guides used for representation and rigor only, with no published wording copied.",AP-style mixed selected/constructed response source; no published question text copied.
U5-SUM-V2-Q01,MATH,5,5.1,summative_assessment,summative,v2_q01,unit-synthesis,1,"Apply the Mean Value Theorem and Extreme Value Theorem with appropriate hypotheses and conclusions, and identify critical points and local or global extrema.",I can verify theorem hypotheses on an interval and use critical points and endpoints to analyze local and absolute extrema.,"AP Topics 5.1, 5.2",theorem_conditions,multiple_choice,,"Unit 5 Assessment Plan + AP Calculus AB Course Framework; supplied AP Topic scoring guides used for representation and rigor only, with no published wording copied.",AP-style mixed selected/constructed response source; no published question text copied.
U5-SUM-V2-Q02,MATH,5,5.1,summative_assessment,summative,v2_q02,unit-synthesis,2,"Apply the Mean Value Theorem and Extreme Value Theorem with appropriate hypotheses and conclusions, and identify critical points and local or global extrema.",I can verify theorem hypotheses on an interval and use critical points and endpoints to analyze local and absolute extrema.,"AP Topics 5.1, 5.2",mvt_application,constructed_response,,"Unit 5 Assessment Plan + AP Calculus AB Course Framework; supplied AP Topic scoring guides used for representation and rigor only, with no published wording copied.",AP-style mixed selected/constructed response source; no published question text copied.
U5-SUM-V2-Q03,MATH,5,5.1,summative_assessment,summative,v2_q03,unit-synthesis,1,"Apply the Mean Value Theorem and Extreme Value Theorem with appropriate hypotheses and conclusions, and identify critical points and local or global extrema.",I can verify theorem hypotheses on an interval and use critical points and endpoints to analyze local and absolute extrema.,"AP Topics 5.1, 5.2",critical_numbers,multiple_choice,,"Unit 5 Assessment Plan + AP Calculus AB Course Framework; supplied AP Topic scoring guides used for representation and rigor only, with no published wording copied.",AP-style mixed selected/constructed response source; no published question text copied.
U5-SUM-V2-Q04,MATH,5,5.1,summative_assessment,summative,v2_q04,unit-synthesis,3,"Apply the Mean Value Theorem and Extreme Value Theorem with appropriate hypotheses and conclusions, and identify critical points and local or global extrema.",I can verify theorem hypotheses on an interval and use critical points and endpoints to analyze local and absolute extrema.,"AP Topics 5.1, 5.2",evt_claim_critique,constructed_response,,"Unit 5 Assessment Plan + AP Calculus AB Course Framework; supplied AP Topic scoring guides used for representation and rigor only, with no published wording copied.",AP-style mixed selected/constructed response source; no published question text copied.
U5-SUM-V2-Q05,MATH,5,5.2,summative_assessment,summative,v2_q05,unit-synthesis,2,Use the sign of the first derivative to determine intervals of increase/decrease and classify local extrema with the first derivative test.,I can build and interpret a first-derivative sign chart and justify local extrema from derivative sign changes.,"AP Topics 5.3, 5.4",increasing_intervals,multiple_choice,,"Unit 5 Assessment Plan + AP Calculus AB Course Framework; supplied AP Topic scoring guides used for representation and rigor only, with no published wording copied.",AP-style mixed selected/constructed response source; no published question text copied.
U5-SUM-V2-Q06,MATH,5,5.2,summative_assessment,summative,v2_q06,unit-synthesis,2,Use the sign of the first derivative to determine intervals of increase/decrease and classify local extrema with the first derivative test.,I can build and interpret a first-derivative sign chart and justify local extrema from derivative sign changes.,"AP Topics 5.3, 5.4",first_derivative_test,constructed_response,,"Unit 5 Assessment Plan + AP Calculus AB Course Framework; supplied AP Topic scoring guides used for representation and rigor only, with no published wording copied.",AP-style mixed selected/constructed response source; no published question text copied.
U5-SUM-V2-Q07,MATH,5,5.2,summative_assessment,summative,v2_q07,unit-synthesis,2,Use the sign of the first derivative to determine intervals of increase/decrease and classify local extrema with the first derivative test.,I can build and interpret a first-derivative sign chart and justify local extrema from derivative sign changes.,"AP Topics 5.3, 5.4",graph_sign_interpretation,multiple_choice,u5_sum_v2_q07_sum_fprime.png,"Unit 5 Assessment Plan + AP Calculus AB Course Framework; supplied AP Topic scoring guides used for representation and rigor only, with no published wording copied.",AP-style mixed selected/constructed response source; no published question text copied.
U5-SUM-V2-Q08,MATH,5,5.2,summative_assessment,summative,v2_q08,unit-synthesis,3,Use the sign of the first derivative to determine intervals of increase/decrease and classify local extrema with the first derivative test.,I can build and interpret a first-derivative sign chart and justify local extrema from derivative sign changes.,"AP Topics 5.3, 5.4",extrema_evidence_strategy,constructed_response,,"Unit 5 Assessment Plan + AP Calculus AB Course Framework; supplied AP Topic scoring guides used for representation and rigor only, with no published wording copied.",AP-style mixed selected/constructed response source; no published question text copied.
U5-SUM-V2-Q09,MATH,5,5.3,summative_assessment,summative,v2_q09,unit-synthesis,2,"Use second-derivative information to determine concavity, identify inflection points, and apply the second derivative test when appropriate.",I can analyze concavity from $f''$ and classify extrema using a qualified second derivative test.,"AP Topics 5.6, 5.7",concavity_intervals,multiple_choice,,"Unit 5 Assessment Plan + AP Calculus AB Course Framework; supplied AP Topic scoring guides used for representation and rigor only, with no published wording copied.",AP-style mixed selected/constructed response source; no published question text copied.
U5-SUM-V2-Q10,MATH,5,5.3,summative_assessment,summative,v2_q10,unit-synthesis,2,"Use second-derivative information to determine concavity, identify inflection points, and apply the second derivative test when appropriate.",I can analyze concavity from $f''$ and classify extrema using a qualified second derivative test.,"AP Topics 5.6, 5.7",second_derivative_test,multiple_choice,,"Unit 5 Assessment Plan + AP Calculus AB Course Framework; supplied AP Topic scoring guides used for representation and rigor only, with no published wording copied.",AP-style mixed selected/constructed response source; no published question text copied.
U5-SUM-V2-Q11,MATH,5,5.3,summative_assessment,summative,v2_q11,unit-synthesis,2,"Use second-derivative information to determine concavity, identify inflection points, and apply the second derivative test when appropriate.",I can analyze concavity from $f''$ and classify extrema using a qualified second derivative test.,"AP Topics 5.6, 5.7",second_derivative_graph,constructed_response,u5_sum_v2_q11_sum_fdoubleprime.png,"Unit 5 Assessment Plan + AP Calculus AB Course Framework; supplied AP Topic scoring guides used for representation and rigor only, with no published wording copied.",AP-style mixed selected/constructed response source; no published question text copied.
U5-SUM-V2-Q12,MATH,5,5.3,summative_assessment,summative,v2_q12,unit-synthesis,3,"Use second-derivative information to determine concavity, identify inflection points, and apply the second derivative test when appropriate.",I can analyze concavity from $f''$ and classify extrema using a qualified second derivative test.,"AP Topics 5.6, 5.7",derivative_test_strategy,constructed_response,,"Unit 5 Assessment Plan + AP Calculus AB Course Framework; supplied AP Topic scoring guides used for representation and rigor only, with no published wording copied.",AP-style mixed selected/constructed response source; no published question text copied.
U5-SUM-V2-Q13,MATH,5,5.4,summative_assessment,summative,v2_q13,unit-synthesis,1,"Connect the behavior of $f$, $f'$, and $f''$ across graphical, numerical, analytical, and implicit representations.","I can match derivative-related features and predict missing behavior in one representation from information about $f$, $f'$, or $f''$.","AP Topics 5.8, 5.9, 5.12",derivative_connection,multiple_choice,,"Unit 5 Assessment Plan + AP Calculus AB Course Framework; supplied AP Topic scoring guides used for representation and rigor only, with no published wording copied.",AP-style mixed selected/constructed response source; no published question text copied.
U5-SUM-V2-Q14,MATH,5,5.4,summative_assessment,summative,v2_q14,unit-synthesis,1,"Connect the behavior of $f$, $f'$, and $f''$ across graphical, numerical, analytical, and implicit representations.","I can match derivative-related features and predict missing behavior in one representation from information about $f$, $f'$, or $f''$.","AP Topics 5.8, 5.9, 5.12",fprime_feature_match,multiple_choice,,"Unit 5 Assessment Plan + AP Calculus AB Course Framework; supplied AP Topic scoring guides used for representation and rigor only, with no published wording copied.",AP-style mixed selected/constructed response source; no published question text copied.
U5-SUM-V2-Q15,MATH,5,5.4,summative_assessment,summative,v2_q15,unit-synthesis,2,"Connect the behavior of $f$, $f'$, and $f''$ across graphical, numerical, analytical, and implicit representations.","I can match derivative-related features and predict missing behavior in one representation from information about $f$, $f'$, or $f''$.","AP Topics 5.8, 5.9, 5.12",table_representation_connection,constructed_response,,"Unit 5 Assessment Plan + AP Calculus AB Course Framework; supplied AP Topic scoring guides used for representation and rigor only, with no published wording copied.",AP-style mixed selected/constructed response source; no published question text copied.
U5-SUM-V2-Q16,MATH,5,5.4,summative_assessment,summative,v2_q16,unit-synthesis,3,"Connect the behavior of $f$, $f'$, and $f''$ across graphical, numerical, analytical, and implicit representations.","I can match derivative-related features and predict missing behavior in one representation from information about $f$, $f'$, or $f''$.","AP Topics 5.8, 5.9, 5.12",representation_synthesis,constructed_response,u5_sum_v2_q16_sum_connection.png,"Unit 5 Assessment Plan + AP Calculus AB Course Framework; supplied AP Topic scoring guides used for representation and rigor only, with no published wording copied.",AP-style mixed selected/constructed response source; no published question text copied.
U5-SUM-V2-Q17,MATH,5,5.5,summative_assessment,summative,v2_q17,unit-synthesis,2,"Model optimization situations with quantities, constraints, and objective functions, then use calculus-based reasoning to identify and justify optimal values.",I can construct an objective function from a context and justify a maximum or minimum with calculus and feasible-domain reasoning.,"AP Topics 5.10, 5.11",optimization_model,multiple_choice,,"Unit 5 Assessment Plan + AP Calculus AB Course Framework; supplied AP Topic scoring guides used for representation and rigor only, with no published wording copied.",AP-style mixed selected/constructed response source; no published question text copied.
U5-SUM-V2-Q18,MATH,5,5.5,summative_assessment,summative,v2_q18,unit-synthesis,2,"Model optimization situations with quantities, constraints, and objective functions, then use calculus-based reasoning to identify and justify optimal values.",I can construct an objective function from a context and justify a maximum or minimum with calculus and feasible-domain reasoning.,"AP Topics 5.10, 5.11",optimization_solve,multiple_choice,,"Unit 5 Assessment Plan + AP Calculus AB Course Framework; supplied AP Topic scoring guides used for representation and rigor only, with no published wording copied.",AP-style mixed selected/constructed response source; no published question text copied.
U5-SUM-V2-Q19,MATH,5,5.5,summative_assessment,summative,v2_q19,unit-synthesis,2,"Model optimization situations with quantities, constraints, and objective functions, then use calculus-based reasoning to identify and justify optimal values.",I can construct an objective function from a context and justify a maximum or minimum with calculus and feasible-domain reasoning.,"AP Topics 5.10, 5.11",box_optimization,constructed_response,,"Unit 5 Assessment Plan + AP Calculus AB Course Framework; supplied AP Topic scoring guides used for representation and rigor only, with no published wording copied.",AP-style mixed selected/constructed response source; no published question text copied.
U5-SUM-V2-Q20,MATH,5,5.5,summative_assessment,summative,v2_q20,unit-synthesis,3,"Model optimization situations with quantities, constraints, and objective functions, then use calculus-based reasoning to identify and justify optimal values.",I can construct an objective function from a context and justify a maximum or minimum with calculus and feasible-domain reasoning.,"AP Topics 5.10, 5.11",optimization_model_defense,constructed_response,,"Unit 5 Assessment Plan + AP Calculus AB Course Framework; supplied AP Topic scoring guides used for representation and rigor only, with no published wording copied.",AP-style mixed selected/constructed response source; no published question text copied.
U5-SUM-V3-Q01,MATH,5,5.1,summative_assessment,summative,v3_q01,unit-synthesis,1,"Apply the Mean Value Theorem and Extreme Value Theorem with appropriate hypotheses and conclusions, and identify critical points and local or global extrema.",I can verify theorem hypotheses on an interval and use critical points and endpoints to analyze local and absolute extrema.,"AP Topics 5.1, 5.2",theorem_conditions,multiple_choice,,"Unit 5 Assessment Plan + AP Calculus AB Course Framework; supplied AP Topic scoring guides used for representation and rigor only, with no published wording copied.",AP-style mixed selected/constructed response source; no published question text copied.
U5-SUM-V3-Q02,MATH,5,5.1,summative_assessment,summative,v3_q02,unit-synthesis,2,"Apply the Mean Value Theorem and Extreme Value Theorem with appropriate hypotheses and conclusions, and identify critical points and local or global extrema.",I can verify theorem hypotheses on an interval and use critical points and endpoints to analyze local and absolute extrema.,"AP Topics 5.1, 5.2",mvt_application,constructed_response,,"Unit 5 Assessment Plan + AP Calculus AB Course Framework; supplied AP Topic scoring guides used for representation and rigor only, with no published wording copied.",AP-style mixed selected/constructed response source; no published question text copied.
U5-SUM-V3-Q03,MATH,5,5.1,summative_assessment,summative,v3_q03,unit-synthesis,1,"Apply the Mean Value Theorem and Extreme Value Theorem with appropriate hypotheses and conclusions, and identify critical points and local or global extrema.",I can verify theorem hypotheses on an interval and use critical points and endpoints to analyze local and absolute extrema.,"AP Topics 5.1, 5.2",critical_numbers,multiple_choice,,"Unit 5 Assessment Plan + AP Calculus AB Course Framework; supplied AP Topic scoring guides used for representation and rigor only, with no published wording copied.",AP-style mixed selected/constructed response source; no published question text copied.
U5-SUM-V3-Q04,MATH,5,5.1,summative_assessment,summative,v3_q04,unit-synthesis,3,"Apply the Mean Value Theorem and Extreme Value Theorem with appropriate hypotheses and conclusions, and identify critical points and local or global extrema.",I can verify theorem hypotheses on an interval and use critical points and endpoints to analyze local and absolute extrema.,"AP Topics 5.1, 5.2",evt_claim_critique,constructed_response,,"Unit 5 Assessment Plan + AP Calculus AB Course Framework; supplied AP Topic scoring guides used for representation and rigor only, with no published wording copied.",AP-style mixed selected/constructed response source; no published question text copied.
U5-SUM-V3-Q05,MATH,5,5.2,summative_assessment,summative,v3_q05,unit-synthesis,2,Use the sign of the first derivative to determine intervals of increase/decrease and classify local extrema with the first derivative test.,I can build and interpret a first-derivative sign chart and justify local extrema from derivative sign changes.,"AP Topics 5.3, 5.4",increasing_intervals,multiple_choice,,"Unit 5 Assessment Plan + AP Calculus AB Course Framework; supplied AP Topic scoring guides used for representation and rigor only, with no published wording copied.",AP-style mixed selected/constructed response source; no published question text copied.
U5-SUM-V3-Q06,MATH,5,5.2,summative_assessment,summative,v3_q06,unit-synthesis,2,Use the sign of the first derivative to determine intervals of increase/decrease and classify local extrema with the first derivative test.,I can build and interpret a first-derivative sign chart and justify local extrema from derivative sign changes.,"AP Topics 5.3, 5.4",first_derivative_test,constructed_response,,"Unit 5 Assessment Plan + AP Calculus AB Course Framework; supplied AP Topic scoring guides used for representation and rigor only, with no published wording copied.",AP-style mixed selected/constructed response source; no published question text copied.
U5-SUM-V3-Q07,MATH,5,5.2,summative_assessment,summative,v3_q07,unit-synthesis,2,Use the sign of the first derivative to determine intervals of increase/decrease and classify local extrema with the first derivative test.,I can build and interpret a first-derivative sign chart and justify local extrema from derivative sign changes.,"AP Topics 5.3, 5.4",graph_sign_interpretation,multiple_choice,u5_sum_v3_q07_sum_fprime.png,"Unit 5 Assessment Plan + AP Calculus AB Course Framework; supplied AP Topic scoring guides used for representation and rigor only, with no published wording copied.",AP-style mixed selected/constructed response source; no published question text copied.
U5-SUM-V3-Q08,MATH,5,5.2,summative_assessment,summative,v3_q08,unit-synthesis,3,Use the sign of the first derivative to determine intervals of increase/decrease and classify local extrema with the first derivative test.,I can build and interpret a first-derivative sign chart and justify local extrema from derivative sign changes.,"AP Topics 5.3, 5.4",extrema_evidence_strategy,constructed_response,,"Unit 5 Assessment Plan + AP Calculus AB Course Framework; supplied AP Topic scoring guides used for representation and rigor only, with no published wording copied.",AP-style mixed selected/constructed response source; no published question text copied.
U5-SUM-V3-Q09,MATH,5,5.3,summative_assessment,summative,v3_q09,unit-synthesis,2,"Use second-derivative information to determine concavity, identify inflection points, and apply the second derivative test when appropriate.",I can analyze concavity from $f''$ and classify extrema using a qualified second derivative test.,"AP Topics 5.6, 5.7",concavity_intervals,multiple_choice,,"Unit 5 Assessment Plan + AP Calculus AB Course Framework; supplied AP Topic scoring guides used for representation and rigor only, with no published wording copied.",AP-style mixed selected/constructed response source; no published question text copied.
U5-SUM-V3-Q10,MATH,5,5.3,summative_assessment,summative,v3_q10,unit-synthesis,2,"Use second-derivative information to determine concavity, identify inflection points, and apply the second derivative test when appropriate.",I can analyze concavity from $f''$ and classify extrema using a qualified second derivative test.,"AP Topics 5.6, 5.7",second_derivative_test,multiple_choice,,"Unit 5 Assessment Plan + AP Calculus AB Course Framework; supplied AP Topic scoring guides used for representation and rigor only, with no published wording copied.",AP-style mixed selected/constructed response source; no published question text copied.
U5-SUM-V3-Q11,MATH,5,5.3,summative_assessment,summative,v3_q11,unit-synthesis,2,"Use second-derivative information to determine concavity, identify inflection points, and apply the second derivative test when appropriate.",I can analyze concavity from $f''$ and classify extrema using a qualified second derivative test.,"AP Topics 5.6, 5.7",second_derivative_graph,constructed_response,u5_sum_v3_q11_sum_fdoubleprime.png,"Unit 5 Assessment Plan + AP Calculus AB Course Framework; supplied AP Topic scoring guides used for representation and rigor only, with no published wording copied.",AP-style mixed selected/constructed response source; no published question text copied.
U5-SUM-V3-Q12,MATH,5,5.3,summative_assessment,summative,v3_q12,unit-synthesis,3,"Use second-derivative information to determine concavity, identify inflection points, and apply the second derivative test when appropriate.",I can analyze concavity from $f''$ and classify extrema using a qualified second derivative test.,"AP Topics 5.6, 5.7",derivative_test_strategy,constructed_response,,"Unit 5 Assessment Plan + AP Calculus AB Course Framework; supplied AP Topic scoring guides used for representation and rigor only, with no published wording copied.",AP-style mixed selected/constructed response source; no published question text copied.
U5-SUM-V3-Q13,MATH,5,5.4,summative_assessment,summative,v3_q13,unit-synthesis,1,"Connect the behavior of $f$, $f'$, and $f''$ across graphical, numerical, analytical, and implicit representations.","I can match derivative-related features and predict missing behavior in one representation from information about $f$, $f'$, or $f''$.","AP Topics 5.8, 5.9, 5.12",derivative_connection,multiple_choice,,"Unit 5 Assessment Plan + AP Calculus AB Course Framework; supplied AP Topic scoring guides used for representation and rigor only, with no published wording copied.",AP-style mixed selected/constructed response source; no published question text copied.
U5-SUM-V3-Q14,MATH,5,5.4,summative_assessment,summative,v3_q14,unit-synthesis,1,"Connect the behavior of $f$, $f'$, and $f''$ across graphical, numerical, analytical, and implicit representations.","I can match derivative-related features and predict missing behavior in one representation from information about $f$, $f'$, or $f''$.","AP Topics 5.8, 5.9, 5.12",fprime_feature_match,multiple_choice,,"Unit 5 Assessment Plan + AP Calculus AB Course Framework; supplied AP Topic scoring guides used for representation and rigor only, with no published wording copied.",AP-style mixed selected/constructed response source; no published question text copied.
U5-SUM-V3-Q15,MATH,5,5.4,summative_assessment,summative,v3_q15,unit-synthesis,2,"Connect the behavior of $f$, $f'$, and $f''$ across graphical, numerical, analytical, and implicit representations.","I can match derivative-related features and predict missing behavior in one representation from information about $f$, $f'$, or $f''$.","AP Topics 5.8, 5.9, 5.12",table_representation_connection,constructed_response,,"Unit 5 Assessment Plan + AP Calculus AB Course Framework; supplied AP Topic scoring guides used for representation and rigor only, with no published wording copied.",AP-style mixed selected/constructed response source; no published question text copied.
U5-SUM-V3-Q16,MATH,5,5.4,summative_assessment,summative,v3_q16,unit-synthesis,3,"Connect the behavior of $f$, $f'$, and $f''$ across graphical, numerical, analytical, and implicit representations.","I can match derivative-related features and predict missing behavior in one representation from information about $f$, $f'$, or $f''$.","AP Topics 5.8, 5.9, 5.12",representation_synthesis,constructed_response,u5_sum_v3_q16_sum_connection.png,"Unit 5 Assessment Plan + AP Calculus AB Course Framework; supplied AP Topic scoring guides used for representation and rigor only, with no published wording copied.",AP-style mixed selected/constructed response source; no published question text copied.
U5-SUM-V3-Q17,MATH,5,5.5,summative_assessment,summative,v3_q17,unit-synthesis,2,"Model optimization situations with quantities, constraints, and objective functions, then use calculus-based reasoning to identify and justify optimal values.",I can construct an objective function from a context and justify a maximum or minimum with calculus and feasible-domain reasoning.,"AP Topics 5.10, 5.11",optimization_model,multiple_choice,,"Unit 5 Assessment Plan + AP Calculus AB Course Framework; supplied AP Topic scoring guides used for representation and rigor only, with no published wording copied.",AP-style mixed selected/constructed response source; no published question text copied.
U5-SUM-V3-Q18,MATH,5,5.5,summative_assessment,summative,v3_q18,unit-synthesis,2,"Model optimization situations with quantities, constraints, and objective functions, then use calculus-based reasoning to identify and justify optimal values.",I can construct an objective function from a context and justify a maximum or minimum with calculus and feasible-domain reasoning.,"AP Topics 5.10, 5.11",optimization_solve,multiple_choice,,"Unit 5 Assessment Plan + AP Calculus AB Course Framework; supplied AP Topic scoring guides used for representation and rigor only, with no published wording copied.",AP-style mixed selected/constructed response source; no published question text copied.
U5-SUM-V3-Q19,MATH,5,5.5,summative_assessment,summative,v3_q19,unit-synthesis,2,"Model optimization situations with quantities, constraints, and objective functions, then use calculus-based reasoning to identify and justify optimal values.",I can construct an objective function from a context and justify a maximum or minimum with calculus and feasible-domain reasoning.,"AP Topics 5.10, 5.11",box_optimization,constructed_response,,"Unit 5 Assessment Plan + AP Calculus AB Course Framework; supplied AP Topic scoring guides used for representation and rigor only, with no published wording copied.",AP-style mixed selected/constructed response source; no published question text copied.
U5-SUM-V3-Q20,MATH,5,5.5,summative_assessment,summative,v3_q20,unit-synthesis,3,"Model optimization situations with quantities, constraints, and objective functions, then use calculus-based reasoning to identify and justify optimal values.",I can construct an objective function from a context and justify a maximum or minimum with calculus and feasible-domain reasoning.,"AP Topics 5.10, 5.11",optimization_model_defense,constructed_response,,"Unit 5 Assessment Plan + AP Calculus AB Course Framework; supplied AP Topic scoring guides used for representation and rigor only, with no published wording copied.",AP-style mixed selected/constructed response source; no published question text copied.
U5-SUM-V4-Q01,MATH,5,5.1,summative_assessment,summative,v4_q01,unit-synthesis,1,"Apply the Mean Value Theorem and Extreme Value Theorem with appropriate hypotheses and conclusions, and identify critical points and local or global extrema.",I can verify theorem hypotheses on an interval and use critical points and endpoints to analyze local and absolute extrema.,"AP Topics 5.1, 5.2",theorem_conditions,multiple_choice,,"Unit 5 Assessment Plan + AP Calculus AB Course Framework; supplied AP Topic scoring guides used for representation and rigor only, with no published wording copied.",AP-style mixed selected/constructed response source; no published question text copied.
U5-SUM-V4-Q02,MATH,5,5.1,summative_assessment,summative,v4_q02,unit-synthesis,2,"Apply the Mean Value Theorem and Extreme Value Theorem with appropriate hypotheses and conclusions, and identify critical points and local or global extrema.",I can verify theorem hypotheses on an interval and use critical points and endpoints to analyze local and absolute extrema.,"AP Topics 5.1, 5.2",mvt_application,constructed_response,,"Unit 5 Assessment Plan + AP Calculus AB Course Framework; supplied AP Topic scoring guides used for representation and rigor only, with no published wording copied.",AP-style mixed selected/constructed response source; no published question text copied.
U5-SUM-V4-Q03,MATH,5,5.1,summative_assessment,summative,v4_q03,unit-synthesis,1,"Apply the Mean Value Theorem and Extreme Value Theorem with appropriate hypotheses and conclusions, and identify critical points and local or global extrema.",I can verify theorem hypotheses on an interval and use critical points and endpoints to analyze local and absolute extrema.,"AP Topics 5.1, 5.2",critical_numbers,multiple_choice,,"Unit 5 Assessment Plan + AP Calculus AB Course Framework; supplied AP Topic scoring guides used for representation and rigor only, with no published wording copied.",AP-style mixed selected/constructed response source; no published question text copied.
U5-SUM-V4-Q04,MATH,5,5.1,summative_assessment,summative,v4_q04,unit-synthesis,3,"Apply the Mean Value Theorem and Extreme Value Theorem with appropriate hypotheses and conclusions, and identify critical points and local or global extrema.",I can verify theorem hypotheses on an interval and use critical points and endpoints to analyze local and absolute extrema.,"AP Topics 5.1, 5.2",evt_claim_critique,constructed_response,,"Unit 5 Assessment Plan + AP Calculus AB Course Framework; supplied AP Topic scoring guides used for representation and rigor only, with no published wording copied.",AP-style mixed selected/constructed response source; no published question text copied.
U5-SUM-V4-Q05,MATH,5,5.2,summative_assessment,summative,v4_q05,unit-synthesis,2,Use the sign of the first derivative to determine intervals of increase/decrease and classify local extrema with the first derivative test.,I can build and interpret a first-derivative sign chart and justify local extrema from derivative sign changes.,"AP Topics 5.3, 5.4",increasing_intervals,multiple_choice,,"Unit 5 Assessment Plan + AP Calculus AB Course Framework; supplied AP Topic scoring guides used for representation and rigor only, with no published wording copied.",AP-style mixed selected/constructed response source; no published question text copied.
U5-SUM-V4-Q06,MATH,5,5.2,summative_assessment,summative,v4_q06,unit-synthesis,2,Use the sign of the first derivative to determine intervals of increase/decrease and classify local extrema with the first derivative test.,I can build and interpret a first-derivative sign chart and justify local extrema from derivative sign changes.,"AP Topics 5.3, 5.4",first_derivative_test,constructed_response,,"Unit 5 Assessment Plan + AP Calculus AB Course Framework; supplied AP Topic scoring guides used for representation and rigor only, with no published wording copied.",AP-style mixed selected/constructed response source; no published question text copied.
U5-SUM-V4-Q07,MATH,5,5.2,summative_assessment,summative,v4_q07,unit-synthesis,2,Use the sign of the first derivative to determine intervals of increase/decrease and classify local extrema with the first derivative test.,I can build and interpret a first-derivative sign chart and justify local extrema from derivative sign changes.,"AP Topics 5.3, 5.4",graph_sign_interpretation,multiple_choice,u5_sum_v4_q07_sum_fprime.png,"Unit 5 Assessment Plan + AP Calculus AB Course Framework; supplied AP Topic scoring guides used for representation and rigor only, with no published wording copied.",AP-style mixed selected/constructed response source; no published question text copied.
U5-SUM-V4-Q08,MATH,5,5.2,summative_assessment,summative,v4_q08,unit-synthesis,3,Use the sign of the first derivative to determine intervals of increase/decrease and classify local extrema with the first derivative test.,I can build and interpret a first-derivative sign chart and justify local extrema from derivative sign changes.,"AP Topics 5.3, 5.4",extrema_evidence_strategy,constructed_response,,"Unit 5 Assessment Plan + AP Calculus AB Course Framework; supplied AP Topic scoring guides used for representation and rigor only, with no published wording copied.",AP-style mixed selected/constructed response source; no published question text copied.
U5-SUM-V4-Q09,MATH,5,5.3,summative_assessment,summative,v4_q09,unit-synthesis,2,"Use second-derivative information to determine concavity, identify inflection points, and apply the second derivative test when appropriate.",I can analyze concavity from $f''$ and classify extrema using a qualified second derivative test.,"AP Topics 5.6, 5.7",concavity_intervals,multiple_choice,,"Unit 5 Assessment Plan + AP Calculus AB Course Framework; supplied AP Topic scoring guides used for representation and rigor only, with no published wording copied.",AP-style mixed selected/constructed response source; no published question text copied.
U5-SUM-V4-Q10,MATH,5,5.3,summative_assessment,summative,v4_q10,unit-synthesis,2,"Use second-derivative information to determine concavity, identify inflection points, and apply the second derivative test when appropriate.",I can analyze concavity from $f''$ and classify extrema using a qualified second derivative test.,"AP Topics 5.6, 5.7",second_derivative_test,multiple_choice,,"Unit 5 Assessment Plan + AP Calculus AB Course Framework; supplied AP Topic scoring guides used for representation and rigor only, with no published wording copied.",AP-style mixed selected/constructed response source; no published question text copied.
U5-SUM-V4-Q11,MATH,5,5.3,summative_assessment,summative,v4_q11,unit-synthesis,2,"Use second-derivative information to determine concavity, identify inflection points, and apply the second derivative test when appropriate.",I can analyze concavity from $f''$ and classify extrema using a qualified second derivative test.,"AP Topics 5.6, 5.7",second_derivative_graph,constructed_response,u5_sum_v4_q11_sum_fdoubleprime.png,"Unit 5 Assessment Plan + AP Calculus AB Course Framework; supplied AP Topic scoring guides used for representation and rigor only, with no published wording copied.",AP-style mixed selected/constructed response source; no published question text copied.
U5-SUM-V4-Q12,MATH,5,5.3,summative_assessment,summative,v4_q12,unit-synthesis,3,"Use second-derivative information to determine concavity, identify inflection points, and apply the second derivative test when appropriate.",I can analyze concavity from $f''$ and classify extrema using a qualified second derivative test.,"AP Topics 5.6, 5.7",derivative_test_strategy,constructed_response,,"Unit 5 Assessment Plan + AP Calculus AB Course Framework; supplied AP Topic scoring guides used for representation and rigor only, with no published wording copied.",AP-style mixed selected/constructed response source; no published question text copied.
U5-SUM-V4-Q13,MATH,5,5.4,summative_assessment,summative,v4_q13,unit-synthesis,1,"Connect the behavior of $f$, $f'$, and $f''$ across graphical, numerical, analytical, and implicit representations.","I can match derivative-related features and predict missing behavior in one representation from information about $f$, $f'$, or $f''$.","AP Topics 5.8, 5.9, 5.12",derivative_connection,multiple_choice,,"Unit 5 Assessment Plan + AP Calculus AB Course Framework; supplied AP Topic scoring guides used for representation and rigor only, with no published wording copied.",AP-style mixed selected/constructed response source; no published question text copied.
U5-SUM-V4-Q14,MATH,5,5.4,summative_assessment,summative,v4_q14,unit-synthesis,1,"Connect the behavior of $f$, $f'$, and $f''$ across graphical, numerical, analytical, and implicit representations.","I can match derivative-related features and predict missing behavior in one representation from information about $f$, $f'$, or $f''$.","AP Topics 5.8, 5.9, 5.12",fprime_feature_match,multiple_choice,,"Unit 5 Assessment Plan + AP Calculus AB Course Framework; supplied AP Topic scoring guides used for representation and rigor only, with no published wording copied.",AP-style mixed selected/constructed response source; no published question text copied.
U5-SUM-V4-Q15,MATH,5,5.4,summative_assessment,summative,v4_q15,unit-synthesis,2,"Connect the behavior of $f$, $f'$, and $f''$ across graphical, numerical, analytical, and implicit representations.","I can match derivative-related features and predict missing behavior in one representation from information about $f$, $f'$, or $f''$.","AP Topics 5.8, 5.9, 5.12",table_representation_connection,constructed_response,,"Unit 5 Assessment Plan + AP Calculus AB Course Framework; supplied AP Topic scoring guides used for representation and rigor only, with no published wording copied.",AP-style mixed selected/constructed response source; no published question text copied.
U5-SUM-V4-Q16,MATH,5,5.4,summative_assessment,summative,v4_q16,unit-synthesis,3,"Connect the behavior of $f$, $f'$, and $f''$ across graphical, numerical, analytical, and implicit representations.","I can match derivative-related features and predict missing behavior in one representation from information about $f$, $f'$, or $f''$.","AP Topics 5.8, 5.9, 5.12",representation_synthesis,constructed_response,u5_sum_v4_q16_sum_connection.png,"Unit 5 Assessment Plan + AP Calculus AB Course Framework; supplied AP Topic scoring guides used for representation and rigor only, with no published wording copied.",AP-style mixed selected/constructed response source; no published question text copied.
U5-SUM-V4-Q17,MATH,5,5.5,summative_assessment,summative,v4_q17,unit-synthesis,2,"Model optimization situations with quantities, constraints, and objective functions, then use calculus-based reasoning to identify and justify optimal values.",I can construct an objective function from a context and justify a maximum or minimum with calculus and feasible-domain reasoning.,"AP Topics 5.10, 5.11",optimization_model,multiple_choice,,"Unit 5 Assessment Plan + AP Calculus AB Course Framework; supplied AP Topic scoring guides used for representation and rigor only, with no published wording copied.",AP-style mixed selected/constructed response source; no published question text copied.
U5-SUM-V4-Q18,MATH,5,5.5,summative_assessment,summative,v4_q18,unit-synthesis,2,"Model optimization situations with quantities, constraints, and objective functions, then use calculus-based reasoning to identify and justify optimal values.",I can construct an objective function from a context and justify a maximum or minimum with calculus and feasible-domain reasoning.,"AP Topics 5.10, 5.11",optimization_solve,multiple_choice,,"Unit 5 Assessment Plan + AP Calculus AB Course Framework; supplied AP Topic scoring guides used for representation and rigor only, with no published wording copied.",AP-style mixed selected/constructed response source; no published question text copied.
U5-SUM-V4-Q19,MATH,5,5.5,summative_assessment,summative,v4_q19,unit-synthesis,2,"Model optimization situations with quantities, constraints, and objective functions, then use calculus-based reasoning to identify and justify optimal values.",I can construct an objective function from a context and justify a maximum or minimum with calculus and feasible-domain reasoning.,"AP Topics 5.10, 5.11",box_optimization,constructed_response,,"Unit 5 Assessment Plan + AP Calculus AB Course Framework; supplied AP Topic scoring guides used for representation and rigor only, with no published wording copied.",AP-style mixed selected/constructed response source; no published question text copied.
U5-SUM-V4-Q20,MATH,5,5.5,summative_assessment,summative,v4_q20,unit-synthesis,3,"Model optimization situations with quantities, constraints, and objective functions, then use calculus-based reasoning to identify and justify optimal values.",I can construct an objective function from a context and justify a maximum or minimum with calculus and feasible-domain reasoning.,"AP Topics 5.10, 5.11",optimization_model_defense,constructed_response,,"Unit 5 Assessment Plan + AP Calculus AB Course Framework; supplied AP Topic scoring guides used for representation and rigor only, with no published wording copied.",AP-style mixed selected/constructed response source; no published question text copied.
U5-SUM-V5-Q01,MATH,5,5.1,summative_assessment,summative,v5_q01,unit-synthesis,1,"Apply the Mean Value Theorem and Extreme Value Theorem with appropriate hypotheses and conclusions, and identify critical points and local or global extrema.",I can verify theorem hypotheses on an interval and use critical points and endpoints to analyze local and absolute extrema.,"AP Topics 5.1, 5.2",theorem_conditions,multiple_choice,,"Unit 5 Assessment Plan + AP Calculus AB Course Framework; supplied AP Topic scoring guides used for representation and rigor only, with no published wording copied.",AP-style mixed selected/constructed response source; no published question text copied.
U5-SUM-V5-Q02,MATH,5,5.1,summative_assessment,summative,v5_q02,unit-synthesis,2,"Apply the Mean Value Theorem and Extreme Value Theorem with appropriate hypotheses and conclusions, and identify critical points and local or global extrema.",I can verify theorem hypotheses on an interval and use critical points and endpoints to analyze local and absolute extrema.,"AP Topics 5.1, 5.2",mvt_application,constructed_response,,"Unit 5 Assessment Plan + AP Calculus AB Course Framework; supplied AP Topic scoring guides used for representation and rigor only, with no published wording copied.",AP-style mixed selected/constructed response source; no published question text copied.
U5-SUM-V5-Q03,MATH,5,5.1,summative_assessment,summative,v5_q03,unit-synthesis,1,"Apply the Mean Value Theorem and Extreme Value Theorem with appropriate hypotheses and conclusions, and identify critical points and local or global extrema.",I can verify theorem hypotheses on an interval and use critical points and endpoints to analyze local and absolute extrema.,"AP Topics 5.1, 5.2",critical_numbers,multiple_choice,,"Unit 5 Assessment Plan + AP Calculus AB Course Framework; supplied AP Topic scoring guides used for representation and rigor only, with no published wording copied.",AP-style mixed selected/constructed response source; no published question text copied.
U5-SUM-V5-Q04,MATH,5,5.1,summative_assessment,summative,v5_q04,unit-synthesis,3,"Apply the Mean Value Theorem and Extreme Value Theorem with appropriate hypotheses and conclusions, and identify critical points and local or global extrema.",I can verify theorem hypotheses on an interval and use critical points and endpoints to analyze local and absolute extrema.,"AP Topics 5.1, 5.2",evt_claim_critique,constructed_response,,"Unit 5 Assessment Plan + AP Calculus AB Course Framework; supplied AP Topic scoring guides used for representation and rigor only, with no published wording copied.",AP-style mixed selected/constructed response source; no published question text copied.
U5-SUM-V5-Q05,MATH,5,5.2,summative_assessment,summative,v5_q05,unit-synthesis,2,Use the sign of the first derivative to determine intervals of increase/decrease and classify local extrema with the first derivative test.,I can build and interpret a first-derivative sign chart and justify local extrema from derivative sign changes.,"AP Topics 5.3, 5.4",increasing_intervals,multiple_choice,,"Unit 5 Assessment Plan + AP Calculus AB Course Framework; supplied AP Topic scoring guides used for representation and rigor only, with no published wording copied.",AP-style mixed selected/constructed response source; no published question text copied.
U5-SUM-V5-Q06,MATH,5,5.2,summative_assessment,summative,v5_q06,unit-synthesis,2,Use the sign of the first derivative to determine intervals of increase/decrease and classify local extrema with the first derivative test.,I can build and interpret a first-derivative sign chart and justify local extrema from derivative sign changes.,"AP Topics 5.3, 5.4",first_derivative_test,constructed_response,,"Unit 5 Assessment Plan + AP Calculus AB Course Framework; supplied AP Topic scoring guides used for representation and rigor only, with no published wording copied.",AP-style mixed selected/constructed response source; no published question text copied.
U5-SUM-V5-Q07,MATH,5,5.2,summative_assessment,summative,v5_q07,unit-synthesis,2,Use the sign of the first derivative to determine intervals of increase/decrease and classify local extrema with the first derivative test.,I can build and interpret a first-derivative sign chart and justify local extrema from derivative sign changes.,"AP Topics 5.3, 5.4",graph_sign_interpretation,multiple_choice,u5_sum_v5_q07_sum_fprime.png,"Unit 5 Assessment Plan + AP Calculus AB Course Framework; supplied AP Topic scoring guides used for representation and rigor only, with no published wording copied.",AP-style mixed selected/constructed response source; no published question text copied.
U5-SUM-V5-Q08,MATH,5,5.2,summative_assessment,summative,v5_q08,unit-synthesis,3,Use the sign of the first derivative to determine intervals of increase/decrease and classify local extrema with the first derivative test.,I can build and interpret a first-derivative sign chart and justify local extrema from derivative sign changes.,"AP Topics 5.3, 5.4",extrema_evidence_strategy,constructed_response,,"Unit 5 Assessment Plan + AP Calculus AB Course Framework; supplied AP Topic scoring guides used for representation and rigor only, with no published wording copied.",AP-style mixed selected/constructed response source; no published question text copied.
U5-SUM-V5-Q09,MATH,5,5.3,summative_assessment,summative,v5_q09,unit-synthesis,2,"Use second-derivative information to determine concavity, identify inflection points, and apply the second derivative test when appropriate.",I can analyze concavity from $f''$ and classify extrema using a qualified second derivative test.,"AP Topics 5.6, 5.7",concavity_intervals,multiple_choice,,"Unit 5 Assessment Plan + AP Calculus AB Course Framework; supplied AP Topic scoring guides used for representation and rigor only, with no published wording copied.",AP-style mixed selected/constructed response source; no published question text copied.
U5-SUM-V5-Q10,MATH,5,5.3,summative_assessment,summative,v5_q10,unit-synthesis,2,"Use second-derivative information to determine concavity, identify inflection points, and apply the second derivative test when appropriate.",I can analyze concavity from $f''$ and classify extrema using a qualified second derivative test.,"AP Topics 5.6, 5.7",second_derivative_test,multiple_choice,,"Unit 5 Assessment Plan + AP Calculus AB Course Framework; supplied AP Topic scoring guides used for representation and rigor only, with no published wording copied.",AP-style mixed selected/constructed response source; no published question text copied.
U5-SUM-V5-Q11,MATH,5,5.3,summative_assessment,summative,v5_q11,unit-synthesis,2,"Use second-derivative information to determine concavity, identify inflection points, and apply the second derivative test when appropriate.",I can analyze concavity from $f''$ and classify extrema using a qualified second derivative test.,"AP Topics 5.6, 5.7",second_derivative_graph,constructed_response,u5_sum_v5_q11_sum_fdoubleprime.png,"Unit 5 Assessment Plan + AP Calculus AB Course Framework; supplied AP Topic scoring guides used for representation and rigor only, with no published wording copied.",AP-style mixed selected/constructed response source; no published question text copied.
U5-SUM-V5-Q12,MATH,5,5.3,summative_assessment,summative,v5_q12,unit-synthesis,3,"Use second-derivative information to determine concavity, identify inflection points, and apply the second derivative test when appropriate.",I can analyze concavity from $f''$ and classify extrema using a qualified second derivative test.,"AP Topics 5.6, 5.7",derivative_test_strategy,constructed_response,,"Unit 5 Assessment Plan + AP Calculus AB Course Framework; supplied AP Topic scoring guides used for representation and rigor only, with no published wording copied.",AP-style mixed selected/constructed response source; no published question text copied.
U5-SUM-V5-Q13,MATH,5,5.4,summative_assessment,summative,v5_q13,unit-synthesis,1,"Connect the behavior of $f$, $f'$, and $f''$ across graphical, numerical, analytical, and implicit representations.","I can match derivative-related features and predict missing behavior in one representation from information about $f$, $f'$, or $f''$.","AP Topics 5.8, 5.9, 5.12",derivative_connection,multiple_choice,,"Unit 5 Assessment Plan + AP Calculus AB Course Framework; supplied AP Topic scoring guides used for representation and rigor only, with no published wording copied.",AP-style mixed selected/constructed response source; no published question text copied.
U5-SUM-V5-Q14,MATH,5,5.4,summative_assessment,summative,v5_q14,unit-synthesis,1,"Connect the behavior of $f$, $f'$, and $f''$ across graphical, numerical, analytical, and implicit representations.","I can match derivative-related features and predict missing behavior in one representation from information about $f$, $f'$, or $f''$.","AP Topics 5.8, 5.9, 5.12",fprime_feature_match,multiple_choice,,"Unit 5 Assessment Plan + AP Calculus AB Course Framework; supplied AP Topic scoring guides used for representation and rigor only, with no published wording copied.",AP-style mixed selected/constructed response source; no published question text copied.
U5-SUM-V5-Q15,MATH,5,5.4,summative_assessment,summative,v5_q15,unit-synthesis,2,"Connect the behavior of $f$, $f'$, and $f''$ across graphical, numerical, analytical, and implicit representations.","I can match derivative-related features and predict missing behavior in one representation from information about $f$, $f'$, or $f''$.","AP Topics 5.8, 5.9, 5.12",table_representation_connection,constructed_response,,"Unit 5 Assessment Plan + AP Calculus AB Course Framework; supplied AP Topic scoring guides used for representation and rigor only, with no published wording copied.",AP-style mixed selected/constructed response source; no published question text copied.
U5-SUM-V5-Q16,MATH,5,5.4,summative_assessment,summative,v5_q16,unit-synthesis,3,"Connect the behavior of $f$, $f'$, and $f''$ across graphical, numerical, analytical, and implicit representations.","I can match derivative-related features and predict missing behavior in one representation from information about $f$, $f'$, or $f''$.","AP Topics 5.8, 5.9, 5.12",representation_synthesis,constructed_response,u5_sum_v5_q16_sum_connection.png,"Unit 5 Assessment Plan + AP Calculus AB Course Framework; supplied AP Topic scoring guides used for representation and rigor only, with no published wording copied.",AP-style mixed selected/constructed response source; no published question text copied.
U5-SUM-V5-Q17,MATH,5,5.5,summative_assessment,summative,v5_q17,unit-synthesis,2,"Model optimization situations with quantities, constraints, and objective functions, then use calculus-based reasoning to identify and justify optimal values.",I can construct an objective function from a context and justify a maximum or minimum with calculus and feasible-domain reasoning.,"AP Topics 5.10, 5.11",optimization_model,multiple_choice,,"Unit 5 Assessment Plan + AP Calculus AB Course Framework; supplied AP Topic scoring guides used for representation and rigor only, with no published wording copied.",AP-style mixed selected/constructed response source; no published question text copied.
U5-SUM-V5-Q18,MATH,5,5.5,summative_assessment,summative,v5_q18,unit-synthesis,2,"Model optimization situations with quantities, constraints, and objective functions, then use calculus-based reasoning to identify and justify optimal values.",I can construct an objective function from a context and justify a maximum or minimum with calculus and feasible-domain reasoning.,"AP Topics 5.10, 5.11",optimization_solve,multiple_choice,,"Unit 5 Assessment Plan + AP Calculus AB Course Framework; supplied AP Topic scoring guides used for representation and rigor only, with no published wording copied.",AP-style mixed selected/constructed response source; no published question text copied.
U5-SUM-V5-Q19,MATH,5,5.5,summative_assessment,summative,v5_q19,unit-synthesis,2,"Model optimization situations with quantities, constraints, and objective functions, then use calculus-based reasoning to identify and justify optimal values.",I can construct an objective function from a context and justify a maximum or minimum with calculus and feasible-domain reasoning.,"AP Topics 5.10, 5.11",box_optimization,constructed_response,,"Unit 5 Assessment Plan + AP Calculus AB Course Framework; supplied AP Topic scoring guides used for representation and rigor only, with no published wording copied.",AP-style mixed selected/constructed response source; no published question text copied.
U5-SUM-V5-Q20,MATH,5,5.5,summative_assessment,summative,v5_q20,unit-synthesis,3,"Model optimization situations with quantities, constraints, and objective functions, then use calculus-based reasoning to identify and justify optimal values.",I can construct an objective function from a context and justify a maximum or minimum with calculus and feasible-domain reasoning.,"AP Topics 5.10, 5.11",optimization_model_defense,constructed_response,,"Unit 5 Assessment Plan + AP Calculus AB Course Framework; supplied AP Topic scoring guides used for representation and rigor only, with no published wording copied.",AP-style mixed selected/constructed response source; no published question text copied.
U5-SUM-V6-Q01,MATH,5,5.1,summative_assessment,summative,v6_q01,unit-synthesis,1,"Apply the Mean Value Theorem and Extreme Value Theorem with appropriate hypotheses and conclusions, and identify critical points and local or global extrema.",I can verify theorem hypotheses on an interval and use critical points and endpoints to analyze local and absolute extrema.,"AP Topics 5.1, 5.2",theorem_conditions,multiple_choice,,"Unit 5 Assessment Plan + AP Calculus AB Course Framework; supplied AP Topic scoring guides used for representation and rigor only, with no published wording copied.",AP-style mixed selected/constructed response source; no published question text copied.
U5-SUM-V6-Q02,MATH,5,5.1,summative_assessment,summative,v6_q02,unit-synthesis,2,"Apply the Mean Value Theorem and Extreme Value Theorem with appropriate hypotheses and conclusions, and identify critical points and local or global extrema.",I can verify theorem hypotheses on an interval and use critical points and endpoints to analyze local and absolute extrema.,"AP Topics 5.1, 5.2",mvt_application,constructed_response,,"Unit 5 Assessment Plan + AP Calculus AB Course Framework; supplied AP Topic scoring guides used for representation and rigor only, with no published wording copied.",AP-style mixed selected/constructed response source; no published question text copied.
U5-SUM-V6-Q03,MATH,5,5.1,summative_assessment,summative,v6_q03,unit-synthesis,1,"Apply the Mean Value Theorem and Extreme Value Theorem with appropriate hypotheses and conclusions, and identify critical points and local or global extrema.",I can verify theorem hypotheses on an interval and use critical points and endpoints to analyze local and absolute extrema.,"AP Topics 5.1, 5.2",critical_numbers,multiple_choice,,"Unit 5 Assessment Plan + AP Calculus AB Course Framework; supplied AP Topic scoring guides used for representation and rigor only, with no published wording copied.",AP-style mixed selected/constructed response source; no published question text copied.
U5-SUM-V6-Q04,MATH,5,5.1,summative_assessment,summative,v6_q04,unit-synthesis,3,"Apply the Mean Value Theorem and Extreme Value Theorem with appropriate hypotheses and conclusions, and identify critical points and local or global extrema.",I can verify theorem hypotheses on an interval and use critical points and endpoints to analyze local and absolute extrema.,"AP Topics 5.1, 5.2",evt_claim_critique,constructed_response,,"Unit 5 Assessment Plan + AP Calculus AB Course Framework; supplied AP Topic scoring guides used for representation and rigor only, with no published wording copied.",AP-style mixed selected/constructed response source; no published question text copied.
U5-SUM-V6-Q05,MATH,5,5.2,summative_assessment,summative,v6_q05,unit-synthesis,2,Use the sign of the first derivative to determine intervals of increase/decrease and classify local extrema with the first derivative test.,I can build and interpret a first-derivative sign chart and justify local extrema from derivative sign changes.,"AP Topics 5.3, 5.4",increasing_intervals,multiple_choice,,"Unit 5 Assessment Plan + AP Calculus AB Course Framework; supplied AP Topic scoring guides used for representation and rigor only, with no published wording copied.",AP-style mixed selected/constructed response source; no published question text copied.
U5-SUM-V6-Q06,MATH,5,5.2,summative_assessment,summative,v6_q06,unit-synthesis,2,Use the sign of the first derivative to determine intervals of increase/decrease and classify local extrema with the first derivative test.,I can build and interpret a first-derivative sign chart and justify local extrema from derivative sign changes.,"AP Topics 5.3, 5.4",first_derivative_test,constructed_response,,"Unit 5 Assessment Plan + AP Calculus AB Course Framework; supplied AP Topic scoring guides used for representation and rigor only, with no published wording copied.",AP-style mixed selected/constructed response source; no published question text copied.
U5-SUM-V6-Q07,MATH,5,5.2,summative_assessment,summative,v6_q07,unit-synthesis,2,Use the sign of the first derivative to determine intervals of increase/decrease and classify local extrema with the first derivative test.,I can build and interpret a first-derivative sign chart and justify local extrema from derivative sign changes.,"AP Topics 5.3, 5.4",graph_sign_interpretation,multiple_choice,u5_sum_v6_q07_sum_fprime.png,"Unit 5 Assessment Plan + AP Calculus AB Course Framework; supplied AP Topic scoring guides used for representation and rigor only, with no published wording copied.",AP-style mixed selected/constructed response source; no published question text copied.
U5-SUM-V6-Q08,MATH,5,5.2,summative_assessment,summative,v6_q08,unit-synthesis,3,Use the sign of the first derivative to determine intervals of increase/decrease and classify local extrema with the first derivative test.,I can build and interpret a first-derivative sign chart and justify local extrema from derivative sign changes.,"AP Topics 5.3, 5.4",extrema_evidence_strategy,constructed_response,,"Unit 5 Assessment Plan + AP Calculus AB Course Framework; supplied AP Topic scoring guides used for representation and rigor only, with no published wording copied.",AP-style mixed selected/constructed response source; no published question text copied.
U5-SUM-V6-Q09,MATH,5,5.3,summative_assessment,summative,v6_q09,unit-synthesis,2,"Use second-derivative information to determine concavity, identify inflection points, and apply the second derivative test when appropriate.",I can analyze concavity from $f''$ and classify extrema using a qualified second derivative test.,"AP Topics 5.6, 5.7",concavity_intervals,multiple_choice,,"Unit 5 Assessment Plan + AP Calculus AB Course Framework; supplied AP Topic scoring guides used for representation and rigor only, with no published wording copied.",AP-style mixed selected/constructed response source; no published question text copied.
U5-SUM-V6-Q10,MATH,5,5.3,summative_assessment,summative,v6_q10,unit-synthesis,2,"Use second-derivative information to determine concavity, identify inflection points, and apply the second derivative test when appropriate.",I can analyze concavity from $f''$ and classify extrema using a qualified second derivative test.,"AP Topics 5.6, 5.7",second_derivative_test,multiple_choice,,"Unit 5 Assessment Plan + AP Calculus AB Course Framework; supplied AP Topic scoring guides used for representation and rigor only, with no published wording copied.",AP-style mixed selected/constructed response source; no published question text copied.
U5-SUM-V6-Q11,MATH,5,5.3,summative_assessment,summative,v6_q11,unit-synthesis,2,"Use second-derivative information to determine concavity, identify inflection points, and apply the second derivative test when appropriate.",I can analyze concavity from $f''$ and classify extrema using a qualified second derivative test.,"AP Topics 5.6, 5.7",second_derivative_graph,constructed_response,u5_sum_v6_q11_sum_fdoubleprime.png,"Unit 5 Assessment Plan + AP Calculus AB Course Framework; supplied AP Topic scoring guides used for representation and rigor only, with no published wording copied.",AP-style mixed selected/constructed response source; no published question text copied.
U5-SUM-V6-Q12,MATH,5,5.3,summative_assessment,summative,v6_q12,unit-synthesis,3,"Use second-derivative information to determine concavity, identify inflection points, and apply the second derivative test when appropriate.",I can analyze concavity from $f''$ and classify extrema using a qualified second derivative test.,"AP Topics 5.6, 5.7",derivative_test_strategy,constructed_response,,"Unit 5 Assessment Plan + AP Calculus AB Course Framework; supplied AP Topic scoring guides used for representation and rigor only, with no published wording copied.",AP-style mixed selected/constructed response source; no published question text copied.
U5-SUM-V6-Q13,MATH,5,5.4,summative_assessment,summative,v6_q13,unit-synthesis,1,"Connect the behavior of $f$, $f'$, and $f''$ across graphical, numerical, analytical, and implicit representations.","I can match derivative-related features and predict missing behavior in one representation from information about $f$, $f'$, or $f''$.","AP Topics 5.8, 5.9, 5.12",derivative_connection,multiple_choice,,"Unit 5 Assessment Plan + AP Calculus AB Course Framework; supplied AP Topic scoring guides used for representation and rigor only, with no published wording copied.",AP-style mixed selected/constructed response source; no published question text copied.
U5-SUM-V6-Q14,MATH,5,5.4,summative_assessment,summative,v6_q14,unit-synthesis,1,"Connect the behavior of $f$, $f'$, and $f''$ across graphical, numerical, analytical, and implicit representations.","I can match derivative-related features and predict missing behavior in one representation from information about $f$, $f'$, or $f''$.","AP Topics 5.8, 5.9, 5.12",fprime_feature_match,multiple_choice,,"Unit 5 Assessment Plan + AP Calculus AB Course Framework; supplied AP Topic scoring guides used for representation and rigor only, with no published wording copied.",AP-style mixed selected/constructed response source; no published question text copied.
U5-SUM-V6-Q15,MATH,5,5.4,summative_assessment,summative,v6_q15,unit-synthesis,2,"Connect the behavior of $f$, $f'$, and $f''$ across graphical, numerical, analytical, and implicit representations.","I can match derivative-related features and predict missing behavior in one representation from information about $f$, $f'$, or $f''$.","AP Topics 5.8, 5.9, 5.12",table_representation_connection,constructed_response,,"Unit 5 Assessment Plan + AP Calculus AB Course Framework; supplied AP Topic scoring guides used for representation and rigor only, with no published wording copied.",AP-style mixed selected/constructed response source; no published question text copied.
U5-SUM-V6-Q16,MATH,5,5.4,summative_assessment,summative,v6_q16,unit-synthesis,3,"Connect the behavior of $f$, $f'$, and $f''$ across graphical, numerical, analytical, and implicit representations.","I can match derivative-related features and predict missing behavior in one representation from information about $f$, $f'$, or $f''$.","AP Topics 5.8, 5.9, 5.12",representation_synthesis,constructed_response,u5_sum_v6_q16_sum_connection.png,"Unit 5 Assessment Plan + AP Calculus AB Course Framework; supplied AP Topic scoring guides used for representation and rigor only, with no published wording copied.",AP-style mixed selected/constructed response source; no published question text copied.
U5-SUM-V6-Q17,MATH,5,5.5,summative_assessment,summative,v6_q17,unit-synthesis,2,"Model optimization situations with quantities, constraints, and objective functions, then use calculus-based reasoning to identify and justify optimal values.",I can construct an objective function from a context and justify a maximum or minimum with calculus and feasible-domain reasoning.,"AP Topics 5.10, 5.11",optimization_model,multiple_choice,,"Unit 5 Assessment Plan + AP Calculus AB Course Framework; supplied AP Topic scoring guides used for representation and rigor only, with no published wording copied.",AP-style mixed selected/constructed response source; no published question text copied.
U5-SUM-V6-Q18,MATH,5,5.5,summative_assessment,summative,v6_q18,unit-synthesis,2,"Model optimization situations with quantities, constraints, and objective functions, then use calculus-based reasoning to identify and justify optimal values.",I can construct an objective function from a context and justify a maximum or minimum with calculus and feasible-domain reasoning.,"AP Topics 5.10, 5.11",optimization_solve,multiple_choice,,"Unit 5 Assessment Plan + AP Calculus AB Course Framework; supplied AP Topic scoring guides used for representation and rigor only, with no published wording copied.",AP-style mixed selected/constructed response source; no published question text copied.
U5-SUM-V6-Q19,MATH,5,5.5,summative_assessment,summative,v6_q19,unit-synthesis,2,"Model optimization situations with quantities, constraints, and objective functions, then use calculus-based reasoning to identify and justify optimal values.",I can construct an objective function from a context and justify a maximum or minimum with calculus and feasible-domain reasoning.,"AP Topics 5.10, 5.11",box_optimization,constructed_response,,"Unit 5 Assessment Plan + AP Calculus AB Course Framework; supplied AP Topic scoring guides used for representation and rigor only, with no published wording copied.",AP-style mixed selected/constructed response source; no published question text copied.
U5-SUM-V6-Q20,MATH,5,5.5,summative_assessment,summative,v6_q20,unit-synthesis,3,"Model optimization situations with quantities, constraints, and objective functions, then use calculus-based reasoning to identify and justify optimal values.",I can construct an objective function from a context and justify a maximum or minimum with calculus and feasible-domain reasoning.,"AP Topics 5.10, 5.11",optimization_model_defense,constructed_response,,"Unit 5 Assessment Plan + AP Calculus AB Course Framework; supplied AP Topic scoring guides used for representation and rigor only, with no published wording copied.",AP-style mixed selected/constructed response source; no published question text copied.
U5-SUM-V7-Q01,MATH,5,5.1,summative_assessment,summative,v7_q01,unit-synthesis,1,"Apply the Mean Value Theorem and Extreme Value Theorem with appropriate hypotheses and conclusions, and identify critical points and local or global extrema.",I can verify theorem hypotheses on an interval and use critical points and endpoints to analyze local and absolute extrema.,"AP Topics 5.1, 5.2",theorem_conditions,multiple_choice,,"Unit 5 Assessment Plan + AP Calculus AB Course Framework; supplied AP Topic scoring guides used for representation and rigor only, with no published wording copied.",AP-style mixed selected/constructed response source; no published question text copied.
U5-SUM-V7-Q02,MATH,5,5.1,summative_assessment,summative,v7_q02,unit-synthesis,2,"Apply the Mean Value Theorem and Extreme Value Theorem with appropriate hypotheses and conclusions, and identify critical points and local or global extrema.",I can verify theorem hypotheses on an interval and use critical points and endpoints to analyze local and absolute extrema.,"AP Topics 5.1, 5.2",mvt_application,constructed_response,,"Unit 5 Assessment Plan + AP Calculus AB Course Framework; supplied AP Topic scoring guides used for representation and rigor only, with no published wording copied.",AP-style mixed selected/constructed response source; no published question text copied.
U5-SUM-V7-Q03,MATH,5,5.1,summative_assessment,summative,v7_q03,unit-synthesis,1,"Apply the Mean Value Theorem and Extreme Value Theorem with appropriate hypotheses and conclusions, and identify critical points and local or global extrema.",I can verify theorem hypotheses on an interval and use critical points and endpoints to analyze local and absolute extrema.,"AP Topics 5.1, 5.2",critical_numbers,multiple_choice,,"Unit 5 Assessment Plan + AP Calculus AB Course Framework; supplied AP Topic scoring guides used for representation and rigor only, with no published wording copied.",AP-style mixed selected/constructed response source; no published question text copied.
U5-SUM-V7-Q04,MATH,5,5.1,summative_assessment,summative,v7_q04,unit-synthesis,3,"Apply the Mean Value Theorem and Extreme Value Theorem with appropriate hypotheses and conclusions, and identify critical points and local or global extrema.",I can verify theorem hypotheses on an interval and use critical points and endpoints to analyze local and absolute extrema.,"AP Topics 5.1, 5.2",evt_claim_critique,constructed_response,,"Unit 5 Assessment Plan + AP Calculus AB Course Framework; supplied AP Topic scoring guides used for representation and rigor only, with no published wording copied.",AP-style mixed selected/constructed response source; no published question text copied.
U5-SUM-V7-Q05,MATH,5,5.2,summative_assessment,summative,v7_q05,unit-synthesis,2,Use the sign of the first derivative to determine intervals of increase/decrease and classify local extrema with the first derivative test.,I can build and interpret a first-derivative sign chart and justify local extrema from derivative sign changes.,"AP Topics 5.3, 5.4",increasing_intervals,multiple_choice,,"Unit 5 Assessment Plan + AP Calculus AB Course Framework; supplied AP Topic scoring guides used for representation and rigor only, with no published wording copied.",AP-style mixed selected/constructed response source; no published question text copied.
U5-SUM-V7-Q06,MATH,5,5.2,summative_assessment,summative,v7_q06,unit-synthesis,2,Use the sign of the first derivative to determine intervals of increase/decrease and classify local extrema with the first derivative test.,I can build and interpret a first-derivative sign chart and justify local extrema from derivative sign changes.,"AP Topics 5.3, 5.4",first_derivative_test,constructed_response,,"Unit 5 Assessment Plan + AP Calculus AB Course Framework; supplied AP Topic scoring guides used for representation and rigor only, with no published wording copied.",AP-style mixed selected/constructed response source; no published question text copied.
U5-SUM-V7-Q07,MATH,5,5.2,summative_assessment,summative,v7_q07,unit-synthesis,2,Use the sign of the first derivative to determine intervals of increase/decrease and classify local extrema with the first derivative test.,I can build and interpret a first-derivative sign chart and justify local extrema from derivative sign changes.,"AP Topics 5.3, 5.4",graph_sign_interpretation,multiple_choice,u5_sum_v7_q07_sum_fprime.png,"Unit 5 Assessment Plan + AP Calculus AB Course Framework; supplied AP Topic scoring guides used for representation and rigor only, with no published wording copied.",AP-style mixed selected/constructed response source; no published question text copied.
U5-SUM-V7-Q08,MATH,5,5.2,summative_assessment,summative,v7_q08,unit-synthesis,3,Use the sign of the first derivative to determine intervals of increase/decrease and classify local extrema with the first derivative test.,I can build and interpret a first-derivative sign chart and justify local extrema from derivative sign changes.,"AP Topics 5.3, 5.4",extrema_evidence_strategy,constructed_response,,"Unit 5 Assessment Plan + AP Calculus AB Course Framework; supplied AP Topic scoring guides used for representation and rigor only, with no published wording copied.",AP-style mixed selected/constructed response source; no published question text copied.
U5-SUM-V7-Q09,MATH,5,5.3,summative_assessment,summative,v7_q09,unit-synthesis,2,"Use second-derivative information to determine concavity, identify inflection points, and apply the second derivative test when appropriate.",I can analyze concavity from $f''$ and classify extrema using a qualified second derivative test.,"AP Topics 5.6, 5.7",concavity_intervals,multiple_choice,,"Unit 5 Assessment Plan + AP Calculus AB Course Framework; supplied AP Topic scoring guides used for representation and rigor only, with no published wording copied.",AP-style mixed selected/constructed response source; no published question text copied.
U5-SUM-V7-Q10,MATH,5,5.3,summative_assessment,summative,v7_q10,unit-synthesis,2,"Use second-derivative information to determine concavity, identify inflection points, and apply the second derivative test when appropriate.",I can analyze concavity from $f''$ and classify extrema using a qualified second derivative test.,"AP Topics 5.6, 5.7",second_derivative_test,multiple_choice,,"Unit 5 Assessment Plan + AP Calculus AB Course Framework; supplied AP Topic scoring guides used for representation and rigor only, with no published wording copied.",AP-style mixed selected/constructed response source; no published question text copied.
U5-SUM-V7-Q11,MATH,5,5.3,summative_assessment,summative,v7_q11,unit-synthesis,2,"Use second-derivative information to determine concavity, identify inflection points, and apply the second derivative test when appropriate.",I can analyze concavity from $f''$ and classify extrema using a qualified second derivative test.,"AP Topics 5.6, 5.7",second_derivative_graph,constructed_response,u5_sum_v7_q11_sum_fdoubleprime.png,"Unit 5 Assessment Plan + AP Calculus AB Course Framework; supplied AP Topic scoring guides used for representation and rigor only, with no published wording copied.",AP-style mixed selected/constructed response source; no published question text copied.
U5-SUM-V7-Q12,MATH,5,5.3,summative_assessment,summative,v7_q12,unit-synthesis,3,"Use second-derivative information to determine concavity, identify inflection points, and apply the second derivative test when appropriate.",I can analyze concavity from $f''$ and classify extrema using a qualified second derivative test.,"AP Topics 5.6, 5.7",derivative_test_strategy,constructed_response,,"Unit 5 Assessment Plan + AP Calculus AB Course Framework; supplied AP Topic scoring guides used for representation and rigor only, with no published wording copied.",AP-style mixed selected/constructed response source; no published question text copied.
U5-SUM-V7-Q13,MATH,5,5.4,summative_assessment,summative,v7_q13,unit-synthesis,1,"Connect the behavior of $f$, $f'$, and $f''$ across graphical, numerical, analytical, and implicit representations.","I can match derivative-related features and predict missing behavior in one representation from information about $f$, $f'$, or $f''$.","AP Topics 5.8, 5.9, 5.12",derivative_connection,multiple_choice,,"Unit 5 Assessment Plan + AP Calculus AB Course Framework; supplied AP Topic scoring guides used for representation and rigor only, with no published wording copied.",AP-style mixed selected/constructed response source; no published question text copied.
U5-SUM-V7-Q14,MATH,5,5.4,summative_assessment,summative,v7_q14,unit-synthesis,1,"Connect the behavior of $f$, $f'$, and $f''$ across graphical, numerical, analytical, and implicit representations.","I can match derivative-related features and predict missing behavior in one representation from information about $f$, $f'$, or $f''$.","AP Topics 5.8, 5.9, 5.12",fprime_feature_match,multiple_choice,,"Unit 5 Assessment Plan + AP Calculus AB Course Framework; supplied AP Topic scoring guides used for representation and rigor only, with no published wording copied.",AP-style mixed selected/constructed response source; no published question text copied.
U5-SUM-V7-Q15,MATH,5,5.4,summative_assessment,summative,v7_q15,unit-synthesis,2,"Connect the behavior of $f$, $f'$, and $f''$ across graphical, numerical, analytical, and implicit representations.","I can match derivative-related features and predict missing behavior in one representation from information about $f$, $f'$, or $f''$.","AP Topics 5.8, 5.9, 5.12",table_representation_connection,constructed_response,,"Unit 5 Assessment Plan + AP Calculus AB Course Framework; supplied AP Topic scoring guides used for representation and rigor only, with no published wording copied.",AP-style mixed selected/constructed response source; no published question text copied.
U5-SUM-V7-Q16,MATH,5,5.4,summative_assessment,summative,v7_q16,unit-synthesis,3,"Connect the behavior of $f$, $f'$, and $f''$ across graphical, numerical, analytical, and implicit representations.","I can match derivative-related features and predict missing behavior in one representation from information about $f$, $f'$, or $f''$.","AP Topics 5.8, 5.9, 5.12",representation_synthesis,constructed_response,u5_sum_v7_q16_sum_connection.png,"Unit 5 Assessment Plan + AP Calculus AB Course Framework; supplied AP Topic scoring guides used for representation and rigor only, with no published wording copied.",AP-style mixed selected/constructed response source; no published question text copied.
U5-SUM-V7-Q17,MATH,5,5.5,summative_assessment,summative,v7_q17,unit-synthesis,2,"Model optimization situations with quantities, constraints, and objective functions, then use calculus-based reasoning to identify and justify optimal values.",I can construct an objective function from a context and justify a maximum or minimum with calculus and feasible-domain reasoning.,"AP Topics 5.10, 5.11",optimization_model,multiple_choice,,"Unit 5 Assessment Plan + AP Calculus AB Course Framework; supplied AP Topic scoring guides used for representation and rigor only, with no published wording copied.",AP-style mixed selected/constructed response source; no published question text copied.
U5-SUM-V7-Q18,MATH,5,5.5,summative_assessment,summative,v7_q18,unit-synthesis,2,"Model optimization situations with quantities, constraints, and objective functions, then use calculus-based reasoning to identify and justify optimal values.",I can construct an objective function from a context and justify a maximum or minimum with calculus and feasible-domain reasoning.,"AP Topics 5.10, 5.11",optimization_solve,multiple_choice,,"Unit 5 Assessment Plan + AP Calculus AB Course Framework; supplied AP Topic scoring guides used for representation and rigor only, with no published wording copied.",AP-style mixed selected/constructed response source; no published question text copied.
U5-SUM-V7-Q19,MATH,5,5.5,summative_assessment,summative,v7_q19,unit-synthesis,2,"Model optimization situations with quantities, constraints, and objective functions, then use calculus-based reasoning to identify and justify optimal values.",I can construct an objective function from a context and justify a maximum or minimum with calculus and feasible-domain reasoning.,"AP Topics 5.10, 5.11",box_optimization,constructed_response,,"Unit 5 Assessment Plan + AP Calculus AB Course Framework; supplied AP Topic scoring guides used for representation and rigor only, with no published wording copied.",AP-style mixed selected/constructed response source; no published question text copied.
U5-SUM-V7-Q20,MATH,5,5.5,summative_assessment,summative,v7_q20,unit-synthesis,3,"Model optimization situations with quantities, constraints, and objective functions, then use calculus-based reasoning to identify and justify optimal values.",I can construct an objective function from a context and justify a maximum or minimum with calculus and feasible-domain reasoning.,"AP Topics 5.10, 5.11",optimization_model_defense,constructed_response,,"Unit 5 Assessment Plan + AP Calculus AB Course Framework; supplied AP Topic scoring guides used for representation and rigor only, with no published wording copied.",AP-style mixed selected/constructed response source; no published question text copied.
U5-SUM-V8-Q01,MATH,5,5.1,summative_assessment,summative,v8_q01,unit-synthesis,1,"Apply the Mean Value Theorem and Extreme Value Theorem with appropriate hypotheses and conclusions, and identify critical points and local or global extrema.",I can verify theorem hypotheses on an interval and use critical points and endpoints to analyze local and absolute extrema.,"AP Topics 5.1, 5.2",theorem_conditions,multiple_choice,,"Unit 5 Assessment Plan + AP Calculus AB Course Framework; supplied AP Topic scoring guides used for representation and rigor only, with no published wording copied.",AP-style mixed selected/constructed response source; no published question text copied.
U5-SUM-V8-Q02,MATH,5,5.1,summative_assessment,summative,v8_q02,unit-synthesis,2,"Apply the Mean Value Theorem and Extreme Value Theorem with appropriate hypotheses and conclusions, and identify critical points and local or global extrema.",I can verify theorem hypotheses on an interval and use critical points and endpoints to analyze local and absolute extrema.,"AP Topics 5.1, 5.2",mvt_application,constructed_response,,"Unit 5 Assessment Plan + AP Calculus AB Course Framework; supplied AP Topic scoring guides used for representation and rigor only, with no published wording copied.",AP-style mixed selected/constructed response source; no published question text copied.
U5-SUM-V8-Q03,MATH,5,5.1,summative_assessment,summative,v8_q03,unit-synthesis,1,"Apply the Mean Value Theorem and Extreme Value Theorem with appropriate hypotheses and conclusions, and identify critical points and local or global extrema.",I can verify theorem hypotheses on an interval and use critical points and endpoints to analyze local and absolute extrema.,"AP Topics 5.1, 5.2",critical_numbers,multiple_choice,,"Unit 5 Assessment Plan + AP Calculus AB Course Framework; supplied AP Topic scoring guides used for representation and rigor only, with no published wording copied.",AP-style mixed selected/constructed response source; no published question text copied.
U5-SUM-V8-Q04,MATH,5,5.1,summative_assessment,summative,v8_q04,unit-synthesis,3,"Apply the Mean Value Theorem and Extreme Value Theorem with appropriate hypotheses and conclusions, and identify critical points and local or global extrema.",I can verify theorem hypotheses on an interval and use critical points and endpoints to analyze local and absolute extrema.,"AP Topics 5.1, 5.2",evt_claim_critique,constructed_response,,"Unit 5 Assessment Plan + AP Calculus AB Course Framework; supplied AP Topic scoring guides used for representation and rigor only, with no published wording copied.",AP-style mixed selected/constructed response source; no published question text copied.
U5-SUM-V8-Q05,MATH,5,5.2,summative_assessment,summative,v8_q05,unit-synthesis,2,Use the sign of the first derivative to determine intervals of increase/decrease and classify local extrema with the first derivative test.,I can build and interpret a first-derivative sign chart and justify local extrema from derivative sign changes.,"AP Topics 5.3, 5.4",increasing_intervals,multiple_choice,,"Unit 5 Assessment Plan + AP Calculus AB Course Framework; supplied AP Topic scoring guides used for representation and rigor only, with no published wording copied.",AP-style mixed selected/constructed response source; no published question text copied.
U5-SUM-V8-Q06,MATH,5,5.2,summative_assessment,summative,v8_q06,unit-synthesis,2,Use the sign of the first derivative to determine intervals of increase/decrease and classify local extrema with the first derivative test.,I can build and interpret a first-derivative sign chart and justify local extrema from derivative sign changes.,"AP Topics 5.3, 5.4",first_derivative_test,constructed_response,,"Unit 5 Assessment Plan + AP Calculus AB Course Framework; supplied AP Topic scoring guides used for representation and rigor only, with no published wording copied.",AP-style mixed selected/constructed response source; no published question text copied.
U5-SUM-V8-Q07,MATH,5,5.2,summative_assessment,summative,v8_q07,unit-synthesis,2,Use the sign of the first derivative to determine intervals of increase/decrease and classify local extrema with the first derivative test.,I can build and interpret a first-derivative sign chart and justify local extrema from derivative sign changes.,"AP Topics 5.3, 5.4",graph_sign_interpretation,multiple_choice,u5_sum_v8_q07_sum_fprime.png,"Unit 5 Assessment Plan + AP Calculus AB Course Framework; supplied AP Topic scoring guides used for representation and rigor only, with no published wording copied.",AP-style mixed selected/constructed response source; no published question text copied.
U5-SUM-V8-Q08,MATH,5,5.2,summative_assessment,summative,v8_q08,unit-synthesis,3,Use the sign of the first derivative to determine intervals of increase/decrease and classify local extrema with the first derivative test.,I can build and interpret a first-derivative sign chart and justify local extrema from derivative sign changes.,"AP Topics 5.3, 5.4",extrema_evidence_strategy,constructed_response,,"Unit 5 Assessment Plan + AP Calculus AB Course Framework; supplied AP Topic scoring guides used for representation and rigor only, with no published wording copied.",AP-style mixed selected/constructed response source; no published question text copied.
U5-SUM-V8-Q09,MATH,5,5.3,summative_assessment,summative,v8_q09,unit-synthesis,2,"Use second-derivative information to determine concavity, identify inflection points, and apply the second derivative test when appropriate.",I can analyze concavity from $f''$ and classify extrema using a qualified second derivative test.,"AP Topics 5.6, 5.7",concavity_intervals,multiple_choice,,"Unit 5 Assessment Plan + AP Calculus AB Course Framework; supplied AP Topic scoring guides used for representation and rigor only, with no published wording copied.",AP-style mixed selected/constructed response source; no published question text copied.
U5-SUM-V8-Q10,MATH,5,5.3,summative_assessment,summative,v8_q10,unit-synthesis,2,"Use second-derivative information to determine concavity, identify inflection points, and apply the second derivative test when appropriate.",I can analyze concavity from $f''$ and classify extrema using a qualified second derivative test.,"AP Topics 5.6, 5.7",second_derivative_test,multiple_choice,,"Unit 5 Assessment Plan + AP Calculus AB Course Framework; supplied AP Topic scoring guides used for representation and rigor only, with no published wording copied.",AP-style mixed selected/constructed response source; no published question text copied.
U5-SUM-V8-Q11,MATH,5,5.3,summative_assessment,summative,v8_q11,unit-synthesis,2,"Use second-derivative information to determine concavity, identify inflection points, and apply the second derivative test when appropriate.",I can analyze concavity from $f''$ and classify extrema using a qualified second derivative test.,"AP Topics 5.6, 5.7",second_derivative_graph,constructed_response,u5_sum_v8_q11_sum_fdoubleprime.png,"Unit 5 Assessment Plan + AP Calculus AB Course Framework; supplied AP Topic scoring guides used for representation and rigor only, with no published wording copied.",AP-style mixed selected/constructed response source; no published question text copied.
U5-SUM-V8-Q12,MATH,5,5.3,summative_assessment,summative,v8_q12,unit-synthesis,3,"Use second-derivative information to determine concavity, identify inflection points, and apply the second derivative test when appropriate.",I can analyze concavity from $f''$ and classify extrema using a qualified second derivative test.,"AP Topics 5.6, 5.7",derivative_test_strategy,constructed_response,,"Unit 5 Assessment Plan + AP Calculus AB Course Framework; supplied AP Topic scoring guides used for representation and rigor only, with no published wording copied.",AP-style mixed selected/constructed response source; no published question text copied.
U5-SUM-V8-Q13,MATH,5,5.4,summative_assessment,summative,v8_q13,unit-synthesis,1,"Connect the behavior of $f$, $f'$, and $f''$ across graphical, numerical, analytical, and implicit representations.","I can match derivative-related features and predict missing behavior in one representation from information about $f$, $f'$, or $f''$.","AP Topics 5.8, 5.9, 5.12",derivative_connection,multiple_choice,,"Unit 5 Assessment Plan + AP Calculus AB Course Framework; supplied AP Topic scoring guides used for representation and rigor only, with no published wording copied.",AP-style mixed selected/constructed response source; no published question text copied.
U5-SUM-V8-Q14,MATH,5,5.4,summative_assessment,summative,v8_q14,unit-synthesis,1,"Connect the behavior of $f$, $f'$, and $f''$ across graphical, numerical, analytical, and implicit representations.","I can match derivative-related features and predict missing behavior in one representation from information about $f$, $f'$, or $f''$.","AP Topics 5.8, 5.9, 5.12",fprime_feature_match,multiple_choice,,"Unit 5 Assessment Plan + AP Calculus AB Course Framework; supplied AP Topic scoring guides used for representation and rigor only, with no published wording copied.",AP-style mixed selected/constructed response source; no published question text copied.
U5-SUM-V8-Q15,MATH,5,5.4,summative_assessment,summative,v8_q15,unit-synthesis,2,"Connect the behavior of $f$, $f'$, and $f''$ across graphical, numerical, analytical, and implicit representations.","I can match derivative-related features and predict missing behavior in one representation from information about $f$, $f'$, or $f''$.","AP Topics 5.8, 5.9, 5.12",table_representation_connection,constructed_response,,"Unit 5 Assessment Plan + AP Calculus AB Course Framework; supplied AP Topic scoring guides used for representation and rigor only, with no published wording copied.",AP-style mixed selected/constructed response source; no published question text copied.
U5-SUM-V8-Q16,MATH,5,5.4,summative_assessment,summative,v8_q16,unit-synthesis,3,"Connect the behavior of $f$, $f'$, and $f''$ across graphical, numerical, analytical, and implicit representations.","I can match derivative-related features and predict missing behavior in one representation from information about $f$, $f'$, or $f''$.","AP Topics 5.8, 5.9, 5.12",representation_synthesis,constructed_response,u5_sum_v8_q16_sum_connection.png,"Unit 5 Assessment Plan + AP Calculus AB Course Framework; supplied AP Topic scoring guides used for representation and rigor only, with no published wording copied.",AP-style mixed selected/constructed response source; no published question text copied.
U5-SUM-V8-Q17,MATH,5,5.5,summative_assessment,summative,v8_q17,unit-synthesis,2,"Model optimization situations with quantities, constraints, and objective functions, then use calculus-based reasoning to identify and justify optimal values.",I can construct an objective function from a context and justify a maximum or minimum with calculus and feasible-domain reasoning.,"AP Topics 5.10, 5.11",optimization_model,multiple_choice,,"Unit 5 Assessment Plan + AP Calculus AB Course Framework; supplied AP Topic scoring guides used for representation and rigor only, with no published wording copied.",AP-style mixed selected/constructed response source; no published question text copied.
U5-SUM-V8-Q18,MATH,5,5.5,summative_assessment,summative,v8_q18,unit-synthesis,2,"Model optimization situations with quantities, constraints, and objective functions, then use calculus-based reasoning to identify and justify optimal values.",I can construct an objective function from a context and justify a maximum or minimum with calculus and feasible-domain reasoning.,"AP Topics 5.10, 5.11",optimization_solve,multiple_choice,,"Unit 5 Assessment Plan + AP Calculus AB Course Framework; supplied AP Topic scoring guides used for representation and rigor only, with no published wording copied.",AP-style mixed selected/constructed response source; no published question text copied.
U5-SUM-V8-Q19,MATH,5,5.5,summative_assessment,summative,v8_q19,unit-synthesis,2,"Model optimization situations with quantities, constraints, and objective functions, then use calculus-based reasoning to identify and justify optimal values.",I can construct an objective function from a context and justify a maximum or minimum with calculus and feasible-domain reasoning.,"AP Topics 5.10, 5.11",box_optimization,constructed_response,,"Unit 5 Assessment Plan + AP Calculus AB Course Framework; supplied AP Topic scoring guides used for representation and rigor only, with no published wording copied.",AP-style mixed selected/constructed response source; no published question text copied.
U5-SUM-V8-Q20,MATH,5,5.5,summative_assessment,summative,v8_q20,unit-synthesis,3,"Model optimization situations with quantities, constraints, and objective functions, then use calculus-based reasoning to identify and justify optimal values.",I can construct an objective function from a context and justify a maximum or minimum with calculus and feasible-domain reasoning.,"AP Topics 5.10, 5.11",optimization_model_defense,constructed_response,,"Unit 5 Assessment Plan + AP Calculus AB Course Framework; supplied AP Topic scoring guides used for representation and rigor only, with no published wording copied.",AP-style mixed selected/constructed response source; no published question text copied.
