bank_id,pm_family,course,unit,section,destination,destination_group,destination_slot,retrieval_stage_or_scope,mastery_goal_id,evidence_point_id,summative_version,blueprint_slot_id,question_family_id,variation_mode,task_architecture,dok,learning_target,i_can,practice_standard,item_type,answer_type,security_level,estimated_time_sec,figure_files,source_basis,notes
U1-S1-WTC01,AP/SCI BANK BUILD v4,AP Calculus AB,1,1,What's To Come,instructional,WTC01,current-section,U1-MG01,,,,,,,2,Relate average versus instantaneous change to the idea of a limit and read and interpret limit notation.,I can relate average versus instantaneous change to the idea of a limit and read and interpret limit notation.,Interpretation Across Representations,short response,exact,instructional,180,u1_s1_wtc01_hole.png,Unit 1 Assessment Plan; Course Framework; AP Topic scoring-guide style reference,
U1-S1-NOTE-EX01,AP/SCI BANK BUILD v4,AP Calculus AB,1,1,Notes,instructional,Example 1,current-section,U1-MG01,,,,,,,1,Relate average versus instantaneous change to the idea of a limit and read and interpret limit notation.,I can relate average versus instantaneous change to the idea of a limit and read and interpret limit notation.,Interpretation Across Representations,short response,exact,instructional,120,,Unit 1 Assessment Plan; Course Framework; AP Topic scoring-guide style reference,
U1-S1-NOTE-YTI01,AP/SCI BANK BUILD v4,AP Calculus AB,1,1,Notes,instructional,You Try It 1,current-section,U1-MG01,,,,,,,1,Relate average versus instantaneous change to the idea of a limit and read and interpret limit notation.,I can relate average versus instantaneous change to the idea of a limit and read and interpret limit notation.,Interpretation Across Representations,short response,exact,instructional,120,,Unit 1 Assessment Plan; Course Framework; AP Topic scoring-guide style reference,
U1-S1-NOTE-EX02,AP/SCI BANK BUILD v4,AP Calculus AB,1,1,Notes,instructional,Example 2,current-section,U1-MG01,,,,,,,2,Relate average versus instantaneous change to the idea of a limit and read and interpret limit notation.,I can relate average versus instantaneous change to the idea of a limit and read and interpret limit notation.,Interpretation Across Representations,short response,exact,instructional,120,,Unit 1 Assessment Plan; Course Framework; AP Topic scoring-guide style reference,
U1-S1-NOTE-YTI02,AP/SCI BANK BUILD v4,AP Calculus AB,1,1,Notes,instructional,You Try It 2,current-section,U1-MG01,,,,,,,2,Relate average versus instantaneous change to the idea of a limit and read and interpret limit notation.,I can relate average versus instantaneous change to the idea of a limit and read and interpret limit notation.,Interpretation Across Representations,short response,exact,instructional,120,,Unit 1 Assessment Plan; Course Framework; AP Topic scoring-guide style reference,
U1-S1-NOTE-EX03,AP/SCI BANK BUILD v4,AP Calculus AB,1,1,Notes,instructional,Example 3,current-section,U1-MG01,,,,,,,2,Relate average versus instantaneous change to the idea of a limit and read and interpret limit notation.,I can relate average versus instantaneous change to the idea of a limit and read and interpret limit notation.,Interpretation Across Representations,short response,exact,instructional,120,,Unit 1 Assessment Plan; Course Framework; AP Topic scoring-guide style reference,
U1-S1-NOTE-YTI03,AP/SCI BANK BUILD v4,AP Calculus AB,1,1,Notes,instructional,You Try It 3,current-section,U1-MG01,,,,,,,2,Relate average versus instantaneous change to the idea of a limit and read and interpret limit notation.,I can relate average versus instantaneous change to the idea of a limit and read and interpret limit notation.,Interpretation Across Representations,short response,exact,instructional,120,,Unit 1 Assessment Plan; Course Framework; AP Topic scoring-guide style reference,
U1-S1-NOTE-EX04,AP/SCI BANK BUILD v4,AP Calculus AB,1,1,Notes,instructional,Example 4,current-section,U1-MG01,,,,,,,2,Relate average versus instantaneous change to the idea of a limit and read and interpret limit notation.,I can relate average versus instantaneous change to the idea of a limit and read and interpret limit notation.,Interpretation Across Representations,short response,exact,instructional,120,u1_s1_note_ex04.png,Unit 1 Assessment Plan; Course Framework; AP Topic scoring-guide style reference,
U1-S1-NOTE-YTI04,AP/SCI BANK BUILD v4,AP Calculus AB,1,1,Notes,instructional,You Try It 4,current-section,U1-MG01,,,,,,,2,Relate average versus instantaneous change to the idea of a limit and read and interpret limit notation.,I can relate average versus instantaneous change to the idea of a limit and read and interpret limit notation.,Interpretation Across Representations,short response,exact,instructional,120,,Unit 1 Assessment Plan; Course Framework; AP Topic scoring-guide style reference,
U1-S2-WTC01,AP/SCI BANK BUILD v4,AP Calculus AB,1,2,What's To Come,instructional,WTC01,current-section,U1-MG01,,,,,,,2,"Determine one-sided and two-sided limits from graphs and tables, including when a limit does not exist.","I can determine one-sided and two-sided limits from graphs and tables, including when a limit does not exist.",Interpretation Across Representations,short response,exact,instructional,180,u1_s2_wtc01_jump.png,Unit 1 Assessment Plan; Course Framework; AP Topic scoring-guide style reference,
U1-S2-NOTE-EX01,AP/SCI BANK BUILD v4,AP Calculus AB,1,2,Notes,instructional,Example 1,current-section,U1-MG01,,,,,,,1,"Determine one-sided and two-sided limits from graphs and tables, including when a limit does not exist.","I can determine one-sided and two-sided limits from graphs and tables, including when a limit does not exist.",Interpretation Across Representations,short response,exact,instructional,120,,Unit 1 Assessment Plan; Course Framework; AP Topic scoring-guide style reference,
U1-S2-NOTE-YTI01,AP/SCI BANK BUILD v4,AP Calculus AB,1,2,Notes,instructional,You Try It 1,current-section,U1-MG01,,,,,,,1,"Determine one-sided and two-sided limits from graphs and tables, including when a limit does not exist.","I can determine one-sided and two-sided limits from graphs and tables, including when a limit does not exist.",Interpretation Across Representations,short response,exact,instructional,120,,Unit 1 Assessment Plan; Course Framework; AP Topic scoring-guide style reference,
U1-S2-NOTE-EX02,AP/SCI BANK BUILD v4,AP Calculus AB,1,2,Notes,instructional,Example 2,current-section,U1-MG01,,,,,,,2,"Determine one-sided and two-sided limits from graphs and tables, including when a limit does not exist.","I can determine one-sided and two-sided limits from graphs and tables, including when a limit does not exist.",Interpretation Across Representations,short response,exact,instructional,120,,Unit 1 Assessment Plan; Course Framework; AP Topic scoring-guide style reference,
U1-S2-NOTE-YTI02,AP/SCI BANK BUILD v4,AP Calculus AB,1,2,Notes,instructional,You Try It 2,current-section,U1-MG01,,,,,,,2,"Determine one-sided and two-sided limits from graphs and tables, including when a limit does not exist.","I can determine one-sided and two-sided limits from graphs and tables, including when a limit does not exist.",Interpretation Across Representations,short response,exact,instructional,120,,Unit 1 Assessment Plan; Course Framework; AP Topic scoring-guide style reference,
U1-S2-NOTE-EX03,AP/SCI BANK BUILD v4,AP Calculus AB,1,2,Notes,instructional,Example 3,current-section,U1-MG01,,,,,,,2,"Determine one-sided and two-sided limits from graphs and tables, including when a limit does not exist.","I can determine one-sided and two-sided limits from graphs and tables, including when a limit does not exist.",Interpretation Across Representations,short response,exact,instructional,120,,Unit 1 Assessment Plan; Course Framework; AP Topic scoring-guide style reference,
U1-S2-NOTE-YTI03,AP/SCI BANK BUILD v4,AP Calculus AB,1,2,Notes,instructional,You Try It 3,current-section,U1-MG01,,,,,,,2,"Determine one-sided and two-sided limits from graphs and tables, including when a limit does not exist.","I can determine one-sided and two-sided limits from graphs and tables, including when a limit does not exist.",Interpretation Across Representations,short response,exact,instructional,120,,Unit 1 Assessment Plan; Course Framework; AP Topic scoring-guide style reference,
U1-S2-NOTE-EX04,AP/SCI BANK BUILD v4,AP Calculus AB,1,2,Notes,instructional,Example 4,current-section,U1-MG01,,,,,,,2,"Determine one-sided and two-sided limits from graphs and tables, including when a limit does not exist.","I can determine one-sided and two-sided limits from graphs and tables, including when a limit does not exist.",Interpretation Across Representations,short response,exact,instructional,120,,Unit 1 Assessment Plan; Course Framework; AP Topic scoring-guide style reference,
U1-S2-NOTE-YTI04,AP/SCI BANK BUILD v4,AP Calculus AB,1,2,Notes,instructional,You Try It 4,current-section,U1-MG01,,,,,,,2,"Determine one-sided and two-sided limits from graphs and tables, including when a limit does not exist.","I can determine one-sided and two-sided limits from graphs and tables, including when a limit does not exist.",Interpretation Across Representations,short response,exact,instructional,120,,Unit 1 Assessment Plan; Course Framework; AP Topic scoring-guide style reference,
U1-S3-WTC01,AP/SCI BANK BUILD v4,AP Calculus AB,1,3,What's To Come,instructional,WTC01,current-section,U1-MG02,,,,,,,2,"Evaluate limits algebraically using direct substitution, limit laws, factoring, conjugates, and appropriate trigonometric or squeeze reasoning.","I can evaluate limits algebraically using direct substitution, limit laws, factoring, conjugates, and appropriate trigonometric or squeeze reasoning.",Analytical Strategy Selection,short response,exact,instructional,180,,Unit 1 Assessment Plan; Course Framework; AP Topic scoring-guide style reference,
U1-S3-NOTE-EX01,AP/SCI BANK BUILD v4,AP Calculus AB,1,3,Notes,instructional,Example 1,current-section,U1-MG02,,,,,,,1,"Evaluate limits algebraically using direct substitution, limit laws, factoring, conjugates, and appropriate trigonometric or squeeze reasoning.","I can evaluate limits algebraically using direct substitution, limit laws, factoring, conjugates, and appropriate trigonometric or squeeze reasoning.",Analytical Strategy Selection,short response,exact,instructional,120,,Unit 1 Assessment Plan; Course Framework; AP Topic scoring-guide style reference,
U1-S3-NOTE-YTI01,AP/SCI BANK BUILD v4,AP Calculus AB,1,3,Notes,instructional,You Try It 1,current-section,U1-MG02,,,,,,,1,"Evaluate limits algebraically using direct substitution, limit laws, factoring, conjugates, and appropriate trigonometric or squeeze reasoning.","I can evaluate limits algebraically using direct substitution, limit laws, factoring, conjugates, and appropriate trigonometric or squeeze reasoning.",Analytical Strategy Selection,short response,exact,instructional,120,,Unit 1 Assessment Plan; Course Framework; AP Topic scoring-guide style reference,
U1-S3-NOTE-EX02,AP/SCI BANK BUILD v4,AP Calculus AB,1,3,Notes,instructional,Example 2,current-section,U1-MG02,,,,,,,2,"Evaluate limits algebraically using direct substitution, limit laws, factoring, conjugates, and appropriate trigonometric or squeeze reasoning.","I can evaluate limits algebraically using direct substitution, limit laws, factoring, conjugates, and appropriate trigonometric or squeeze reasoning.",Analytical Strategy Selection,short response,exact,instructional,120,,Unit 1 Assessment Plan; Course Framework; AP Topic scoring-guide style reference,
U1-S3-NOTE-YTI02,AP/SCI BANK BUILD v4,AP Calculus AB,1,3,Notes,instructional,You Try It 2,current-section,U1-MG02,,,,,,,2,"Evaluate limits algebraically using direct substitution, limit laws, factoring, conjugates, and appropriate trigonometric or squeeze reasoning.","I can evaluate limits algebraically using direct substitution, limit laws, factoring, conjugates, and appropriate trigonometric or squeeze reasoning.",Analytical Strategy Selection,short response,exact,instructional,120,,Unit 1 Assessment Plan; Course Framework; AP Topic scoring-guide style reference,
U1-S3-NOTE-EX03,AP/SCI BANK BUILD v4,AP Calculus AB,1,3,Notes,instructional,Example 3,current-section,U1-MG02,,,,,,,2,"Evaluate limits algebraically using direct substitution, limit laws, factoring, conjugates, and appropriate trigonometric or squeeze reasoning.","I can evaluate limits algebraically using direct substitution, limit laws, factoring, conjugates, and appropriate trigonometric or squeeze reasoning.",Analytical Strategy Selection,short response,exact,instructional,120,,Unit 1 Assessment Plan; Course Framework; AP Topic scoring-guide style reference,
U1-S3-NOTE-YTI03,AP/SCI BANK BUILD v4,AP Calculus AB,1,3,Notes,instructional,You Try It 3,current-section,U1-MG02,,,,,,,2,"Evaluate limits algebraically using direct substitution, limit laws, factoring, conjugates, and appropriate trigonometric or squeeze reasoning.","I can evaluate limits algebraically using direct substitution, limit laws, factoring, conjugates, and appropriate trigonometric or squeeze reasoning.",Analytical Strategy Selection,short response,exact,instructional,120,,Unit 1 Assessment Plan; Course Framework; AP Topic scoring-guide style reference,
U1-S3-NOTE-EX04,AP/SCI BANK BUILD v4,AP Calculus AB,1,3,Notes,instructional,Example 4,current-section,U1-MG02,,,,,,,2,"Evaluate limits algebraically using direct substitution, limit laws, factoring, conjugates, and appropriate trigonometric or squeeze reasoning.","I can evaluate limits algebraically using direct substitution, limit laws, factoring, conjugates, and appropriate trigonometric or squeeze reasoning.",Analytical Strategy Selection,short response,exact,instructional,120,,Unit 1 Assessment Plan; Course Framework; AP Topic scoring-guide style reference,
U1-S3-NOTE-YTI04,AP/SCI BANK BUILD v4,AP Calculus AB,1,3,Notes,instructional,You Try It 4,current-section,U1-MG02,,,,,,,2,"Evaluate limits algebraically using direct substitution, limit laws, factoring, conjugates, and appropriate trigonometric or squeeze reasoning.","I can evaluate limits algebraically using direct substitution, limit laws, factoring, conjugates, and appropriate trigonometric or squeeze reasoning.",Analytical Strategy Selection,short response,exact,instructional,120,,Unit 1 Assessment Plan; Course Framework; AP Topic scoring-guide style reference,
U1-S4-WTC01,AP/SCI BANK BUILD v4,AP Calculus AB,1,4,What's To Come,instructional,WTC01,current-section,U1-MG03,,,,,,,2,"Analyze continuity at a point and on intervals, and classify discontinuities using limits, function values, and piecewise definitions.","I can analyze continuity at a point and on intervals, and classify discontinuities using limits, function values, and piecewise definitions.",Interpretation Across Representations,short response,exact,instructional,180,,Unit 1 Assessment Plan; Course Framework; AP Topic scoring-guide style reference,
U1-S4-NOTE-EX01,AP/SCI BANK BUILD v4,AP Calculus AB,1,4,Notes,instructional,Example 1,current-section,U1-MG03,,,,,,,1,"Analyze continuity at a point and on intervals, and classify discontinuities using limits, function values, and piecewise definitions.","I can analyze continuity at a point and on intervals, and classify discontinuities using limits, function values, and piecewise definitions.",Interpretation Across Representations,short response,exact,instructional,120,,Unit 1 Assessment Plan; Course Framework; AP Topic scoring-guide style reference,
U1-S4-NOTE-YTI01,AP/SCI BANK BUILD v4,AP Calculus AB,1,4,Notes,instructional,You Try It 1,current-section,U1-MG03,,,,,,,1,"Analyze continuity at a point and on intervals, and classify discontinuities using limits, function values, and piecewise definitions.","I can analyze continuity at a point and on intervals, and classify discontinuities using limits, function values, and piecewise definitions.",Interpretation Across Representations,short response,exact,instructional,120,,Unit 1 Assessment Plan; Course Framework; AP Topic scoring-guide style reference,
U1-S4-NOTE-EX02,AP/SCI BANK BUILD v4,AP Calculus AB,1,4,Notes,instructional,Example 2,current-section,U1-MG03,,,,,,,2,"Analyze continuity at a point and on intervals, and classify discontinuities using limits, function values, and piecewise definitions.","I can analyze continuity at a point and on intervals, and classify discontinuities using limits, function values, and piecewise definitions.",Interpretation Across Representations,short response,exact,instructional,120,,Unit 1 Assessment Plan; Course Framework; AP Topic scoring-guide style reference,
U1-S4-NOTE-YTI02,AP/SCI BANK BUILD v4,AP Calculus AB,1,4,Notes,instructional,You Try It 2,current-section,U1-MG03,,,,,,,2,"Analyze continuity at a point and on intervals, and classify discontinuities using limits, function values, and piecewise definitions.","I can analyze continuity at a point and on intervals, and classify discontinuities using limits, function values, and piecewise definitions.",Interpretation Across Representations,short response,exact,instructional,120,,Unit 1 Assessment Plan; Course Framework; AP Topic scoring-guide style reference,
U1-S4-NOTE-EX03,AP/SCI BANK BUILD v4,AP Calculus AB,1,4,Notes,instructional,Example 3,current-section,U1-MG03,,,,,,,2,"Analyze continuity at a point and on intervals, and classify discontinuities using limits, function values, and piecewise definitions.","I can analyze continuity at a point and on intervals, and classify discontinuities using limits, function values, and piecewise definitions.",Interpretation Across Representations,short response,exact,instructional,120,,Unit 1 Assessment Plan; Course Framework; AP Topic scoring-guide style reference,
U1-S4-NOTE-YTI03,AP/SCI BANK BUILD v4,AP Calculus AB,1,4,Notes,instructional,You Try It 3,current-section,U1-MG03,,,,,,,2,"Analyze continuity at a point and on intervals, and classify discontinuities using limits, function values, and piecewise definitions.","I can analyze continuity at a point and on intervals, and classify discontinuities using limits, function values, and piecewise definitions.",Interpretation Across Representations,short response,exact,instructional,120,,Unit 1 Assessment Plan; Course Framework; AP Topic scoring-guide style reference,
U1-S4-NOTE-EX04,AP/SCI BANK BUILD v4,AP Calculus AB,1,4,Notes,instructional,Example 4,current-section,U1-MG03,,,,,,,2,"Analyze continuity at a point and on intervals, and classify discontinuities using limits, function values, and piecewise definitions.","I can analyze continuity at a point and on intervals, and classify discontinuities using limits, function values, and piecewise definitions.",Interpretation Across Representations,short response,exact,instructional,120,u1_s4_note_ex04.png,Unit 1 Assessment Plan; Course Framework; AP Topic scoring-guide style reference,
U1-S4-NOTE-YTI04,AP/SCI BANK BUILD v4,AP Calculus AB,1,4,Notes,instructional,You Try It 4,current-section,U1-MG03,,,,,,,2,"Analyze continuity at a point and on intervals, and classify discontinuities using limits, function values, and piecewise definitions.","I can analyze continuity at a point and on intervals, and classify discontinuities using limits, function values, and piecewise definitions.",Interpretation Across Representations,short response,exact,instructional,120,,Unit 1 Assessment Plan; Course Framework; AP Topic scoring-guide style reference,
U1-S5-WTC01,AP/SCI BANK BUILD v4,AP Calculus AB,1,5,What's To Come,instructional,WTC01,current-section,U1-MG04,,,,,,,2,"Interpret infinite limits and limits at infinity to identify asymptotic behavior, and apply the Intermediate Value Theorem when its hypotheses are satisfied.","I can interpret infinite limits and limits at infinity to identify asymptotic behavior, and apply the Intermediate Value Theorem when its hypotheses are satisfied.",Justification and Theorem Conditions,short response,exact,instructional,180,u1_s5_wtc01_asymptote.png,Unit 1 Assessment Plan; Course Framework; AP Topic scoring-guide style reference,
U1-S5-NOTE-EX01,AP/SCI BANK BUILD v4,AP Calculus AB,1,5,Notes,instructional,Example 1,current-section,U1-MG04,,,,,,,1,"Interpret infinite limits and limits at infinity to identify asymptotic behavior, and apply the Intermediate Value Theorem when its hypotheses are satisfied.","I can interpret infinite limits and limits at infinity to identify asymptotic behavior, and apply the Intermediate Value Theorem when its hypotheses are satisfied.",Justification and Theorem Conditions,short response,exact,instructional,120,,Unit 1 Assessment Plan; Course Framework; AP Topic scoring-guide style reference,
U1-S5-NOTE-YTI01,AP/SCI BANK BUILD v4,AP Calculus AB,1,5,Notes,instructional,You Try It 1,current-section,U1-MG04,,,,,,,1,"Interpret infinite limits and limits at infinity to identify asymptotic behavior, and apply the Intermediate Value Theorem when its hypotheses are satisfied.","I can interpret infinite limits and limits at infinity to identify asymptotic behavior, and apply the Intermediate Value Theorem when its hypotheses are satisfied.",Justification and Theorem Conditions,short response,exact,instructional,120,,Unit 1 Assessment Plan; Course Framework; AP Topic scoring-guide style reference,
U1-S5-NOTE-EX02,AP/SCI BANK BUILD v4,AP Calculus AB,1,5,Notes,instructional,Example 2,current-section,U1-MG04,,,,,,,2,"Interpret infinite limits and limits at infinity to identify asymptotic behavior, and apply the Intermediate Value Theorem when its hypotheses are satisfied.","I can interpret infinite limits and limits at infinity to identify asymptotic behavior, and apply the Intermediate Value Theorem when its hypotheses are satisfied.",Justification and Theorem Conditions,short response,exact,instructional,120,,Unit 1 Assessment Plan; Course Framework; AP Topic scoring-guide style reference,
U1-S5-NOTE-YTI02,AP/SCI BANK BUILD v4,AP Calculus AB,1,5,Notes,instructional,You Try It 2,current-section,U1-MG04,,,,,,,2,"Interpret infinite limits and limits at infinity to identify asymptotic behavior, and apply the Intermediate Value Theorem when its hypotheses are satisfied.","I can interpret infinite limits and limits at infinity to identify asymptotic behavior, and apply the Intermediate Value Theorem when its hypotheses are satisfied.",Justification and Theorem Conditions,short response,exact,instructional,120,,Unit 1 Assessment Plan; Course Framework; AP Topic scoring-guide style reference,
U1-S5-NOTE-EX03,AP/SCI BANK BUILD v4,AP Calculus AB,1,5,Notes,instructional,Example 3,current-section,U1-MG04,,,,,,,2,"Interpret infinite limits and limits at infinity to identify asymptotic behavior, and apply the Intermediate Value Theorem when its hypotheses are satisfied.","I can interpret infinite limits and limits at infinity to identify asymptotic behavior, and apply the Intermediate Value Theorem when its hypotheses are satisfied.",Justification and Theorem Conditions,short response,exact,instructional,120,,Unit 1 Assessment Plan; Course Framework; AP Topic scoring-guide style reference,
U1-S5-NOTE-YTI03,AP/SCI BANK BUILD v4,AP Calculus AB,1,5,Notes,instructional,You Try It 3,current-section,U1-MG04,,,,,,,2,"Interpret infinite limits and limits at infinity to identify asymptotic behavior, and apply the Intermediate Value Theorem when its hypotheses are satisfied.","I can interpret infinite limits and limits at infinity to identify asymptotic behavior, and apply the Intermediate Value Theorem when its hypotheses are satisfied.",Justification and Theorem Conditions,short response,exact,instructional,120,,Unit 1 Assessment Plan; Course Framework; AP Topic scoring-guide style reference,
U1-S5-NOTE-EX04,AP/SCI BANK BUILD v4,AP Calculus AB,1,5,Notes,instructional,Example 4,current-section,U1-MG04,,,,,,,2,"Interpret infinite limits and limits at infinity to identify asymptotic behavior, and apply the Intermediate Value Theorem when its hypotheses are satisfied.","I can interpret infinite limits and limits at infinity to identify asymptotic behavior, and apply the Intermediate Value Theorem when its hypotheses are satisfied.",Justification and Theorem Conditions,short response,exact,instructional,120,,Unit 1 Assessment Plan; Course Framework; AP Topic scoring-guide style reference,
U1-S5-NOTE-YTI04,AP/SCI BANK BUILD v4,AP Calculus AB,1,5,Notes,instructional,You Try It 4,current-section,U1-MG04,,,,,,,2,"Interpret infinite limits and limits at infinity to identify asymptotic behavior, and apply the Intermediate Value Theorem when its hypotheses are satisfied.","I can interpret infinite limits and limits at infinity to identify asymptotic behavior, and apply the Intermediate Value Theorem when its hypotheses are satisfied.",Justification and Theorem Conditions,short response,exact,instructional,120,,Unit 1 Assessment Plan; Course Framework; AP Topic scoring-guide style reference,
U1-S1-PS1-Q01,AP/SCI BANK BUILD v4,AP Calculus AB,1,1,Practice Set 1,instructional,Q01,current-section,U1-MG01,,,,U1-S1-PRACT-FAM06,mixed,,2,Relate average versus instantaneous change to the idea of a limit and read and interpret limit notation.,I can relate average versus instantaneous change to the idea of a limit and read and interpret limit notation.,Notation and Mathematical Communication,short response,exact,instructional,90,,Unit 1 Assessment Plan; Course Framework; AP Topic scoring-guide style reference,
U1-S1-PS1-Q02,AP/SCI BANK BUILD v4,AP Calculus AB,1,1,Practice Set 1,instructional,Q02,current-section,U1-MG01,,,,U1-S1-PRACT-FAM17,context_shift,,2,Relate average versus instantaneous change to the idea of a limit and read and interpret limit notation.,I can relate average versus instantaneous change to the idea of a limit and read and interpret limit notation.,Interpretation Across Representations,short response,exact,instructional,90,,Unit 1 Assessment Plan; Course Framework; AP Topic scoring-guide style reference,
U1-S1-PS1-Q03,AP/SCI BANK BUILD v4,AP Calculus AB,1,1,Practice Set 1,instructional,Q03,current-section,U1-MG01,,,,U1-S1-PRACT-FAM13,routine_procedural_numeric,,2,Relate average versus instantaneous change to the idea of a limit and read and interpret limit notation.,I can relate average versus instantaneous change to the idea of a limit and read and interpret limit notation.,Interpretation Across Representations,multiple choice,selected response,instructional,75,,Unit 1 Assessment Plan; Course Framework; AP Topic scoring-guide style reference,
U1-S1-PS1-Q04,AP/SCI BANK BUILD v4,AP Calculus AB,1,1,Practice Set 1,instructional,Q04,current-section,U1-MG01,,,,U1-S1-PRACT-FAM02,conceptual_reword,,1,Relate average versus instantaneous change to the idea of a limit and read and interpret limit notation.,I can relate average versus instantaneous change to the idea of a limit and read and interpret limit notation.,Notation and Mathematical Communication,short response,exact,instructional,90,,Unit 1 Assessment Plan; Course Framework; AP Topic scoring-guide style reference,
U1-S1-PS1-Q05,AP/SCI BANK BUILD v4,AP Calculus AB,1,1,Practice Set 1,instructional,Q05,current-section,U1-MG01,,,,U1-S1-PRACT-FAM16,reasoning_shift,,2,Relate average versus instantaneous change to the idea of a limit and read and interpret limit notation.,I can relate average versus instantaneous change to the idea of a limit and read and interpret limit notation.,Notation and Mathematical Communication,short response,exact,instructional,90,u1_s1_ps1_f15.png,Unit 1 Assessment Plan; Course Framework; AP Topic scoring-guide style reference,
U1-S1-PS1-Q06,AP/SCI BANK BUILD v4,AP Calculus AB,1,1,Practice Set 1,instructional,Q06,current-section,U1-MG01,,,,U1-S1-PRACT-FAM10,reasoning_shift,,2,Relate average versus instantaneous change to the idea of a limit and read and interpret limit notation.,I can relate average versus instantaneous change to the idea of a limit and read and interpret limit notation.,Notation and Mathematical Communication,short response,exact,instructional,90,,Unit 1 Assessment Plan; Course Framework; AP Topic scoring-guide style reference,
U1-S1-PS1-Q07,AP/SCI BANK BUILD v4,AP Calculus AB,1,1,Practice Set 1,instructional,Q07,current-section,U1-MG01,,,,U1-S1-PRACT-FAM12,mixed,,2,Relate average versus instantaneous change to the idea of a limit and read and interpret limit notation.,I can relate average versus instantaneous change to the idea of a limit and read and interpret limit notation.,Notation and Mathematical Communication,multiple choice,selected response,instructional,75,,Unit 1 Assessment Plan; Course Framework; AP Topic scoring-guide style reference,
U1-S1-PS1-Q08,AP/SCI BANK BUILD v4,AP Calculus AB,1,1,Practice Set 1,instructional,Q08,current-section,U1-MG01,,,,U1-S1-PRACT-FAM14,conceptual_reword,,2,Relate average versus instantaneous change to the idea of a limit and read and interpret limit notation.,I can relate average versus instantaneous change to the idea of a limit and read and interpret limit notation.,Notation and Mathematical Communication,short response,exact,instructional,90,,Unit 1 Assessment Plan; Course Framework; AP Topic scoring-guide style reference,
U1-S1-PS1-Q09,AP/SCI BANK BUILD v4,AP Calculus AB,1,1,Practice Set 1,instructional,Q09,current-section,U1-MG01,,,,U1-S1-PRACT-FAM15,representation_shift,,2,Relate average versus instantaneous change to the idea of a limit and read and interpret limit notation.,I can relate average versus instantaneous change to the idea of a limit and read and interpret limit notation.,Interpretation Across Representations,short response,exact,instructional,90,,Unit 1 Assessment Plan; Course Framework; AP Topic scoring-guide style reference,
U1-S1-PS1-Q10,AP/SCI BANK BUILD v4,AP Calculus AB,1,1,Practice Set 1,instructional,Q10,current-section,U1-MG01,,,,U1-S1-PRACT-FAM11,context_shift,,2,Relate average versus instantaneous change to the idea of a limit and read and interpret limit notation.,I can relate average versus instantaneous change to the idea of a limit and read and interpret limit notation.,Interpretation Across Representations,multiple choice,selected response,instructional,75,,Unit 1 Assessment Plan; Course Framework; AP Topic scoring-guide style reference,
U1-S1-PS1-Q11,AP/SCI BANK BUILD v4,AP Calculus AB,1,1,Practice Set 1,instructional,Q11,current-section,U1-MG01,,,,U1-S1-PRACT-FAM04,reasoning_shift,,1,Relate average versus instantaneous change to the idea of a limit and read and interpret limit notation.,I can relate average versus instantaneous change to the idea of a limit and read and interpret limit notation.,Notation and Mathematical Communication,short response,exact,instructional,90,,Unit 1 Assessment Plan; Course Framework; AP Topic scoring-guide style reference,
U1-S1-PS1-Q12,AP/SCI BANK BUILD v4,AP Calculus AB,1,1,Practice Set 1,instructional,Q12,current-section,U1-MG01,,,,U1-S1-PRACT-FAM09,representation_shift,,2,Relate average versus instantaneous change to the idea of a limit and read and interpret limit notation.,I can relate average versus instantaneous change to the idea of a limit and read and interpret limit notation.,Interpretation Across Representations,short response,exact,instructional,90,,Unit 1 Assessment Plan; Course Framework; AP Topic scoring-guide style reference,
U1-S1-PS1-Q13,AP/SCI BANK BUILD v4,AP Calculus AB,1,1,Practice Set 1,instructional,Q13,current-section,U1-MG01,,,,U1-S1-PRACT-FAM03,representation_shift,,1,Relate average versus instantaneous change to the idea of a limit and read and interpret limit notation.,I can relate average versus instantaneous change to the idea of a limit and read and interpret limit notation.,Interpretation Across Representations,short response,exact,instructional,90,,Unit 1 Assessment Plan; Course Framework; AP Topic scoring-guide style reference,
U1-S1-PS1-Q14,AP/SCI BANK BUILD v4,AP Calculus AB,1,1,Practice Set 1,instructional,Q14,current-section,U1-MG01,,,,U1-S1-PRACT-FAM07,routine_procedural_numeric,,2,Relate average versus instantaneous change to the idea of a limit and read and interpret limit notation.,I can relate average versus instantaneous change to the idea of a limit and read and interpret limit notation.,Interpretation Across Representations,short response,exact,instructional,90,,Unit 1 Assessment Plan; Course Framework; AP Topic scoring-guide style reference,
U1-S1-PS1-Q15,AP/SCI BANK BUILD v4,AP Calculus AB,1,1,Practice Set 1,instructional,Q15,current-section,U1-MG01,,,,U1-S1-PRACT-FAM18,mixed,,2,Relate average versus instantaneous change to the idea of a limit and read and interpret limit notation.,I can relate average versus instantaneous change to the idea of a limit and read and interpret limit notation.,Notation and Mathematical Communication,short response,exact,instructional,90,,Unit 1 Assessment Plan; Course Framework; AP Topic scoring-guide style reference,
U1-S1-PS1-Q16,AP/SCI BANK BUILD v4,AP Calculus AB,1,1,Practice Set 1,instructional,Q16,current-section,U1-MG01,,,,U1-S1-PRACT-FAM05,context_shift,,1,Relate average versus instantaneous change to the idea of a limit and read and interpret limit notation.,I can relate average versus instantaneous change to the idea of a limit and read and interpret limit notation.,Interpretation Across Representations,short response,exact,instructional,90,,Unit 1 Assessment Plan; Course Framework; AP Topic scoring-guide style reference,
U1-S1-PS1-Q17,AP/SCI BANK BUILD v4,AP Calculus AB,1,1,Practice Set 1,instructional,Q17,current-section,U1-MG01,,,,U1-S1-PRACT-FAM08,conceptual_reword,,2,Relate average versus instantaneous change to the idea of a limit and read and interpret limit notation.,I can relate average versus instantaneous change to the idea of a limit and read and interpret limit notation.,Notation and Mathematical Communication,multiple choice,selected response,instructional,75,,Unit 1 Assessment Plan; Course Framework; AP Topic scoring-guide style reference,
U1-S1-PS1-Q18,AP/SCI BANK BUILD v4,AP Calculus AB,1,1,Practice Set 1,instructional,Q18,current-section,U1-MG01,,,,U1-S1-PRACT-FAM01,routine_procedural_numeric,,1,Relate average versus instantaneous change to the idea of a limit and read and interpret limit notation.,I can relate average versus instantaneous change to the idea of a limit and read and interpret limit notation.,Interpretation Across Representations,multiple choice,selected response,instructional,75,,Unit 1 Assessment Plan; Course Framework; AP Topic scoring-guide style reference,
U1-S1-PS2-Q01,AP/SCI BANK BUILD v4,AP Calculus AB,1,1,Practice Set 2,instructional,Q01,current-section,U1-MG01,,,,U1-S1-PRACT-FAM15,representation_shift,,2,Relate average versus instantaneous change to the idea of a limit and read and interpret limit notation.,I can relate average versus instantaneous change to the idea of a limit and read and interpret limit notation.,Interpretation Across Representations,short response,exact,instructional,90,,Unit 1 Assessment Plan; Course Framework; AP Topic scoring-guide style reference,
U1-S1-PS2-Q02,AP/SCI BANK BUILD v4,AP Calculus AB,1,1,Practice Set 2,instructional,Q02,current-section,U1-MG01,,,,U1-S1-PRACT-FAM05,context_shift,,1,Relate average versus instantaneous change to the idea of a limit and read and interpret limit notation.,I can relate average versus instantaneous change to the idea of a limit and read and interpret limit notation.,Interpretation Across Representations,short response,exact,instructional,90,,Unit 1 Assessment Plan; Course Framework; AP Topic scoring-guide style reference,
U1-S1-PS2-Q03,AP/SCI BANK BUILD v4,AP Calculus AB,1,1,Practice Set 2,instructional,Q03,current-section,U1-MG01,,,,U1-S1-PRACT-FAM01,routine_procedural_numeric,,1,Relate average versus instantaneous change to the idea of a limit and read and interpret limit notation.,I can relate average versus instantaneous change to the idea of a limit and read and interpret limit notation.,Interpretation Across Representations,multiple choice,selected response,instructional,75,,Unit 1 Assessment Plan; Course Framework; AP Topic scoring-guide style reference,
U1-S1-PS2-Q04,AP/SCI BANK BUILD v4,AP Calculus AB,1,1,Practice Set 2,instructional,Q04,current-section,U1-MG01,,,,U1-S1-PRACT-FAM10,reasoning_shift,,2,Relate average versus instantaneous change to the idea of a limit and read and interpret limit notation.,I can relate average versus instantaneous change to the idea of a limit and read and interpret limit notation.,Notation and Mathematical Communication,short response,exact,instructional,90,,Unit 1 Assessment Plan; Course Framework; AP Topic scoring-guide style reference,
U1-S1-PS2-Q05,AP/SCI BANK BUILD v4,AP Calculus AB,1,1,Practice Set 2,instructional,Q05,current-section,U1-MG01,,,,U1-S1-PRACT-FAM06,mixed,,2,Relate average versus instantaneous change to the idea of a limit and read and interpret limit notation.,I can relate average versus instantaneous change to the idea of a limit and read and interpret limit notation.,Notation and Mathematical Communication,short response,exact,instructional,90,,Unit 1 Assessment Plan; Course Framework; AP Topic scoring-guide style reference,
U1-S1-PS2-Q06,AP/SCI BANK BUILD v4,AP Calculus AB,1,1,Practice Set 2,instructional,Q06,current-section,U1-MG01,,,,U1-S1-PRACT-FAM02,conceptual_reword,,1,Relate average versus instantaneous change to the idea of a limit and read and interpret limit notation.,I can relate average versus instantaneous change to the idea of a limit and read and interpret limit notation.,Notation and Mathematical Communication,short response,exact,instructional,90,,Unit 1 Assessment Plan; Course Framework; AP Topic scoring-guide style reference,
U1-S1-PS2-Q07,AP/SCI BANK BUILD v4,AP Calculus AB,1,1,Practice Set 2,instructional,Q07,current-section,U1-MG01,,,,U1-S1-PRACT-FAM08,conceptual_reword,,2,Relate average versus instantaneous change to the idea of a limit and read and interpret limit notation.,I can relate average versus instantaneous change to the idea of a limit and read and interpret limit notation.,Notation and Mathematical Communication,multiple choice,selected response,instructional,75,,Unit 1 Assessment Plan; Course Framework; AP Topic scoring-guide style reference,
U1-S1-PS2-Q08,AP/SCI BANK BUILD v4,AP Calculus AB,1,1,Practice Set 2,instructional,Q08,current-section,U1-MG01,,,,U1-S1-PRACT-FAM07,routine_procedural_numeric,,2,Relate average versus instantaneous change to the idea of a limit and read and interpret limit notation.,I can relate average versus instantaneous change to the idea of a limit and read and interpret limit notation.,Interpretation Across Representations,short response,exact,instructional,90,,Unit 1 Assessment Plan; Course Framework; AP Topic scoring-guide style reference,
U1-S1-PS2-Q09,AP/SCI BANK BUILD v4,AP Calculus AB,1,1,Practice Set 2,instructional,Q09,current-section,U1-MG01,,,,U1-S1-PRACT-FAM16,reasoning_shift,,2,Relate average versus instantaneous change to the idea of a limit and read and interpret limit notation.,I can relate average versus instantaneous change to the idea of a limit and read and interpret limit notation.,Notation and Mathematical Communication,short response,exact,instructional,90,u1_s1_ps2_f15.png,Unit 1 Assessment Plan; Course Framework; AP Topic scoring-guide style reference,
U1-S1-PS2-Q10,AP/SCI BANK BUILD v4,AP Calculus AB,1,1,Practice Set 2,instructional,Q10,current-section,U1-MG01,,,,U1-S1-PRACT-FAM09,representation_shift,,2,Relate average versus instantaneous change to the idea of a limit and read and interpret limit notation.,I can relate average versus instantaneous change to the idea of a limit and read and interpret limit notation.,Interpretation Across Representations,short response,exact,instructional,90,,Unit 1 Assessment Plan; Course Framework; AP Topic scoring-guide style reference,
U1-S1-PS2-Q11,AP/SCI BANK BUILD v4,AP Calculus AB,1,1,Practice Set 2,instructional,Q11,current-section,U1-MG01,,,,U1-S1-PRACT-FAM11,context_shift,,2,Relate average versus instantaneous change to the idea of a limit and read and interpret limit notation.,I can relate average versus instantaneous change to the idea of a limit and read and interpret limit notation.,Interpretation Across Representations,multiple choice,selected response,instructional,75,,Unit 1 Assessment Plan; Course Framework; AP Topic scoring-guide style reference,
U1-S1-PS2-Q12,AP/SCI BANK BUILD v4,AP Calculus AB,1,1,Practice Set 2,instructional,Q12,current-section,U1-MG01,,,,U1-S1-PRACT-FAM13,routine_procedural_numeric,,2,Relate average versus instantaneous change to the idea of a limit and read and interpret limit notation.,I can relate average versus instantaneous change to the idea of a limit and read and interpret limit notation.,Interpretation Across Representations,multiple choice,selected response,instructional,75,,Unit 1 Assessment Plan; Course Framework; AP Topic scoring-guide style reference,
U1-S1-PS2-Q13,AP/SCI BANK BUILD v4,AP Calculus AB,1,1,Practice Set 2,instructional,Q13,current-section,U1-MG01,,,,U1-S1-PRACT-FAM17,context_shift,,2,Relate average versus instantaneous change to the idea of a limit and read and interpret limit notation.,I can relate average versus instantaneous change to the idea of a limit and read and interpret limit notation.,Interpretation Across Representations,short response,exact,instructional,90,,Unit 1 Assessment Plan; Course Framework; AP Topic scoring-guide style reference,
U1-S1-PS2-Q14,AP/SCI BANK BUILD v4,AP Calculus AB,1,1,Practice Set 2,instructional,Q14,current-section,U1-MG01,,,,U1-S1-PRACT-FAM03,representation_shift,,1,Relate average versus instantaneous change to the idea of a limit and read and interpret limit notation.,I can relate average versus instantaneous change to the idea of a limit and read and interpret limit notation.,Interpretation Across Representations,short response,exact,instructional,90,,Unit 1 Assessment Plan; Course Framework; AP Topic scoring-guide style reference,
U1-S1-PS2-Q15,AP/SCI BANK BUILD v4,AP Calculus AB,1,1,Practice Set 2,instructional,Q15,current-section,U1-MG01,,,,U1-S1-PRACT-FAM04,reasoning_shift,,1,Relate average versus instantaneous change to the idea of a limit and read and interpret limit notation.,I can relate average versus instantaneous change to the idea of a limit and read and interpret limit notation.,Notation and Mathematical Communication,short response,exact,instructional,90,,Unit 1 Assessment Plan; Course Framework; AP Topic scoring-guide style reference,
U1-S1-PS2-Q16,AP/SCI BANK BUILD v4,AP Calculus AB,1,1,Practice Set 2,instructional,Q16,current-section,U1-MG01,,,,U1-S1-PRACT-FAM18,mixed,,2,Relate average versus instantaneous change to the idea of a limit and read and interpret limit notation.,I can relate average versus instantaneous change to the idea of a limit and read and interpret limit notation.,Notation and Mathematical Communication,short response,exact,instructional,90,,Unit 1 Assessment Plan; Course Framework; AP Topic scoring-guide style reference,
U1-S1-PS2-Q17,AP/SCI BANK BUILD v4,AP Calculus AB,1,1,Practice Set 2,instructional,Q17,current-section,U1-MG01,,,,U1-S1-PRACT-FAM14,conceptual_reword,,2,Relate average versus instantaneous change to the idea of a limit and read and interpret limit notation.,I can relate average versus instantaneous change to the idea of a limit and read and interpret limit notation.,Notation and Mathematical Communication,short response,exact,instructional,90,,Unit 1 Assessment Plan; Course Framework; AP Topic scoring-guide style reference,
U1-S1-PS2-Q18,AP/SCI BANK BUILD v4,AP Calculus AB,1,1,Practice Set 2,instructional,Q18,current-section,U1-MG01,,,,U1-S1-PRACT-FAM12,mixed,,2,Relate average versus instantaneous change to the idea of a limit and read and interpret limit notation.,I can relate average versus instantaneous change to the idea of a limit and read and interpret limit notation.,Notation and Mathematical Communication,multiple choice,selected response,instructional,75,,Unit 1 Assessment Plan; Course Framework; AP Topic scoring-guide style reference,
U1-S1-PS3-Q01,AP/SCI BANK BUILD v4,AP Calculus AB,1,1,Practice Set 3,instructional,Q01,current-section,U1-MG01,,,,U1-S1-PRACT-FAM09,representation_shift,,2,Relate average versus instantaneous change to the idea of a limit and read and interpret limit notation.,I can relate average versus instantaneous change to the idea of a limit and read and interpret limit notation.,Interpretation Across Representations,short response,exact,instructional,90,,Unit 1 Assessment Plan; Course Framework; AP Topic scoring-guide style reference,
U1-S1-PS3-Q02,AP/SCI BANK BUILD v4,AP Calculus AB,1,1,Practice Set 3,instructional,Q02,current-section,U1-MG01,,,,U1-S1-PRACT-FAM02,conceptual_reword,,1,Relate average versus instantaneous change to the idea of a limit and read and interpret limit notation.,I can relate average versus instantaneous change to the idea of a limit and read and interpret limit notation.,Notation and Mathematical Communication,short response,exact,instructional,90,,Unit 1 Assessment Plan; Course Framework; AP Topic scoring-guide style reference,
U1-S1-PS3-Q03,AP/SCI BANK BUILD v4,AP Calculus AB,1,1,Practice Set 3,instructional,Q03,current-section,U1-MG01,,,,U1-S1-PRACT-FAM15,representation_shift,,2,Relate average versus instantaneous change to the idea of a limit and read and interpret limit notation.,I can relate average versus instantaneous change to the idea of a limit and read and interpret limit notation.,Interpretation Across Representations,short response,exact,instructional,90,,Unit 1 Assessment Plan; Course Framework; AP Topic scoring-guide style reference,
U1-S1-PS3-Q04,AP/SCI BANK BUILD v4,AP Calculus AB,1,1,Practice Set 3,instructional,Q04,current-section,U1-MG01,,,,U1-S1-PRACT-FAM01,routine_procedural_numeric,,1,Relate average versus instantaneous change to the idea of a limit and read and interpret limit notation.,I can relate average versus instantaneous change to the idea of a limit and read and interpret limit notation.,Interpretation Across Representations,multiple choice,selected response,instructional,75,,Unit 1 Assessment Plan; Course Framework; AP Topic scoring-guide style reference,
U1-S1-PS3-Q05,AP/SCI BANK BUILD v4,AP Calculus AB,1,1,Practice Set 3,instructional,Q05,current-section,U1-MG01,,,,U1-S1-PRACT-FAM13,routine_procedural_numeric,,2,Relate average versus instantaneous change to the idea of a limit and read and interpret limit notation.,I can relate average versus instantaneous change to the idea of a limit and read and interpret limit notation.,Interpretation Across Representations,multiple choice,selected response,instructional,75,,Unit 1 Assessment Plan; Course Framework; AP Topic scoring-guide style reference,
U1-S1-PS3-Q06,AP/SCI BANK BUILD v4,AP Calculus AB,1,1,Practice Set 3,instructional,Q06,current-section,U1-MG01,,,,U1-S1-PRACT-FAM10,reasoning_shift,,2,Relate average versus instantaneous change to the idea of a limit and read and interpret limit notation.,I can relate average versus instantaneous change to the idea of a limit and read and interpret limit notation.,Notation and Mathematical Communication,short response,exact,instructional,90,,Unit 1 Assessment Plan; Course Framework; AP Topic scoring-guide style reference,
U1-S1-PS3-Q07,AP/SCI BANK BUILD v4,AP Calculus AB,1,1,Practice Set 3,instructional,Q07,current-section,U1-MG01,,,,U1-S1-PRACT-FAM06,mixed,,2,Relate average versus instantaneous change to the idea of a limit and read and interpret limit notation.,I can relate average versus instantaneous change to the idea of a limit and read and interpret limit notation.,Notation and Mathematical Communication,short response,exact,instructional,90,,Unit 1 Assessment Plan; Course Framework; AP Topic scoring-guide style reference,
U1-S1-PS3-Q08,AP/SCI BANK BUILD v4,AP Calculus AB,1,1,Practice Set 3,instructional,Q08,current-section,U1-MG01,,,,U1-S1-PRACT-FAM08,conceptual_reword,,2,Relate average versus instantaneous change to the idea of a limit and read and interpret limit notation.,I can relate average versus instantaneous change to the idea of a limit and read and interpret limit notation.,Notation and Mathematical Communication,multiple choice,selected response,instructional,75,,Unit 1 Assessment Plan; Course Framework; AP Topic scoring-guide style reference,
U1-S1-PS3-Q09,AP/SCI BANK BUILD v4,AP Calculus AB,1,1,Practice Set 3,instructional,Q09,current-section,U1-MG01,,,,U1-S1-PRACT-FAM18,mixed,,2,Relate average versus instantaneous change to the idea of a limit and read and interpret limit notation.,I can relate average versus instantaneous change to the idea of a limit and read and interpret limit notation.,Notation and Mathematical Communication,short response,exact,instructional,90,,Unit 1 Assessment Plan; Course Framework; AP Topic scoring-guide style reference,
U1-S1-PS3-Q10,AP/SCI BANK BUILD v4,AP Calculus AB,1,1,Practice Set 3,instructional,Q10,current-section,U1-MG01,,,,U1-S1-PRACT-FAM16,reasoning_shift,,2,Relate average versus instantaneous change to the idea of a limit and read and interpret limit notation.,I can relate average versus instantaneous change to the idea of a limit and read and interpret limit notation.,Notation and Mathematical Communication,short response,exact,instructional,90,u1_s1_ps3_f15.png,Unit 1 Assessment Plan; Course Framework; AP Topic scoring-guide style reference,
U1-S1-PS3-Q11,AP/SCI BANK BUILD v4,AP Calculus AB,1,1,Practice Set 3,instructional,Q11,current-section,U1-MG01,,,,U1-S1-PRACT-FAM11,context_shift,,2,Relate average versus instantaneous change to the idea of a limit and read and interpret limit notation.,I can relate average versus instantaneous change to the idea of a limit and read and interpret limit notation.,Interpretation Across Representations,multiple choice,selected response,instructional,75,,Unit 1 Assessment Plan; Course Framework; AP Topic scoring-guide style reference,
U1-S1-PS3-Q12,AP/SCI BANK BUILD v4,AP Calculus AB,1,1,Practice Set 3,instructional,Q12,current-section,U1-MG01,,,,U1-S1-PRACT-FAM17,context_shift,,2,Relate average versus instantaneous change to the idea of a limit and read and interpret limit notation.,I can relate average versus instantaneous change to the idea of a limit and read and interpret limit notation.,Interpretation Across Representations,short response,exact,instructional,90,,Unit 1 Assessment Plan; Course Framework; AP Topic scoring-guide style reference,
U1-S1-PS3-Q13,AP/SCI BANK BUILD v4,AP Calculus AB,1,1,Practice Set 3,instructional,Q13,current-section,U1-MG01,,,,U1-S1-PRACT-FAM04,reasoning_shift,,1,Relate average versus instantaneous change to the idea of a limit and read and interpret limit notation.,I can relate average versus instantaneous change to the idea of a limit and read and interpret limit notation.,Notation and Mathematical Communication,short response,exact,instructional,90,,Unit 1 Assessment Plan; Course Framework; AP Topic scoring-guide style reference,
U1-S1-PS3-Q14,AP/SCI BANK BUILD v4,AP Calculus AB,1,1,Practice Set 3,instructional,Q14,current-section,U1-MG01,,,,U1-S1-PRACT-FAM03,representation_shift,,1,Relate average versus instantaneous change to the idea of a limit and read and interpret limit notation.,I can relate average versus instantaneous change to the idea of a limit and read and interpret limit notation.,Interpretation Across Representations,short response,exact,instructional,90,,Unit 1 Assessment Plan; Course Framework; AP Topic scoring-guide style reference,
U1-S1-PS3-Q15,AP/SCI BANK BUILD v4,AP Calculus AB,1,1,Practice Set 3,instructional,Q15,current-section,U1-MG01,,,,U1-S1-PRACT-FAM07,routine_procedural_numeric,,2,Relate average versus instantaneous change to the idea of a limit and read and interpret limit notation.,I can relate average versus instantaneous change to the idea of a limit and read and interpret limit notation.,Interpretation Across Representations,short response,exact,instructional,90,,Unit 1 Assessment Plan; Course Framework; AP Topic scoring-guide style reference,
U1-S1-PS3-Q16,AP/SCI BANK BUILD v4,AP Calculus AB,1,1,Practice Set 3,instructional,Q16,current-section,U1-MG01,,,,U1-S1-PRACT-FAM14,conceptual_reword,,2,Relate average versus instantaneous change to the idea of a limit and read and interpret limit notation.,I can relate average versus instantaneous change to the idea of a limit and read and interpret limit notation.,Notation and Mathematical Communication,short response,exact,instructional,90,,Unit 1 Assessment Plan; Course Framework; AP Topic scoring-guide style reference,
U1-S1-PS3-Q17,AP/SCI BANK BUILD v4,AP Calculus AB,1,1,Practice Set 3,instructional,Q17,current-section,U1-MG01,,,,U1-S1-PRACT-FAM05,context_shift,,1,Relate average versus instantaneous change to the idea of a limit and read and interpret limit notation.,I can relate average versus instantaneous change to the idea of a limit and read and interpret limit notation.,Interpretation Across Representations,short response,exact,instructional,90,,Unit 1 Assessment Plan; Course Framework; AP Topic scoring-guide style reference,
U1-S1-PS3-Q18,AP/SCI BANK BUILD v4,AP Calculus AB,1,1,Practice Set 3,instructional,Q18,current-section,U1-MG01,,,,U1-S1-PRACT-FAM12,mixed,,2,Relate average versus instantaneous change to the idea of a limit and read and interpret limit notation.,I can relate average versus instantaneous change to the idea of a limit and read and interpret limit notation.,Notation and Mathematical Communication,multiple choice,selected response,instructional,75,,Unit 1 Assessment Plan; Course Framework; AP Topic scoring-guide style reference,
U1-S1-XP-Q01,AP/SCI BANK BUILD v4,AP Calculus AB,1,1,Extra Practice,instructional,Q01,current-section,U1-MG01,,,,U1-S1-PRACT-FAM06,mixed,,2,Relate average versus instantaneous change to the idea of a limit and read and interpret limit notation.,I can relate average versus instantaneous change to the idea of a limit and read and interpret limit notation.,Notation and Mathematical Communication,short response,exact,instructional,90,,Unit 1 Assessment Plan; Course Framework; AP Topic scoring-guide style reference,
U1-S1-XP-Q02,AP/SCI BANK BUILD v4,AP Calculus AB,1,1,Extra Practice,instructional,Q02,current-section,U1-MG01,,,,U1-S1-PRACT-FAM10,reasoning_shift,,2,Relate average versus instantaneous change to the idea of a limit and read and interpret limit notation.,I can relate average versus instantaneous change to the idea of a limit and read and interpret limit notation.,Notation and Mathematical Communication,short response,exact,instructional,90,,Unit 1 Assessment Plan; Course Framework; AP Topic scoring-guide style reference,
U1-S1-XP-Q03,AP/SCI BANK BUILD v4,AP Calculus AB,1,1,Extra Practice,instructional,Q03,current-section,U1-MG01,,,,U1-S1-PRACT-FAM01,routine_procedural_numeric,,1,Relate average versus instantaneous change to the idea of a limit and read and interpret limit notation.,I can relate average versus instantaneous change to the idea of a limit and read and interpret limit notation.,Interpretation Across Representations,multiple choice,selected response,instructional,75,,Unit 1 Assessment Plan; Course Framework; AP Topic scoring-guide style reference,
U1-S1-XP-Q04,AP/SCI BANK BUILD v4,AP Calculus AB,1,1,Extra Practice,instructional,Q04,current-section,U1-MG01,,,,U1-S1-PRACT-FAM08,conceptual_reword,,2,Relate average versus instantaneous change to the idea of a limit and read and interpret limit notation.,I can relate average versus instantaneous change to the idea of a limit and read and interpret limit notation.,Notation and Mathematical Communication,multiple choice,selected response,instructional,75,,Unit 1 Assessment Plan; Course Framework; AP Topic scoring-guide style reference,
U1-S1-XP-Q05,AP/SCI BANK BUILD v4,AP Calculus AB,1,1,Extra Practice,instructional,Q05,current-section,U1-MG01,,,,U1-S1-PRACT-FAM07,routine_procedural_numeric,,2,Relate average versus instantaneous change to the idea of a limit and read and interpret limit notation.,I can relate average versus instantaneous change to the idea of a limit and read and interpret limit notation.,Interpretation Across Representations,short response,exact,instructional,90,,Unit 1 Assessment Plan; Course Framework; AP Topic scoring-guide style reference,
U1-S1-XP-Q06,AP/SCI BANK BUILD v4,AP Calculus AB,1,1,Extra Practice,instructional,Q06,current-section,U1-MG01,,,,U1-S1-PRACT-FAM05,context_shift,,1,Relate average versus instantaneous change to the idea of a limit and read and interpret limit notation.,I can relate average versus instantaneous change to the idea of a limit and read and interpret limit notation.,Interpretation Across Representations,short response,exact,instructional,90,,Unit 1 Assessment Plan; Course Framework; AP Topic scoring-guide style reference,
U1-S1-XP-Q07,AP/SCI BANK BUILD v4,AP Calculus AB,1,1,Extra Practice,instructional,Q07,current-section,U1-MG01,,,,U1-S1-PRACT-FAM12,mixed,,2,Relate average versus instantaneous change to the idea of a limit and read and interpret limit notation.,I can relate average versus instantaneous change to the idea of a limit and read and interpret limit notation.,Notation and Mathematical Communication,multiple choice,selected response,instructional,75,,Unit 1 Assessment Plan; Course Framework; AP Topic scoring-guide style reference,
U1-S1-XP-Q08,AP/SCI BANK BUILD v4,AP Calculus AB,1,1,Extra Practice,instructional,Q08,current-section,U1-MG01,,,,U1-S1-PRACT-FAM09,representation_shift,,2,Relate average versus instantaneous change to the idea of a limit and read and interpret limit notation.,I can relate average versus instantaneous change to the idea of a limit and read and interpret limit notation.,Interpretation Across Representations,short response,exact,instructional,90,,Unit 1 Assessment Plan; Course Framework; AP Topic scoring-guide style reference,
U1-S1-XP-Q09,AP/SCI BANK BUILD v4,AP Calculus AB,1,1,Extra Practice,instructional,Q09,current-section,U1-MG01,,,,U1-S1-PRACT-FAM17,context_shift,,2,Relate average versus instantaneous change to the idea of a limit and read and interpret limit notation.,I can relate average versus instantaneous change to the idea of a limit and read and interpret limit notation.,Interpretation Across Representations,short response,exact,instructional,90,,Unit 1 Assessment Plan; Course Framework; AP Topic scoring-guide style reference,
U1-S1-XP-Q10,AP/SCI BANK BUILD v4,AP Calculus AB,1,1,Extra Practice,instructional,Q10,current-section,U1-MG01,,,,U1-S1-PRACT-FAM02,conceptual_reword,,1,Relate average versus instantaneous change to the idea of a limit and read and interpret limit notation.,I can relate average versus instantaneous change to the idea of a limit and read and interpret limit notation.,Notation and Mathematical Communication,short response,exact,instructional,90,,Unit 1 Assessment Plan; Course Framework; AP Topic scoring-guide style reference,
U1-S1-XP-Q11,AP/SCI BANK BUILD v4,AP Calculus AB,1,1,Extra Practice,instructional,Q11,current-section,U1-MG01,,,,U1-S1-PRACT-FAM04,reasoning_shift,,1,Relate average versus instantaneous change to the idea of a limit and read and interpret limit notation.,I can relate average versus instantaneous change to the idea of a limit and read and interpret limit notation.,Notation and Mathematical Communication,short response,exact,instructional,90,,Unit 1 Assessment Plan; Course Framework; AP Topic scoring-guide style reference,
U1-S1-XP-Q12,AP/SCI BANK BUILD v4,AP Calculus AB,1,1,Extra Practice,instructional,Q12,current-section,U1-MG01,,,,U1-S1-PRACT-FAM18,mixed,,2,Relate average versus instantaneous change to the idea of a limit and read and interpret limit notation.,I can relate average versus instantaneous change to the idea of a limit and read and interpret limit notation.,Notation and Mathematical Communication,short response,exact,instructional,90,,Unit 1 Assessment Plan; Course Framework; AP Topic scoring-guide style reference,
U1-S1-XP-Q13,AP/SCI BANK BUILD v4,AP Calculus AB,1,1,Extra Practice,instructional,Q13,current-section,U1-MG01,,,,U1-S1-PRACT-FAM11,context_shift,,2,Relate average versus instantaneous change to the idea of a limit and read and interpret limit notation.,I can relate average versus instantaneous change to the idea of a limit and read and interpret limit notation.,Interpretation Across Representations,multiple choice,selected response,instructional,75,,Unit 1 Assessment Plan; Course Framework; AP Topic scoring-guide style reference,
U1-S1-XP-Q14,AP/SCI BANK BUILD v4,AP Calculus AB,1,1,Extra Practice,instructional,Q14,current-section,U1-MG01,,,,U1-S1-PRACT-FAM03,representation_shift,,1,Relate average versus instantaneous change to the idea of a limit and read and interpret limit notation.,I can relate average versus instantaneous change to the idea of a limit and read and interpret limit notation.,Interpretation Across Representations,short response,exact,instructional,90,,Unit 1 Assessment Plan; Course Framework; AP Topic scoring-guide style reference,
U1-S1-XP-Q15,AP/SCI BANK BUILD v4,AP Calculus AB,1,1,Extra Practice,instructional,Q15,current-section,U1-MG01,,,,U1-S1-PRACT-FAM14,conceptual_reword,,2,Relate average versus instantaneous change to the idea of a limit and read and interpret limit notation.,I can relate average versus instantaneous change to the idea of a limit and read and interpret limit notation.,Notation and Mathematical Communication,short response,exact,instructional,90,,Unit 1 Assessment Plan; Course Framework; AP Topic scoring-guide style reference,
U1-S1-XP-Q16,AP/SCI BANK BUILD v4,AP Calculus AB,1,1,Extra Practice,instructional,Q16,current-section,U1-MG01,,,,U1-S1-PRACT-FAM15,representation_shift,,2,Relate average versus instantaneous change to the idea of a limit and read and interpret limit notation.,I can relate average versus instantaneous change to the idea of a limit and read and interpret limit notation.,Interpretation Across Representations,short response,exact,instructional,90,,Unit 1 Assessment Plan; Course Framework; AP Topic scoring-guide style reference,
U1-S1-XP-Q17,AP/SCI BANK BUILD v4,AP Calculus AB,1,1,Extra Practice,instructional,Q17,current-section,U1-MG01,,,,U1-S1-PRACT-FAM16,reasoning_shift,,2,Relate average versus instantaneous change to the idea of a limit and read and interpret limit notation.,I can relate average versus instantaneous change to the idea of a limit and read and interpret limit notation.,Notation and Mathematical Communication,short response,exact,instructional,90,u1_s1_xp_f15.png,Unit 1 Assessment Plan; Course Framework; AP Topic scoring-guide style reference,
U1-S1-XP-Q18,AP/SCI BANK BUILD v4,AP Calculus AB,1,1,Extra Practice,instructional,Q18,current-section,U1-MG01,,,,U1-S1-PRACT-FAM13,routine_procedural_numeric,,2,Relate average versus instantaneous change to the idea of a limit and read and interpret limit notation.,I can relate average versus instantaneous change to the idea of a limit and read and interpret limit notation.,Interpretation Across Representations,multiple choice,selected response,instructional,75,,Unit 1 Assessment Plan; Course Framework; AP Topic scoring-guide style reference,
U1-S2-PS1-Q01,AP/SCI BANK BUILD v4,AP Calculus AB,1,2,Practice Set 1,instructional,Q01,current-section,U1-MG01,,,,U1-S2-PRACT-FAM03,representation_shift,,2,"Determine one-sided and two-sided limits from graphs and tables, including when a limit does not exist.","I can determine one-sided and two-sided limits from graphs and tables, including when a limit does not exist.",Notation and Mathematical Communication,multiple choice,selected response,instructional,75,u1_s2_ps1_f02.png,Unit 1 Assessment Plan; Course Framework; AP Topic scoring-guide style reference,
U1-S2-PS1-Q02,AP/SCI BANK BUILD v4,AP Calculus AB,1,2,Practice Set 1,instructional,Q02,current-section,U1-MG01,,,,U1-S2-PRACT-FAM09,representation_shift,,2,"Determine one-sided and two-sided limits from graphs and tables, including when a limit does not exist.","I can determine one-sided and two-sided limits from graphs and tables, including when a limit does not exist.",Notation and Mathematical Communication,short response,exact,instructional,90,,Unit 1 Assessment Plan; Course Framework; AP Topic scoring-guide style reference,
U1-S2-PS1-Q03,AP/SCI BANK BUILD v4,AP Calculus AB,1,2,Practice Set 1,instructional,Q03,current-section,U1-MG01,,,,U1-S2-PRACT-FAM07,routine_procedural_numeric,,2,"Determine one-sided and two-sided limits from graphs and tables, including when a limit does not exist.","I can determine one-sided and two-sided limits from graphs and tables, including when a limit does not exist.",Interpretation Across Representations,multiple choice,selected response,instructional,75,,Unit 1 Assessment Plan; Course Framework; AP Topic scoring-guide style reference,
U1-S2-PS1-Q04,AP/SCI BANK BUILD v4,AP Calculus AB,1,2,Practice Set 1,instructional,Q04,current-section,U1-MG01,,,,U1-S2-PRACT-FAM18,mixed,,2,"Determine one-sided and two-sided limits from graphs and tables, including when a limit does not exist.","I can determine one-sided and two-sided limits from graphs and tables, including when a limit does not exist.",Notation and Mathematical Communication,short response,exact,instructional,90,,Unit 1 Assessment Plan; Course Framework; AP Topic scoring-guide style reference,
U1-S2-PS1-Q05,AP/SCI BANK BUILD v4,AP Calculus AB,1,2,Practice Set 1,instructional,Q05,current-section,U1-MG01,,,,U1-S2-PRACT-FAM06,mixed,,2,"Determine one-sided and two-sided limits from graphs and tables, including when a limit does not exist.","I can determine one-sided and two-sided limits from graphs and tables, including when a limit does not exist.",Notation and Mathematical Communication,multiple choice,selected response,instructional,75,,Unit 1 Assessment Plan; Course Framework; AP Topic scoring-guide style reference,
U1-S2-PS1-Q06,AP/SCI BANK BUILD v4,AP Calculus AB,1,2,Practice Set 1,instructional,Q06,current-section,U1-MG01,,,,U1-S2-PRACT-FAM12,mixed,,2,"Determine one-sided and two-sided limits from graphs and tables, including when a limit does not exist.","I can determine one-sided and two-sided limits from graphs and tables, including when a limit does not exist.",Notation and Mathematical Communication,short response,exact,instructional,90,,Unit 1 Assessment Plan; Course Framework; AP Topic scoring-guide style reference,
U1-S2-PS1-Q07,AP/SCI BANK BUILD v4,AP Calculus AB,1,2,Practice Set 1,instructional,Q07,current-section,U1-MG01,,,,U1-S2-PRACT-FAM15,representation_shift,,2,"Determine one-sided and two-sided limits from graphs and tables, including when a limit does not exist.","I can determine one-sided and two-sided limits from graphs and tables, including when a limit does not exist.",Notation and Mathematical Communication,short response,exact,instructional,90,,Unit 1 Assessment Plan; Course Framework; AP Topic scoring-guide style reference,
U1-S2-PS1-Q08,AP/SCI BANK BUILD v4,AP Calculus AB,1,2,Practice Set 1,instructional,Q08,current-section,U1-MG01,,,,U1-S2-PRACT-FAM08,conceptual_reword,,2,"Determine one-sided and two-sided limits from graphs and tables, including when a limit does not exist.","I can determine one-sided and two-sided limits from graphs and tables, including when a limit does not exist.",Calculator and Non-Calculator Reasoning,multiple choice,selected response,instructional,75,,Unit 1 Assessment Plan; Course Framework; AP Topic scoring-guide style reference,
U1-S2-PS1-Q09,AP/SCI BANK BUILD v4,AP Calculus AB,1,2,Practice Set 1,instructional,Q09,current-section,U1-MG01,,,,U1-S2-PRACT-FAM01,routine_procedural_numeric,,1,"Determine one-sided and two-sided limits from graphs and tables, including when a limit does not exist.","I can determine one-sided and two-sided limits from graphs and tables, including when a limit does not exist.",Interpretation Across Representations,short response,exact,instructional,90,,Unit 1 Assessment Plan; Course Framework; AP Topic scoring-guide style reference,
U1-S2-PS1-Q10,AP/SCI BANK BUILD v4,AP Calculus AB,1,2,Practice Set 1,instructional,Q10,current-section,U1-MG01,,,,U1-S2-PRACT-FAM05,context_shift,,1,"Determine one-sided and two-sided limits from graphs and tables, including when a limit does not exist.","I can determine one-sided and two-sided limits from graphs and tables, including when a limit does not exist.",Calculator and Non-Calculator Reasoning,short response,exact,instructional,90,,Unit 1 Assessment Plan; Course Framework; AP Topic scoring-guide style reference,
U1-S2-PS1-Q11,AP/SCI BANK BUILD v4,AP Calculus AB,1,2,Practice Set 1,instructional,Q11,current-section,U1-MG01,,,,U1-S2-PRACT-FAM16,reasoning_shift,,2,"Determine one-sided and two-sided limits from graphs and tables, including when a limit does not exist.","I can determine one-sided and two-sided limits from graphs and tables, including when a limit does not exist.",Interpretation Across Representations,short response,exact,instructional,90,u1_s2_ps1_f15.png,Unit 1 Assessment Plan; Course Framework; AP Topic scoring-guide style reference,
U1-S2-PS1-Q12,AP/SCI BANK BUILD v4,AP Calculus AB,1,2,Practice Set 1,instructional,Q12,current-section,U1-MG01,,,,U1-S2-PRACT-FAM02,conceptual_reword,,1,"Determine one-sided and two-sided limits from graphs and tables, including when a limit does not exist.","I can determine one-sided and two-sided limits from graphs and tables, including when a limit does not exist.",Calculator and Non-Calculator Reasoning,short response,exact,instructional,90,u1_s2_ps1_f01.png,Unit 1 Assessment Plan; Course Framework; AP Topic scoring-guide style reference,
U1-S2-PS1-Q13,AP/SCI BANK BUILD v4,AP Calculus AB,1,2,Practice Set 1,instructional,Q13,current-section,U1-MG01,,,,U1-S2-PRACT-FAM14,conceptual_reword,,2,"Determine one-sided and two-sided limits from graphs and tables, including when a limit does not exist.","I can determine one-sided and two-sided limits from graphs and tables, including when a limit does not exist.",Calculator and Non-Calculator Reasoning,short response,exact,instructional,90,,Unit 1 Assessment Plan; Course Framework; AP Topic scoring-guide style reference,
U1-S2-PS1-Q14,AP/SCI BANK BUILD v4,AP Calculus AB,1,2,Practice Set 1,instructional,Q14,current-section,U1-MG01,,,,U1-S2-PRACT-FAM17,context_shift,,2,"Determine one-sided and two-sided limits from graphs and tables, including when a limit does not exist.","I can determine one-sided and two-sided limits from graphs and tables, including when a limit does not exist.",Calculator and Non-Calculator Reasoning,short response,exact,instructional,90,,Unit 1 Assessment Plan; Course Framework; AP Topic scoring-guide style reference,
U1-S2-PS1-Q15,AP/SCI BANK BUILD v4,AP Calculus AB,1,2,Practice Set 1,instructional,Q15,current-section,U1-MG01,,,,U1-S2-PRACT-FAM13,routine_procedural_numeric,,2,"Determine one-sided and two-sided limits from graphs and tables, including when a limit does not exist.","I can determine one-sided and two-sided limits from graphs and tables, including when a limit does not exist.",Interpretation Across Representations,short response,exact,instructional,90,,Unit 1 Assessment Plan; Course Framework; AP Topic scoring-guide style reference,
U1-S2-PS1-Q16,AP/SCI BANK BUILD v4,AP Calculus AB,1,2,Practice Set 1,instructional,Q16,current-section,U1-MG01,,,,U1-S2-PRACT-FAM04,reasoning_shift,,1,"Determine one-sided and two-sided limits from graphs and tables, including when a limit does not exist.","I can determine one-sided and two-sided limits from graphs and tables, including when a limit does not exist.",Interpretation Across Representations,short response,exact,instructional,90,,Unit 1 Assessment Plan; Course Framework; AP Topic scoring-guide style reference,
U1-S2-PS1-Q17,AP/SCI BANK BUILD v4,AP Calculus AB,1,2,Practice Set 1,instructional,Q17,current-section,U1-MG01,,,,U1-S2-PRACT-FAM11,context_shift,,2,"Determine one-sided and two-sided limits from graphs and tables, including when a limit does not exist.","I can determine one-sided and two-sided limits from graphs and tables, including when a limit does not exist.",Calculator and Non-Calculator Reasoning,multiple choice,selected response,instructional,75,,Unit 1 Assessment Plan; Course Framework; AP Topic scoring-guide style reference,
U1-S2-PS1-Q18,AP/SCI BANK BUILD v4,AP Calculus AB,1,2,Practice Set 1,instructional,Q18,current-section,U1-MG01,,,,U1-S2-PRACT-FAM10,reasoning_shift,,2,"Determine one-sided and two-sided limits from graphs and tables, including when a limit does not exist.","I can determine one-sided and two-sided limits from graphs and tables, including when a limit does not exist.",Interpretation Across Representations,short response,exact,instructional,90,,Unit 1 Assessment Plan; Course Framework; AP Topic scoring-guide style reference,
U1-S2-PS2-Q01,AP/SCI BANK BUILD v4,AP Calculus AB,1,2,Practice Set 2,instructional,Q01,current-section,U1-MG01,,,,U1-S2-PRACT-FAM17,context_shift,,2,"Determine one-sided and two-sided limits from graphs and tables, including when a limit does not exist.","I can determine one-sided and two-sided limits from graphs and tables, including when a limit does not exist.",Calculator and Non-Calculator Reasoning,short response,exact,instructional,90,,Unit 1 Assessment Plan; Course Framework; AP Topic scoring-guide style reference,
U1-S2-PS2-Q02,AP/SCI BANK BUILD v4,AP Calculus AB,1,2,Practice Set 2,instructional,Q02,current-section,U1-MG01,,,,U1-S2-PRACT-FAM10,reasoning_shift,,2,"Determine one-sided and two-sided limits from graphs and tables, including when a limit does not exist.","I can determine one-sided and two-sided limits from graphs and tables, including when a limit does not exist.",Interpretation Across Representations,short response,exact,instructional,90,,Unit 1 Assessment Plan; Course Framework; AP Topic scoring-guide style reference,
U1-S2-PS2-Q03,AP/SCI BANK BUILD v4,AP Calculus AB,1,2,Practice Set 2,instructional,Q03,current-section,U1-MG01,,,,U1-S2-PRACT-FAM11,context_shift,,2,"Determine one-sided and two-sided limits from graphs and tables, including when a limit does not exist.","I can determine one-sided and two-sided limits from graphs and tables, including when a limit does not exist.",Calculator and Non-Calculator Reasoning,multiple choice,selected response,instructional,75,,Unit 1 Assessment Plan; Course Framework; AP Topic scoring-guide style reference,
U1-S2-PS2-Q04,AP/SCI BANK BUILD v4,AP Calculus AB,1,2,Practice Set 2,instructional,Q04,current-section,U1-MG01,,,,U1-S2-PRACT-FAM13,routine_procedural_numeric,,2,"Determine one-sided and two-sided limits from graphs and tables, including when a limit does not exist.","I can determine one-sided and two-sided limits from graphs and tables, including when a limit does not exist.",Interpretation Across Representations,short response,exact,instructional,90,,Unit 1 Assessment Plan; Course Framework; AP Topic scoring-guide style reference,
U1-S2-PS2-Q05,AP/SCI BANK BUILD v4,AP Calculus AB,1,2,Practice Set 2,instructional,Q05,current-section,U1-MG01,,,,U1-S2-PRACT-FAM15,representation_shift,,2,"Determine one-sided and two-sided limits from graphs and tables, including when a limit does not exist.","I can determine one-sided and two-sided limits from graphs and tables, including when a limit does not exist.",Notation and Mathematical Communication,short response,exact,instructional,90,,Unit 1 Assessment Plan; Course Framework; AP Topic scoring-guide style reference,
U1-S2-PS2-Q06,AP/SCI BANK BUILD v4,AP Calculus AB,1,2,Practice Set 2,instructional,Q06,current-section,U1-MG01,,,,U1-S2-PRACT-FAM09,representation_shift,,2,"Determine one-sided and two-sided limits from graphs and tables, including when a limit does not exist.","I can determine one-sided and two-sided limits from graphs and tables, including when a limit does not exist.",Notation and Mathematical Communication,short response,exact,instructional,90,,Unit 1 Assessment Plan; Course Framework; AP Topic scoring-guide style reference,
U1-S2-PS2-Q07,AP/SCI BANK BUILD v4,AP Calculus AB,1,2,Practice Set 2,instructional,Q07,current-section,U1-MG01,,,,U1-S2-PRACT-FAM04,reasoning_shift,,1,"Determine one-sided and two-sided limits from graphs and tables, including when a limit does not exist.","I can determine one-sided and two-sided limits from graphs and tables, including when a limit does not exist.",Interpretation Across Representations,short response,exact,instructional,90,,Unit 1 Assessment Plan; Course Framework; AP Topic scoring-guide style reference,
U1-S2-PS2-Q08,AP/SCI BANK BUILD v4,AP Calculus AB,1,2,Practice Set 2,instructional,Q08,current-section,U1-MG01,,,,U1-S2-PRACT-FAM05,context_shift,,1,"Determine one-sided and two-sided limits from graphs and tables, including when a limit does not exist.","I can determine one-sided and two-sided limits from graphs and tables, including when a limit does not exist.",Calculator and Non-Calculator Reasoning,short response,exact,instructional,90,,Unit 1 Assessment Plan; Course Framework; AP Topic scoring-guide style reference,
U1-S2-PS2-Q09,AP/SCI BANK BUILD v4,AP Calculus AB,1,2,Practice Set 2,instructional,Q09,current-section,U1-MG01,,,,U1-S2-PRACT-FAM02,conceptual_reword,,1,"Determine one-sided and two-sided limits from graphs and tables, including when a limit does not exist.","I can determine one-sided and two-sided limits from graphs and tables, including when a limit does not exist.",Calculator and Non-Calculator Reasoning,short response,exact,instructional,90,u1_s2_ps2_f01.png,Unit 1 Assessment Plan; Course Framework; AP Topic scoring-guide style reference,
U1-S2-PS2-Q10,AP/SCI BANK BUILD v4,AP Calculus AB,1,2,Practice Set 2,instructional,Q10,current-section,U1-MG01,,,,U1-S2-PRACT-FAM16,reasoning_shift,,2,"Determine one-sided and two-sided limits from graphs and tables, including when a limit does not exist.","I can determine one-sided and two-sided limits from graphs and tables, including when a limit does not exist.",Interpretation Across Representations,short response,exact,instructional,90,u1_s2_ps2_f15.png,Unit 1 Assessment Plan; Course Framework; AP Topic scoring-guide style reference,
U1-S2-PS2-Q11,AP/SCI BANK BUILD v4,AP Calculus AB,1,2,Practice Set 2,instructional,Q11,current-section,U1-MG01,,,,U1-S2-PRACT-FAM14,conceptual_reword,,2,"Determine one-sided and two-sided limits from graphs and tables, including when a limit does not exist.","I can determine one-sided and two-sided limits from graphs and tables, including when a limit does not exist.",Calculator and Non-Calculator Reasoning,short response,exact,instructional,90,,Unit 1 Assessment Plan; Course Framework; AP Topic scoring-guide style reference,
U1-S2-PS2-Q12,AP/SCI BANK BUILD v4,AP Calculus AB,1,2,Practice Set 2,instructional,Q12,current-section,U1-MG01,,,,U1-S2-PRACT-FAM01,routine_procedural_numeric,,1,"Determine one-sided and two-sided limits from graphs and tables, including when a limit does not exist.","I can determine one-sided and two-sided limits from graphs and tables, including when a limit does not exist.",Interpretation Across Representations,short response,exact,instructional,90,,Unit 1 Assessment Plan; Course Framework; AP Topic scoring-guide style reference,
U1-S2-PS2-Q13,AP/SCI BANK BUILD v4,AP Calculus AB,1,2,Practice Set 2,instructional,Q13,current-section,U1-MG01,,,,U1-S2-PRACT-FAM08,conceptual_reword,,2,"Determine one-sided and two-sided limits from graphs and tables, including when a limit does not exist.","I can determine one-sided and two-sided limits from graphs and tables, including when a limit does not exist.",Calculator and Non-Calculator Reasoning,multiple choice,selected response,instructional,75,,Unit 1 Assessment Plan; Course Framework; AP Topic scoring-guide style reference,
U1-S2-PS2-Q14,AP/SCI BANK BUILD v4,AP Calculus AB,1,2,Practice Set 2,instructional,Q14,current-section,U1-MG01,,,,U1-S2-PRACT-FAM18,mixed,,2,"Determine one-sided and two-sided limits from graphs and tables, including when a limit does not exist.","I can determine one-sided and two-sided limits from graphs and tables, including when a limit does not exist.",Notation and Mathematical Communication,short response,exact,instructional,90,,Unit 1 Assessment Plan; Course Framework; AP Topic scoring-guide style reference,
U1-S2-PS2-Q15,AP/SCI BANK BUILD v4,AP Calculus AB,1,2,Practice Set 2,instructional,Q15,current-section,U1-MG01,,,,U1-S2-PRACT-FAM03,representation_shift,,2,"Determine one-sided and two-sided limits from graphs and tables, including when a limit does not exist.","I can determine one-sided and two-sided limits from graphs and tables, including when a limit does not exist.",Notation and Mathematical Communication,multiple choice,selected response,instructional,75,u1_s2_ps2_f02.png,Unit 1 Assessment Plan; Course Framework; AP Topic scoring-guide style reference,
U1-S2-PS2-Q16,AP/SCI BANK BUILD v4,AP Calculus AB,1,2,Practice Set 2,instructional,Q16,current-section,U1-MG01,,,,U1-S2-PRACT-FAM12,mixed,,2,"Determine one-sided and two-sided limits from graphs and tables, including when a limit does not exist.","I can determine one-sided and two-sided limits from graphs and tables, including when a limit does not exist.",Notation and Mathematical Communication,short response,exact,instructional,90,,Unit 1 Assessment Plan; Course Framework; AP Topic scoring-guide style reference,
U1-S2-PS2-Q17,AP/SCI BANK BUILD v4,AP Calculus AB,1,2,Practice Set 2,instructional,Q17,current-section,U1-MG01,,,,U1-S2-PRACT-FAM06,mixed,,2,"Determine one-sided and two-sided limits from graphs and tables, including when a limit does not exist.","I can determine one-sided and two-sided limits from graphs and tables, including when a limit does not exist.",Notation and Mathematical Communication,multiple choice,selected response,instructional,75,,Unit 1 Assessment Plan; Course Framework; AP Topic scoring-guide style reference,
U1-S2-PS2-Q18,AP/SCI BANK BUILD v4,AP Calculus AB,1,2,Practice Set 2,instructional,Q18,current-section,U1-MG01,,,,U1-S2-PRACT-FAM07,routine_procedural_numeric,,2,"Determine one-sided and two-sided limits from graphs and tables, including when a limit does not exist.","I can determine one-sided and two-sided limits from graphs and tables, including when a limit does not exist.",Interpretation Across Representations,multiple choice,selected response,instructional,75,,Unit 1 Assessment Plan; Course Framework; AP Topic scoring-guide style reference,
U1-S2-PS3-Q01,AP/SCI BANK BUILD v4,AP Calculus AB,1,2,Practice Set 3,instructional,Q01,current-section,U1-MG01,,,,U1-S2-PRACT-FAM17,context_shift,,2,"Determine one-sided and two-sided limits from graphs and tables, including when a limit does not exist.","I can determine one-sided and two-sided limits from graphs and tables, including when a limit does not exist.",Calculator and Non-Calculator Reasoning,short response,exact,instructional,90,,Unit 1 Assessment Plan; Course Framework; AP Topic scoring-guide style reference,
U1-S2-PS3-Q02,AP/SCI BANK BUILD v4,AP Calculus AB,1,2,Practice Set 3,instructional,Q02,current-section,U1-MG01,,,,U1-S2-PRACT-FAM03,representation_shift,,2,"Determine one-sided and two-sided limits from graphs and tables, including when a limit does not exist.","I can determine one-sided and two-sided limits from graphs and tables, including when a limit does not exist.",Notation and Mathematical Communication,multiple choice,selected response,instructional,75,u1_s2_ps3_f02.png,Unit 1 Assessment Plan; Course Framework; AP Topic scoring-guide style reference,
U1-S2-PS3-Q03,AP/SCI BANK BUILD v4,AP Calculus AB,1,2,Practice Set 3,instructional,Q03,current-section,U1-MG01,,,,U1-S2-PRACT-FAM13,routine_procedural_numeric,,2,"Determine one-sided and two-sided limits from graphs and tables, including when a limit does not exist.","I can determine one-sided and two-sided limits from graphs and tables, including when a limit does not exist.",Interpretation Across Representations,short response,exact,instructional,90,,Unit 1 Assessment Plan; Course Framework; AP Topic scoring-guide style reference,
U1-S2-PS3-Q04,AP/SCI BANK BUILD v4,AP Calculus AB,1,2,Practice Set 3,instructional,Q04,current-section,U1-MG01,,,,U1-S2-PRACT-FAM02,conceptual_reword,,1,"Determine one-sided and two-sided limits from graphs and tables, including when a limit does not exist.","I can determine one-sided and two-sided limits from graphs and tables, including when a limit does not exist.",Calculator and Non-Calculator Reasoning,short response,exact,instructional,90,u1_s2_ps3_f01.png,Unit 1 Assessment Plan; Course Framework; AP Topic scoring-guide style reference,
U1-S2-PS3-Q05,AP/SCI BANK BUILD v4,AP Calculus AB,1,2,Practice Set 3,instructional,Q05,current-section,U1-MG01,,,,U1-S2-PRACT-FAM09,representation_shift,,2,"Determine one-sided and two-sided limits from graphs and tables, including when a limit does not exist.","I can determine one-sided and two-sided limits from graphs and tables, including when a limit does not exist.",Notation and Mathematical Communication,short response,exact,instructional,90,,Unit 1 Assessment Plan; Course Framework; AP Topic scoring-guide style reference,
U1-S2-PS3-Q06,AP/SCI BANK BUILD v4,AP Calculus AB,1,2,Practice Set 3,instructional,Q06,current-section,U1-MG01,,,,U1-S2-PRACT-FAM08,conceptual_reword,,2,"Determine one-sided and two-sided limits from graphs and tables, including when a limit does not exist.","I can determine one-sided and two-sided limits from graphs and tables, including when a limit does not exist.",Calculator and Non-Calculator Reasoning,multiple choice,selected response,instructional,75,,Unit 1 Assessment Plan; Course Framework; AP Topic scoring-guide style reference,
U1-S2-PS3-Q07,AP/SCI BANK BUILD v4,AP Calculus AB,1,2,Practice Set 3,instructional,Q07,current-section,U1-MG01,,,,U1-S2-PRACT-FAM12,mixed,,2,"Determine one-sided and two-sided limits from graphs and tables, including when a limit does not exist.","I can determine one-sided and two-sided limits from graphs and tables, including when a limit does not exist.",Notation and Mathematical Communication,short response,exact,instructional,90,,Unit 1 Assessment Plan; Course Framework; AP Topic scoring-guide style reference,
U1-S2-PS3-Q08,AP/SCI BANK BUILD v4,AP Calculus AB,1,2,Practice Set 3,instructional,Q08,current-section,U1-MG01,,,,U1-S2-PRACT-FAM06,mixed,,2,"Determine one-sided and two-sided limits from graphs and tables, including when a limit does not exist.","I can determine one-sided and two-sided limits from graphs and tables, including when a limit does not exist.",Notation and Mathematical Communication,multiple choice,selected response,instructional,75,,Unit 1 Assessment Plan; Course Framework; AP Topic scoring-guide style reference,
U1-S2-PS3-Q09,AP/SCI BANK BUILD v4,AP Calculus AB,1,2,Practice Set 3,instructional,Q09,current-section,U1-MG01,,,,U1-S2-PRACT-FAM18,mixed,,2,"Determine one-sided and two-sided limits from graphs and tables, including when a limit does not exist.","I can determine one-sided and two-sided limits from graphs and tables, including when a limit does not exist.",Notation and Mathematical Communication,short response,exact,instructional,90,,Unit 1 Assessment Plan; Course Framework; AP Topic scoring-guide style reference,
U1-S2-PS3-Q10,AP/SCI BANK BUILD v4,AP Calculus AB,1,2,Practice Set 3,instructional,Q10,current-section,U1-MG01,,,,U1-S2-PRACT-FAM05,context_shift,,1,"Determine one-sided and two-sided limits from graphs and tables, including when a limit does not exist.","I can determine one-sided and two-sided limits from graphs and tables, including when a limit does not exist.",Calculator and Non-Calculator Reasoning,short response,exact,instructional,90,,Unit 1 Assessment Plan; Course Framework; AP Topic scoring-guide style reference,
U1-S2-PS3-Q11,AP/SCI BANK BUILD v4,AP Calculus AB,1,2,Practice Set 3,instructional,Q11,current-section,U1-MG01,,,,U1-S2-PRACT-FAM07,routine_procedural_numeric,,2,"Determine one-sided and two-sided limits from graphs and tables, including when a limit does not exist.","I can determine one-sided and two-sided limits from graphs and tables, including when a limit does not exist.",Interpretation Across Representations,multiple choice,selected response,instructional,75,,Unit 1 Assessment Plan; Course Framework; AP Topic scoring-guide style reference,
U1-S2-PS3-Q12,AP/SCI BANK BUILD v4,AP Calculus AB,1,2,Practice Set 3,instructional,Q12,current-section,U1-MG01,,,,U1-S2-PRACT-FAM01,routine_procedural_numeric,,1,"Determine one-sided and two-sided limits from graphs and tables, including when a limit does not exist.","I can determine one-sided and two-sided limits from graphs and tables, including when a limit does not exist.",Interpretation Across Representations,short response,exact,instructional,90,,Unit 1 Assessment Plan; Course Framework; AP Topic scoring-guide style reference,
U1-S2-PS3-Q13,AP/SCI BANK BUILD v4,AP Calculus AB,1,2,Practice Set 3,instructional,Q13,current-section,U1-MG01,,,,U1-S2-PRACT-FAM04,reasoning_shift,,1,"Determine one-sided and two-sided limits from graphs and tables, including when a limit does not exist.","I can determine one-sided and two-sided limits from graphs and tables, including when a limit does not exist.",Interpretation Across Representations,short response,exact,instructional,90,,Unit 1 Assessment Plan; Course Framework; AP Topic scoring-guide style reference,
U1-S2-PS3-Q14,AP/SCI BANK BUILD v4,AP Calculus AB,1,2,Practice Set 3,instructional,Q14,current-section,U1-MG01,,,,U1-S2-PRACT-FAM11,context_shift,,2,"Determine one-sided and two-sided limits from graphs and tables, including when a limit does not exist.","I can determine one-sided and two-sided limits from graphs and tables, including when a limit does not exist.",Calculator and Non-Calculator Reasoning,multiple choice,selected response,instructional,75,,Unit 1 Assessment Plan; Course Framework; AP Topic scoring-guide style reference,
U1-S2-PS3-Q15,AP/SCI BANK BUILD v4,AP Calculus AB,1,2,Practice Set 3,instructional,Q15,current-section,U1-MG01,,,,U1-S2-PRACT-FAM15,representation_shift,,2,"Determine one-sided and two-sided limits from graphs and tables, including when a limit does not exist.","I can determine one-sided and two-sided limits from graphs and tables, including when a limit does not exist.",Notation and Mathematical Communication,short response,exact,instructional,90,,Unit 1 Assessment Plan; Course Framework; AP Topic scoring-guide style reference,
U1-S2-PS3-Q16,AP/SCI BANK BUILD v4,AP Calculus AB,1,2,Practice Set 3,instructional,Q16,current-section,U1-MG01,,,,U1-S2-PRACT-FAM14,conceptual_reword,,2,"Determine one-sided and two-sided limits from graphs and tables, including when a limit does not exist.","I can determine one-sided and two-sided limits from graphs and tables, including when a limit does not exist.",Calculator and Non-Calculator Reasoning,short response,exact,instructional,90,,Unit 1 Assessment Plan; Course Framework; AP Topic scoring-guide style reference,
U1-S2-PS3-Q17,AP/SCI BANK BUILD v4,AP Calculus AB,1,2,Practice Set 3,instructional,Q17,current-section,U1-MG01,,,,U1-S2-PRACT-FAM16,reasoning_shift,,2,"Determine one-sided and two-sided limits from graphs and tables, including when a limit does not exist.","I can determine one-sided and two-sided limits from graphs and tables, including when a limit does not exist.",Interpretation Across Representations,short response,exact,instructional,90,u1_s2_ps3_f15.png,Unit 1 Assessment Plan; Course Framework; AP Topic scoring-guide style reference,
U1-S2-PS3-Q18,AP/SCI BANK BUILD v4,AP Calculus AB,1,2,Practice Set 3,instructional,Q18,current-section,U1-MG01,,,,U1-S2-PRACT-FAM10,reasoning_shift,,2,"Determine one-sided and two-sided limits from graphs and tables, including when a limit does not exist.","I can determine one-sided and two-sided limits from graphs and tables, including when a limit does not exist.",Interpretation Across Representations,short response,exact,instructional,90,,Unit 1 Assessment Plan; Course Framework; AP Topic scoring-guide style reference,
U1-S2-XP-Q01,AP/SCI BANK BUILD v4,AP Calculus AB,1,2,Extra Practice,instructional,Q01,current-section,U1-MG01,,,,U1-S2-PRACT-FAM10,reasoning_shift,,2,"Determine one-sided and two-sided limits from graphs and tables, including when a limit does not exist.","I can determine one-sided and two-sided limits from graphs and tables, including when a limit does not exist.",Interpretation Across Representations,short response,exact,instructional,90,,Unit 1 Assessment Plan; Course Framework; AP Topic scoring-guide style reference,
U1-S2-XP-Q02,AP/SCI BANK BUILD v4,AP Calculus AB,1,2,Extra Practice,instructional,Q02,current-section,U1-MG01,,,,U1-S2-PRACT-FAM01,routine_procedural_numeric,,1,"Determine one-sided and two-sided limits from graphs and tables, including when a limit does not exist.","I can determine one-sided and two-sided limits from graphs and tables, including when a limit does not exist.",Interpretation Across Representations,short response,exact,instructional,90,,Unit 1 Assessment Plan; Course Framework; AP Topic scoring-guide style reference,
U1-S2-XP-Q03,AP/SCI BANK BUILD v4,AP Calculus AB,1,2,Extra Practice,instructional,Q03,current-section,U1-MG01,,,,U1-S2-PRACT-FAM13,routine_procedural_numeric,,2,"Determine one-sided and two-sided limits from graphs and tables, including when a limit does not exist.","I can determine one-sided and two-sided limits from graphs and tables, including when a limit does not exist.",Interpretation Across Representations,short response,exact,instructional,90,,Unit 1 Assessment Plan; Course Framework; AP Topic scoring-guide style reference,
U1-S2-XP-Q04,AP/SCI BANK BUILD v4,AP Calculus AB,1,2,Extra Practice,instructional,Q04,current-section,U1-MG01,,,,U1-S2-PRACT-FAM02,conceptual_reword,,1,"Determine one-sided and two-sided limits from graphs and tables, including when a limit does not exist.","I can determine one-sided and two-sided limits from graphs and tables, including when a limit does not exist.",Calculator and Non-Calculator Reasoning,short response,exact,instructional,90,u1_s2_xp_f01.png,Unit 1 Assessment Plan; Course Framework; AP Topic scoring-guide style reference,
U1-S2-XP-Q05,AP/SCI BANK BUILD v4,AP Calculus AB,1,2,Extra Practice,instructional,Q05,current-section,U1-MG01,,,,U1-S2-PRACT-FAM03,representation_shift,,2,"Determine one-sided and two-sided limits from graphs and tables, including when a limit does not exist.","I can determine one-sided and two-sided limits from graphs and tables, including when a limit does not exist.",Notation and Mathematical Communication,multiple choice,selected response,instructional,75,u1_s2_xp_f02.png,Unit 1 Assessment Plan; Course Framework; AP Topic scoring-guide style reference,
U1-S2-XP-Q06,AP/SCI BANK BUILD v4,AP Calculus AB,1,2,Extra Practice,instructional,Q06,current-section,U1-MG01,,,,U1-S2-PRACT-FAM11,context_shift,,2,"Determine one-sided and two-sided limits from graphs and tables, including when a limit does not exist.","I can determine one-sided and two-sided limits from graphs and tables, including when a limit does not exist.",Calculator and Non-Calculator Reasoning,multiple choice,selected response,instructional,75,,Unit 1 Assessment Plan; Course Framework; AP Topic scoring-guide style reference,
U1-S2-XP-Q07,AP/SCI BANK BUILD v4,AP Calculus AB,1,2,Extra Practice,instructional,Q07,current-section,U1-MG01,,,,U1-S2-PRACT-FAM15,representation_shift,,2,"Determine one-sided and two-sided limits from graphs and tables, including when a limit does not exist.","I can determine one-sided and two-sided limits from graphs and tables, including when a limit does not exist.",Notation and Mathematical Communication,short response,exact,instructional,90,,Unit 1 Assessment Plan; Course Framework; AP Topic scoring-guide style reference,
U1-S2-XP-Q08,AP/SCI BANK BUILD v4,AP Calculus AB,1,2,Extra Practice,instructional,Q08,current-section,U1-MG01,,,,U1-S2-PRACT-FAM04,reasoning_shift,,1,"Determine one-sided and two-sided limits from graphs and tables, including when a limit does not exist.","I can determine one-sided and two-sided limits from graphs and tables, including when a limit does not exist.",Interpretation Across Representations,short response,exact,instructional,90,,Unit 1 Assessment Plan; Course Framework; AP Topic scoring-guide style reference,
U1-S2-XP-Q09,AP/SCI BANK BUILD v4,AP Calculus AB,1,2,Extra Practice,instructional,Q09,current-section,U1-MG01,,,,U1-S2-PRACT-FAM14,conceptual_reword,,2,"Determine one-sided and two-sided limits from graphs and tables, including when a limit does not exist.","I can determine one-sided and two-sided limits from graphs and tables, including when a limit does not exist.",Calculator and Non-Calculator Reasoning,short response,exact,instructional,90,,Unit 1 Assessment Plan; Course Framework; AP Topic scoring-guide style reference,
U1-S2-XP-Q10,AP/SCI BANK BUILD v4,AP Calculus AB,1,2,Extra Practice,instructional,Q10,current-section,U1-MG01,,,,U1-S2-PRACT-FAM18,mixed,,2,"Determine one-sided and two-sided limits from graphs and tables, including when a limit does not exist.","I can determine one-sided and two-sided limits from graphs and tables, including when a limit does not exist.",Notation and Mathematical Communication,short response,exact,instructional,90,,Unit 1 Assessment Plan; Course Framework; AP Topic scoring-guide style reference,
U1-S2-XP-Q11,AP/SCI BANK BUILD v4,AP Calculus AB,1,2,Extra Practice,instructional,Q11,current-section,U1-MG01,,,,U1-S2-PRACT-FAM09,representation_shift,,2,"Determine one-sided and two-sided limits from graphs and tables, including when a limit does not exist.","I can determine one-sided and two-sided limits from graphs and tables, including when a limit does not exist.",Notation and Mathematical Communication,short response,exact,instructional,90,,Unit 1 Assessment Plan; Course Framework; AP Topic scoring-guide style reference,
U1-S2-XP-Q12,AP/SCI BANK BUILD v4,AP Calculus AB,1,2,Extra Practice,instructional,Q12,current-section,U1-MG01,,,,U1-S2-PRACT-FAM08,conceptual_reword,,2,"Determine one-sided and two-sided limits from graphs and tables, including when a limit does not exist.","I can determine one-sided and two-sided limits from graphs and tables, including when a limit does not exist.",Calculator and Non-Calculator Reasoning,multiple choice,selected response,instructional,75,,Unit 1 Assessment Plan; Course Framework; AP Topic scoring-guide style reference,
U1-S2-XP-Q13,AP/SCI BANK BUILD v4,AP Calculus AB,1,2,Extra Practice,instructional,Q13,current-section,U1-MG01,,,,U1-S2-PRACT-FAM16,reasoning_shift,,2,"Determine one-sided and two-sided limits from graphs and tables, including when a limit does not exist.","I can determine one-sided and two-sided limits from graphs and tables, including when a limit does not exist.",Interpretation Across Representations,short response,exact,instructional,90,u1_s2_xp_f15.png,Unit 1 Assessment Plan; Course Framework; AP Topic scoring-guide style reference,
U1-S2-XP-Q14,AP/SCI BANK BUILD v4,AP Calculus AB,1,2,Extra Practice,instructional,Q14,current-section,U1-MG01,,,,U1-S2-PRACT-FAM05,context_shift,,1,"Determine one-sided and two-sided limits from graphs and tables, including when a limit does not exist.","I can determine one-sided and two-sided limits from graphs and tables, including when a limit does not exist.",Calculator and Non-Calculator Reasoning,short response,exact,instructional,90,,Unit 1 Assessment Plan; Course Framework; AP Topic scoring-guide style reference,
U1-S2-XP-Q15,AP/SCI BANK BUILD v4,AP Calculus AB,1,2,Extra Practice,instructional,Q15,current-section,U1-MG01,,,,U1-S2-PRACT-FAM17,context_shift,,2,"Determine one-sided and two-sided limits from graphs and tables, including when a limit does not exist.","I can determine one-sided and two-sided limits from graphs and tables, including when a limit does not exist.",Calculator and Non-Calculator Reasoning,short response,exact,instructional,90,,Unit 1 Assessment Plan; Course Framework; AP Topic scoring-guide style reference,
U1-S2-XP-Q16,AP/SCI BANK BUILD v4,AP Calculus AB,1,2,Extra Practice,instructional,Q16,current-section,U1-MG01,,,,U1-S2-PRACT-FAM06,mixed,,2,"Determine one-sided and two-sided limits from graphs and tables, including when a limit does not exist.","I can determine one-sided and two-sided limits from graphs and tables, including when a limit does not exist.",Notation and Mathematical Communication,multiple choice,selected response,instructional,75,,Unit 1 Assessment Plan; Course Framework; AP Topic scoring-guide style reference,
U1-S2-XP-Q17,AP/SCI BANK BUILD v4,AP Calculus AB,1,2,Extra Practice,instructional,Q17,current-section,U1-MG01,,,,U1-S2-PRACT-FAM12,mixed,,2,"Determine one-sided and two-sided limits from graphs and tables, including when a limit does not exist.","I can determine one-sided and two-sided limits from graphs and tables, including when a limit does not exist.",Notation and Mathematical Communication,short response,exact,instructional,90,,Unit 1 Assessment Plan; Course Framework; AP Topic scoring-guide style reference,
U1-S2-XP-Q18,AP/SCI BANK BUILD v4,AP Calculus AB,1,2,Extra Practice,instructional,Q18,current-section,U1-MG01,,,,U1-S2-PRACT-FAM07,routine_procedural_numeric,,2,"Determine one-sided and two-sided limits from graphs and tables, including when a limit does not exist.","I can determine one-sided and two-sided limits from graphs and tables, including when a limit does not exist.",Interpretation Across Representations,multiple choice,selected response,instructional,75,,Unit 1 Assessment Plan; Course Framework; AP Topic scoring-guide style reference,
U1-S3-PS1-Q01,AP/SCI BANK BUILD v4,AP Calculus AB,1,3,Practice Set 1,instructional,Q01,current-section,U1-MG02,,,,U1-S3-PRACT-FAM18,mixed,,2,"Evaluate limits algebraically using direct substitution, limit laws, factoring, conjugates, and appropriate trigonometric or squeeze reasoning.","I can evaluate limits algebraically using direct substitution, limit laws, factoring, conjugates, and appropriate trigonometric or squeeze reasoning.",Critique of Reasoning,short response,exact,instructional,90,,Unit 1 Assessment Plan; Course Framework; AP Topic scoring-guide style reference,
U1-S3-PS1-Q02,AP/SCI BANK BUILD v4,AP Calculus AB,1,3,Practice Set 1,instructional,Q02,current-section,U1-MG02,,,,U1-S3-PRACT-FAM16,reasoning_shift,,2,"Evaluate limits algebraically using direct substitution, limit laws, factoring, conjugates, and appropriate trigonometric or squeeze reasoning.","I can evaluate limits algebraically using direct substitution, limit laws, factoring, conjugates, and appropriate trigonometric or squeeze reasoning.",Analytical Strategy Selection,short response,exact,instructional,90,,Unit 1 Assessment Plan; Course Framework; AP Topic scoring-guide style reference,
U1-S3-PS1-Q03,AP/SCI BANK BUILD v4,AP Calculus AB,1,3,Practice Set 1,instructional,Q03,current-section,U1-MG02,,,,U1-S3-PRACT-FAM04,reasoning_shift,,1,"Evaluate limits algebraically using direct substitution, limit laws, factoring, conjugates, and appropriate trigonometric or squeeze reasoning.","I can evaluate limits algebraically using direct substitution, limit laws, factoring, conjugates, and appropriate trigonometric or squeeze reasoning.",Analytical Strategy Selection,short response,exact,instructional,90,,Unit 1 Assessment Plan; Course Framework; AP Topic scoring-guide style reference,
U1-S3-PS1-Q04,AP/SCI BANK BUILD v4,AP Calculus AB,1,3,Practice Set 1,instructional,Q04,current-section,U1-MG02,,,,U1-S3-PRACT-FAM03,representation_shift,,1,"Evaluate limits algebraically using direct substitution, limit laws, factoring, conjugates, and appropriate trigonometric or squeeze reasoning.","I can evaluate limits algebraically using direct substitution, limit laws, factoring, conjugates, and appropriate trigonometric or squeeze reasoning.",Critique of Reasoning,short response,exact,instructional,90,,Unit 1 Assessment Plan; Course Framework; AP Topic scoring-guide style reference,
U1-S3-PS1-Q05,AP/SCI BANK BUILD v4,AP Calculus AB,1,3,Practice Set 1,instructional,Q05,current-section,U1-MG02,,,,U1-S3-PRACT-FAM09,representation_shift,,2,"Evaluate limits algebraically using direct substitution, limit laws, factoring, conjugates, and appropriate trigonometric or squeeze reasoning.","I can evaluate limits algebraically using direct substitution, limit laws, factoring, conjugates, and appropriate trigonometric or squeeze reasoning.",Critique of Reasoning,short response,exact,instructional,90,,Unit 1 Assessment Plan; Course Framework; AP Topic scoring-guide style reference,
U1-S3-PS1-Q06,AP/SCI BANK BUILD v4,AP Calculus AB,1,3,Practice Set 1,instructional,Q06,current-section,U1-MG02,,,,U1-S3-PRACT-FAM08,conceptual_reword,,2,"Evaluate limits algebraically using direct substitution, limit laws, factoring, conjugates, and appropriate trigonometric or squeeze reasoning.","I can evaluate limits algebraically using direct substitution, limit laws, factoring, conjugates, and appropriate trigonometric or squeeze reasoning.",Notation and Mathematical Communication,multiple choice,selected response,instructional,75,,Unit 1 Assessment Plan; Course Framework; AP Topic scoring-guide style reference,
U1-S3-PS1-Q07,AP/SCI BANK BUILD v4,AP Calculus AB,1,3,Practice Set 1,instructional,Q07,current-section,U1-MG02,,,,U1-S3-PRACT-FAM05,context_shift,,2,"Evaluate limits algebraically using direct substitution, limit laws, factoring, conjugates, and appropriate trigonometric or squeeze reasoning.","I can evaluate limits algebraically using direct substitution, limit laws, factoring, conjugates, and appropriate trigonometric or squeeze reasoning.",Notation and Mathematical Communication,short response,exact,instructional,90,,Unit 1 Assessment Plan; Course Framework; AP Topic scoring-guide style reference,
U1-S3-PS1-Q08,AP/SCI BANK BUILD v4,AP Calculus AB,1,3,Practice Set 1,instructional,Q08,current-section,U1-MG02,,,,U1-S3-PRACT-FAM14,conceptual_reword,,2,"Evaluate limits algebraically using direct substitution, limit laws, factoring, conjugates, and appropriate trigonometric or squeeze reasoning.","I can evaluate limits algebraically using direct substitution, limit laws, factoring, conjugates, and appropriate trigonometric or squeeze reasoning.",Notation and Mathematical Communication,multiple choice,selected response,instructional,75,,Unit 1 Assessment Plan; Course Framework; AP Topic scoring-guide style reference,
U1-S3-PS1-Q09,AP/SCI BANK BUILD v4,AP Calculus AB,1,3,Practice Set 1,instructional,Q09,current-section,U1-MG02,,,,U1-S3-PRACT-FAM02,conceptual_reword,,1,"Evaluate limits algebraically using direct substitution, limit laws, factoring, conjugates, and appropriate trigonometric or squeeze reasoning.","I can evaluate limits algebraically using direct substitution, limit laws, factoring, conjugates, and appropriate trigonometric or squeeze reasoning.",Notation and Mathematical Communication,short response,exact,instructional,90,,Unit 1 Assessment Plan; Course Framework; AP Topic scoring-guide style reference,
U1-S3-PS1-Q10,AP/SCI BANK BUILD v4,AP Calculus AB,1,3,Practice Set 1,instructional,Q10,current-section,U1-MG02,,,,U1-S3-PRACT-FAM07,routine_procedural_numeric,,2,"Evaluate limits algebraically using direct substitution, limit laws, factoring, conjugates, and appropriate trigonometric or squeeze reasoning.","I can evaluate limits algebraically using direct substitution, limit laws, factoring, conjugates, and appropriate trigonometric or squeeze reasoning.",Analytical Strategy Selection,multiple choice,selected response,instructional,75,,Unit 1 Assessment Plan; Course Framework; AP Topic scoring-guide style reference,
U1-S3-PS1-Q11,AP/SCI BANK BUILD v4,AP Calculus AB,1,3,Practice Set 1,instructional,Q11,current-section,U1-MG02,,,,U1-S3-PRACT-FAM06,mixed,,2,"Evaluate limits algebraically using direct substitution, limit laws, factoring, conjugates, and appropriate trigonometric or squeeze reasoning.","I can evaluate limits algebraically using direct substitution, limit laws, factoring, conjugates, and appropriate trigonometric or squeeze reasoning.",Critique of Reasoning,multiple choice,selected response,instructional,75,,Unit 1 Assessment Plan; Course Framework; AP Topic scoring-guide style reference,
U1-S3-PS1-Q12,AP/SCI BANK BUILD v4,AP Calculus AB,1,3,Practice Set 1,instructional,Q12,current-section,U1-MG02,,,,U1-S3-PRACT-FAM15,representation_shift,,2,"Evaluate limits algebraically using direct substitution, limit laws, factoring, conjugates, and appropriate trigonometric or squeeze reasoning.","I can evaluate limits algebraically using direct substitution, limit laws, factoring, conjugates, and appropriate trigonometric or squeeze reasoning.",Critique of Reasoning,short response,exact,instructional,90,,Unit 1 Assessment Plan; Course Framework; AP Topic scoring-guide style reference,
U1-S3-PS1-Q13,AP/SCI BANK BUILD v4,AP Calculus AB,1,3,Practice Set 1,instructional,Q13,current-section,U1-MG02,,,,U1-S3-PRACT-FAM17,context_shift,,2,"Evaluate limits algebraically using direct substitution, limit laws, factoring, conjugates, and appropriate trigonometric or squeeze reasoning.","I can evaluate limits algebraically using direct substitution, limit laws, factoring, conjugates, and appropriate trigonometric or squeeze reasoning.",Notation and Mathematical Communication,short response,exact,instructional,90,,Unit 1 Assessment Plan; Course Framework; AP Topic scoring-guide style reference,
U1-S3-PS1-Q14,AP/SCI BANK BUILD v4,AP Calculus AB,1,3,Practice Set 1,instructional,Q14,current-section,U1-MG02,,,,U1-S3-PRACT-FAM11,context_shift,,2,"Evaluate limits algebraically using direct substitution, limit laws, factoring, conjugates, and appropriate trigonometric or squeeze reasoning.","I can evaluate limits algebraically using direct substitution, limit laws, factoring, conjugates, and appropriate trigonometric or squeeze reasoning.",Notation and Mathematical Communication,short response,exact,instructional,90,,Unit 1 Assessment Plan; Course Framework; AP Topic scoring-guide style reference,
U1-S3-PS1-Q15,AP/SCI BANK BUILD v4,AP Calculus AB,1,3,Practice Set 1,instructional,Q15,current-section,U1-MG02,,,,U1-S3-PRACT-FAM01,routine_procedural_numeric,,1,"Evaluate limits algebraically using direct substitution, limit laws, factoring, conjugates, and appropriate trigonometric or squeeze reasoning.","I can evaluate limits algebraically using direct substitution, limit laws, factoring, conjugates, and appropriate trigonometric or squeeze reasoning.",Analytical Strategy Selection,short response,exact,instructional,90,,Unit 1 Assessment Plan; Course Framework; AP Topic scoring-guide style reference,
U1-S3-PS1-Q16,AP/SCI BANK BUILD v4,AP Calculus AB,1,3,Practice Set 1,instructional,Q16,current-section,U1-MG02,,,,U1-S3-PRACT-FAM13,routine_procedural_numeric,,2,"Evaluate limits algebraically using direct substitution, limit laws, factoring, conjugates, and appropriate trigonometric or squeeze reasoning.","I can evaluate limits algebraically using direct substitution, limit laws, factoring, conjugates, and appropriate trigonometric or squeeze reasoning.",Analytical Strategy Selection,short response,exact,instructional,90,,Unit 1 Assessment Plan; Course Framework; AP Topic scoring-guide style reference,
U1-S3-PS1-Q17,AP/SCI BANK BUILD v4,AP Calculus AB,1,3,Practice Set 1,instructional,Q17,current-section,U1-MG02,,,,U1-S3-PRACT-FAM10,reasoning_shift,,2,"Evaluate limits algebraically using direct substitution, limit laws, factoring, conjugates, and appropriate trigonometric or squeeze reasoning.","I can evaluate limits algebraically using direct substitution, limit laws, factoring, conjugates, and appropriate trigonometric or squeeze reasoning.",Analytical Strategy Selection,multiple choice,selected response,instructional,75,,Unit 1 Assessment Plan; Course Framework; AP Topic scoring-guide style reference,
U1-S3-PS1-Q18,AP/SCI BANK BUILD v4,AP Calculus AB,1,3,Practice Set 1,instructional,Q18,current-section,U1-MG02,,,,U1-S3-PRACT-FAM12,mixed,,2,"Evaluate limits algebraically using direct substitution, limit laws, factoring, conjugates, and appropriate trigonometric or squeeze reasoning.","I can evaluate limits algebraically using direct substitution, limit laws, factoring, conjugates, and appropriate trigonometric or squeeze reasoning.",Critique of Reasoning,short response,exact,instructional,90,,Unit 1 Assessment Plan; Course Framework; AP Topic scoring-guide style reference,
U1-S3-PS2-Q01,AP/SCI BANK BUILD v4,AP Calculus AB,1,3,Practice Set 2,instructional,Q01,current-section,U1-MG02,,,,U1-S3-PRACT-FAM06,mixed,,2,"Evaluate limits algebraically using direct substitution, limit laws, factoring, conjugates, and appropriate trigonometric or squeeze reasoning.","I can evaluate limits algebraically using direct substitution, limit laws, factoring, conjugates, and appropriate trigonometric or squeeze reasoning.",Critique of Reasoning,multiple choice,selected response,instructional,75,,Unit 1 Assessment Plan; Course Framework; AP Topic scoring-guide style reference,
U1-S3-PS2-Q02,AP/SCI BANK BUILD v4,AP Calculus AB,1,3,Practice Set 2,instructional,Q02,current-section,U1-MG02,,,,U1-S3-PRACT-FAM07,routine_procedural_numeric,,2,"Evaluate limits algebraically using direct substitution, limit laws, factoring, conjugates, and appropriate trigonometric or squeeze reasoning.","I can evaluate limits algebraically using direct substitution, limit laws, factoring, conjugates, and appropriate trigonometric or squeeze reasoning.",Analytical Strategy Selection,multiple choice,selected response,instructional,75,,Unit 1 Assessment Plan; Course Framework; AP Topic scoring-guide style reference,
U1-S3-PS2-Q03,AP/SCI BANK BUILD v4,AP Calculus AB,1,3,Practice Set 2,instructional,Q03,current-section,U1-MG02,,,,U1-S3-PRACT-FAM04,reasoning_shift,,1,"Evaluate limits algebraically using direct substitution, limit laws, factoring, conjugates, and appropriate trigonometric or squeeze reasoning.","I can evaluate limits algebraically using direct substitution, limit laws, factoring, conjugates, and appropriate trigonometric or squeeze reasoning.",Analytical Strategy Selection,short response,exact,instructional,90,,Unit 1 Assessment Plan; Course Framework; AP Topic scoring-guide style reference,
U1-S3-PS2-Q04,AP/SCI BANK BUILD v4,AP Calculus AB,1,3,Practice Set 2,instructional,Q04,current-section,U1-MG02,,,,U1-S3-PRACT-FAM09,representation_shift,,2,"Evaluate limits algebraically using direct substitution, limit laws, factoring, conjugates, and appropriate trigonometric or squeeze reasoning.","I can evaluate limits algebraically using direct substitution, limit laws, factoring, conjugates, and appropriate trigonometric or squeeze reasoning.",Critique of Reasoning,short response,exact,instructional,90,,Unit 1 Assessment Plan; Course Framework; AP Topic scoring-guide style reference,
U1-S3-PS2-Q05,AP/SCI BANK BUILD v4,AP Calculus AB,1,3,Practice Set 2,instructional,Q05,current-section,U1-MG02,,,,U1-S3-PRACT-FAM17,context_shift,,2,"Evaluate limits algebraically using direct substitution, limit laws, factoring, conjugates, and appropriate trigonometric or squeeze reasoning.","I can evaluate limits algebraically using direct substitution, limit laws, factoring, conjugates, and appropriate trigonometric or squeeze reasoning.",Notation and Mathematical Communication,short response,exact,instructional,90,,Unit 1 Assessment Plan; Course Framework; AP Topic scoring-guide style reference,
U1-S3-PS2-Q06,AP/SCI BANK BUILD v4,AP Calculus AB,1,3,Practice Set 2,instructional,Q06,current-section,U1-MG02,,,,U1-S3-PRACT-FAM15,representation_shift,,2,"Evaluate limits algebraically using direct substitution, limit laws, factoring, conjugates, and appropriate trigonometric or squeeze reasoning.","I can evaluate limits algebraically using direct substitution, limit laws, factoring, conjugates, and appropriate trigonometric or squeeze reasoning.",Critique of Reasoning,short response,exact,instructional,90,,Unit 1 Assessment Plan; Course Framework; AP Topic scoring-guide style reference,
U1-S3-PS2-Q07,AP/SCI BANK BUILD v4,AP Calculus AB,1,3,Practice Set 2,instructional,Q07,current-section,U1-MG02,,,,U1-S3-PRACT-FAM03,representation_shift,,1,"Evaluate limits algebraically using direct substitution, limit laws, factoring, conjugates, and appropriate trigonometric or squeeze reasoning.","I can evaluate limits algebraically using direct substitution, limit laws, factoring, conjugates, and appropriate trigonometric or squeeze reasoning.",Critique of Reasoning,short response,exact,instructional,90,,Unit 1 Assessment Plan; Course Framework; AP Topic scoring-guide style reference,
U1-S3-PS2-Q08,AP/SCI BANK BUILD v4,AP Calculus AB,1,3,Practice Set 2,instructional,Q08,current-section,U1-MG02,,,,U1-S3-PRACT-FAM10,reasoning_shift,,2,"Evaluate limits algebraically using direct substitution, limit laws, factoring, conjugates, and appropriate trigonometric or squeeze reasoning.","I can evaluate limits algebraically using direct substitution, limit laws, factoring, conjugates, and appropriate trigonometric or squeeze reasoning.",Analytical Strategy Selection,multiple choice,selected response,instructional,75,,Unit 1 Assessment Plan; Course Framework; AP Topic scoring-guide style reference,
U1-S3-PS2-Q09,AP/SCI BANK BUILD v4,AP Calculus AB,1,3,Practice Set 2,instructional,Q09,current-section,U1-MG02,,,,U1-S3-PRACT-FAM18,mixed,,2,"Evaluate limits algebraically using direct substitution, limit laws, factoring, conjugates, and appropriate trigonometric or squeeze reasoning.","I can evaluate limits algebraically using direct substitution, limit laws, factoring, conjugates, and appropriate trigonometric or squeeze reasoning.",Critique of Reasoning,short response,exact,instructional,90,,Unit 1 Assessment Plan; Course Framework; AP Topic scoring-guide style reference,
U1-S3-PS2-Q10,AP/SCI BANK BUILD v4,AP Calculus AB,1,3,Practice Set 2,instructional,Q10,current-section,U1-MG02,,,,U1-S3-PRACT-FAM08,conceptual_reword,,2,"Evaluate limits algebraically using direct substitution, limit laws, factoring, conjugates, and appropriate trigonometric or squeeze reasoning.","I can evaluate limits algebraically using direct substitution, limit laws, factoring, conjugates, and appropriate trigonometric or squeeze reasoning.",Notation and Mathematical Communication,multiple choice,selected response,instructional,75,,Unit 1 Assessment Plan; Course Framework; AP Topic scoring-guide style reference,
U1-S3-PS2-Q11,AP/SCI BANK BUILD v4,AP Calculus AB,1,3,Practice Set 2,instructional,Q11,current-section,U1-MG02,,,,U1-S3-PRACT-FAM05,context_shift,,2,"Evaluate limits algebraically using direct substitution, limit laws, factoring, conjugates, and appropriate trigonometric or squeeze reasoning.","I can evaluate limits algebraically using direct substitution, limit laws, factoring, conjugates, and appropriate trigonometric or squeeze reasoning.",Notation and Mathematical Communication,short response,exact,instructional,90,,Unit 1 Assessment Plan; Course Framework; AP Topic scoring-guide style reference,
U1-S3-PS2-Q12,AP/SCI BANK BUILD v4,AP Calculus AB,1,3,Practice Set 2,instructional,Q12,current-section,U1-MG02,,,,U1-S3-PRACT-FAM01,routine_procedural_numeric,,1,"Evaluate limits algebraically using direct substitution, limit laws, factoring, conjugates, and appropriate trigonometric or squeeze reasoning.","I can evaluate limits algebraically using direct substitution, limit laws, factoring, conjugates, and appropriate trigonometric or squeeze reasoning.",Analytical Strategy Selection,short response,exact,instructional,90,,Unit 1 Assessment Plan; Course Framework; AP Topic scoring-guide style reference,
U1-S3-PS2-Q13,AP/SCI BANK BUILD v4,AP Calculus AB,1,3,Practice Set 2,instructional,Q13,current-section,U1-MG02,,,,U1-S3-PRACT-FAM13,routine_procedural_numeric,,2,"Evaluate limits algebraically using direct substitution, limit laws, factoring, conjugates, and appropriate trigonometric or squeeze reasoning.","I can evaluate limits algebraically using direct substitution, limit laws, factoring, conjugates, and appropriate trigonometric or squeeze reasoning.",Analytical Strategy Selection,short response,exact,instructional,90,,Unit 1 Assessment Plan; Course Framework; AP Topic scoring-guide style reference,
U1-S3-PS2-Q14,AP/SCI BANK BUILD v4,AP Calculus AB,1,3,Practice Set 2,instructional,Q14,current-section,U1-MG02,,,,U1-S3-PRACT-FAM02,conceptual_reword,,1,"Evaluate limits algebraically using direct substitution, limit laws, factoring, conjugates, and appropriate trigonometric or squeeze reasoning.","I can evaluate limits algebraically using direct substitution, limit laws, factoring, conjugates, and appropriate trigonometric or squeeze reasoning.",Notation and Mathematical Communication,short response,exact,instructional,90,,Unit 1 Assessment Plan; Course Framework; AP Topic scoring-guide style reference,
U1-S3-PS2-Q15,AP/SCI BANK BUILD v4,AP Calculus AB,1,3,Practice Set 2,instructional,Q15,current-section,U1-MG02,,,,U1-S3-PRACT-FAM12,mixed,,2,"Evaluate limits algebraically using direct substitution, limit laws, factoring, conjugates, and appropriate trigonometric or squeeze reasoning.","I can evaluate limits algebraically using direct substitution, limit laws, factoring, conjugates, and appropriate trigonometric or squeeze reasoning.",Critique of Reasoning,short response,exact,instructional,90,,Unit 1 Assessment Plan; Course Framework; AP Topic scoring-guide style reference,
U1-S3-PS2-Q16,AP/SCI BANK BUILD v4,AP Calculus AB,1,3,Practice Set 2,instructional,Q16,current-section,U1-MG02,,,,U1-S3-PRACT-FAM11,context_shift,,2,"Evaluate limits algebraically using direct substitution, limit laws, factoring, conjugates, and appropriate trigonometric or squeeze reasoning.","I can evaluate limits algebraically using direct substitution, limit laws, factoring, conjugates, and appropriate trigonometric or squeeze reasoning.",Notation and Mathematical Communication,short response,exact,instructional,90,,Unit 1 Assessment Plan; Course Framework; AP Topic scoring-guide style reference,
U1-S3-PS2-Q17,AP/SCI BANK BUILD v4,AP Calculus AB,1,3,Practice Set 2,instructional,Q17,current-section,U1-MG02,,,,U1-S3-PRACT-FAM16,reasoning_shift,,2,"Evaluate limits algebraically using direct substitution, limit laws, factoring, conjugates, and appropriate trigonometric or squeeze reasoning.","I can evaluate limits algebraically using direct substitution, limit laws, factoring, conjugates, and appropriate trigonometric or squeeze reasoning.",Analytical Strategy Selection,short response,exact,instructional,90,,Unit 1 Assessment Plan; Course Framework; AP Topic scoring-guide style reference,
U1-S3-PS2-Q18,AP/SCI BANK BUILD v4,AP Calculus AB,1,3,Practice Set 2,instructional,Q18,current-section,U1-MG02,,,,U1-S3-PRACT-FAM14,conceptual_reword,,2,"Evaluate limits algebraically using direct substitution, limit laws, factoring, conjugates, and appropriate trigonometric or squeeze reasoning.","I can evaluate limits algebraically using direct substitution, limit laws, factoring, conjugates, and appropriate trigonometric or squeeze reasoning.",Notation and Mathematical Communication,multiple choice,selected response,instructional,75,,Unit 1 Assessment Plan; Course Framework; AP Topic scoring-guide style reference,
U1-S3-PS3-Q01,AP/SCI BANK BUILD v4,AP Calculus AB,1,3,Practice Set 3,instructional,Q01,current-section,U1-MG02,,,,U1-S3-PRACT-FAM12,mixed,,2,"Evaluate limits algebraically using direct substitution, limit laws, factoring, conjugates, and appropriate trigonometric or squeeze reasoning.","I can evaluate limits algebraically using direct substitution, limit laws, factoring, conjugates, and appropriate trigonometric or squeeze reasoning.",Critique of Reasoning,short response,exact,instructional,90,,Unit 1 Assessment Plan; Course Framework; AP Topic scoring-guide style reference,
U1-S3-PS3-Q02,AP/SCI BANK BUILD v4,AP Calculus AB,1,3,Practice Set 3,instructional,Q02,current-section,U1-MG02,,,,U1-S3-PRACT-FAM01,routine_procedural_numeric,,1,"Evaluate limits algebraically using direct substitution, limit laws, factoring, conjugates, and appropriate trigonometric or squeeze reasoning.","I can evaluate limits algebraically using direct substitution, limit laws, factoring, conjugates, and appropriate trigonometric or squeeze reasoning.",Analytical Strategy Selection,short response,exact,instructional,90,,Unit 1 Assessment Plan; Course Framework; AP Topic scoring-guide style reference,
U1-S3-PS3-Q03,AP/SCI BANK BUILD v4,AP Calculus AB,1,3,Practice Set 3,instructional,Q03,current-section,U1-MG02,,,,U1-S3-PRACT-FAM06,mixed,,2,"Evaluate limits algebraically using direct substitution, limit laws, factoring, conjugates, and appropriate trigonometric or squeeze reasoning.","I can evaluate limits algebraically using direct substitution, limit laws, factoring, conjugates, and appropriate trigonometric or squeeze reasoning.",Critique of Reasoning,multiple choice,selected response,instructional,75,,Unit 1 Assessment Plan; Course Framework; AP Topic scoring-guide style reference,
U1-S3-PS3-Q04,AP/SCI BANK BUILD v4,AP Calculus AB,1,3,Practice Set 3,instructional,Q04,current-section,U1-MG02,,,,U1-S3-PRACT-FAM03,representation_shift,,1,"Evaluate limits algebraically using direct substitution, limit laws, factoring, conjugates, and appropriate trigonometric or squeeze reasoning.","I can evaluate limits algebraically using direct substitution, limit laws, factoring, conjugates, and appropriate trigonometric or squeeze reasoning.",Critique of Reasoning,short response,exact,instructional,90,,Unit 1 Assessment Plan; Course Framework; AP Topic scoring-guide style reference,
U1-S3-PS3-Q05,AP/SCI BANK BUILD v4,AP Calculus AB,1,3,Practice Set 3,instructional,Q05,current-section,U1-MG02,,,,U1-S3-PRACT-FAM13,routine_procedural_numeric,,2,"Evaluate limits algebraically using direct substitution, limit laws, factoring, conjugates, and appropriate trigonometric or squeeze reasoning.","I can evaluate limits algebraically using direct substitution, limit laws, factoring, conjugates, and appropriate trigonometric or squeeze reasoning.",Analytical Strategy Selection,short response,exact,instructional,90,,Unit 1 Assessment Plan; Course Framework; AP Topic scoring-guide style reference,
U1-S3-PS3-Q06,AP/SCI BANK BUILD v4,AP Calculus AB,1,3,Practice Set 3,instructional,Q06,current-section,U1-MG02,,,,U1-S3-PRACT-FAM05,context_shift,,2,"Evaluate limits algebraically using direct substitution, limit laws, factoring, conjugates, and appropriate trigonometric or squeeze reasoning.","I can evaluate limits algebraically using direct substitution, limit laws, factoring, conjugates, and appropriate trigonometric or squeeze reasoning.",Notation and Mathematical Communication,short response,exact,instructional,90,,Unit 1 Assessment Plan; Course Framework; AP Topic scoring-guide style reference,
U1-S3-PS3-Q07,AP/SCI BANK BUILD v4,AP Calculus AB,1,3,Practice Set 3,instructional,Q07,current-section,U1-MG02,,,,U1-S3-PRACT-FAM07,routine_procedural_numeric,,2,"Evaluate limits algebraically using direct substitution, limit laws, factoring, conjugates, and appropriate trigonometric or squeeze reasoning.","I can evaluate limits algebraically using direct substitution, limit laws, factoring, conjugates, and appropriate trigonometric or squeeze reasoning.",Analytical Strategy Selection,multiple choice,selected response,instructional,75,,Unit 1 Assessment Plan; Course Framework; AP Topic scoring-guide style reference,
U1-S3-PS3-Q08,AP/SCI BANK BUILD v4,AP Calculus AB,1,3,Practice Set 3,instructional,Q08,current-section,U1-MG02,,,,U1-S3-PRACT-FAM10,reasoning_shift,,2,"Evaluate limits algebraically using direct substitution, limit laws, factoring, conjugates, and appropriate trigonometric or squeeze reasoning.","I can evaluate limits algebraically using direct substitution, limit laws, factoring, conjugates, and appropriate trigonometric or squeeze reasoning.",Analytical Strategy Selection,multiple choice,selected response,instructional,75,,Unit 1 Assessment Plan; Course Framework; AP Topic scoring-guide style reference,
U1-S3-PS3-Q09,AP/SCI BANK BUILD v4,AP Calculus AB,1,3,Practice Set 3,instructional,Q09,current-section,U1-MG02,,,,U1-S3-PRACT-FAM18,mixed,,2,"Evaluate limits algebraically using direct substitution, limit laws, factoring, conjugates, and appropriate trigonometric or squeeze reasoning.","I can evaluate limits algebraically using direct substitution, limit laws, factoring, conjugates, and appropriate trigonometric or squeeze reasoning.",Critique of Reasoning,short response,exact,instructional,90,,Unit 1 Assessment Plan; Course Framework; AP Topic scoring-guide style reference,
U1-S3-PS3-Q10,AP/SCI BANK BUILD v4,AP Calculus AB,1,3,Practice Set 3,instructional,Q10,current-section,U1-MG02,,,,U1-S3-PRACT-FAM02,conceptual_reword,,1,"Evaluate limits algebraically using direct substitution, limit laws, factoring, conjugates, and appropriate trigonometric or squeeze reasoning.","I can evaluate limits algebraically using direct substitution, limit laws, factoring, conjugates, and appropriate trigonometric or squeeze reasoning.",Notation and Mathematical Communication,short response,exact,instructional,90,,Unit 1 Assessment Plan; Course Framework; AP Topic scoring-guide style reference,
U1-S3-PS3-Q11,AP/SCI BANK BUILD v4,AP Calculus AB,1,3,Practice Set 3,instructional,Q11,current-section,U1-MG02,,,,U1-S3-PRACT-FAM11,context_shift,,2,"Evaluate limits algebraically using direct substitution, limit laws, factoring, conjugates, and appropriate trigonometric or squeeze reasoning.","I can evaluate limits algebraically using direct substitution, limit laws, factoring, conjugates, and appropriate trigonometric or squeeze reasoning.",Notation and Mathematical Communication,short response,exact,instructional,90,,Unit 1 Assessment Plan; Course Framework; AP Topic scoring-guide style reference,
U1-S3-PS3-Q12,AP/SCI BANK BUILD v4,AP Calculus AB,1,3,Practice Set 3,instructional,Q12,current-section,U1-MG02,,,,U1-S3-PRACT-FAM17,context_shift,,2,"Evaluate limits algebraically using direct substitution, limit laws, factoring, conjugates, and appropriate trigonometric or squeeze reasoning.","I can evaluate limits algebraically using direct substitution, limit laws, factoring, conjugates, and appropriate trigonometric or squeeze reasoning.",Notation and Mathematical Communication,short response,exact,instructional,90,,Unit 1 Assessment Plan; Course Framework; AP Topic scoring-guide style reference,
U1-S3-PS3-Q13,AP/SCI BANK BUILD v4,AP Calculus AB,1,3,Practice Set 3,instructional,Q13,current-section,U1-MG02,,,,U1-S3-PRACT-FAM14,conceptual_reword,,2,"Evaluate limits algebraically using direct substitution, limit laws, factoring, conjugates, and appropriate trigonometric or squeeze reasoning.","I can evaluate limits algebraically using direct substitution, limit laws, factoring, conjugates, and appropriate trigonometric or squeeze reasoning.",Notation and Mathematical Communication,multiple choice,selected response,instructional,75,,Unit 1 Assessment Plan; Course Framework; AP Topic scoring-guide style reference,
U1-S3-PS3-Q14,AP/SCI BANK BUILD v4,AP Calculus AB,1,3,Practice Set 3,instructional,Q14,current-section,U1-MG02,,,,U1-S3-PRACT-FAM09,representation_shift,,2,"Evaluate limits algebraically using direct substitution, limit laws, factoring, conjugates, and appropriate trigonometric or squeeze reasoning.","I can evaluate limits algebraically using direct substitution, limit laws, factoring, conjugates, and appropriate trigonometric or squeeze reasoning.",Critique of Reasoning,short response,exact,instructional,90,,Unit 1 Assessment Plan; Course Framework; AP Topic scoring-guide style reference,
U1-S3-PS3-Q15,AP/SCI BANK BUILD v4,AP Calculus AB,1,3,Practice Set 3,instructional,Q15,current-section,U1-MG02,,,,U1-S3-PRACT-FAM08,conceptual_reword,,2,"Evaluate limits algebraically using direct substitution, limit laws, factoring, conjugates, and appropriate trigonometric or squeeze reasoning.","I can evaluate limits algebraically using direct substitution, limit laws, factoring, conjugates, and appropriate trigonometric or squeeze reasoning.",Notation and Mathematical Communication,multiple choice,selected response,instructional,75,,Unit 1 Assessment Plan; Course Framework; AP Topic scoring-guide style reference,
U1-S3-PS3-Q16,AP/SCI BANK BUILD v4,AP Calculus AB,1,3,Practice Set 3,instructional,Q16,current-section,U1-MG02,,,,U1-S3-PRACT-FAM15,representation_shift,,2,"Evaluate limits algebraically using direct substitution, limit laws, factoring, conjugates, and appropriate trigonometric or squeeze reasoning.","I can evaluate limits algebraically using direct substitution, limit laws, factoring, conjugates, and appropriate trigonometric or squeeze reasoning.",Critique of Reasoning,short response,exact,instructional,90,,Unit 1 Assessment Plan; Course Framework; AP Topic scoring-guide style reference,
U1-S3-PS3-Q17,AP/SCI BANK BUILD v4,AP Calculus AB,1,3,Practice Set 3,instructional,Q17,current-section,U1-MG02,,,,U1-S3-PRACT-FAM04,reasoning_shift,,1,"Evaluate limits algebraically using direct substitution, limit laws, factoring, conjugates, and appropriate trigonometric or squeeze reasoning.","I can evaluate limits algebraically using direct substitution, limit laws, factoring, conjugates, and appropriate trigonometric or squeeze reasoning.",Analytical Strategy Selection,short response,exact,instructional,90,,Unit 1 Assessment Plan; Course Framework; AP Topic scoring-guide style reference,
U1-S3-PS3-Q18,AP/SCI BANK BUILD v4,AP Calculus AB,1,3,Practice Set 3,instructional,Q18,current-section,U1-MG02,,,,U1-S3-PRACT-FAM16,reasoning_shift,,2,"Evaluate limits algebraically using direct substitution, limit laws, factoring, conjugates, and appropriate trigonometric or squeeze reasoning.","I can evaluate limits algebraically using direct substitution, limit laws, factoring, conjugates, and appropriate trigonometric or squeeze reasoning.",Analytical Strategy Selection,short response,exact,instructional,90,,Unit 1 Assessment Plan; Course Framework; AP Topic scoring-guide style reference,
U1-S3-XP-Q01,AP/SCI BANK BUILD v4,AP Calculus AB,1,3,Extra Practice,instructional,Q01,current-section,U1-MG02,,,,U1-S3-PRACT-FAM07,routine_procedural_numeric,,2,"Evaluate limits algebraically using direct substitution, limit laws, factoring, conjugates, and appropriate trigonometric or squeeze reasoning.","I can evaluate limits algebraically using direct substitution, limit laws, factoring, conjugates, and appropriate trigonometric or squeeze reasoning.",Analytical Strategy Selection,multiple choice,selected response,instructional,75,,Unit 1 Assessment Plan; Course Framework; AP Topic scoring-guide style reference,
U1-S3-XP-Q02,AP/SCI BANK BUILD v4,AP Calculus AB,1,3,Extra Practice,instructional,Q02,current-section,U1-MG02,,,,U1-S3-PRACT-FAM14,conceptual_reword,,2,"Evaluate limits algebraically using direct substitution, limit laws, factoring, conjugates, and appropriate trigonometric or squeeze reasoning.","I can evaluate limits algebraically using direct substitution, limit laws, factoring, conjugates, and appropriate trigonometric or squeeze reasoning.",Notation and Mathematical Communication,multiple choice,selected response,instructional,75,,Unit 1 Assessment Plan; Course Framework; AP Topic scoring-guide style reference,
U1-S3-XP-Q03,AP/SCI BANK BUILD v4,AP Calculus AB,1,3,Extra Practice,instructional,Q03,current-section,U1-MG02,,,,U1-S3-PRACT-FAM06,mixed,,2,"Evaluate limits algebraically using direct substitution, limit laws, factoring, conjugates, and appropriate trigonometric or squeeze reasoning.","I can evaluate limits algebraically using direct substitution, limit laws, factoring, conjugates, and appropriate trigonometric or squeeze reasoning.",Critique of Reasoning,multiple choice,selected response,instructional,75,,Unit 1 Assessment Plan; Course Framework; AP Topic scoring-guide style reference,
U1-S3-XP-Q04,AP/SCI BANK BUILD v4,AP Calculus AB,1,3,Extra Practice,instructional,Q04,current-section,U1-MG02,,,,U1-S3-PRACT-FAM05,context_shift,,2,"Evaluate limits algebraically using direct substitution, limit laws, factoring, conjugates, and appropriate trigonometric or squeeze reasoning.","I can evaluate limits algebraically using direct substitution, limit laws, factoring, conjugates, and appropriate trigonometric or squeeze reasoning.",Notation and Mathematical Communication,short response,exact,instructional,90,,Unit 1 Assessment Plan; Course Framework; AP Topic scoring-guide style reference,
U1-S3-XP-Q05,AP/SCI BANK BUILD v4,AP Calculus AB,1,3,Extra Practice,instructional,Q05,current-section,U1-MG02,,,,U1-S3-PRACT-FAM17,context_shift,,2,"Evaluate limits algebraically using direct substitution, limit laws, factoring, conjugates, and appropriate trigonometric or squeeze reasoning.","I can evaluate limits algebraically using direct substitution, limit laws, factoring, conjugates, and appropriate trigonometric or squeeze reasoning.",Notation and Mathematical Communication,short response,exact,instructional,90,,Unit 1 Assessment Plan; Course Framework; AP Topic scoring-guide style reference,
U1-S3-XP-Q06,AP/SCI BANK BUILD v4,AP Calculus AB,1,3,Extra Practice,instructional,Q06,current-section,U1-MG02,,,,U1-S3-PRACT-FAM08,conceptual_reword,,2,"Evaluate limits algebraically using direct substitution, limit laws, factoring, conjugates, and appropriate trigonometric or squeeze reasoning.","I can evaluate limits algebraically using direct substitution, limit laws, factoring, conjugates, and appropriate trigonometric or squeeze reasoning.",Notation and Mathematical Communication,multiple choice,selected response,instructional,75,,Unit 1 Assessment Plan; Course Framework; AP Topic scoring-guide style reference,
U1-S3-XP-Q07,AP/SCI BANK BUILD v4,AP Calculus AB,1,3,Extra Practice,instructional,Q07,current-section,U1-MG02,,,,U1-S3-PRACT-FAM16,reasoning_shift,,2,"Evaluate limits algebraically using direct substitution, limit laws, factoring, conjugates, and appropriate trigonometric or squeeze reasoning.","I can evaluate limits algebraically using direct substitution, limit laws, factoring, conjugates, and appropriate trigonometric or squeeze reasoning.",Analytical Strategy Selection,short response,exact,instructional,90,,Unit 1 Assessment Plan; Course Framework; AP Topic scoring-guide style reference,
U1-S3-XP-Q08,AP/SCI BANK BUILD v4,AP Calculus AB,1,3,Extra Practice,instructional,Q08,current-section,U1-MG02,,,,U1-S3-PRACT-FAM04,reasoning_shift,,1,"Evaluate limits algebraically using direct substitution, limit laws, factoring, conjugates, and appropriate trigonometric or squeeze reasoning.","I can evaluate limits algebraically using direct substitution, limit laws, factoring, conjugates, and appropriate trigonometric or squeeze reasoning.",Analytical Strategy Selection,short response,exact,instructional,90,,Unit 1 Assessment Plan; Course Framework; AP Topic scoring-guide style reference,
U1-S3-XP-Q09,AP/SCI BANK BUILD v4,AP Calculus AB,1,3,Extra Practice,instructional,Q09,current-section,U1-MG02,,,,U1-S3-PRACT-FAM15,representation_shift,,2,"Evaluate limits algebraically using direct substitution, limit laws, factoring, conjugates, and appropriate trigonometric or squeeze reasoning.","I can evaluate limits algebraically using direct substitution, limit laws, factoring, conjugates, and appropriate trigonometric or squeeze reasoning.",Critique of Reasoning,short response,exact,instructional,90,,Unit 1 Assessment Plan; Course Framework; AP Topic scoring-guide style reference,
U1-S3-XP-Q10,AP/SCI BANK BUILD v4,AP Calculus AB,1,3,Extra Practice,instructional,Q10,current-section,U1-MG02,,,,U1-S3-PRACT-FAM03,representation_shift,,1,"Evaluate limits algebraically using direct substitution, limit laws, factoring, conjugates, and appropriate trigonometric or squeeze reasoning.","I can evaluate limits algebraically using direct substitution, limit laws, factoring, conjugates, and appropriate trigonometric or squeeze reasoning.",Critique of Reasoning,short response,exact,instructional,90,,Unit 1 Assessment Plan; Course Framework; AP Topic scoring-guide style reference,
U1-S3-XP-Q11,AP/SCI BANK BUILD v4,AP Calculus AB,1,3,Extra Practice,instructional,Q11,current-section,U1-MG02,,,,U1-S3-PRACT-FAM11,context_shift,,2,"Evaluate limits algebraically using direct substitution, limit laws, factoring, conjugates, and appropriate trigonometric or squeeze reasoning.","I can evaluate limits algebraically using direct substitution, limit laws, factoring, conjugates, and appropriate trigonometric or squeeze reasoning.",Notation and Mathematical Communication,short response,exact,instructional,90,,Unit 1 Assessment Plan; Course Framework; AP Topic scoring-guide style reference,
U1-S3-XP-Q12,AP/SCI BANK BUILD v4,AP Calculus AB,1,3,Extra Practice,instructional,Q12,current-section,U1-MG02,,,,U1-S3-PRACT-FAM02,conceptual_reword,,1,"Evaluate limits algebraically using direct substitution, limit laws, factoring, conjugates, and appropriate trigonometric or squeeze reasoning.","I can evaluate limits algebraically using direct substitution, limit laws, factoring, conjugates, and appropriate trigonometric or squeeze reasoning.",Notation and Mathematical Communication,short response,exact,instructional,90,,Unit 1 Assessment Plan; Course Framework; AP Topic scoring-guide style reference,
U1-S3-XP-Q13,AP/SCI BANK BUILD v4,AP Calculus AB,1,3,Extra Practice,instructional,Q13,current-section,U1-MG02,,,,U1-S3-PRACT-FAM01,routine_procedural_numeric,,1,"Evaluate limits algebraically using direct substitution, limit laws, factoring, conjugates, and appropriate trigonometric or squeeze reasoning.","I can evaluate limits algebraically using direct substitution, limit laws, factoring, conjugates, and appropriate trigonometric or squeeze reasoning.",Analytical Strategy Selection,short response,exact,instructional,90,,Unit 1 Assessment Plan; Course Framework; AP Topic scoring-guide style reference,
U1-S3-XP-Q14,AP/SCI BANK BUILD v4,AP Calculus AB,1,3,Extra Practice,instructional,Q14,current-section,U1-MG02,,,,U1-S3-PRACT-FAM18,mixed,,2,"Evaluate limits algebraically using direct substitution, limit laws, factoring, conjugates, and appropriate trigonometric or squeeze reasoning.","I can evaluate limits algebraically using direct substitution, limit laws, factoring, conjugates, and appropriate trigonometric or squeeze reasoning.",Critique of Reasoning,short response,exact,instructional,90,,Unit 1 Assessment Plan; Course Framework; AP Topic scoring-guide style reference,
U1-S3-XP-Q15,AP/SCI BANK BUILD v4,AP Calculus AB,1,3,Extra Practice,instructional,Q15,current-section,U1-MG02,,,,U1-S3-PRACT-FAM13,routine_procedural_numeric,,2,"Evaluate limits algebraically using direct substitution, limit laws, factoring, conjugates, and appropriate trigonometric or squeeze reasoning.","I can evaluate limits algebraically using direct substitution, limit laws, factoring, conjugates, and appropriate trigonometric or squeeze reasoning.",Analytical Strategy Selection,short response,exact,instructional,90,,Unit 1 Assessment Plan; Course Framework; AP Topic scoring-guide style reference,
U1-S3-XP-Q16,AP/SCI BANK BUILD v4,AP Calculus AB,1,3,Extra Practice,instructional,Q16,current-section,U1-MG02,,,,U1-S3-PRACT-FAM09,representation_shift,,2,"Evaluate limits algebraically using direct substitution, limit laws, factoring, conjugates, and appropriate trigonometric or squeeze reasoning.","I can evaluate limits algebraically using direct substitution, limit laws, factoring, conjugates, and appropriate trigonometric or squeeze reasoning.",Critique of Reasoning,short response,exact,instructional,90,,Unit 1 Assessment Plan; Course Framework; AP Topic scoring-guide style reference,
U1-S3-XP-Q17,AP/SCI BANK BUILD v4,AP Calculus AB,1,3,Extra Practice,instructional,Q17,current-section,U1-MG02,,,,U1-S3-PRACT-FAM10,reasoning_shift,,2,"Evaluate limits algebraically using direct substitution, limit laws, factoring, conjugates, and appropriate trigonometric or squeeze reasoning.","I can evaluate limits algebraically using direct substitution, limit laws, factoring, conjugates, and appropriate trigonometric or squeeze reasoning.",Analytical Strategy Selection,multiple choice,selected response,instructional,75,,Unit 1 Assessment Plan; Course Framework; AP Topic scoring-guide style reference,
U1-S3-XP-Q18,AP/SCI BANK BUILD v4,AP Calculus AB,1,3,Extra Practice,instructional,Q18,current-section,U1-MG02,,,,U1-S3-PRACT-FAM12,mixed,,2,"Evaluate limits algebraically using direct substitution, limit laws, factoring, conjugates, and appropriate trigonometric or squeeze reasoning.","I can evaluate limits algebraically using direct substitution, limit laws, factoring, conjugates, and appropriate trigonometric or squeeze reasoning.",Critique of Reasoning,short response,exact,instructional,90,,Unit 1 Assessment Plan; Course Framework; AP Topic scoring-guide style reference,
U1-S4-PS1-Q01,AP/SCI BANK BUILD v4,AP Calculus AB,1,4,Practice Set 1,instructional,Q01,current-section,U1-MG03,,,,U1-S4-PRACT-FAM09,representation_shift,,2,"Analyze continuity at a point and on intervals, and classify discontinuities using limits, function values, and piecewise definitions.","I can analyze continuity at a point and on intervals, and classify discontinuities using limits, function values, and piecewise definitions.",Notation and Mathematical Communication,short response,exact,instructional,90,u1_s4_ps1_f08.png,Unit 1 Assessment Plan; Course Framework; AP Topic scoring-guide style reference,
U1-S4-PS1-Q02,AP/SCI BANK BUILD v4,AP Calculus AB,1,4,Practice Set 1,instructional,Q02,current-section,U1-MG03,,,,U1-S4-PRACT-FAM03,representation_shift,,1,"Analyze continuity at a point and on intervals, and classify discontinuities using limits, function values, and piecewise definitions.","I can analyze continuity at a point and on intervals, and classify discontinuities using limits, function values, and piecewise definitions.",Notation and Mathematical Communication,short response,exact,instructional,90,,Unit 1 Assessment Plan; Course Framework; AP Topic scoring-guide style reference,
U1-S4-PS1-Q03,AP/SCI BANK BUILD v4,AP Calculus AB,1,4,Practice Set 1,instructional,Q03,current-section,U1-MG03,,,,U1-S4-PRACT-FAM05,context_shift,,1,"Analyze continuity at a point and on intervals, and classify discontinuities using limits, function values, and piecewise definitions.","I can analyze continuity at a point and on intervals, and classify discontinuities using limits, function values, and piecewise definitions.",Justification and Theorem Conditions,short response,exact,instructional,90,,Unit 1 Assessment Plan; Course Framework; AP Topic scoring-guide style reference,
U1-S4-PS1-Q04,AP/SCI BANK BUILD v4,AP Calculus AB,1,4,Practice Set 1,instructional,Q04,current-section,U1-MG03,,,,U1-S4-PRACT-FAM01,routine_procedural_numeric,,1,"Analyze continuity at a point and on intervals, and classify discontinuities using limits, function values, and piecewise definitions.","I can analyze continuity at a point and on intervals, and classify discontinuities using limits, function values, and piecewise definitions.",Interpretation Across Representations,multiple choice,selected response,instructional,75,,Unit 1 Assessment Plan; Course Framework; AP Topic scoring-guide style reference,
U1-S4-PS1-Q05,AP/SCI BANK BUILD v4,AP Calculus AB,1,4,Practice Set 1,instructional,Q05,current-section,U1-MG03,,,,U1-S4-PRACT-FAM08,conceptual_reword,,2,"Analyze continuity at a point and on intervals, and classify discontinuities using limits, function values, and piecewise definitions.","I can analyze continuity at a point and on intervals, and classify discontinuities using limits, function values, and piecewise definitions.",Justification and Theorem Conditions,short response,exact,instructional,90,,Unit 1 Assessment Plan; Course Framework; AP Topic scoring-guide style reference,
U1-S4-PS1-Q06,AP/SCI BANK BUILD v4,AP Calculus AB,1,4,Practice Set 1,instructional,Q06,current-section,U1-MG03,,,,U1-S4-PRACT-FAM18,mixed,,2,"Analyze continuity at a point and on intervals, and classify discontinuities using limits, function values, and piecewise definitions.","I can analyze continuity at a point and on intervals, and classify discontinuities using limits, function values, and piecewise definitions.",Notation and Mathematical Communication,short response,exact,instructional,90,,Unit 1 Assessment Plan; Course Framework; AP Topic scoring-guide style reference,
U1-S4-PS1-Q07,AP/SCI BANK BUILD v4,AP Calculus AB,1,4,Practice Set 1,instructional,Q07,current-section,U1-MG03,,,,U1-S4-PRACT-FAM15,representation_shift,,2,"Analyze continuity at a point and on intervals, and classify discontinuities using limits, function values, and piecewise definitions.","I can analyze continuity at a point and on intervals, and classify discontinuities using limits, function values, and piecewise definitions.",Notation and Mathematical Communication,short response,exact,instructional,90,,Unit 1 Assessment Plan; Course Framework; AP Topic scoring-guide style reference,
U1-S4-PS1-Q08,AP/SCI BANK BUILD v4,AP Calculus AB,1,4,Practice Set 1,instructional,Q08,current-section,U1-MG03,,,,U1-S4-PRACT-FAM02,conceptual_reword,,1,"Analyze continuity at a point and on intervals, and classify discontinuities using limits, function values, and piecewise definitions.","I can analyze continuity at a point and on intervals, and classify discontinuities using limits, function values, and piecewise definitions.",Justification and Theorem Conditions,short response,exact,instructional,90,,Unit 1 Assessment Plan; Course Framework; AP Topic scoring-guide style reference,
U1-S4-PS1-Q09,AP/SCI BANK BUILD v4,AP Calculus AB,1,4,Practice Set 1,instructional,Q09,current-section,U1-MG03,,,,U1-S4-PRACT-FAM17,context_shift,,2,"Analyze continuity at a point and on intervals, and classify discontinuities using limits, function values, and piecewise definitions.","I can analyze continuity at a point and on intervals, and classify discontinuities using limits, function values, and piecewise definitions.",Justification and Theorem Conditions,multiple choice,selected response,instructional,75,,Unit 1 Assessment Plan; Course Framework; AP Topic scoring-guide style reference,
U1-S4-PS1-Q10,AP/SCI BANK BUILD v4,AP Calculus AB,1,4,Practice Set 1,instructional,Q10,current-section,U1-MG03,,,,U1-S4-PRACT-FAM07,routine_procedural_numeric,,2,"Analyze continuity at a point and on intervals, and classify discontinuities using limits, function values, and piecewise definitions.","I can analyze continuity at a point and on intervals, and classify discontinuities using limits, function values, and piecewise definitions.",Interpretation Across Representations,multiple choice,selected response,instructional,75,,Unit 1 Assessment Plan; Course Framework; AP Topic scoring-guide style reference,
U1-S4-PS1-Q11,AP/SCI BANK BUILD v4,AP Calculus AB,1,4,Practice Set 1,instructional,Q11,current-section,U1-MG03,,,,U1-S4-PRACT-FAM14,conceptual_reword,,2,"Analyze continuity at a point and on intervals, and classify discontinuities using limits, function values, and piecewise definitions.","I can analyze continuity at a point and on intervals, and classify discontinuities using limits, function values, and piecewise definitions.",Justification and Theorem Conditions,short response,exact,instructional,90,,Unit 1 Assessment Plan; Course Framework; AP Topic scoring-guide style reference,
U1-S4-PS1-Q12,AP/SCI BANK BUILD v4,AP Calculus AB,1,4,Practice Set 1,instructional,Q12,current-section,U1-MG03,,,,U1-S4-PRACT-FAM16,reasoning_shift,,2,"Analyze continuity at a point and on intervals, and classify discontinuities using limits, function values, and piecewise definitions.","I can analyze continuity at a point and on intervals, and classify discontinuities using limits, function values, and piecewise definitions.",Interpretation Across Representations,short response,exact,instructional,90,,Unit 1 Assessment Plan; Course Framework; AP Topic scoring-guide style reference,
U1-S4-PS1-Q13,AP/SCI BANK BUILD v4,AP Calculus AB,1,4,Practice Set 1,instructional,Q13,current-section,U1-MG03,,,,U1-S4-PRACT-FAM13,routine_procedural_numeric,,2,"Analyze continuity at a point and on intervals, and classify discontinuities using limits, function values, and piecewise definitions.","I can analyze continuity at a point and on intervals, and classify discontinuities using limits, function values, and piecewise definitions.",Interpretation Across Representations,short response,exact,instructional,90,,Unit 1 Assessment Plan; Course Framework; AP Topic scoring-guide style reference,
U1-S4-PS1-Q14,AP/SCI BANK BUILD v4,AP Calculus AB,1,4,Practice Set 1,instructional,Q14,current-section,U1-MG03,,,,U1-S4-PRACT-FAM10,reasoning_shift,,2,"Analyze continuity at a point and on intervals, and classify discontinuities using limits, function values, and piecewise definitions.","I can analyze continuity at a point and on intervals, and classify discontinuities using limits, function values, and piecewise definitions.",Interpretation Across Representations,short response,exact,instructional,90,,Unit 1 Assessment Plan; Course Framework; AP Topic scoring-guide style reference,
U1-S4-PS1-Q15,AP/SCI BANK BUILD v4,AP Calculus AB,1,4,Practice Set 1,instructional,Q15,current-section,U1-MG03,,,,U1-S4-PRACT-FAM04,reasoning_shift,,1,"Analyze continuity at a point and on intervals, and classify discontinuities using limits, function values, and piecewise definitions.","I can analyze continuity at a point and on intervals, and classify discontinuities using limits, function values, and piecewise definitions.",Interpretation Across Representations,short response,exact,instructional,90,,Unit 1 Assessment Plan; Course Framework; AP Topic scoring-guide style reference,
U1-S4-PS1-Q16,AP/SCI BANK BUILD v4,AP Calculus AB,1,4,Practice Set 1,instructional,Q16,current-section,U1-MG03,,,,U1-S4-PRACT-FAM12,mixed,,2,"Analyze continuity at a point and on intervals, and classify discontinuities using limits, function values, and piecewise definitions.","I can analyze continuity at a point and on intervals, and classify discontinuities using limits, function values, and piecewise definitions.",Notation and Mathematical Communication,multiple choice,selected response,instructional,75,,Unit 1 Assessment Plan; Course Framework; AP Topic scoring-guide style reference,
U1-S4-PS1-Q17,AP/SCI BANK BUILD v4,AP Calculus AB,1,4,Practice Set 1,instructional,Q17,current-section,U1-MG03,,,,U1-S4-PRACT-FAM11,context_shift,,2,"Analyze continuity at a point and on intervals, and classify discontinuities using limits, function values, and piecewise definitions.","I can analyze continuity at a point and on intervals, and classify discontinuities using limits, function values, and piecewise definitions.",Justification and Theorem Conditions,short response,exact,instructional,90,,Unit 1 Assessment Plan; Course Framework; AP Topic scoring-guide style reference,
U1-S4-PS1-Q18,AP/SCI BANK BUILD v4,AP Calculus AB,1,4,Practice Set 1,instructional,Q18,current-section,U1-MG03,,,,U1-S4-PRACT-FAM06,mixed,,2,"Analyze continuity at a point and on intervals, and classify discontinuities using limits, function values, and piecewise definitions.","I can analyze continuity at a point and on intervals, and classify discontinuities using limits, function values, and piecewise definitions.",Notation and Mathematical Communication,multiple choice,selected response,instructional,75,,Unit 1 Assessment Plan; Course Framework; AP Topic scoring-guide style reference,
U1-S4-PS2-Q01,AP/SCI BANK BUILD v4,AP Calculus AB,1,4,Practice Set 2,instructional,Q01,current-section,U1-MG03,,,,U1-S4-PRACT-FAM12,mixed,,2,"Analyze continuity at a point and on intervals, and classify discontinuities using limits, function values, and piecewise definitions.","I can analyze continuity at a point and on intervals, and classify discontinuities using limits, function values, and piecewise definitions.",Notation and Mathematical Communication,multiple choice,selected response,instructional,75,,Unit 1 Assessment Plan; Course Framework; AP Topic scoring-guide style reference,
U1-S4-PS2-Q02,AP/SCI BANK BUILD v4,AP Calculus AB,1,4,Practice Set 2,instructional,Q02,current-section,U1-MG03,,,,U1-S4-PRACT-FAM04,reasoning_shift,,1,"Analyze continuity at a point and on intervals, and classify discontinuities using limits, function values, and piecewise definitions.","I can analyze continuity at a point and on intervals, and classify discontinuities using limits, function values, and piecewise definitions.",Interpretation Across Representations,short response,exact,instructional,90,,Unit 1 Assessment Plan; Course Framework; AP Topic scoring-guide style reference,
U1-S4-PS2-Q03,AP/SCI BANK BUILD v4,AP Calculus AB,1,4,Practice Set 2,instructional,Q03,current-section,U1-MG03,,,,U1-S4-PRACT-FAM17,context_shift,,2,"Analyze continuity at a point and on intervals, and classify discontinuities using limits, function values, and piecewise definitions.","I can analyze continuity at a point and on intervals, and classify discontinuities using limits, function values, and piecewise definitions.",Justification and Theorem Conditions,multiple choice,selected response,instructional,75,,Unit 1 Assessment Plan; Course Framework; AP Topic scoring-guide style reference,
U1-S4-PS2-Q04,AP/SCI BANK BUILD v4,AP Calculus AB,1,4,Practice Set 2,instructional,Q04,current-section,U1-MG03,,,,U1-S4-PRACT-FAM01,routine_procedural_numeric,,1,"Analyze continuity at a point and on intervals, and classify discontinuities using limits, function values, and piecewise definitions.","I can analyze continuity at a point and on intervals, and classify discontinuities using limits, function values, and piecewise definitions.",Interpretation Across Representations,multiple choice,selected response,instructional,75,,Unit 1 Assessment Plan; Course Framework; AP Topic scoring-guide style reference,
U1-S4-PS2-Q05,AP/SCI BANK BUILD v4,AP Calculus AB,1,4,Practice Set 2,instructional,Q05,current-section,U1-MG03,,,,U1-S4-PRACT-FAM16,reasoning_shift,,2,"Analyze continuity at a point and on intervals, and classify discontinuities using limits, function values, and piecewise definitions.","I can analyze continuity at a point and on intervals, and classify discontinuities using limits, function values, and piecewise definitions.",Interpretation Across Representations,short response,exact,instructional,90,,Unit 1 Assessment Plan; Course Framework; AP Topic scoring-guide style reference,
U1-S4-PS2-Q06,AP/SCI BANK BUILD v4,AP Calculus AB,1,4,Practice Set 2,instructional,Q06,current-section,U1-MG03,,,,U1-S4-PRACT-FAM11,context_shift,,2,"Analyze continuity at a point and on intervals, and classify discontinuities using limits, function values, and piecewise definitions.","I can analyze continuity at a point and on intervals, and classify discontinuities using limits, function values, and piecewise definitions.",Justification and Theorem Conditions,short response,exact,instructional,90,,Unit 1 Assessment Plan; Course Framework; AP Topic scoring-guide style reference,
U1-S4-PS2-Q07,AP/SCI BANK BUILD v4,AP Calculus AB,1,4,Practice Set 2,instructional,Q07,current-section,U1-MG03,,,,U1-S4-PRACT-FAM14,conceptual_reword,,2,"Analyze continuity at a point and on intervals, and classify discontinuities using limits, function values, and piecewise definitions.","I can analyze continuity at a point and on intervals, and classify discontinuities using limits, function values, and piecewise definitions.",Justification and Theorem Conditions,short response,exact,instructional,90,,Unit 1 Assessment Plan; Course Framework; AP Topic scoring-guide style reference,
U1-S4-PS2-Q08,AP/SCI BANK BUILD v4,AP Calculus AB,1,4,Practice Set 2,instructional,Q08,current-section,U1-MG03,,,,U1-S4-PRACT-FAM09,representation_shift,,2,"Analyze continuity at a point and on intervals, and classify discontinuities using limits, function values, and piecewise definitions.","I can analyze continuity at a point and on intervals, and classify discontinuities using limits, function values, and piecewise definitions.",Notation and Mathematical Communication,short response,exact,instructional,90,u1_s4_ps2_f08.png,Unit 1 Assessment Plan; Course Framework; AP Topic scoring-guide style reference,
U1-S4-PS2-Q09,AP/SCI BANK BUILD v4,AP Calculus AB,1,4,Practice Set 2,instructional,Q09,current-section,U1-MG03,,,,U1-S4-PRACT-FAM18,mixed,,2,"Analyze continuity at a point and on intervals, and classify discontinuities using limits, function values, and piecewise definitions.","I can analyze continuity at a point and on intervals, and classify discontinuities using limits, function values, and piecewise definitions.",Notation and Mathematical Communication,short response,exact,instructional,90,,Unit 1 Assessment Plan; Course Framework; AP Topic scoring-guide style reference,
U1-S4-PS2-Q10,AP/SCI BANK BUILD v4,AP Calculus AB,1,4,Practice Set 2,instructional,Q10,current-section,U1-MG03,,,,U1-S4-PRACT-FAM05,context_shift,,1,"Analyze continuity at a point and on intervals, and classify discontinuities using limits, function values, and piecewise definitions.","I can analyze continuity at a point and on intervals, and classify discontinuities using limits, function values, and piecewise definitions.",Justification and Theorem Conditions,short response,exact,instructional,90,,Unit 1 Assessment Plan; Course Framework; AP Topic scoring-guide style reference,
U1-S4-PS2-Q11,AP/SCI BANK BUILD v4,AP Calculus AB,1,4,Practice Set 2,instructional,Q11,current-section,U1-MG03,,,,U1-S4-PRACT-FAM03,representation_shift,,1,"Analyze continuity at a point and on intervals, and classify discontinuities using limits, function values, and piecewise definitions.","I can analyze continuity at a point and on intervals, and classify discontinuities using limits, function values, and piecewise definitions.",Notation and Mathematical Communication,short response,exact,instructional,90,,Unit 1 Assessment Plan; Course Framework; AP Topic scoring-guide style reference,
U1-S4-PS2-Q12,AP/SCI BANK BUILD v4,AP Calculus AB,1,4,Practice Set 2,instructional,Q12,current-section,U1-MG03,,,,U1-S4-PRACT-FAM10,reasoning_shift,,2,"Analyze continuity at a point and on intervals, and classify discontinuities using limits, function values, and piecewise definitions.","I can analyze continuity at a point and on intervals, and classify discontinuities using limits, function values, and piecewise definitions.",Interpretation Across Representations,short response,exact,instructional,90,,Unit 1 Assessment Plan; Course Framework; AP Topic scoring-guide style reference,
U1-S4-PS2-Q13,AP/SCI BANK BUILD v4,AP Calculus AB,1,4,Practice Set 2,instructional,Q13,current-section,U1-MG03,,,,U1-S4-PRACT-FAM13,routine_procedural_numeric,,2,"Analyze continuity at a point and on intervals, and classify discontinuities using limits, function values, and piecewise definitions.","I can analyze continuity at a point and on intervals, and classify discontinuities using limits, function values, and piecewise definitions.",Interpretation Across Representations,short response,exact,instructional,90,,Unit 1 Assessment Plan; Course Framework; AP Topic scoring-guide style reference,
U1-S4-PS2-Q14,AP/SCI BANK BUILD v4,AP Calculus AB,1,4,Practice Set 2,instructional,Q14,current-section,U1-MG03,,,,U1-S4-PRACT-FAM07,routine_procedural_numeric,,2,"Analyze continuity at a point and on intervals, and classify discontinuities using limits, function values, and piecewise definitions.","I can analyze continuity at a point and on intervals, and classify discontinuities using limits, function values, and piecewise definitions.",Interpretation Across Representations,multiple choice,selected response,instructional,75,,Unit 1 Assessment Plan; Course Framework; AP Topic scoring-guide style reference,
U1-S4-PS2-Q15,AP/SCI BANK BUILD v4,AP Calculus AB,1,4,Practice Set 2,instructional,Q15,current-section,U1-MG03,,,,U1-S4-PRACT-FAM08,conceptual_reword,,2,"Analyze continuity at a point and on intervals, and classify discontinuities using limits, function values, and piecewise definitions.","I can analyze continuity at a point and on intervals, and classify discontinuities using limits, function values, and piecewise definitions.",Justification and Theorem Conditions,short response,exact,instructional,90,,Unit 1 Assessment Plan; Course Framework; AP Topic scoring-guide style reference,
U1-S4-PS2-Q16,AP/SCI BANK BUILD v4,AP Calculus AB,1,4,Practice Set 2,instructional,Q16,current-section,U1-MG03,,,,U1-S4-PRACT-FAM06,mixed,,2,"Analyze continuity at a point and on intervals, and classify discontinuities using limits, function values, and piecewise definitions.","I can analyze continuity at a point and on intervals, and classify discontinuities using limits, function values, and piecewise definitions.",Notation and Mathematical Communication,multiple choice,selected response,instructional,75,,Unit 1 Assessment Plan; Course Framework; AP Topic scoring-guide style reference,
U1-S4-PS2-Q17,AP/SCI BANK BUILD v4,AP Calculus AB,1,4,Practice Set 2,instructional,Q17,current-section,U1-MG03,,,,U1-S4-PRACT-FAM02,conceptual_reword,,1,"Analyze continuity at a point and on intervals, and classify discontinuities using limits, function values, and piecewise definitions.","I can analyze continuity at a point and on intervals, and classify discontinuities using limits, function values, and piecewise definitions.",Justification and Theorem Conditions,short response,exact,instructional,90,,Unit 1 Assessment Plan; Course Framework; AP Topic scoring-guide style reference,
U1-S4-PS2-Q18,AP/SCI BANK BUILD v4,AP Calculus AB,1,4,Practice Set 2,instructional,Q18,current-section,U1-MG03,,,,U1-S4-PRACT-FAM15,representation_shift,,2,"Analyze continuity at a point and on intervals, and classify discontinuities using limits, function values, and piecewise definitions.","I can analyze continuity at a point and on intervals, and classify discontinuities using limits, function values, and piecewise definitions.",Notation and Mathematical Communication,short response,exact,instructional,90,,Unit 1 Assessment Plan; Course Framework; AP Topic scoring-guide style reference,
U1-S4-PS3-Q01,AP/SCI BANK BUILD v4,AP Calculus AB,1,4,Practice Set 3,instructional,Q01,current-section,U1-MG03,,,,U1-S4-PRACT-FAM16,reasoning_shift,,2,"Analyze continuity at a point and on intervals, and classify discontinuities using limits, function values, and piecewise definitions.","I can analyze continuity at a point and on intervals, and classify discontinuities using limits, function values, and piecewise definitions.",Interpretation Across Representations,short response,exact,instructional,90,,Unit 1 Assessment Plan; Course Framework; AP Topic scoring-guide style reference,
U1-S4-PS3-Q02,AP/SCI BANK BUILD v4,AP Calculus AB,1,4,Practice Set 3,instructional,Q02,current-section,U1-MG03,,,,U1-S4-PRACT-FAM14,conceptual_reword,,2,"Analyze continuity at a point and on intervals, and classify discontinuities using limits, function values, and piecewise definitions.","I can analyze continuity at a point and on intervals, and classify discontinuities using limits, function values, and piecewise definitions.",Justification and Theorem Conditions,short response,exact,instructional,90,,Unit 1 Assessment Plan; Course Framework; AP Topic scoring-guide style reference,
U1-S4-PS3-Q03,AP/SCI BANK BUILD v4,AP Calculus AB,1,4,Practice Set 3,instructional,Q03,current-section,U1-MG03,,,,U1-S4-PRACT-FAM03,representation_shift,,1,"Analyze continuity at a point and on intervals, and classify discontinuities using limits, function values, and piecewise definitions.","I can analyze continuity at a point and on intervals, and classify discontinuities using limits, function values, and piecewise definitions.",Notation and Mathematical Communication,short response,exact,instructional,90,,Unit 1 Assessment Plan; Course Framework; AP Topic scoring-guide style reference,
U1-S4-PS3-Q04,AP/SCI BANK BUILD v4,AP Calculus AB,1,4,Practice Set 3,instructional,Q04,current-section,U1-MG03,,,,U1-S4-PRACT-FAM07,routine_procedural_numeric,,2,"Analyze continuity at a point and on intervals, and classify discontinuities using limits, function values, and piecewise definitions.","I can analyze continuity at a point and on intervals, and classify discontinuities using limits, function values, and piecewise definitions.",Interpretation Across Representations,multiple choice,selected response,instructional,75,,Unit 1 Assessment Plan; Course Framework; AP Topic scoring-guide style reference,
U1-S4-PS3-Q05,AP/SCI BANK BUILD v4,AP Calculus AB,1,4,Practice Set 3,instructional,Q05,current-section,U1-MG03,,,,U1-S4-PRACT-FAM12,mixed,,2,"Analyze continuity at a point and on intervals, and classify discontinuities using limits, function values, and piecewise definitions.","I can analyze continuity at a point and on intervals, and classify discontinuities using limits, function values, and piecewise definitions.",Notation and Mathematical Communication,multiple choice,selected response,instructional,75,,Unit 1 Assessment Plan; Course Framework; AP Topic scoring-guide style reference,
U1-S4-PS3-Q06,AP/SCI BANK BUILD v4,AP Calculus AB,1,4,Practice Set 3,instructional,Q06,current-section,U1-MG03,,,,U1-S4-PRACT-FAM15,representation_shift,,2,"Analyze continuity at a point and on intervals, and classify discontinuities using limits, function values, and piecewise definitions.","I can analyze continuity at a point and on intervals, and classify discontinuities using limits, function values, and piecewise definitions.",Notation and Mathematical Communication,short response,exact,instructional,90,,Unit 1 Assessment Plan; Course Framework; AP Topic scoring-guide style reference,
U1-S4-PS3-Q07,AP/SCI BANK BUILD v4,AP Calculus AB,1,4,Practice Set 3,instructional,Q07,current-section,U1-MG03,,,,U1-S4-PRACT-FAM09,representation_shift,,2,"Analyze continuity at a point and on intervals, and classify discontinuities using limits, function values, and piecewise definitions.","I can analyze continuity at a point and on intervals, and classify discontinuities using limits, function values, and piecewise definitions.",Notation and Mathematical Communication,short response,exact,instructional,90,u1_s4_ps3_f08.png,Unit 1 Assessment Plan; Course Framework; AP Topic scoring-guide style reference,
U1-S4-PS3-Q08,AP/SCI BANK BUILD v4,AP Calculus AB,1,4,Practice Set 3,instructional,Q08,current-section,U1-MG03,,,,U1-S4-PRACT-FAM04,reasoning_shift,,1,"Analyze continuity at a point and on intervals, and classify discontinuities using limits, function values, and piecewise definitions.","I can analyze continuity at a point and on intervals, and classify discontinuities using limits, function values, and piecewise definitions.",Interpretation Across Representations,short response,exact,instructional,90,,Unit 1 Assessment Plan; Course Framework; AP Topic scoring-guide style reference,
U1-S4-PS3-Q09,AP/SCI BANK BUILD v4,AP Calculus AB,1,4,Practice Set 3,instructional,Q09,current-section,U1-MG03,,,,U1-S4-PRACT-FAM11,context_shift,,2,"Analyze continuity at a point and on intervals, and classify discontinuities using limits, function values, and piecewise definitions.","I can analyze continuity at a point and on intervals, and classify discontinuities using limits, function values, and piecewise definitions.",Justification and Theorem Conditions,short response,exact,instructional,90,,Unit 1 Assessment Plan; Course Framework; AP Topic scoring-guide style reference,
U1-S4-PS3-Q10,AP/SCI BANK BUILD v4,AP Calculus AB,1,4,Practice Set 3,instructional,Q10,current-section,U1-MG03,,,,U1-S4-PRACT-FAM08,conceptual_reword,,2,"Analyze continuity at a point and on intervals, and classify discontinuities using limits, function values, and piecewise definitions.","I can analyze continuity at a point and on intervals, and classify discontinuities using limits, function values, and piecewise definitions.",Justification and Theorem Conditions,short response,exact,instructional,90,,Unit 1 Assessment Plan; Course Framework; AP Topic scoring-guide style reference,
U1-S4-PS3-Q11,AP/SCI BANK BUILD v4,AP Calculus AB,1,4,Practice Set 3,instructional,Q11,current-section,U1-MG03,,,,U1-S4-PRACT-FAM05,context_shift,,1,"Analyze continuity at a point and on intervals, and classify discontinuities using limits, function values, and piecewise definitions.","I can analyze continuity at a point and on intervals, and classify discontinuities using limits, function values, and piecewise definitions.",Justification and Theorem Conditions,short response,exact,instructional,90,,Unit 1 Assessment Plan; Course Framework; AP Topic scoring-guide style reference,
U1-S4-PS3-Q12,AP/SCI BANK BUILD v4,AP Calculus AB,1,4,Practice Set 3,instructional,Q12,current-section,U1-MG03,,,,U1-S4-PRACT-FAM18,mixed,,2,"Analyze continuity at a point and on intervals, and classify discontinuities using limits, function values, and piecewise definitions.","I can analyze continuity at a point and on intervals, and classify discontinuities using limits, function values, and piecewise definitions.",Notation and Mathematical Communication,short response,exact,instructional,90,,Unit 1 Assessment Plan; Course Framework; AP Topic scoring-guide style reference,
U1-S4-PS3-Q13,AP/SCI BANK BUILD v4,AP Calculus AB,1,4,Practice Set 3,instructional,Q13,current-section,U1-MG03,,,,U1-S4-PRACT-FAM10,reasoning_shift,,2,"Analyze continuity at a point and on intervals, and classify discontinuities using limits, function values, and piecewise definitions.","I can analyze continuity at a point and on intervals, and classify discontinuities using limits, function values, and piecewise definitions.",Interpretation Across Representations,short response,exact,instructional,90,,Unit 1 Assessment Plan; Course Framework; AP Topic scoring-guide style reference,
U1-S4-PS3-Q14,AP/SCI BANK BUILD v4,AP Calculus AB,1,4,Practice Set 3,instructional,Q14,current-section,U1-MG03,,,,U1-S4-PRACT-FAM13,routine_procedural_numeric,,2,"Analyze continuity at a point and on intervals, and classify discontinuities using limits, function values, and piecewise definitions.","I can analyze continuity at a point and on intervals, and classify discontinuities using limits, function values, and piecewise definitions.",Interpretation Across Representations,short response,exact,instructional,90,,Unit 1 Assessment Plan; Course Framework; AP Topic scoring-guide style reference,
U1-S4-PS3-Q15,AP/SCI BANK BUILD v4,AP Calculus AB,1,4,Practice Set 3,instructional,Q15,current-section,U1-MG03,,,,U1-S4-PRACT-FAM06,mixed,,2,"Analyze continuity at a point and on intervals, and classify discontinuities using limits, function values, and piecewise definitions.","I can analyze continuity at a point and on intervals, and classify discontinuities using limits, function values, and piecewise definitions.",Notation and Mathematical Communication,multiple choice,selected response,instructional,75,,Unit 1 Assessment Plan; Course Framework; AP Topic scoring-guide style reference,
U1-S4-PS3-Q16,AP/SCI BANK BUILD v4,AP Calculus AB,1,4,Practice Set 3,instructional,Q16,current-section,U1-MG03,,,,U1-S4-PRACT-FAM02,conceptual_reword,,1,"Analyze continuity at a point and on intervals, and classify discontinuities using limits, function values, and piecewise definitions.","I can analyze continuity at a point and on intervals, and classify discontinuities using limits, function values, and piecewise definitions.",Justification and Theorem Conditions,short response,exact,instructional,90,,Unit 1 Assessment Plan; Course Framework; AP Topic scoring-guide style reference,
U1-S4-PS3-Q17,AP/SCI BANK BUILD v4,AP Calculus AB,1,4,Practice Set 3,instructional,Q17,current-section,U1-MG03,,,,U1-S4-PRACT-FAM17,context_shift,,2,"Analyze continuity at a point and on intervals, and classify discontinuities using limits, function values, and piecewise definitions.","I can analyze continuity at a point and on intervals, and classify discontinuities using limits, function values, and piecewise definitions.",Justification and Theorem Conditions,multiple choice,selected response,instructional,75,,Unit 1 Assessment Plan; Course Framework; AP Topic scoring-guide style reference,
U1-S4-PS3-Q18,AP/SCI BANK BUILD v4,AP Calculus AB,1,4,Practice Set 3,instructional,Q18,current-section,U1-MG03,,,,U1-S4-PRACT-FAM01,routine_procedural_numeric,,1,"Analyze continuity at a point and on intervals, and classify discontinuities using limits, function values, and piecewise definitions.","I can analyze continuity at a point and on intervals, and classify discontinuities using limits, function values, and piecewise definitions.",Interpretation Across Representations,multiple choice,selected response,instructional,75,,Unit 1 Assessment Plan; Course Framework; AP Topic scoring-guide style reference,
U1-S4-XP-Q01,AP/SCI BANK BUILD v4,AP Calculus AB,1,4,Extra Practice,instructional,Q01,current-section,U1-MG03,,,,U1-S4-PRACT-FAM02,conceptual_reword,,1,"Analyze continuity at a point and on intervals, and classify discontinuities using limits, function values, and piecewise definitions.","I can analyze continuity at a point and on intervals, and classify discontinuities using limits, function values, and piecewise definitions.",Justification and Theorem Conditions,short response,exact,instructional,90,,Unit 1 Assessment Plan; Course Framework; AP Topic scoring-guide style reference,
U1-S4-XP-Q02,AP/SCI BANK BUILD v4,AP Calculus AB,1,4,Extra Practice,instructional,Q02,current-section,U1-MG03,,,,U1-S4-PRACT-FAM18,mixed,,2,"Analyze continuity at a point and on intervals, and classify discontinuities using limits, function values, and piecewise definitions.","I can analyze continuity at a point and on intervals, and classify discontinuities using limits, function values, and piecewise definitions.",Notation and Mathematical Communication,short response,exact,instructional,90,,Unit 1 Assessment Plan; Course Framework; AP Topic scoring-guide style reference,
U1-S4-XP-Q03,AP/SCI BANK BUILD v4,AP Calculus AB,1,4,Extra Practice,instructional,Q03,current-section,U1-MG03,,,,U1-S4-PRACT-FAM01,routine_procedural_numeric,,1,"Analyze continuity at a point and on intervals, and classify discontinuities using limits, function values, and piecewise definitions.","I can analyze continuity at a point and on intervals, and classify discontinuities using limits, function values, and piecewise definitions.",Interpretation Across Representations,multiple choice,selected response,instructional,75,,Unit 1 Assessment Plan; Course Framework; AP Topic scoring-guide style reference,
U1-S4-XP-Q04,AP/SCI BANK BUILD v4,AP Calculus AB,1,4,Extra Practice,instructional,Q04,current-section,U1-MG03,,,,U1-S4-PRACT-FAM08,conceptual_reword,,2,"Analyze continuity at a point and on intervals, and classify discontinuities using limits, function values, and piecewise definitions.","I can analyze continuity at a point and on intervals, and classify discontinuities using limits, function values, and piecewise definitions.",Justification and Theorem Conditions,short response,exact,instructional,90,,Unit 1 Assessment Plan; Course Framework; AP Topic scoring-guide style reference,
U1-S4-XP-Q05,AP/SCI BANK BUILD v4,AP Calculus AB,1,4,Extra Practice,instructional,Q05,current-section,U1-MG03,,,,U1-S4-PRACT-FAM04,reasoning_shift,,1,"Analyze continuity at a point and on intervals, and classify discontinuities using limits, function values, and piecewise definitions.","I can analyze continuity at a point and on intervals, and classify discontinuities using limits, function values, and piecewise definitions.",Interpretation Across Representations,short response,exact,instructional,90,,Unit 1 Assessment Plan; Course Framework; AP Topic scoring-guide style reference,
U1-S4-XP-Q06,AP/SCI BANK BUILD v4,AP Calculus AB,1,4,Extra Practice,instructional,Q06,current-section,U1-MG03,,,,U1-S4-PRACT-FAM06,mixed,,2,"Analyze continuity at a point and on intervals, and classify discontinuities using limits, function values, and piecewise definitions.","I can analyze continuity at a point and on intervals, and classify discontinuities using limits, function values, and piecewise definitions.",Notation and Mathematical Communication,multiple choice,selected response,instructional,75,,Unit 1 Assessment Plan; Course Framework; AP Topic scoring-guide style reference,
U1-S4-XP-Q07,AP/SCI BANK BUILD v4,AP Calculus AB,1,4,Extra Practice,instructional,Q07,current-section,U1-MG03,,,,U1-S4-PRACT-FAM13,routine_procedural_numeric,,2,"Analyze continuity at a point and on intervals, and classify discontinuities using limits, function values, and piecewise definitions.","I can analyze continuity at a point and on intervals, and classify discontinuities using limits, function values, and piecewise definitions.",Interpretation Across Representations,short response,exact,instructional,90,,Unit 1 Assessment Plan; Course Framework; AP Topic scoring-guide style reference,
U1-S4-XP-Q08,AP/SCI BANK BUILD v4,AP Calculus AB,1,4,Extra Practice,instructional,Q08,current-section,U1-MG03,,,,U1-S4-PRACT-FAM09,representation_shift,,2,"Analyze continuity at a point and on intervals, and classify discontinuities using limits, function values, and piecewise definitions.","I can analyze continuity at a point and on intervals, and classify discontinuities using limits, function values, and piecewise definitions.",Notation and Mathematical Communication,short response,exact,instructional,90,u1_s4_xp_f08.png,Unit 1 Assessment Plan; Course Framework; AP Topic scoring-guide style reference,
U1-S4-XP-Q09,AP/SCI BANK BUILD v4,AP Calculus AB,1,4,Extra Practice,instructional,Q09,current-section,U1-MG03,,,,U1-S4-PRACT-FAM17,context_shift,,2,"Analyze continuity at a point and on intervals, and classify discontinuities using limits, function values, and piecewise definitions.","I can analyze continuity at a point and on intervals, and classify discontinuities using limits, function values, and piecewise definitions.",Justification and Theorem Conditions,multiple choice,selected response,instructional,75,,Unit 1 Assessment Plan; Course Framework; AP Topic scoring-guide style reference,
U1-S4-XP-Q10,AP/SCI BANK BUILD v4,AP Calculus AB,1,4,Extra Practice,instructional,Q10,current-section,U1-MG03,,,,U1-S4-PRACT-FAM16,reasoning_shift,,2,"Analyze continuity at a point and on intervals, and classify discontinuities using limits, function values, and piecewise definitions.","I can analyze continuity at a point and on intervals, and classify discontinuities using limits, function values, and piecewise definitions.",Interpretation Across Representations,short response,exact,instructional,90,,Unit 1 Assessment Plan; Course Framework; AP Topic scoring-guide style reference,
U1-S4-XP-Q11,AP/SCI BANK BUILD v4,AP Calculus AB,1,4,Extra Practice,instructional,Q11,current-section,U1-MG03,,,,U1-S4-PRACT-FAM14,conceptual_reword,,2,"Analyze continuity at a point and on intervals, and classify discontinuities using limits, function values, and piecewise definitions.","I can analyze continuity at a point and on intervals, and classify discontinuities using limits, function values, and piecewise definitions.",Justification and Theorem Conditions,short response,exact,instructional,90,,Unit 1 Assessment Plan; Course Framework; AP Topic scoring-guide style reference,
U1-S4-XP-Q12,AP/SCI BANK BUILD v4,AP Calculus AB,1,4,Extra Practice,instructional,Q12,current-section,U1-MG03,,,,U1-S4-PRACT-FAM07,routine_procedural_numeric,,2,"Analyze continuity at a point and on intervals, and classify discontinuities using limits, function values, and piecewise definitions.","I can analyze continuity at a point and on intervals, and classify discontinuities using limits, function values, and piecewise definitions.",Interpretation Across Representations,multiple choice,selected response,instructional,75,,Unit 1 Assessment Plan; Course Framework; AP Topic scoring-guide style reference,
U1-S4-XP-Q13,AP/SCI BANK BUILD v4,AP Calculus AB,1,4,Extra Practice,instructional,Q13,current-section,U1-MG03,,,,U1-S4-PRACT-FAM03,representation_shift,,1,"Analyze continuity at a point and on intervals, and classify discontinuities using limits, function values, and piecewise definitions.","I can analyze continuity at a point and on intervals, and classify discontinuities using limits, function values, and piecewise definitions.",Notation and Mathematical Communication,short response,exact,instructional,90,,Unit 1 Assessment Plan; Course Framework; AP Topic scoring-guide style reference,
U1-S4-XP-Q14,AP/SCI BANK BUILD v4,AP Calculus AB,1,4,Extra Practice,instructional,Q14,current-section,U1-MG03,,,,U1-S4-PRACT-FAM12,mixed,,2,"Analyze continuity at a point and on intervals, and classify discontinuities using limits, function values, and piecewise definitions.","I can analyze continuity at a point and on intervals, and classify discontinuities using limits, function values, and piecewise definitions.",Notation and Mathematical Communication,multiple choice,selected response,instructional,75,,Unit 1 Assessment Plan; Course Framework; AP Topic scoring-guide style reference,
U1-S4-XP-Q15,AP/SCI BANK BUILD v4,AP Calculus AB,1,4,Extra Practice,instructional,Q15,current-section,U1-MG03,,,,U1-S4-PRACT-FAM10,reasoning_shift,,2,"Analyze continuity at a point and on intervals, and classify discontinuities using limits, function values, and piecewise definitions.","I can analyze continuity at a point and on intervals, and classify discontinuities using limits, function values, and piecewise definitions.",Interpretation Across Representations,short response,exact,instructional,90,,Unit 1 Assessment Plan; Course Framework; AP Topic scoring-guide style reference,
U1-S4-XP-Q16,AP/SCI BANK BUILD v4,AP Calculus AB,1,4,Extra Practice,instructional,Q16,current-section,U1-MG03,,,,U1-S4-PRACT-FAM05,context_shift,,1,"Analyze continuity at a point and on intervals, and classify discontinuities using limits, function values, and piecewise definitions.","I can analyze continuity at a point and on intervals, and classify discontinuities using limits, function values, and piecewise definitions.",Justification and Theorem Conditions,short response,exact,instructional,90,,Unit 1 Assessment Plan; Course Framework; AP Topic scoring-guide style reference,
U1-S4-XP-Q17,AP/SCI BANK BUILD v4,AP Calculus AB,1,4,Extra Practice,instructional,Q17,current-section,U1-MG03,,,,U1-S4-PRACT-FAM15,representation_shift,,2,"Analyze continuity at a point and on intervals, and classify discontinuities using limits, function values, and piecewise definitions.","I can analyze continuity at a point and on intervals, and classify discontinuities using limits, function values, and piecewise definitions.",Notation and Mathematical Communication,short response,exact,instructional,90,,Unit 1 Assessment Plan; Course Framework; AP Topic scoring-guide style reference,
U1-S4-XP-Q18,AP/SCI BANK BUILD v4,AP Calculus AB,1,4,Extra Practice,instructional,Q18,current-section,U1-MG03,,,,U1-S4-PRACT-FAM11,context_shift,,2,"Analyze continuity at a point and on intervals, and classify discontinuities using limits, function values, and piecewise definitions.","I can analyze continuity at a point and on intervals, and classify discontinuities using limits, function values, and piecewise definitions.",Justification and Theorem Conditions,short response,exact,instructional,90,,Unit 1 Assessment Plan; Course Framework; AP Topic scoring-guide style reference,
U1-S5-PS1-Q01,AP/SCI BANK BUILD v4,AP Calculus AB,1,5,Practice Set 1,instructional,Q01,current-section,U1-MG04,,,,U1-S5-PRACT-FAM11,context_shift,,2,"Interpret infinite limits and limits at infinity to identify asymptotic behavior, and apply the Intermediate Value Theorem when its hypotheses are satisfied.","I can interpret infinite limits and limits at infinity to identify asymptotic behavior, and apply the Intermediate Value Theorem when its hypotheses are satisfied.",Notation and Mathematical Communication,short response,exact,instructional,90,u1_s5_ps1_f10.png,Unit 1 Assessment Plan; Course Framework; AP Topic scoring-guide style reference,
U1-S5-PS1-Q02,AP/SCI BANK BUILD v4,AP Calculus AB,1,5,Practice Set 1,instructional,Q02,current-section,U1-MG04,,,,U1-S5-PRACT-FAM18,mixed,,2,"Interpret infinite limits and limits at infinity to identify asymptotic behavior, and apply the Intermediate Value Theorem when its hypotheses are satisfied.","I can interpret infinite limits and limits at infinity to identify asymptotic behavior, and apply the Intermediate Value Theorem when its hypotheses are satisfied.",Analytical Strategy Selection,short response,exact,instructional,90,,Unit 1 Assessment Plan; Course Framework; AP Topic scoring-guide style reference,
U1-S5-PS1-Q03,AP/SCI BANK BUILD v4,AP Calculus AB,1,5,Practice Set 1,instructional,Q03,current-section,U1-MG04,,,,U1-S5-PRACT-FAM05,context_shift,,1,"Interpret infinite limits and limits at infinity to identify asymptotic behavior, and apply the Intermediate Value Theorem when its hypotheses are satisfied.","I can interpret infinite limits and limits at infinity to identify asymptotic behavior, and apply the Intermediate Value Theorem when its hypotheses are satisfied.",Notation and Mathematical Communication,short response,exact,instructional,90,,Unit 1 Assessment Plan; Course Framework; AP Topic scoring-guide style reference,
U1-S5-PS1-Q04,AP/SCI BANK BUILD v4,AP Calculus AB,1,5,Practice Set 1,instructional,Q04,current-section,U1-MG04,,,,U1-S5-PRACT-FAM07,routine_procedural_numeric,,2,"Interpret infinite limits and limits at infinity to identify asymptotic behavior, and apply the Intermediate Value Theorem when its hypotheses are satisfied.","I can interpret infinite limits and limits at infinity to identify asymptotic behavior, and apply the Intermediate Value Theorem when its hypotheses are satisfied.",Justification and Theorem Conditions,short response,exact,instructional,90,,Unit 1 Assessment Plan; Course Framework; AP Topic scoring-guide style reference,
U1-S5-PS1-Q05,AP/SCI BANK BUILD v4,AP Calculus AB,1,5,Practice Set 1,instructional,Q05,current-section,U1-MG04,,,,U1-S5-PRACT-FAM01,routine_procedural_numeric,,1,"Interpret infinite limits and limits at infinity to identify asymptotic behavior, and apply the Intermediate Value Theorem when its hypotheses are satisfied.","I can interpret infinite limits and limits at infinity to identify asymptotic behavior, and apply the Intermediate Value Theorem when its hypotheses are satisfied.",Justification and Theorem Conditions,short response,exact,instructional,90,,Unit 1 Assessment Plan; Course Framework; AP Topic scoring-guide style reference,
U1-S5-PS1-Q06,AP/SCI BANK BUILD v4,AP Calculus AB,1,5,Practice Set 1,instructional,Q06,current-section,U1-MG04,,,,U1-S5-PRACT-FAM08,conceptual_reword,,2,"Interpret infinite limits and limits at infinity to identify asymptotic behavior, and apply the Intermediate Value Theorem when its hypotheses are satisfied.","I can interpret infinite limits and limits at infinity to identify asymptotic behavior, and apply the Intermediate Value Theorem when its hypotheses are satisfied.",Notation and Mathematical Communication,multiple choice,selected response,instructional,75,,Unit 1 Assessment Plan; Course Framework; AP Topic scoring-guide style reference,
U1-S5-PS1-Q07,AP/SCI BANK BUILD v4,AP Calculus AB,1,5,Practice Set 1,instructional,Q07,current-section,U1-MG04,,,,U1-S5-PRACT-FAM09,representation_shift,,2,"Interpret infinite limits and limits at infinity to identify asymptotic behavior, and apply the Intermediate Value Theorem when its hypotheses are satisfied.","I can interpret infinite limits and limits at infinity to identify asymptotic behavior, and apply the Intermediate Value Theorem when its hypotheses are satisfied.",Analytical Strategy Selection,multiple choice,selected response,instructional,75,,Unit 1 Assessment Plan; Course Framework; AP Topic scoring-guide style reference,
U1-S5-PS1-Q08,AP/SCI BANK BUILD v4,AP Calculus AB,1,5,Practice Set 1,instructional,Q08,current-section,U1-MG04,,,,U1-S5-PRACT-FAM16,reasoning_shift,,2,"Interpret infinite limits and limits at infinity to identify asymptotic behavior, and apply the Intermediate Value Theorem when its hypotheses are satisfied.","I can interpret infinite limits and limits at infinity to identify asymptotic behavior, and apply the Intermediate Value Theorem when its hypotheses are satisfied.",Justification and Theorem Conditions,short response,exact,instructional,90,,Unit 1 Assessment Plan; Course Framework; AP Topic scoring-guide style reference,
U1-S5-PS1-Q09,AP/SCI BANK BUILD v4,AP Calculus AB,1,5,Practice Set 1,instructional,Q09,current-section,U1-MG04,,,,U1-S5-PRACT-FAM03,representation_shift,,1,"Interpret infinite limits and limits at infinity to identify asymptotic behavior, and apply the Intermediate Value Theorem when its hypotheses are satisfied.","I can interpret infinite limits and limits at infinity to identify asymptotic behavior, and apply the Intermediate Value Theorem when its hypotheses are satisfied.",Analytical Strategy Selection,multiple choice,selected response,instructional,75,,Unit 1 Assessment Plan; Course Framework; AP Topic scoring-guide style reference,
U1-S5-PS1-Q10,AP/SCI BANK BUILD v4,AP Calculus AB,1,5,Practice Set 1,instructional,Q10,current-section,U1-MG04,,,,U1-S5-PRACT-FAM04,reasoning_shift,,1,"Interpret infinite limits and limits at infinity to identify asymptotic behavior, and apply the Intermediate Value Theorem when its hypotheses are satisfied.","I can interpret infinite limits and limits at infinity to identify asymptotic behavior, and apply the Intermediate Value Theorem when its hypotheses are satisfied.",Justification and Theorem Conditions,short response,exact,instructional,90,,Unit 1 Assessment Plan; Course Framework; AP Topic scoring-guide style reference,
U1-S5-PS1-Q11,AP/SCI BANK BUILD v4,AP Calculus AB,1,5,Practice Set 1,instructional,Q11,current-section,U1-MG04,,,,U1-S5-PRACT-FAM12,mixed,,2,"Interpret infinite limits and limits at infinity to identify asymptotic behavior, and apply the Intermediate Value Theorem when its hypotheses are satisfied.","I can interpret infinite limits and limits at infinity to identify asymptotic behavior, and apply the Intermediate Value Theorem when its hypotheses are satisfied.",Analytical Strategy Selection,short response,exact,instructional,90,,Unit 1 Assessment Plan; Course Framework; AP Topic scoring-guide style reference,
U1-S5-PS1-Q12,AP/SCI BANK BUILD v4,AP Calculus AB,1,5,Practice Set 1,instructional,Q12,current-section,U1-MG04,,,,U1-S5-PRACT-FAM13,routine_procedural_numeric,,2,"Interpret infinite limits and limits at infinity to identify asymptotic behavior, and apply the Intermediate Value Theorem when its hypotheses are satisfied.","I can interpret infinite limits and limits at infinity to identify asymptotic behavior, and apply the Intermediate Value Theorem when its hypotheses are satisfied.",Justification and Theorem Conditions,short response,exact,instructional,90,,Unit 1 Assessment Plan; Course Framework; AP Topic scoring-guide style reference,
U1-S5-PS1-Q13,AP/SCI BANK BUILD v4,AP Calculus AB,1,5,Practice Set 1,instructional,Q13,current-section,U1-MG04,,,,U1-S5-PRACT-FAM15,representation_shift,,2,"Interpret infinite limits and limits at infinity to identify asymptotic behavior, and apply the Intermediate Value Theorem when its hypotheses are satisfied.","I can interpret infinite limits and limits at infinity to identify asymptotic behavior, and apply the Intermediate Value Theorem when its hypotheses are satisfied.",Analytical Strategy Selection,multiple choice,selected response,instructional,75,,Unit 1 Assessment Plan; Course Framework; AP Topic scoring-guide style reference,
U1-S5-PS1-Q14,AP/SCI BANK BUILD v4,AP Calculus AB,1,5,Practice Set 1,instructional,Q14,current-section,U1-MG04,,,,U1-S5-PRACT-FAM17,context_shift,,2,"Interpret infinite limits and limits at infinity to identify asymptotic behavior, and apply the Intermediate Value Theorem when its hypotheses are satisfied.","I can interpret infinite limits and limits at infinity to identify asymptotic behavior, and apply the Intermediate Value Theorem when its hypotheses are satisfied.",Notation and Mathematical Communication,short response,exact,instructional,90,,Unit 1 Assessment Plan; Course Framework; AP Topic scoring-guide style reference,
U1-S5-PS1-Q15,AP/SCI BANK BUILD v4,AP Calculus AB,1,5,Practice Set 1,instructional,Q15,current-section,U1-MG04,,,,U1-S5-PRACT-FAM06,mixed,,2,"Interpret infinite limits and limits at infinity to identify asymptotic behavior, and apply the Intermediate Value Theorem when its hypotheses are satisfied.","I can interpret infinite limits and limits at infinity to identify asymptotic behavior, and apply the Intermediate Value Theorem when its hypotheses are satisfied.",Analytical Strategy Selection,multiple choice,selected response,instructional,75,,Unit 1 Assessment Plan; Course Framework; AP Topic scoring-guide style reference,
U1-S5-PS1-Q16,AP/SCI BANK BUILD v4,AP Calculus AB,1,5,Practice Set 1,instructional,Q16,current-section,U1-MG04,,,,U1-S5-PRACT-FAM14,conceptual_reword,,2,"Interpret infinite limits and limits at infinity to identify asymptotic behavior, and apply the Intermediate Value Theorem when its hypotheses are satisfied.","I can interpret infinite limits and limits at infinity to identify asymptotic behavior, and apply the Intermediate Value Theorem when its hypotheses are satisfied.",Notation and Mathematical Communication,multiple choice,selected response,instructional,75,,Unit 1 Assessment Plan; Course Framework; AP Topic scoring-guide style reference,
U1-S5-PS1-Q17,AP/SCI BANK BUILD v4,AP Calculus AB,1,5,Practice Set 1,instructional,Q17,current-section,U1-MG04,,,,U1-S5-PRACT-FAM02,conceptual_reword,,1,"Interpret infinite limits and limits at infinity to identify asymptotic behavior, and apply the Intermediate Value Theorem when its hypotheses are satisfied.","I can interpret infinite limits and limits at infinity to identify asymptotic behavior, and apply the Intermediate Value Theorem when its hypotheses are satisfied.",Notation and Mathematical Communication,short response,exact,instructional,90,,Unit 1 Assessment Plan; Course Framework; AP Topic scoring-guide style reference,
U1-S5-PS1-Q18,AP/SCI BANK BUILD v4,AP Calculus AB,1,5,Practice Set 1,instructional,Q18,current-section,U1-MG04,,,,U1-S5-PRACT-FAM10,reasoning_shift,,2,"Interpret infinite limits and limits at infinity to identify asymptotic behavior, and apply the Intermediate Value Theorem when its hypotheses are satisfied.","I can interpret infinite limits and limits at infinity to identify asymptotic behavior, and apply the Intermediate Value Theorem when its hypotheses are satisfied.",Justification and Theorem Conditions,short response,exact,instructional,90,,Unit 1 Assessment Plan; Course Framework; AP Topic scoring-guide style reference,
U1-S5-PS2-Q01,AP/SCI BANK BUILD v4,AP Calculus AB,1,5,Practice Set 2,instructional,Q01,current-section,U1-MG04,,,,U1-S5-PRACT-FAM09,representation_shift,,2,"Interpret infinite limits and limits at infinity to identify asymptotic behavior, and apply the Intermediate Value Theorem when its hypotheses are satisfied.","I can interpret infinite limits and limits at infinity to identify asymptotic behavior, and apply the Intermediate Value Theorem when its hypotheses are satisfied.",Analytical Strategy Selection,multiple choice,selected response,instructional,75,,Unit 1 Assessment Plan; Course Framework; AP Topic scoring-guide style reference,
U1-S5-PS2-Q02,AP/SCI BANK BUILD v4,AP Calculus AB,1,5,Practice Set 2,instructional,Q02,current-section,U1-MG04,,,,U1-S5-PRACT-FAM07,routine_procedural_numeric,,2,"Interpret infinite limits and limits at infinity to identify asymptotic behavior, and apply the Intermediate Value Theorem when its hypotheses are satisfied.","I can interpret infinite limits and limits at infinity to identify asymptotic behavior, and apply the Intermediate Value Theorem when its hypotheses are satisfied.",Justification and Theorem Conditions,short response,exact,instructional,90,,Unit 1 Assessment Plan; Course Framework; AP Topic scoring-guide style reference,
U1-S5-PS2-Q03,AP/SCI BANK BUILD v4,AP Calculus AB,1,5,Practice Set 2,instructional,Q03,current-section,U1-MG04,,,,U1-S5-PRACT-FAM18,mixed,,2,"Interpret infinite limits and limits at infinity to identify asymptotic behavior, and apply the Intermediate Value Theorem when its hypotheses are satisfied.","I can interpret infinite limits and limits at infinity to identify asymptotic behavior, and apply the Intermediate Value Theorem when its hypotheses are satisfied.",Analytical Strategy Selection,short response,exact,instructional,90,,Unit 1 Assessment Plan; Course Framework; AP Topic scoring-guide style reference,
U1-S5-PS2-Q04,AP/SCI BANK BUILD v4,AP Calculus AB,1,5,Practice Set 2,instructional,Q04,current-section,U1-MG04,,,,U1-S5-PRACT-FAM04,reasoning_shift,,1,"Interpret infinite limits and limits at infinity to identify asymptotic behavior, and apply the Intermediate Value Theorem when its hypotheses are satisfied.","I can interpret infinite limits and limits at infinity to identify asymptotic behavior, and apply the Intermediate Value Theorem when its hypotheses are satisfied.",Justification and Theorem Conditions,short response,exact,instructional,90,,Unit 1 Assessment Plan; Course Framework; AP Topic scoring-guide style reference,
U1-S5-PS2-Q05,AP/SCI BANK BUILD v4,AP Calculus AB,1,5,Practice Set 2,instructional,Q05,current-section,U1-MG04,,,,U1-S5-PRACT-FAM13,routine_procedural_numeric,,2,"Interpret infinite limits and limits at infinity to identify asymptotic behavior, and apply the Intermediate Value Theorem when its hypotheses are satisfied.","I can interpret infinite limits and limits at infinity to identify asymptotic behavior, and apply the Intermediate Value Theorem when its hypotheses are satisfied.",Justification and Theorem Conditions,short response,exact,instructional,90,,Unit 1 Assessment Plan; Course Framework; AP Topic scoring-guide style reference,
U1-S5-PS2-Q06,AP/SCI BANK BUILD v4,AP Calculus AB,1,5,Practice Set 2,instructional,Q06,current-section,U1-MG04,,,,U1-S5-PRACT-FAM03,representation_shift,,1,"Interpret infinite limits and limits at infinity to identify asymptotic behavior, and apply the Intermediate Value Theorem when its hypotheses are satisfied.","I can interpret infinite limits and limits at infinity to identify asymptotic behavior, and apply the Intermediate Value Theorem when its hypotheses are satisfied.",Analytical Strategy Selection,multiple choice,selected response,instructional,75,,Unit 1 Assessment Plan; Course Framework; AP Topic scoring-guide style reference,
U1-S5-PS2-Q07,AP/SCI BANK BUILD v4,AP Calculus AB,1,5,Practice Set 2,instructional,Q07,current-section,U1-MG04,,,,U1-S5-PRACT-FAM02,conceptual_reword,,1,"Interpret infinite limits and limits at infinity to identify asymptotic behavior, and apply the Intermediate Value Theorem when its hypotheses are satisfied.","I can interpret infinite limits and limits at infinity to identify asymptotic behavior, and apply the Intermediate Value Theorem when its hypotheses are satisfied.",Notation and Mathematical Communication,short response,exact,instructional,90,,Unit 1 Assessment Plan; Course Framework; AP Topic scoring-guide style reference,
U1-S5-PS2-Q08,AP/SCI BANK BUILD v4,AP Calculus AB,1,5,Practice Set 2,instructional,Q08,current-section,U1-MG04,,,,U1-S5-PRACT-FAM15,representation_shift,,2,"Interpret infinite limits and limits at infinity to identify asymptotic behavior, and apply the Intermediate Value Theorem when its hypotheses are satisfied.","I can interpret infinite limits and limits at infinity to identify asymptotic behavior, and apply the Intermediate Value Theorem when its hypotheses are satisfied.",Analytical Strategy Selection,multiple choice,selected response,instructional,75,,Unit 1 Assessment Plan; Course Framework; AP Topic scoring-guide style reference,
U1-S5-PS2-Q09,AP/SCI BANK BUILD v4,AP Calculus AB,1,5,Practice Set 2,instructional,Q09,current-section,U1-MG04,,,,U1-S5-PRACT-FAM11,context_shift,,2,"Interpret infinite limits and limits at infinity to identify asymptotic behavior, and apply the Intermediate Value Theorem when its hypotheses are satisfied.","I can interpret infinite limits and limits at infinity to identify asymptotic behavior, and apply the Intermediate Value Theorem when its hypotheses are satisfied.",Notation and Mathematical Communication,short response,exact,instructional,90,u1_s5_ps2_f10.png,Unit 1 Assessment Plan; Course Framework; AP Topic scoring-guide style reference,
U1-S5-PS2-Q10,AP/SCI BANK BUILD v4,AP Calculus AB,1,5,Practice Set 2,instructional,Q10,current-section,U1-MG04,,,,U1-S5-PRACT-FAM16,reasoning_shift,,2,"Interpret infinite limits and limits at infinity to identify asymptotic behavior, and apply the Intermediate Value Theorem when its hypotheses are satisfied.","I can interpret infinite limits and limits at infinity to identify asymptotic behavior, and apply the Intermediate Value Theorem when its hypotheses are satisfied.",Justification and Theorem Conditions,short response,exact,instructional,90,,Unit 1 Assessment Plan; Course Framework; AP Topic scoring-guide style reference,
U1-S5-PS2-Q11,AP/SCI BANK BUILD v4,AP Calculus AB,1,5,Practice Set 2,instructional,Q11,current-section,U1-MG04,,,,U1-S5-PRACT-FAM05,context_shift,,1,"Interpret infinite limits and limits at infinity to identify asymptotic behavior, and apply the Intermediate Value Theorem when its hypotheses are satisfied.","I can interpret infinite limits and limits at infinity to identify asymptotic behavior, and apply the Intermediate Value Theorem when its hypotheses are satisfied.",Notation and Mathematical Communication,short response,exact,instructional,90,,Unit 1 Assessment Plan; Course Framework; AP Topic scoring-guide style reference,
U1-S5-PS2-Q12,AP/SCI BANK BUILD v4,AP Calculus AB,1,5,Practice Set 2,instructional,Q12,current-section,U1-MG04,,,,U1-S5-PRACT-FAM12,mixed,,2,"Interpret infinite limits and limits at infinity to identify asymptotic behavior, and apply the Intermediate Value Theorem when its hypotheses are satisfied.","I can interpret infinite limits and limits at infinity to identify asymptotic behavior, and apply the Intermediate Value Theorem when its hypotheses are satisfied.",Analytical Strategy Selection,short response,exact,instructional,90,,Unit 1 Assessment Plan; Course Framework; AP Topic scoring-guide style reference,
U1-S5-PS2-Q13,AP/SCI BANK BUILD v4,AP Calculus AB,1,5,Practice Set 2,instructional,Q13,current-section,U1-MG04,,,,U1-S5-PRACT-FAM10,reasoning_shift,,2,"Interpret infinite limits and limits at infinity to identify asymptotic behavior, and apply the Intermediate Value Theorem when its hypotheses are satisfied.","I can interpret infinite limits and limits at infinity to identify asymptotic behavior, and apply the Intermediate Value Theorem when its hypotheses are satisfied.",Justification and Theorem Conditions,short response,exact,instructional,90,,Unit 1 Assessment Plan; Course Framework; AP Topic scoring-guide style reference,
U1-S5-PS2-Q14,AP/SCI BANK BUILD v4,AP Calculus AB,1,5,Practice Set 2,instructional,Q14,current-section,U1-MG04,,,,U1-S5-PRACT-FAM17,context_shift,,2,"Interpret infinite limits and limits at infinity to identify asymptotic behavior, and apply the Intermediate Value Theorem when its hypotheses are satisfied.","I can interpret infinite limits and limits at infinity to identify asymptotic behavior, and apply the Intermediate Value Theorem when its hypotheses are satisfied.",Notation and Mathematical Communication,short response,exact,instructional,90,,Unit 1 Assessment Plan; Course Framework; AP Topic scoring-guide style reference,
U1-S5-PS2-Q15,AP/SCI BANK BUILD v4,AP Calculus AB,1,5,Practice Set 2,instructional,Q15,current-section,U1-MG04,,,,U1-S5-PRACT-FAM01,routine_procedural_numeric,,1,"Interpret infinite limits and limits at infinity to identify asymptotic behavior, and apply the Intermediate Value Theorem when its hypotheses are satisfied.","I can interpret infinite limits and limits at infinity to identify asymptotic behavior, and apply the Intermediate Value Theorem when its hypotheses are satisfied.",Justification and Theorem Conditions,short response,exact,instructional,90,,Unit 1 Assessment Plan; Course Framework; AP Topic scoring-guide style reference,
U1-S5-PS2-Q16,AP/SCI BANK BUILD v4,AP Calculus AB,1,5,Practice Set 2,instructional,Q16,current-section,U1-MG04,,,,U1-S5-PRACT-FAM06,mixed,,2,"Interpret infinite limits and limits at infinity to identify asymptotic behavior, and apply the Intermediate Value Theorem when its hypotheses are satisfied.","I can interpret infinite limits and limits at infinity to identify asymptotic behavior, and apply the Intermediate Value Theorem when its hypotheses are satisfied.",Analytical Strategy Selection,multiple choice,selected response,instructional,75,,Unit 1 Assessment Plan; Course Framework; AP Topic scoring-guide style reference,
U1-S5-PS2-Q17,AP/SCI BANK BUILD v4,AP Calculus AB,1,5,Practice Set 2,instructional,Q17,current-section,U1-MG04,,,,U1-S5-PRACT-FAM14,conceptual_reword,,2,"Interpret infinite limits and limits at infinity to identify asymptotic behavior, and apply the Intermediate Value Theorem when its hypotheses are satisfied.","I can interpret infinite limits and limits at infinity to identify asymptotic behavior, and apply the Intermediate Value Theorem when its hypotheses are satisfied.",Notation and Mathematical Communication,multiple choice,selected response,instructional,75,,Unit 1 Assessment Plan; Course Framework; AP Topic scoring-guide style reference,
U1-S5-PS2-Q18,AP/SCI BANK BUILD v4,AP Calculus AB,1,5,Practice Set 2,instructional,Q18,current-section,U1-MG04,,,,U1-S5-PRACT-FAM08,conceptual_reword,,2,"Interpret infinite limits and limits at infinity to identify asymptotic behavior, and apply the Intermediate Value Theorem when its hypotheses are satisfied.","I can interpret infinite limits and limits at infinity to identify asymptotic behavior, and apply the Intermediate Value Theorem when its hypotheses are satisfied.",Notation and Mathematical Communication,multiple choice,selected response,instructional,75,,Unit 1 Assessment Plan; Course Framework; AP Topic scoring-guide style reference,
U1-S5-PS3-Q01,AP/SCI BANK BUILD v4,AP Calculus AB,1,5,Practice Set 3,instructional,Q01,current-section,U1-MG04,,,,U1-S5-PRACT-FAM11,context_shift,,2,"Interpret infinite limits and limits at infinity to identify asymptotic behavior, and apply the Intermediate Value Theorem when its hypotheses are satisfied.","I can interpret infinite limits and limits at infinity to identify asymptotic behavior, and apply the Intermediate Value Theorem when its hypotheses are satisfied.",Notation and Mathematical Communication,short response,exact,instructional,90,u1_s5_ps3_f10.png,Unit 1 Assessment Plan; Course Framework; AP Topic scoring-guide style reference,
U1-S5-PS3-Q02,AP/SCI BANK BUILD v4,AP Calculus AB,1,5,Practice Set 3,instructional,Q02,current-section,U1-MG04,,,,U1-S5-PRACT-FAM02,conceptual_reword,,1,"Interpret infinite limits and limits at infinity to identify asymptotic behavior, and apply the Intermediate Value Theorem when its hypotheses are satisfied.","I can interpret infinite limits and limits at infinity to identify asymptotic behavior, and apply the Intermediate Value Theorem when its hypotheses are satisfied.",Notation and Mathematical Communication,short response,exact,instructional,90,,Unit 1 Assessment Plan; Course Framework; AP Topic scoring-guide style reference,
U1-S5-PS3-Q03,AP/SCI BANK BUILD v4,AP Calculus AB,1,5,Practice Set 3,instructional,Q03,current-section,U1-MG04,,,,U1-S5-PRACT-FAM14,conceptual_reword,,2,"Interpret infinite limits and limits at infinity to identify asymptotic behavior, and apply the Intermediate Value Theorem when its hypotheses are satisfied.","I can interpret infinite limits and limits at infinity to identify asymptotic behavior, and apply the Intermediate Value Theorem when its hypotheses are satisfied.",Notation and Mathematical Communication,multiple choice,selected response,instructional,75,,Unit 1 Assessment Plan; Course Framework; AP Topic scoring-guide style reference,
U1-S5-PS3-Q04,AP/SCI BANK BUILD v4,AP Calculus AB,1,5,Practice Set 3,instructional,Q04,current-section,U1-MG04,,,,U1-S5-PRACT-FAM03,representation_shift,,1,"Interpret infinite limits and limits at infinity to identify asymptotic behavior, and apply the Intermediate Value Theorem when its hypotheses are satisfied.","I can interpret infinite limits and limits at infinity to identify asymptotic behavior, and apply the Intermediate Value Theorem when its hypotheses are satisfied.",Analytical Strategy Selection,multiple choice,selected response,instructional,75,,Unit 1 Assessment Plan; Course Framework; AP Topic scoring-guide style reference,
U1-S5-PS3-Q05,AP/SCI BANK BUILD v4,AP Calculus AB,1,5,Practice Set 3,instructional,Q05,current-section,U1-MG04,,,,U1-S5-PRACT-FAM04,reasoning_shift,,1,"Interpret infinite limits and limits at infinity to identify asymptotic behavior, and apply the Intermediate Value Theorem when its hypotheses are satisfied.","I can interpret infinite limits and limits at infinity to identify asymptotic behavior, and apply the Intermediate Value Theorem when its hypotheses are satisfied.",Justification and Theorem Conditions,short response,exact,instructional,90,,Unit 1 Assessment Plan; Course Framework; AP Topic scoring-guide style reference,
U1-S5-PS3-Q06,AP/SCI BANK BUILD v4,AP Calculus AB,1,5,Practice Set 3,instructional,Q06,current-section,U1-MG04,,,,U1-S5-PRACT-FAM12,mixed,,2,"Interpret infinite limits and limits at infinity to identify asymptotic behavior, and apply the Intermediate Value Theorem when its hypotheses are satisfied.","I can interpret infinite limits and limits at infinity to identify asymptotic behavior, and apply the Intermediate Value Theorem when its hypotheses are satisfied.",Analytical Strategy Selection,short response,exact,instructional,90,,Unit 1 Assessment Plan; Course Framework; AP Topic scoring-guide style reference,
U1-S5-PS3-Q07,AP/SCI BANK BUILD v4,AP Calculus AB,1,5,Practice Set 3,instructional,Q07,current-section,U1-MG04,,,,U1-S5-PRACT-FAM10,reasoning_shift,,2,"Interpret infinite limits and limits at infinity to identify asymptotic behavior, and apply the Intermediate Value Theorem when its hypotheses are satisfied.","I can interpret infinite limits and limits at infinity to identify asymptotic behavior, and apply the Intermediate Value Theorem when its hypotheses are satisfied.",Justification and Theorem Conditions,short response,exact,instructional,90,,Unit 1 Assessment Plan; Course Framework; AP Topic scoring-guide style reference,
U1-S5-PS3-Q08,AP/SCI BANK BUILD v4,AP Calculus AB,1,5,Practice Set 3,instructional,Q08,current-section,U1-MG04,,,,U1-S5-PRACT-FAM15,representation_shift,,2,"Interpret infinite limits and limits at infinity to identify asymptotic behavior, and apply the Intermediate Value Theorem when its hypotheses are satisfied.","I can interpret infinite limits and limits at infinity to identify asymptotic behavior, and apply the Intermediate Value Theorem when its hypotheses are satisfied.",Analytical Strategy Selection,multiple choice,selected response,instructional,75,,Unit 1 Assessment Plan; Course Framework; AP Topic scoring-guide style reference,
U1-S5-PS3-Q09,AP/SCI BANK BUILD v4,AP Calculus AB,1,5,Practice Set 3,instructional,Q09,current-section,U1-MG04,,,,U1-S5-PRACT-FAM08,conceptual_reword,,2,"Interpret infinite limits and limits at infinity to identify asymptotic behavior, and apply the Intermediate Value Theorem when its hypotheses are satisfied.","I can interpret infinite limits and limits at infinity to identify asymptotic behavior, and apply the Intermediate Value Theorem when its hypotheses are satisfied.",Notation and Mathematical Communication,multiple choice,selected response,instructional,75,,Unit 1 Assessment Plan; Course Framework; AP Topic scoring-guide style reference,
U1-S5-PS3-Q10,AP/SCI BANK BUILD v4,AP Calculus AB,1,5,Practice Set 3,instructional,Q10,current-section,U1-MG04,,,,U1-S5-PRACT-FAM01,routine_procedural_numeric,,1,"Interpret infinite limits and limits at infinity to identify asymptotic behavior, and apply the Intermediate Value Theorem when its hypotheses are satisfied.","I can interpret infinite limits and limits at infinity to identify asymptotic behavior, and apply the Intermediate Value Theorem when its hypotheses are satisfied.",Justification and Theorem Conditions,short response,exact,instructional,90,,Unit 1 Assessment Plan; Course Framework; AP Topic scoring-guide style reference,
U1-S5-PS3-Q11,AP/SCI BANK BUILD v4,AP Calculus AB,1,5,Practice Set 3,instructional,Q11,current-section,U1-MG04,,,,U1-S5-PRACT-FAM13,routine_procedural_numeric,,2,"Interpret infinite limits and limits at infinity to identify asymptotic behavior, and apply the Intermediate Value Theorem when its hypotheses are satisfied.","I can interpret infinite limits and limits at infinity to identify asymptotic behavior, and apply the Intermediate Value Theorem when its hypotheses are satisfied.",Justification and Theorem Conditions,short response,exact,instructional,90,,Unit 1 Assessment Plan; Course Framework; AP Topic scoring-guide style reference,
U1-S5-PS3-Q12,AP/SCI BANK BUILD v4,AP Calculus AB,1,5,Practice Set 3,instructional,Q12,current-section,U1-MG04,,,,U1-S5-PRACT-FAM18,mixed,,2,"Interpret infinite limits and limits at infinity to identify asymptotic behavior, and apply the Intermediate Value Theorem when its hypotheses are satisfied.","I can interpret infinite limits and limits at infinity to identify asymptotic behavior, and apply the Intermediate Value Theorem when its hypotheses are satisfied.",Analytical Strategy Selection,short response,exact,instructional,90,,Unit 1 Assessment Plan; Course Framework; AP Topic scoring-guide style reference,
U1-S5-PS3-Q13,AP/SCI BANK BUILD v4,AP Calculus AB,1,5,Practice Set 3,instructional,Q13,current-section,U1-MG04,,,,U1-S5-PRACT-FAM09,representation_shift,,2,"Interpret infinite limits and limits at infinity to identify asymptotic behavior, and apply the Intermediate Value Theorem when its hypotheses are satisfied.","I can interpret infinite limits and limits at infinity to identify asymptotic behavior, and apply the Intermediate Value Theorem when its hypotheses are satisfied.",Analytical Strategy Selection,multiple choice,selected response,instructional,75,,Unit 1 Assessment Plan; Course Framework; AP Topic scoring-guide style reference,
U1-S5-PS3-Q14,AP/SCI BANK BUILD v4,AP Calculus AB,1,5,Practice Set 3,instructional,Q14,current-section,U1-MG04,,,,U1-S5-PRACT-FAM07,routine_procedural_numeric,,2,"Interpret infinite limits and limits at infinity to identify asymptotic behavior, and apply the Intermediate Value Theorem when its hypotheses are satisfied.","I can interpret infinite limits and limits at infinity to identify asymptotic behavior, and apply the Intermediate Value Theorem when its hypotheses are satisfied.",Justification and Theorem Conditions,short response,exact,instructional,90,,Unit 1 Assessment Plan; Course Framework; AP Topic scoring-guide style reference,
U1-S5-PS3-Q15,AP/SCI BANK BUILD v4,AP Calculus AB,1,5,Practice Set 3,instructional,Q15,current-section,U1-MG04,,,,U1-S5-PRACT-FAM05,context_shift,,1,"Interpret infinite limits and limits at infinity to identify asymptotic behavior, and apply the Intermediate Value Theorem when its hypotheses are satisfied.","I can interpret infinite limits and limits at infinity to identify asymptotic behavior, and apply the Intermediate Value Theorem when its hypotheses are satisfied.",Notation and Mathematical Communication,short response,exact,instructional,90,,Unit 1 Assessment Plan; Course Framework; AP Topic scoring-guide style reference,
U1-S5-PS3-Q16,AP/SCI BANK BUILD v4,AP Calculus AB,1,5,Practice Set 3,instructional,Q16,current-section,U1-MG04,,,,U1-S5-PRACT-FAM16,reasoning_shift,,2,"Interpret infinite limits and limits at infinity to identify asymptotic behavior, and apply the Intermediate Value Theorem when its hypotheses are satisfied.","I can interpret infinite limits and limits at infinity to identify asymptotic behavior, and apply the Intermediate Value Theorem when its hypotheses are satisfied.",Justification and Theorem Conditions,short response,exact,instructional,90,,Unit 1 Assessment Plan; Course Framework; AP Topic scoring-guide style reference,
U1-S5-PS3-Q17,AP/SCI BANK BUILD v4,AP Calculus AB,1,5,Practice Set 3,instructional,Q17,current-section,U1-MG04,,,,U1-S5-PRACT-FAM17,context_shift,,2,"Interpret infinite limits and limits at infinity to identify asymptotic behavior, and apply the Intermediate Value Theorem when its hypotheses are satisfied.","I can interpret infinite limits and limits at infinity to identify asymptotic behavior, and apply the Intermediate Value Theorem when its hypotheses are satisfied.",Notation and Mathematical Communication,short response,exact,instructional,90,,Unit 1 Assessment Plan; Course Framework; AP Topic scoring-guide style reference,
U1-S5-PS3-Q18,AP/SCI BANK BUILD v4,AP Calculus AB,1,5,Practice Set 3,instructional,Q18,current-section,U1-MG04,,,,U1-S5-PRACT-FAM06,mixed,,2,"Interpret infinite limits and limits at infinity to identify asymptotic behavior, and apply the Intermediate Value Theorem when its hypotheses are satisfied.","I can interpret infinite limits and limits at infinity to identify asymptotic behavior, and apply the Intermediate Value Theorem when its hypotheses are satisfied.",Analytical Strategy Selection,multiple choice,selected response,instructional,75,,Unit 1 Assessment Plan; Course Framework; AP Topic scoring-guide style reference,
U1-S5-XP-Q01,AP/SCI BANK BUILD v4,AP Calculus AB,1,5,Extra Practice,instructional,Q01,current-section,U1-MG04,,,,U1-S5-PRACT-FAM11,context_shift,,2,"Interpret infinite limits and limits at infinity to identify asymptotic behavior, and apply the Intermediate Value Theorem when its hypotheses are satisfied.","I can interpret infinite limits and limits at infinity to identify asymptotic behavior, and apply the Intermediate Value Theorem when its hypotheses are satisfied.",Notation and Mathematical Communication,short response,exact,instructional,90,u1_s5_xp_f10.png,Unit 1 Assessment Plan; Course Framework; AP Topic scoring-guide style reference,
U1-S5-XP-Q02,AP/SCI BANK BUILD v4,AP Calculus AB,1,5,Extra Practice,instructional,Q02,current-section,U1-MG04,,,,U1-S5-PRACT-FAM03,representation_shift,,1,"Interpret infinite limits and limits at infinity to identify asymptotic behavior, and apply the Intermediate Value Theorem when its hypotheses are satisfied.","I can interpret infinite limits and limits at infinity to identify asymptotic behavior, and apply the Intermediate Value Theorem when its hypotheses are satisfied.",Analytical Strategy Selection,multiple choice,selected response,instructional,75,,Unit 1 Assessment Plan; Course Framework; AP Topic scoring-guide style reference,
U1-S5-XP-Q03,AP/SCI BANK BUILD v4,AP Calculus AB,1,5,Extra Practice,instructional,Q03,current-section,U1-MG04,,,,U1-S5-PRACT-FAM17,context_shift,,2,"Interpret infinite limits and limits at infinity to identify asymptotic behavior, and apply the Intermediate Value Theorem when its hypotheses are satisfied.","I can interpret infinite limits and limits at infinity to identify asymptotic behavior, and apply the Intermediate Value Theorem when its hypotheses are satisfied.",Notation and Mathematical Communication,short response,exact,instructional,90,,Unit 1 Assessment Plan; Course Framework; AP Topic scoring-guide style reference,
U1-S5-XP-Q04,AP/SCI BANK BUILD v4,AP Calculus AB,1,5,Extra Practice,instructional,Q04,current-section,U1-MG04,,,,U1-S5-PRACT-FAM01,routine_procedural_numeric,,1,"Interpret infinite limits and limits at infinity to identify asymptotic behavior, and apply the Intermediate Value Theorem when its hypotheses are satisfied.","I can interpret infinite limits and limits at infinity to identify asymptotic behavior, and apply the Intermediate Value Theorem when its hypotheses are satisfied.",Justification and Theorem Conditions,short response,exact,instructional,90,,Unit 1 Assessment Plan; Course Framework; AP Topic scoring-guide style reference,
U1-S5-XP-Q05,AP/SCI BANK BUILD v4,AP Calculus AB,1,5,Extra Practice,instructional,Q05,current-section,U1-MG04,,,,U1-S5-PRACT-FAM07,routine_procedural_numeric,,2,"Interpret infinite limits and limits at infinity to identify asymptotic behavior, and apply the Intermediate Value Theorem when its hypotheses are satisfied.","I can interpret infinite limits and limits at infinity to identify asymptotic behavior, and apply the Intermediate Value Theorem when its hypotheses are satisfied.",Justification and Theorem Conditions,short response,exact,instructional,90,,Unit 1 Assessment Plan; Course Framework; AP Topic scoring-guide style reference,
U1-S5-XP-Q06,AP/SCI BANK BUILD v4,AP Calculus AB,1,5,Extra Practice,instructional,Q06,current-section,U1-MG04,,,,U1-S5-PRACT-FAM09,representation_shift,,2,"Interpret infinite limits and limits at infinity to identify asymptotic behavior, and apply the Intermediate Value Theorem when its hypotheses are satisfied.","I can interpret infinite limits and limits at infinity to identify asymptotic behavior, and apply the Intermediate Value Theorem when its hypotheses are satisfied.",Analytical Strategy Selection,multiple choice,selected response,instructional,75,,Unit 1 Assessment Plan; Course Framework; AP Topic scoring-guide style reference,
U1-S5-XP-Q07,AP/SCI BANK BUILD v4,AP Calculus AB,1,5,Extra Practice,instructional,Q07,current-section,U1-MG04,,,,U1-S5-PRACT-FAM13,routine_procedural_numeric,,2,"Interpret infinite limits and limits at infinity to identify asymptotic behavior, and apply the Intermediate Value Theorem when its hypotheses are satisfied.","I can interpret infinite limits and limits at infinity to identify asymptotic behavior, and apply the Intermediate Value Theorem when its hypotheses are satisfied.",Justification and Theorem Conditions,short response,exact,instructional,90,,Unit 1 Assessment Plan; Course Framework; AP Topic scoring-guide style reference,
U1-S5-XP-Q08,AP/SCI BANK BUILD v4,AP Calculus AB,1,5,Extra Practice,instructional,Q08,current-section,U1-MG04,,,,U1-S5-PRACT-FAM14,conceptual_reword,,2,"Interpret infinite limits and limits at infinity to identify asymptotic behavior, and apply the Intermediate Value Theorem when its hypotheses are satisfied.","I can interpret infinite limits and limits at infinity to identify asymptotic behavior, and apply the Intermediate Value Theorem when its hypotheses are satisfied.",Notation and Mathematical Communication,multiple choice,selected response,instructional,75,,Unit 1 Assessment Plan; Course Framework; AP Topic scoring-guide style reference,
U1-S5-XP-Q09,AP/SCI BANK BUILD v4,AP Calculus AB,1,5,Extra Practice,instructional,Q09,current-section,U1-MG04,,,,U1-S5-PRACT-FAM04,reasoning_shift,,1,"Interpret infinite limits and limits at infinity to identify asymptotic behavior, and apply the Intermediate Value Theorem when its hypotheses are satisfied.","I can interpret infinite limits and limits at infinity to identify asymptotic behavior, and apply the Intermediate Value Theorem when its hypotheses are satisfied.",Justification and Theorem Conditions,short response,exact,instructional,90,,Unit 1 Assessment Plan; Course Framework; AP Topic scoring-guide style reference,
U1-S5-XP-Q10,AP/SCI BANK BUILD v4,AP Calculus AB,1,5,Extra Practice,instructional,Q10,current-section,U1-MG04,,,,U1-S5-PRACT-FAM18,mixed,,2,"Interpret infinite limits and limits at infinity to identify asymptotic behavior, and apply the Intermediate Value Theorem when its hypotheses are satisfied.","I can interpret infinite limits and limits at infinity to identify asymptotic behavior, and apply the Intermediate Value Theorem when its hypotheses are satisfied.",Analytical Strategy Selection,short response,exact,instructional,90,,Unit 1 Assessment Plan; Course Framework; AP Topic scoring-guide style reference,
U1-S5-XP-Q11,AP/SCI BANK BUILD v4,AP Calculus AB,1,5,Extra Practice,instructional,Q11,current-section,U1-MG04,,,,U1-S5-PRACT-FAM16,reasoning_shift,,2,"Interpret infinite limits and limits at infinity to identify asymptotic behavior, and apply the Intermediate Value Theorem when its hypotheses are satisfied.","I can interpret infinite limits and limits at infinity to identify asymptotic behavior, and apply the Intermediate Value Theorem when its hypotheses are satisfied.",Justification and Theorem Conditions,short response,exact,instructional,90,,Unit 1 Assessment Plan; Course Framework; AP Topic scoring-guide style reference,
U1-S5-XP-Q12,AP/SCI BANK BUILD v4,AP Calculus AB,1,5,Extra Practice,instructional,Q12,current-section,U1-MG04,,,,U1-S5-PRACT-FAM12,mixed,,2,"Interpret infinite limits and limits at infinity to identify asymptotic behavior, and apply the Intermediate Value Theorem when its hypotheses are satisfied.","I can interpret infinite limits and limits at infinity to identify asymptotic behavior, and apply the Intermediate Value Theorem when its hypotheses are satisfied.",Analytical Strategy Selection,short response,exact,instructional,90,,Unit 1 Assessment Plan; Course Framework; AP Topic scoring-guide style reference,
U1-S5-XP-Q13,AP/SCI BANK BUILD v4,AP Calculus AB,1,5,Extra Practice,instructional,Q13,current-section,U1-MG04,,,,U1-S5-PRACT-FAM08,conceptual_reword,,2,"Interpret infinite limits and limits at infinity to identify asymptotic behavior, and apply the Intermediate Value Theorem when its hypotheses are satisfied.","I can interpret infinite limits and limits at infinity to identify asymptotic behavior, and apply the Intermediate Value Theorem when its hypotheses are satisfied.",Notation and Mathematical Communication,multiple choice,selected response,instructional,75,,Unit 1 Assessment Plan; Course Framework; AP Topic scoring-guide style reference,
U1-S5-XP-Q14,AP/SCI BANK BUILD v4,AP Calculus AB,1,5,Extra Practice,instructional,Q14,current-section,U1-MG04,,,,U1-S5-PRACT-FAM02,conceptual_reword,,1,"Interpret infinite limits and limits at infinity to identify asymptotic behavior, and apply the Intermediate Value Theorem when its hypotheses are satisfied.","I can interpret infinite limits and limits at infinity to identify asymptotic behavior, and apply the Intermediate Value Theorem when its hypotheses are satisfied.",Notation and Mathematical Communication,short response,exact,instructional,90,,Unit 1 Assessment Plan; Course Framework; AP Topic scoring-guide style reference,
U1-S5-XP-Q15,AP/SCI BANK BUILD v4,AP Calculus AB,1,5,Extra Practice,instructional,Q15,current-section,U1-MG04,,,,U1-S5-PRACT-FAM10,reasoning_shift,,2,"Interpret infinite limits and limits at infinity to identify asymptotic behavior, and apply the Intermediate Value Theorem when its hypotheses are satisfied.","I can interpret infinite limits and limits at infinity to identify asymptotic behavior, and apply the Intermediate Value Theorem when its hypotheses are satisfied.",Justification and Theorem Conditions,short response,exact,instructional,90,,Unit 1 Assessment Plan; Course Framework; AP Topic scoring-guide style reference,
U1-S5-XP-Q16,AP/SCI BANK BUILD v4,AP Calculus AB,1,5,Extra Practice,instructional,Q16,current-section,U1-MG04,,,,U1-S5-PRACT-FAM06,mixed,,2,"Interpret infinite limits and limits at infinity to identify asymptotic behavior, and apply the Intermediate Value Theorem when its hypotheses are satisfied.","I can interpret infinite limits and limits at infinity to identify asymptotic behavior, and apply the Intermediate Value Theorem when its hypotheses are satisfied.",Analytical Strategy Selection,multiple choice,selected response,instructional,75,,Unit 1 Assessment Plan; Course Framework; AP Topic scoring-guide style reference,
U1-S5-XP-Q17,AP/SCI BANK BUILD v4,AP Calculus AB,1,5,Extra Practice,instructional,Q17,current-section,U1-MG04,,,,U1-S5-PRACT-FAM05,context_shift,,1,"Interpret infinite limits and limits at infinity to identify asymptotic behavior, and apply the Intermediate Value Theorem when its hypotheses are satisfied.","I can interpret infinite limits and limits at infinity to identify asymptotic behavior, and apply the Intermediate Value Theorem when its hypotheses are satisfied.",Notation and Mathematical Communication,short response,exact,instructional,90,,Unit 1 Assessment Plan; Course Framework; AP Topic scoring-guide style reference,
U1-S5-XP-Q18,AP/SCI BANK BUILD v4,AP Calculus AB,1,5,Extra Practice,instructional,Q18,current-section,U1-MG04,,,,U1-S5-PRACT-FAM15,representation_shift,,2,"Interpret infinite limits and limits at infinity to identify asymptotic behavior, and apply the Intermediate Value Theorem when its hypotheses are satisfied.","I can interpret infinite limits and limits at infinity to identify asymptotic behavior, and apply the Intermediate Value Theorem when its hypotheses are satisfied.",Analytical Strategy Selection,multiple choice,selected response,instructional,75,,Unit 1 Assessment Plan; Course Framework; AP Topic scoring-guide style reference,
U1-S1-CYU-Q01,AP/SCI BANK BUILD v4,AP Calculus AB,1,1,CYU,instructional,Q01,unit-to-date,U1-MG01,,,,,,,1,Relate average versus instantaneous change to the idea of a limit and read and interpret limit notation.,I can relate average versus instantaneous change to the idea of a limit and read and interpret limit notation.,Notation and Mathematical Communication,short response,exact,instructional,75,,Unit 1 Assessment Plan; Course Framework; AP Topic scoring-guide style reference,
U1-S1-CYU-Q02,AP/SCI BANK BUILD v4,AP Calculus AB,1,1,CYU,instructional,Q02,unit-to-date,U1-MG01,,,,,,,2,Relate average versus instantaneous change to the idea of a limit and read and interpret limit notation.,I can relate average versus instantaneous change to the idea of a limit and read and interpret limit notation.,Notation and Mathematical Communication,short response,exact,instructional,75,,Unit 1 Assessment Plan; Course Framework; AP Topic scoring-guide style reference,
U1-S1-CYU-Q03,AP/SCI BANK BUILD v4,AP Calculus AB,1,1,CYU,instructional,Q03,unit-to-date,U1-MG01,,,,,,,2,Relate average versus instantaneous change to the idea of a limit and read and interpret limit notation.,I can relate average versus instantaneous change to the idea of a limit and read and interpret limit notation.,Notation and Mathematical Communication,multiple choice,selected response,instructional,60,,Unit 1 Assessment Plan; Course Framework; AP Topic scoring-guide style reference,
U1-S1-CYU-Q04,AP/SCI BANK BUILD v4,AP Calculus AB,1,1,CYU,instructional,Q04,unit-to-date,U1-MG01,,,,,,,2,Relate average versus instantaneous change to the idea of a limit and read and interpret limit notation.,I can relate average versus instantaneous change to the idea of a limit and read and interpret limit notation.,Interpretation Across Representations,multiple choice,selected response,instructional,60,,Unit 1 Assessment Plan; Course Framework; AP Topic scoring-guide style reference,
U1-S1-CYU-Q05,AP/SCI BANK BUILD v4,AP Calculus AB,1,1,CYU,instructional,Q05,unit-to-date,U1-MG01,,,,,,,2,Relate average versus instantaneous change to the idea of a limit and read and interpret limit notation.,I can relate average versus instantaneous change to the idea of a limit and read and interpret limit notation.,Interpretation Across Representations,short response,exact,instructional,75,,Unit 1 Assessment Plan; Course Framework; AP Topic scoring-guide style reference,
U1-S1-CYU-Q06,AP/SCI BANK BUILD v4,AP Calculus AB,1,1,CYU,instructional,Q06,unit-to-date,U1-MG01,,,,,,,2,Relate average versus instantaneous change to the idea of a limit and read and interpret limit notation.,I can relate average versus instantaneous change to the idea of a limit and read and interpret limit notation.,Notation and Mathematical Communication,short response,exact,instructional,75,,Unit 1 Assessment Plan; Course Framework; AP Topic scoring-guide style reference,
U1-S2-CYU-Q01,AP/SCI BANK BUILD v4,AP Calculus AB,1,2,CYU,instructional,Q01,unit-to-date,U1-MG01,,,,,,,1,"Determine one-sided and two-sided limits from graphs and tables, including when a limit does not exist.","I can determine one-sided and two-sided limits from graphs and tables, including when a limit does not exist.",Calculator and Non-Calculator Reasoning,short response,exact,instructional,75,u1_s2_cyu_f01.png,Unit 1 Assessment Plan; Course Framework; AP Topic scoring-guide style reference,
U1-S2-CYU-Q02,AP/SCI BANK BUILD v4,AP Calculus AB,1,2,CYU,instructional,Q02,unit-to-date,U1-MG01,,,,,,,2,"Determine one-sided and two-sided limits from graphs and tables, including when a limit does not exist.","I can determine one-sided and two-sided limits from graphs and tables, including when a limit does not exist.",Notation and Mathematical Communication,multiple choice,selected response,instructional,60,,Unit 1 Assessment Plan; Course Framework; AP Topic scoring-guide style reference,
U1-S2-CYU-Q03,AP/SCI BANK BUILD v4,AP Calculus AB,1,2,CYU,instructional,Q03,unit-to-date,U1-MG01,,,,,,,2,"Determine one-sided and two-sided limits from graphs and tables, including when a limit does not exist.","I can determine one-sided and two-sided limits from graphs and tables, including when a limit does not exist.",Calculator and Non-Calculator Reasoning,multiple choice,selected response,instructional,60,,Unit 1 Assessment Plan; Course Framework; AP Topic scoring-guide style reference,
U1-S2-CYU-Q04,AP/SCI BANK BUILD v4,AP Calculus AB,1,2,CYU,instructional,Q04,unit-to-date,U1-MG01,,,,,,,2,"Determine one-sided and two-sided limits from graphs and tables, including when a limit does not exist.","I can determine one-sided and two-sided limits from graphs and tables, including when a limit does not exist.",Calculator and Non-Calculator Reasoning,multiple choice,selected response,instructional,60,,Unit 1 Assessment Plan; Course Framework; AP Topic scoring-guide style reference,
U1-S2-CYU-Q05,AP/SCI BANK BUILD v4,AP Calculus AB,1,2,CYU,instructional,Q05,unit-to-date,U1-MG01,,,,,,,2,"Determine one-sided and two-sided limits from graphs and tables, including when a limit does not exist.","I can determine one-sided and two-sided limits from graphs and tables, including when a limit does not exist.",Notation and Mathematical Communication,short response,exact,instructional,75,,Unit 1 Assessment Plan; Course Framework; AP Topic scoring-guide style reference,
U1-S2-CYU-Q06,AP/SCI BANK BUILD v4,AP Calculus AB,1,2,CYU,instructional,Q06,unit-to-date,U1-MG01,,,,,,,2,"Determine one-sided and two-sided limits from graphs and tables, including when a limit does not exist.","I can determine one-sided and two-sided limits from graphs and tables, including when a limit does not exist.",Notation and Mathematical Communication,short response,exact,instructional,75,,Unit 1 Assessment Plan; Course Framework; AP Topic scoring-guide style reference,
U1-S3-CYU-Q01,AP/SCI BANK BUILD v4,AP Calculus AB,1,3,CYU,instructional,Q01,unit-to-date,U1-MG02,,,,,,,1,"Evaluate limits algebraically using direct substitution, limit laws, factoring, conjugates, and appropriate trigonometric or squeeze reasoning.","I can evaluate limits algebraically using direct substitution, limit laws, factoring, conjugates, and appropriate trigonometric or squeeze reasoning.",Notation and Mathematical Communication,short response,exact,instructional,75,,Unit 1 Assessment Plan; Course Framework; AP Topic scoring-guide style reference,
U1-S3-CYU-Q02,AP/SCI BANK BUILD v4,AP Calculus AB,1,3,CYU,instructional,Q02,unit-to-date,U1-MG02,,,,,,,2,"Evaluate limits algebraically using direct substitution, limit laws, factoring, conjugates, and appropriate trigonometric or squeeze reasoning.","I can evaluate limits algebraically using direct substitution, limit laws, factoring, conjugates, and appropriate trigonometric or squeeze reasoning.",Critique of Reasoning,multiple choice,selected response,instructional,60,,Unit 1 Assessment Plan; Course Framework; AP Topic scoring-guide style reference,
U1-S3-CYU-Q03,AP/SCI BANK BUILD v4,AP Calculus AB,1,3,CYU,instructional,Q03,unit-to-date,U1-MG02,,,,,,,2,"Evaluate limits algebraically using direct substitution, limit laws, factoring, conjugates, and appropriate trigonometric or squeeze reasoning.","I can evaluate limits algebraically using direct substitution, limit laws, factoring, conjugates, and appropriate trigonometric or squeeze reasoning.",Notation and Mathematical Communication,multiple choice,selected response,instructional,60,,Unit 1 Assessment Plan; Course Framework; AP Topic scoring-guide style reference,
U1-S3-CYU-Q04,AP/SCI BANK BUILD v4,AP Calculus AB,1,3,CYU,instructional,Q04,unit-to-date,U1-MG02,,,,,,,2,"Evaluate limits algebraically using direct substitution, limit laws, factoring, conjugates, and appropriate trigonometric or squeeze reasoning.","I can evaluate limits algebraically using direct substitution, limit laws, factoring, conjugates, and appropriate trigonometric or squeeze reasoning.",Notation and Mathematical Communication,short response,exact,instructional,75,,Unit 1 Assessment Plan; Course Framework; AP Topic scoring-guide style reference,
U1-S3-CYU-Q05,AP/SCI BANK BUILD v4,AP Calculus AB,1,3,CYU,instructional,Q05,unit-to-date,U1-MG02,,,,,,,2,"Evaluate limits algebraically using direct substitution, limit laws, factoring, conjugates, and appropriate trigonometric or squeeze reasoning.","I can evaluate limits algebraically using direct substitution, limit laws, factoring, conjugates, and appropriate trigonometric or squeeze reasoning.",Critique of Reasoning,short response,exact,instructional,75,,Unit 1 Assessment Plan; Course Framework; AP Topic scoring-guide style reference,
U1-S3-CYU-Q06,AP/SCI BANK BUILD v4,AP Calculus AB,1,3,CYU,instructional,Q06,unit-to-date,U1-MG02,,,,,,,2,"Evaluate limits algebraically using direct substitution, limit laws, factoring, conjugates, and appropriate trigonometric or squeeze reasoning.","I can evaluate limits algebraically using direct substitution, limit laws, factoring, conjugates, and appropriate trigonometric or squeeze reasoning.",Critique of Reasoning,short response,exact,instructional,75,,Unit 1 Assessment Plan; Course Framework; AP Topic scoring-guide style reference,
U1-S4-CYU-Q01,AP/SCI BANK BUILD v4,AP Calculus AB,1,4,CYU,instructional,Q01,unit-to-date,U1-MG03,,,,,,,1,"Analyze continuity at a point and on intervals, and classify discontinuities using limits, function values, and piecewise definitions.","I can analyze continuity at a point and on intervals, and classify discontinuities using limits, function values, and piecewise definitions.",Justification and Theorem Conditions,short response,exact,instructional,75,,Unit 1 Assessment Plan; Course Framework; AP Topic scoring-guide style reference,
U1-S4-CYU-Q02,AP/SCI BANK BUILD v4,AP Calculus AB,1,4,CYU,instructional,Q02,unit-to-date,U1-MG03,,,,,,,2,"Analyze continuity at a point and on intervals, and classify discontinuities using limits, function values, and piecewise definitions.","I can analyze continuity at a point and on intervals, and classify discontinuities using limits, function values, and piecewise definitions.",Notation and Mathematical Communication,multiple choice,selected response,instructional,60,,Unit 1 Assessment Plan; Course Framework; AP Topic scoring-guide style reference,
U1-S4-CYU-Q03,AP/SCI BANK BUILD v4,AP Calculus AB,1,4,CYU,instructional,Q03,unit-to-date,U1-MG03,,,,,,,2,"Analyze continuity at a point and on intervals, and classify discontinuities using limits, function values, and piecewise definitions.","I can analyze continuity at a point and on intervals, and classify discontinuities using limits, function values, and piecewise definitions.",Justification and Theorem Conditions,short response,exact,instructional,75,,Unit 1 Assessment Plan; Course Framework; AP Topic scoring-guide style reference,
U1-S4-CYU-Q04,AP/SCI BANK BUILD v4,AP Calculus AB,1,4,CYU,instructional,Q04,unit-to-date,U1-MG03,,,,,,,2,"Analyze continuity at a point and on intervals, and classify discontinuities using limits, function values, and piecewise definitions.","I can analyze continuity at a point and on intervals, and classify discontinuities using limits, function values, and piecewise definitions.",Justification and Theorem Conditions,short response,exact,instructional,75,,Unit 1 Assessment Plan; Course Framework; AP Topic scoring-guide style reference,
U1-S4-CYU-Q05,AP/SCI BANK BUILD v4,AP Calculus AB,1,4,CYU,instructional,Q05,unit-to-date,U1-MG03,,,,,,,2,"Analyze continuity at a point and on intervals, and classify discontinuities using limits, function values, and piecewise definitions.","I can analyze continuity at a point and on intervals, and classify discontinuities using limits, function values, and piecewise definitions.",Notation and Mathematical Communication,short response,exact,instructional,75,,Unit 1 Assessment Plan; Course Framework; AP Topic scoring-guide style reference,
U1-S4-CYU-Q06,AP/SCI BANK BUILD v4,AP Calculus AB,1,4,CYU,instructional,Q06,unit-to-date,U1-MG03,,,,,,,2,"Analyze continuity at a point and on intervals, and classify discontinuities using limits, function values, and piecewise definitions.","I can analyze continuity at a point and on intervals, and classify discontinuities using limits, function values, and piecewise definitions.",Notation and Mathematical Communication,short response,exact,instructional,75,,Unit 1 Assessment Plan; Course Framework; AP Topic scoring-guide style reference,
U1-S5-CYU-Q01,AP/SCI BANK BUILD v4,AP Calculus AB,1,5,CYU,instructional,Q01,unit-to-date,U1-MG04,,,,,,,1,"Interpret infinite limits and limits at infinity to identify asymptotic behavior, and apply the Intermediate Value Theorem when its hypotheses are satisfied.","I can interpret infinite limits and limits at infinity to identify asymptotic behavior, and apply the Intermediate Value Theorem when its hypotheses are satisfied.",Notation and Mathematical Communication,short response,exact,instructional,75,,Unit 1 Assessment Plan; Course Framework; AP Topic scoring-guide style reference,
U1-S5-CYU-Q02,AP/SCI BANK BUILD v4,AP Calculus AB,1,5,CYU,instructional,Q02,unit-to-date,U1-MG04,,,,,,,2,"Interpret infinite limits and limits at infinity to identify asymptotic behavior, and apply the Intermediate Value Theorem when its hypotheses are satisfied.","I can interpret infinite limits and limits at infinity to identify asymptotic behavior, and apply the Intermediate Value Theorem when its hypotheses are satisfied.",Analytical Strategy Selection,multiple choice,selected response,instructional,60,,Unit 1 Assessment Plan; Course Framework; AP Topic scoring-guide style reference,
U1-S5-CYU-Q03,AP/SCI BANK BUILD v4,AP Calculus AB,1,5,CYU,instructional,Q03,unit-to-date,U1-MG04,,,,,,,2,"Interpret infinite limits and limits at infinity to identify asymptotic behavior, and apply the Intermediate Value Theorem when its hypotheses are satisfied.","I can interpret infinite limits and limits at infinity to identify asymptotic behavior, and apply the Intermediate Value Theorem when its hypotheses are satisfied.",Notation and Mathematical Communication,multiple choice,selected response,instructional,60,,Unit 1 Assessment Plan; Course Framework; AP Topic scoring-guide style reference,
U1-S5-CYU-Q04,AP/SCI BANK BUILD v4,AP Calculus AB,1,5,CYU,instructional,Q04,unit-to-date,U1-MG04,,,,,,,2,"Interpret infinite limits and limits at infinity to identify asymptotic behavior, and apply the Intermediate Value Theorem when its hypotheses are satisfied.","I can interpret infinite limits and limits at infinity to identify asymptotic behavior, and apply the Intermediate Value Theorem when its hypotheses are satisfied.",Notation and Mathematical Communication,short response,exact,instructional,75,u1_s5_cyu_f10.png,Unit 1 Assessment Plan; Course Framework; AP Topic scoring-guide style reference,
U1-S5-CYU-Q05,AP/SCI BANK BUILD v4,AP Calculus AB,1,5,CYU,instructional,Q05,unit-to-date,U1-MG04,,,,,,,2,"Interpret infinite limits and limits at infinity to identify asymptotic behavior, and apply the Intermediate Value Theorem when its hypotheses are satisfied.","I can interpret infinite limits and limits at infinity to identify asymptotic behavior, and apply the Intermediate Value Theorem when its hypotheses are satisfied.",Analytical Strategy Selection,multiple choice,selected response,instructional,60,,Unit 1 Assessment Plan; Course Framework; AP Topic scoring-guide style reference,
U1-S5-CYU-Q06,AP/SCI BANK BUILD v4,AP Calculus AB,1,5,CYU,instructional,Q06,unit-to-date,U1-MG04,,,,,,,2,"Interpret infinite limits and limits at infinity to identify asymptotic behavior, and apply the Intermediate Value Theorem when its hypotheses are satisfied.","I can interpret infinite limits and limits at infinity to identify asymptotic behavior, and apply the Intermediate Value Theorem when its hypotheses are satisfied.",Analytical Strategy Selection,short response,exact,instructional,75,,Unit 1 Assessment Plan; Course Framework; AP Topic scoring-guide style reference,
U1-S1-TAR-Q01,AP/SCI BANK BUILD v4,AP Calculus AB,1,1,Tarsia,instructional,Pair 01,current-section,U1-MG01,,,,,,,1,Relate average versus instantaneous change to the idea of a limit and read and interpret limit notation.,I can relate average versus instantaneous change to the idea of a limit and read and interpret limit notation.,Notation and Mathematical Communication,matching pair,short exact,instructional,35,,Unit 1 Assessment Plan; Course Framework; AP Topic scoring-guide style reference,
U1-S1-TAR-Q02,AP/SCI BANK BUILD v4,AP Calculus AB,1,1,Tarsia,instructional,Pair 02,current-section,U1-MG01,,,,,,,1,Relate average versus instantaneous change to the idea of a limit and read and interpret limit notation.,I can relate average versus instantaneous change to the idea of a limit and read and interpret limit notation.,Interpretation Across Representations,matching pair,short exact,instructional,35,,Unit 1 Assessment Plan; Course Framework; AP Topic scoring-guide style reference,
U1-S1-TAR-Q03,AP/SCI BANK BUILD v4,AP Calculus AB,1,1,Tarsia,instructional,Pair 03,current-section,U1-MG01,,,,,,,1,Relate average versus instantaneous change to the idea of a limit and read and interpret limit notation.,I can relate average versus instantaneous change to the idea of a limit and read and interpret limit notation.,Notation and Mathematical Communication,matching pair,short exact,instructional,35,,Unit 1 Assessment Plan; Course Framework; AP Topic scoring-guide style reference,
U1-S1-TAR-Q04,AP/SCI BANK BUILD v4,AP Calculus AB,1,1,Tarsia,instructional,Pair 04,current-section,U1-MG01,,,,,,,1,Relate average versus instantaneous change to the idea of a limit and read and interpret limit notation.,I can relate average versus instantaneous change to the idea of a limit and read and interpret limit notation.,Interpretation Across Representations,matching pair,short exact,instructional,35,,Unit 1 Assessment Plan; Course Framework; AP Topic scoring-guide style reference,
U1-S1-TAR-Q05,AP/SCI BANK BUILD v4,AP Calculus AB,1,1,Tarsia,instructional,Pair 05,current-section,U1-MG01,,,,,,,1,Relate average versus instantaneous change to the idea of a limit and read and interpret limit notation.,I can relate average versus instantaneous change to the idea of a limit and read and interpret limit notation.,Notation and Mathematical Communication,matching pair,short exact,instructional,35,,Unit 1 Assessment Plan; Course Framework; AP Topic scoring-guide style reference,
U1-S1-TAR-Q06,AP/SCI BANK BUILD v4,AP Calculus AB,1,1,Tarsia,instructional,Pair 06,current-section,U1-MG01,,,,,,,1,Relate average versus instantaneous change to the idea of a limit and read and interpret limit notation.,I can relate average versus instantaneous change to the idea of a limit and read and interpret limit notation.,Interpretation Across Representations,matching pair,short exact,instructional,35,,Unit 1 Assessment Plan; Course Framework; AP Topic scoring-guide style reference,
U1-S1-TAR-Q07,AP/SCI BANK BUILD v4,AP Calculus AB,1,1,Tarsia,instructional,Pair 07,current-section,U1-MG01,,,,,,,1,Relate average versus instantaneous change to the idea of a limit and read and interpret limit notation.,I can relate average versus instantaneous change to the idea of a limit and read and interpret limit notation.,Notation and Mathematical Communication,matching pair,short exact,instructional,35,,Unit 1 Assessment Plan; Course Framework; AP Topic scoring-guide style reference,
U1-S1-TAR-Q08,AP/SCI BANK BUILD v4,AP Calculus AB,1,1,Tarsia,instructional,Pair 08,current-section,U1-MG01,,,,,,,1,Relate average versus instantaneous change to the idea of a limit and read and interpret limit notation.,I can relate average versus instantaneous change to the idea of a limit and read and interpret limit notation.,Interpretation Across Representations,matching pair,short exact,instructional,35,,Unit 1 Assessment Plan; Course Framework; AP Topic scoring-guide style reference,
U1-S1-TAR-Q09,AP/SCI BANK BUILD v4,AP Calculus AB,1,1,Tarsia,instructional,Pair 09,current-section,U1-MG01,,,,,,,1,Relate average versus instantaneous change to the idea of a limit and read and interpret limit notation.,I can relate average versus instantaneous change to the idea of a limit and read and interpret limit notation.,Notation and Mathematical Communication,matching pair,short exact,instructional,35,,Unit 1 Assessment Plan; Course Framework; AP Topic scoring-guide style reference,
U1-S1-TAR-Q10,AP/SCI BANK BUILD v4,AP Calculus AB,1,1,Tarsia,instructional,Pair 10,current-section,U1-MG01,,,,,,,1,Relate average versus instantaneous change to the idea of a limit and read and interpret limit notation.,I can relate average versus instantaneous change to the idea of a limit and read and interpret limit notation.,Interpretation Across Representations,matching pair,short exact,instructional,35,,Unit 1 Assessment Plan; Course Framework; AP Topic scoring-guide style reference,
U1-S1-TAR-Q11,AP/SCI BANK BUILD v4,AP Calculus AB,1,1,Tarsia,instructional,Pair 11,current-section,U1-MG01,,,,,,,1,Relate average versus instantaneous change to the idea of a limit and read and interpret limit notation.,I can relate average versus instantaneous change to the idea of a limit and read and interpret limit notation.,Notation and Mathematical Communication,matching pair,short exact,instructional,35,,Unit 1 Assessment Plan; Course Framework; AP Topic scoring-guide style reference,
U1-S1-TAR-Q12,AP/SCI BANK BUILD v4,AP Calculus AB,1,1,Tarsia,instructional,Pair 12,current-section,U1-MG01,,,,,,,1,Relate average versus instantaneous change to the idea of a limit and read and interpret limit notation.,I can relate average versus instantaneous change to the idea of a limit and read and interpret limit notation.,Interpretation Across Representations,matching pair,short exact,instructional,35,,Unit 1 Assessment Plan; Course Framework; AP Topic scoring-guide style reference,
U1-S1-TAR-Q13,AP/SCI BANK BUILD v4,AP Calculus AB,1,1,Tarsia,instructional,Pair 13,current-section,U1-MG01,,,,,,,1,Relate average versus instantaneous change to the idea of a limit and read and interpret limit notation.,I can relate average versus instantaneous change to the idea of a limit and read and interpret limit notation.,Notation and Mathematical Communication,matching pair,short exact,instructional,35,,Unit 1 Assessment Plan; Course Framework; AP Topic scoring-guide style reference,
U1-S1-TAR-Q14,AP/SCI BANK BUILD v4,AP Calculus AB,1,1,Tarsia,instructional,Pair 14,current-section,U1-MG01,,,,,,,1,Relate average versus instantaneous change to the idea of a limit and read and interpret limit notation.,I can relate average versus instantaneous change to the idea of a limit and read and interpret limit notation.,Interpretation Across Representations,matching pair,short exact,instructional,35,,Unit 1 Assessment Plan; Course Framework; AP Topic scoring-guide style reference,
U1-S1-TAR-Q15,AP/SCI BANK BUILD v4,AP Calculus AB,1,1,Tarsia,instructional,Pair 15,current-section,U1-MG01,,,,,,,1,Relate average versus instantaneous change to the idea of a limit and read and interpret limit notation.,I can relate average versus instantaneous change to the idea of a limit and read and interpret limit notation.,Notation and Mathematical Communication,matching pair,short exact,instructional,35,,Unit 1 Assessment Plan; Course Framework; AP Topic scoring-guide style reference,
U1-S1-TAR-Q16,AP/SCI BANK BUILD v4,AP Calculus AB,1,1,Tarsia,instructional,Pair 16,current-section,U1-MG01,,,,,,,1,Relate average versus instantaneous change to the idea of a limit and read and interpret limit notation.,I can relate average versus instantaneous change to the idea of a limit and read and interpret limit notation.,Interpretation Across Representations,matching pair,short exact,instructional,35,,Unit 1 Assessment Plan; Course Framework; AP Topic scoring-guide style reference,
U1-S1-TAR-Q17,AP/SCI BANK BUILD v4,AP Calculus AB,1,1,Tarsia,instructional,Pair 17,current-section,U1-MG01,,,,,,,1,Relate average versus instantaneous change to the idea of a limit and read and interpret limit notation.,I can relate average versus instantaneous change to the idea of a limit and read and interpret limit notation.,Notation and Mathematical Communication,matching pair,short exact,instructional,35,,Unit 1 Assessment Plan; Course Framework; AP Topic scoring-guide style reference,
U1-S1-TAR-Q18,AP/SCI BANK BUILD v4,AP Calculus AB,1,1,Tarsia,instructional,Pair 18,current-section,U1-MG01,,,,,,,1,Relate average versus instantaneous change to the idea of a limit and read and interpret limit notation.,I can relate average versus instantaneous change to the idea of a limit and read and interpret limit notation.,Interpretation Across Representations,matching pair,short exact,instructional,35,,Unit 1 Assessment Plan; Course Framework; AP Topic scoring-guide style reference,
U1-S2-TAR-Q01,AP/SCI BANK BUILD v4,AP Calculus AB,1,2,Tarsia,instructional,Pair 01,current-section,U1-MG01,,,,,,,1,"Determine one-sided and two-sided limits from graphs and tables, including when a limit does not exist.","I can determine one-sided and two-sided limits from graphs and tables, including when a limit does not exist.",Calculator and Non-Calculator Reasoning,matching pair,short exact,instructional,35,,Unit 1 Assessment Plan; Course Framework; AP Topic scoring-guide style reference,
U1-S2-TAR-Q02,AP/SCI BANK BUILD v4,AP Calculus AB,1,2,Tarsia,instructional,Pair 02,current-section,U1-MG01,,,,,,,1,"Determine one-sided and two-sided limits from graphs and tables, including when a limit does not exist.","I can determine one-sided and two-sided limits from graphs and tables, including when a limit does not exist.",Notation and Mathematical Communication,matching pair,short exact,instructional,35,,Unit 1 Assessment Plan; Course Framework; AP Topic scoring-guide style reference,
U1-S2-TAR-Q03,AP/SCI BANK BUILD v4,AP Calculus AB,1,2,Tarsia,instructional,Pair 03,current-section,U1-MG01,,,,,,,1,"Determine one-sided and two-sided limits from graphs and tables, including when a limit does not exist.","I can determine one-sided and two-sided limits from graphs and tables, including when a limit does not exist.",Interpretation Across Representations,matching pair,short exact,instructional,35,,Unit 1 Assessment Plan; Course Framework; AP Topic scoring-guide style reference,
U1-S2-TAR-Q04,AP/SCI BANK BUILD v4,AP Calculus AB,1,2,Tarsia,instructional,Pair 04,current-section,U1-MG01,,,,,,,1,"Determine one-sided and two-sided limits from graphs and tables, including when a limit does not exist.","I can determine one-sided and two-sided limits from graphs and tables, including when a limit does not exist.",Calculator and Non-Calculator Reasoning,matching pair,short exact,instructional,35,,Unit 1 Assessment Plan; Course Framework; AP Topic scoring-guide style reference,
U1-S2-TAR-Q05,AP/SCI BANK BUILD v4,AP Calculus AB,1,2,Tarsia,instructional,Pair 05,current-section,U1-MG01,,,,,,,1,"Determine one-sided and two-sided limits from graphs and tables, including when a limit does not exist.","I can determine one-sided and two-sided limits from graphs and tables, including when a limit does not exist.",Notation and Mathematical Communication,matching pair,short exact,instructional,35,,Unit 1 Assessment Plan; Course Framework; AP Topic scoring-guide style reference,
U1-S2-TAR-Q06,AP/SCI BANK BUILD v4,AP Calculus AB,1,2,Tarsia,instructional,Pair 06,current-section,U1-MG01,,,,,,,1,"Determine one-sided and two-sided limits from graphs and tables, including when a limit does not exist.","I can determine one-sided and two-sided limits from graphs and tables, including when a limit does not exist.",Interpretation Across Representations,matching pair,short exact,instructional,35,,Unit 1 Assessment Plan; Course Framework; AP Topic scoring-guide style reference,
U1-S2-TAR-Q07,AP/SCI BANK BUILD v4,AP Calculus AB,1,2,Tarsia,instructional,Pair 07,current-section,U1-MG01,,,,,,,1,"Determine one-sided and two-sided limits from graphs and tables, including when a limit does not exist.","I can determine one-sided and two-sided limits from graphs and tables, including when a limit does not exist.",Calculator and Non-Calculator Reasoning,matching pair,short exact,instructional,35,,Unit 1 Assessment Plan; Course Framework; AP Topic scoring-guide style reference,
U1-S2-TAR-Q08,AP/SCI BANK BUILD v4,AP Calculus AB,1,2,Tarsia,instructional,Pair 08,current-section,U1-MG01,,,,,,,1,"Determine one-sided and two-sided limits from graphs and tables, including when a limit does not exist.","I can determine one-sided and two-sided limits from graphs and tables, including when a limit does not exist.",Notation and Mathematical Communication,matching pair,short exact,instructional,35,,Unit 1 Assessment Plan; Course Framework; AP Topic scoring-guide style reference,
U1-S2-TAR-Q09,AP/SCI BANK BUILD v4,AP Calculus AB,1,2,Tarsia,instructional,Pair 09,current-section,U1-MG01,,,,,,,1,"Determine one-sided and two-sided limits from graphs and tables, including when a limit does not exist.","I can determine one-sided and two-sided limits from graphs and tables, including when a limit does not exist.",Interpretation Across Representations,matching pair,short exact,instructional,35,,Unit 1 Assessment Plan; Course Framework; AP Topic scoring-guide style reference,
U1-S2-TAR-Q10,AP/SCI BANK BUILD v4,AP Calculus AB,1,2,Tarsia,instructional,Pair 10,current-section,U1-MG01,,,,,,,1,"Determine one-sided and two-sided limits from graphs and tables, including when a limit does not exist.","I can determine one-sided and two-sided limits from graphs and tables, including when a limit does not exist.",Calculator and Non-Calculator Reasoning,matching pair,short exact,instructional,35,,Unit 1 Assessment Plan; Course Framework; AP Topic scoring-guide style reference,
U1-S2-TAR-Q11,AP/SCI BANK BUILD v4,AP Calculus AB,1,2,Tarsia,instructional,Pair 11,current-section,U1-MG01,,,,,,,1,"Determine one-sided and two-sided limits from graphs and tables, including when a limit does not exist.","I can determine one-sided and two-sided limits from graphs and tables, including when a limit does not exist.",Notation and Mathematical Communication,matching pair,short exact,instructional,35,,Unit 1 Assessment Plan; Course Framework; AP Topic scoring-guide style reference,
U1-S2-TAR-Q12,AP/SCI BANK BUILD v4,AP Calculus AB,1,2,Tarsia,instructional,Pair 12,current-section,U1-MG01,,,,,,,1,"Determine one-sided and two-sided limits from graphs and tables, including when a limit does not exist.","I can determine one-sided and two-sided limits from graphs and tables, including when a limit does not exist.",Interpretation Across Representations,matching pair,short exact,instructional,35,,Unit 1 Assessment Plan; Course Framework; AP Topic scoring-guide style reference,
U1-S2-TAR-Q13,AP/SCI BANK BUILD v4,AP Calculus AB,1,2,Tarsia,instructional,Pair 13,current-section,U1-MG01,,,,,,,1,"Determine one-sided and two-sided limits from graphs and tables, including when a limit does not exist.","I can determine one-sided and two-sided limits from graphs and tables, including when a limit does not exist.",Calculator and Non-Calculator Reasoning,matching pair,short exact,instructional,35,,Unit 1 Assessment Plan; Course Framework; AP Topic scoring-guide style reference,
U1-S2-TAR-Q14,AP/SCI BANK BUILD v4,AP Calculus AB,1,2,Tarsia,instructional,Pair 14,current-section,U1-MG01,,,,,,,1,"Determine one-sided and two-sided limits from graphs and tables, including when a limit does not exist.","I can determine one-sided and two-sided limits from graphs and tables, including when a limit does not exist.",Notation and Mathematical Communication,matching pair,short exact,instructional,35,,Unit 1 Assessment Plan; Course Framework; AP Topic scoring-guide style reference,
U1-S2-TAR-Q15,AP/SCI BANK BUILD v4,AP Calculus AB,1,2,Tarsia,instructional,Pair 15,current-section,U1-MG01,,,,,,,1,"Determine one-sided and two-sided limits from graphs and tables, including when a limit does not exist.","I can determine one-sided and two-sided limits from graphs and tables, including when a limit does not exist.",Interpretation Across Representations,matching pair,short exact,instructional,35,,Unit 1 Assessment Plan; Course Framework; AP Topic scoring-guide style reference,
U1-S2-TAR-Q16,AP/SCI BANK BUILD v4,AP Calculus AB,1,2,Tarsia,instructional,Pair 16,current-section,U1-MG01,,,,,,,1,"Determine one-sided and two-sided limits from graphs and tables, including when a limit does not exist.","I can determine one-sided and two-sided limits from graphs and tables, including when a limit does not exist.",Calculator and Non-Calculator Reasoning,matching pair,short exact,instructional,35,,Unit 1 Assessment Plan; Course Framework; AP Topic scoring-guide style reference,
U1-S2-TAR-Q17,AP/SCI BANK BUILD v4,AP Calculus AB,1,2,Tarsia,instructional,Pair 17,current-section,U1-MG01,,,,,,,1,"Determine one-sided and two-sided limits from graphs and tables, including when a limit does not exist.","I can determine one-sided and two-sided limits from graphs and tables, including when a limit does not exist.",Notation and Mathematical Communication,matching pair,short exact,instructional,35,,Unit 1 Assessment Plan; Course Framework; AP Topic scoring-guide style reference,
U1-S2-TAR-Q18,AP/SCI BANK BUILD v4,AP Calculus AB,1,2,Tarsia,instructional,Pair 18,current-section,U1-MG01,,,,,,,1,"Determine one-sided and two-sided limits from graphs and tables, including when a limit does not exist.","I can determine one-sided and two-sided limits from graphs and tables, including when a limit does not exist.",Interpretation Across Representations,matching pair,short exact,instructional,35,,Unit 1 Assessment Plan; Course Framework; AP Topic scoring-guide style reference,
U1-S3-TAR-Q01,AP/SCI BANK BUILD v4,AP Calculus AB,1,3,Tarsia,instructional,Pair 01,current-section,U1-MG02,,,,,,,1,"Evaluate limits algebraically using direct substitution, limit laws, factoring, conjugates, and appropriate trigonometric or squeeze reasoning.","I can evaluate limits algebraically using direct substitution, limit laws, factoring, conjugates, and appropriate trigonometric or squeeze reasoning.",Notation and Mathematical Communication,matching pair,short exact,instructional,35,,Unit 1 Assessment Plan; Course Framework; AP Topic scoring-guide style reference,
U1-S3-TAR-Q02,AP/SCI BANK BUILD v4,AP Calculus AB,1,3,Tarsia,instructional,Pair 02,current-section,U1-MG02,,,,,,,1,"Evaluate limits algebraically using direct substitution, limit laws, factoring, conjugates, and appropriate trigonometric or squeeze reasoning.","I can evaluate limits algebraically using direct substitution, limit laws, factoring, conjugates, and appropriate trigonometric or squeeze reasoning.",Critique of Reasoning,matching pair,short exact,instructional,35,,Unit 1 Assessment Plan; Course Framework; AP Topic scoring-guide style reference,
U1-S3-TAR-Q03,AP/SCI BANK BUILD v4,AP Calculus AB,1,3,Tarsia,instructional,Pair 03,current-section,U1-MG02,,,,,,,1,"Evaluate limits algebraically using direct substitution, limit laws, factoring, conjugates, and appropriate trigonometric or squeeze reasoning.","I can evaluate limits algebraically using direct substitution, limit laws, factoring, conjugates, and appropriate trigonometric or squeeze reasoning.",Analytical Strategy Selection,matching pair,short exact,instructional,35,,Unit 1 Assessment Plan; Course Framework; AP Topic scoring-guide style reference,
U1-S3-TAR-Q04,AP/SCI BANK BUILD v4,AP Calculus AB,1,3,Tarsia,instructional,Pair 04,current-section,U1-MG02,,,,,,,1,"Evaluate limits algebraically using direct substitution, limit laws, factoring, conjugates, and appropriate trigonometric or squeeze reasoning.","I can evaluate limits algebraically using direct substitution, limit laws, factoring, conjugates, and appropriate trigonometric or squeeze reasoning.",Notation and Mathematical Communication,matching pair,short exact,instructional,35,,Unit 1 Assessment Plan; Course Framework; AP Topic scoring-guide style reference,
U1-S3-TAR-Q05,AP/SCI BANK BUILD v4,AP Calculus AB,1,3,Tarsia,instructional,Pair 05,current-section,U1-MG02,,,,,,,1,"Evaluate limits algebraically using direct substitution, limit laws, factoring, conjugates, and appropriate trigonometric or squeeze reasoning.","I can evaluate limits algebraically using direct substitution, limit laws, factoring, conjugates, and appropriate trigonometric or squeeze reasoning.",Critique of Reasoning,matching pair,short exact,instructional,35,,Unit 1 Assessment Plan; Course Framework; AP Topic scoring-guide style reference,
U1-S3-TAR-Q06,AP/SCI BANK BUILD v4,AP Calculus AB,1,3,Tarsia,instructional,Pair 06,current-section,U1-MG02,,,,,,,1,"Evaluate limits algebraically using direct substitution, limit laws, factoring, conjugates, and appropriate trigonometric or squeeze reasoning.","I can evaluate limits algebraically using direct substitution, limit laws, factoring, conjugates, and appropriate trigonometric or squeeze reasoning.",Analytical Strategy Selection,matching pair,short exact,instructional,35,,Unit 1 Assessment Plan; Course Framework; AP Topic scoring-guide style reference,
U1-S3-TAR-Q07,AP/SCI BANK BUILD v4,AP Calculus AB,1,3,Tarsia,instructional,Pair 07,current-section,U1-MG02,,,,,,,1,"Evaluate limits algebraically using direct substitution, limit laws, factoring, conjugates, and appropriate trigonometric or squeeze reasoning.","I can evaluate limits algebraically using direct substitution, limit laws, factoring, conjugates, and appropriate trigonometric or squeeze reasoning.",Notation and Mathematical Communication,matching pair,short exact,instructional,35,,Unit 1 Assessment Plan; Course Framework; AP Topic scoring-guide style reference,
U1-S3-TAR-Q08,AP/SCI BANK BUILD v4,AP Calculus AB,1,3,Tarsia,instructional,Pair 08,current-section,U1-MG02,,,,,,,1,"Evaluate limits algebraically using direct substitution, limit laws, factoring, conjugates, and appropriate trigonometric or squeeze reasoning.","I can evaluate limits algebraically using direct substitution, limit laws, factoring, conjugates, and appropriate trigonometric or squeeze reasoning.",Critique of Reasoning,matching pair,short exact,instructional,35,,Unit 1 Assessment Plan; Course Framework; AP Topic scoring-guide style reference,
U1-S3-TAR-Q09,AP/SCI BANK BUILD v4,AP Calculus AB,1,3,Tarsia,instructional,Pair 09,current-section,U1-MG02,,,,,,,1,"Evaluate limits algebraically using direct substitution, limit laws, factoring, conjugates, and appropriate trigonometric or squeeze reasoning.","I can evaluate limits algebraically using direct substitution, limit laws, factoring, conjugates, and appropriate trigonometric or squeeze reasoning.",Analytical Strategy Selection,matching pair,short exact,instructional,35,,Unit 1 Assessment Plan; Course Framework; AP Topic scoring-guide style reference,
U1-S3-TAR-Q10,AP/SCI BANK BUILD v4,AP Calculus AB,1,3,Tarsia,instructional,Pair 10,current-section,U1-MG02,,,,,,,1,"Evaluate limits algebraically using direct substitution, limit laws, factoring, conjugates, and appropriate trigonometric or squeeze reasoning.","I can evaluate limits algebraically using direct substitution, limit laws, factoring, conjugates, and appropriate trigonometric or squeeze reasoning.",Notation and Mathematical Communication,matching pair,short exact,instructional,35,,Unit 1 Assessment Plan; Course Framework; AP Topic scoring-guide style reference,
U1-S3-TAR-Q11,AP/SCI BANK BUILD v4,AP Calculus AB,1,3,Tarsia,instructional,Pair 11,current-section,U1-MG02,,,,,,,1,"Evaluate limits algebraically using direct substitution, limit laws, factoring, conjugates, and appropriate trigonometric or squeeze reasoning.","I can evaluate limits algebraically using direct substitution, limit laws, factoring, conjugates, and appropriate trigonometric or squeeze reasoning.",Critique of Reasoning,matching pair,short exact,instructional,35,,Unit 1 Assessment Plan; Course Framework; AP Topic scoring-guide style reference,
U1-S3-TAR-Q12,AP/SCI BANK BUILD v4,AP Calculus AB,1,3,Tarsia,instructional,Pair 12,current-section,U1-MG02,,,,,,,1,"Evaluate limits algebraically using direct substitution, limit laws, factoring, conjugates, and appropriate trigonometric or squeeze reasoning.","I can evaluate limits algebraically using direct substitution, limit laws, factoring, conjugates, and appropriate trigonometric or squeeze reasoning.",Analytical Strategy Selection,matching pair,short exact,instructional,35,,Unit 1 Assessment Plan; Course Framework; AP Topic scoring-guide style reference,
U1-S3-TAR-Q13,AP/SCI BANK BUILD v4,AP Calculus AB,1,3,Tarsia,instructional,Pair 13,current-section,U1-MG02,,,,,,,1,"Evaluate limits algebraically using direct substitution, limit laws, factoring, conjugates, and appropriate trigonometric or squeeze reasoning.","I can evaluate limits algebraically using direct substitution, limit laws, factoring, conjugates, and appropriate trigonometric or squeeze reasoning.",Notation and Mathematical Communication,matching pair,short exact,instructional,35,,Unit 1 Assessment Plan; Course Framework; AP Topic scoring-guide style reference,
U1-S3-TAR-Q14,AP/SCI BANK BUILD v4,AP Calculus AB,1,3,Tarsia,instructional,Pair 14,current-section,U1-MG02,,,,,,,1,"Evaluate limits algebraically using direct substitution, limit laws, factoring, conjugates, and appropriate trigonometric or squeeze reasoning.","I can evaluate limits algebraically using direct substitution, limit laws, factoring, conjugates, and appropriate trigonometric or squeeze reasoning.",Critique of Reasoning,matching pair,short exact,instructional,35,,Unit 1 Assessment Plan; Course Framework; AP Topic scoring-guide style reference,
U1-S3-TAR-Q15,AP/SCI BANK BUILD v4,AP Calculus AB,1,3,Tarsia,instructional,Pair 15,current-section,U1-MG02,,,,,,,1,"Evaluate limits algebraically using direct substitution, limit laws, factoring, conjugates, and appropriate trigonometric or squeeze reasoning.","I can evaluate limits algebraically using direct substitution, limit laws, factoring, conjugates, and appropriate trigonometric or squeeze reasoning.",Analytical Strategy Selection,matching pair,short exact,instructional,35,,Unit 1 Assessment Plan; Course Framework; AP Topic scoring-guide style reference,
U1-S3-TAR-Q16,AP/SCI BANK BUILD v4,AP Calculus AB,1,3,Tarsia,instructional,Pair 16,current-section,U1-MG02,,,,,,,1,"Evaluate limits algebraically using direct substitution, limit laws, factoring, conjugates, and appropriate trigonometric or squeeze reasoning.","I can evaluate limits algebraically using direct substitution, limit laws, factoring, conjugates, and appropriate trigonometric or squeeze reasoning.",Notation and Mathematical Communication,matching pair,short exact,instructional,35,,Unit 1 Assessment Plan; Course Framework; AP Topic scoring-guide style reference,
U1-S3-TAR-Q17,AP/SCI BANK BUILD v4,AP Calculus AB,1,3,Tarsia,instructional,Pair 17,current-section,U1-MG02,,,,,,,1,"Evaluate limits algebraically using direct substitution, limit laws, factoring, conjugates, and appropriate trigonometric or squeeze reasoning.","I can evaluate limits algebraically using direct substitution, limit laws, factoring, conjugates, and appropriate trigonometric or squeeze reasoning.",Critique of Reasoning,matching pair,short exact,instructional,35,,Unit 1 Assessment Plan; Course Framework; AP Topic scoring-guide style reference,
U1-S3-TAR-Q18,AP/SCI BANK BUILD v4,AP Calculus AB,1,3,Tarsia,instructional,Pair 18,current-section,U1-MG02,,,,,,,1,"Evaluate limits algebraically using direct substitution, limit laws, factoring, conjugates, and appropriate trigonometric or squeeze reasoning.","I can evaluate limits algebraically using direct substitution, limit laws, factoring, conjugates, and appropriate trigonometric or squeeze reasoning.",Analytical Strategy Selection,matching pair,short exact,instructional,35,,Unit 1 Assessment Plan; Course Framework; AP Topic scoring-guide style reference,
U1-S4-TAR-Q01,AP/SCI BANK BUILD v4,AP Calculus AB,1,4,Tarsia,instructional,Pair 01,current-section,U1-MG03,,,,,,,1,"Analyze continuity at a point and on intervals, and classify discontinuities using limits, function values, and piecewise definitions.","I can analyze continuity at a point and on intervals, and classify discontinuities using limits, function values, and piecewise definitions.",Justification and Theorem Conditions,matching pair,short exact,instructional,35,,Unit 1 Assessment Plan; Course Framework; AP Topic scoring-guide style reference,
U1-S4-TAR-Q02,AP/SCI BANK BUILD v4,AP Calculus AB,1,4,Tarsia,instructional,Pair 02,current-section,U1-MG03,,,,,,,1,"Analyze continuity at a point and on intervals, and classify discontinuities using limits, function values, and piecewise definitions.","I can analyze continuity at a point and on intervals, and classify discontinuities using limits, function values, and piecewise definitions.",Notation and Mathematical Communication,matching pair,short exact,instructional,35,,Unit 1 Assessment Plan; Course Framework; AP Topic scoring-guide style reference,
U1-S4-TAR-Q03,AP/SCI BANK BUILD v4,AP Calculus AB,1,4,Tarsia,instructional,Pair 03,current-section,U1-MG03,,,,,,,1,"Analyze continuity at a point and on intervals, and classify discontinuities using limits, function values, and piecewise definitions.","I can analyze continuity at a point and on intervals, and classify discontinuities using limits, function values, and piecewise definitions.",Interpretation Across Representations,matching pair,short exact,instructional,35,,Unit 1 Assessment Plan; Course Framework; AP Topic scoring-guide style reference,
U1-S4-TAR-Q04,AP/SCI BANK BUILD v4,AP Calculus AB,1,4,Tarsia,instructional,Pair 04,current-section,U1-MG03,,,,,,,1,"Analyze continuity at a point and on intervals, and classify discontinuities using limits, function values, and piecewise definitions.","I can analyze continuity at a point and on intervals, and classify discontinuities using limits, function values, and piecewise definitions.",Justification and Theorem Conditions,matching pair,short exact,instructional,35,,Unit 1 Assessment Plan; Course Framework; AP Topic scoring-guide style reference,
U1-S4-TAR-Q05,AP/SCI BANK BUILD v4,AP Calculus AB,1,4,Tarsia,instructional,Pair 05,current-section,U1-MG03,,,,,,,1,"Analyze continuity at a point and on intervals, and classify discontinuities using limits, function values, and piecewise definitions.","I can analyze continuity at a point and on intervals, and classify discontinuities using limits, function values, and piecewise definitions.",Notation and Mathematical Communication,matching pair,short exact,instructional,35,,Unit 1 Assessment Plan; Course Framework; AP Topic scoring-guide style reference,
U1-S4-TAR-Q06,AP/SCI BANK BUILD v4,AP Calculus AB,1,4,Tarsia,instructional,Pair 06,current-section,U1-MG03,,,,,,,1,"Analyze continuity at a point and on intervals, and classify discontinuities using limits, function values, and piecewise definitions.","I can analyze continuity at a point and on intervals, and classify discontinuities using limits, function values, and piecewise definitions.",Interpretation Across Representations,matching pair,short exact,instructional,35,,Unit 1 Assessment Plan; Course Framework; AP Topic scoring-guide style reference,
U1-S4-TAR-Q07,AP/SCI BANK BUILD v4,AP Calculus AB,1,4,Tarsia,instructional,Pair 07,current-section,U1-MG03,,,,,,,1,"Analyze continuity at a point and on intervals, and classify discontinuities using limits, function values, and piecewise definitions.","I can analyze continuity at a point and on intervals, and classify discontinuities using limits, function values, and piecewise definitions.",Justification and Theorem Conditions,matching pair,short exact,instructional,35,,Unit 1 Assessment Plan; Course Framework; AP Topic scoring-guide style reference,
U1-S4-TAR-Q08,AP/SCI BANK BUILD v4,AP Calculus AB,1,4,Tarsia,instructional,Pair 08,current-section,U1-MG03,,,,,,,1,"Analyze continuity at a point and on intervals, and classify discontinuities using limits, function values, and piecewise definitions.","I can analyze continuity at a point and on intervals, and classify discontinuities using limits, function values, and piecewise definitions.",Notation and Mathematical Communication,matching pair,short exact,instructional,35,,Unit 1 Assessment Plan; Course Framework; AP Topic scoring-guide style reference,
U1-S4-TAR-Q09,AP/SCI BANK BUILD v4,AP Calculus AB,1,4,Tarsia,instructional,Pair 09,current-section,U1-MG03,,,,,,,1,"Analyze continuity at a point and on intervals, and classify discontinuities using limits, function values, and piecewise definitions.","I can analyze continuity at a point and on intervals, and classify discontinuities using limits, function values, and piecewise definitions.",Interpretation Across Representations,matching pair,short exact,instructional,35,,Unit 1 Assessment Plan; Course Framework; AP Topic scoring-guide style reference,
U1-S4-TAR-Q10,AP/SCI BANK BUILD v4,AP Calculus AB,1,4,Tarsia,instructional,Pair 10,current-section,U1-MG03,,,,,,,1,"Analyze continuity at a point and on intervals, and classify discontinuities using limits, function values, and piecewise definitions.","I can analyze continuity at a point and on intervals, and classify discontinuities using limits, function values, and piecewise definitions.",Justification and Theorem Conditions,matching pair,short exact,instructional,35,,Unit 1 Assessment Plan; Course Framework; AP Topic scoring-guide style reference,
U1-S4-TAR-Q11,AP/SCI BANK BUILD v4,AP Calculus AB,1,4,Tarsia,instructional,Pair 11,current-section,U1-MG03,,,,,,,1,"Analyze continuity at a point and on intervals, and classify discontinuities using limits, function values, and piecewise definitions.","I can analyze continuity at a point and on intervals, and classify discontinuities using limits, function values, and piecewise definitions.",Notation and Mathematical Communication,matching pair,short exact,instructional,35,,Unit 1 Assessment Plan; Course Framework; AP Topic scoring-guide style reference,
U1-S4-TAR-Q12,AP/SCI BANK BUILD v4,AP Calculus AB,1,4,Tarsia,instructional,Pair 12,current-section,U1-MG03,,,,,,,1,"Analyze continuity at a point and on intervals, and classify discontinuities using limits, function values, and piecewise definitions.","I can analyze continuity at a point and on intervals, and classify discontinuities using limits, function values, and piecewise definitions.",Interpretation Across Representations,matching pair,short exact,instructional,35,,Unit 1 Assessment Plan; Course Framework; AP Topic scoring-guide style reference,
U1-S4-TAR-Q13,AP/SCI BANK BUILD v4,AP Calculus AB,1,4,Tarsia,instructional,Pair 13,current-section,U1-MG03,,,,,,,1,"Analyze continuity at a point and on intervals, and classify discontinuities using limits, function values, and piecewise definitions.","I can analyze continuity at a point and on intervals, and classify discontinuities using limits, function values, and piecewise definitions.",Justification and Theorem Conditions,matching pair,short exact,instructional,35,,Unit 1 Assessment Plan; Course Framework; AP Topic scoring-guide style reference,
U1-S4-TAR-Q14,AP/SCI BANK BUILD v4,AP Calculus AB,1,4,Tarsia,instructional,Pair 14,current-section,U1-MG03,,,,,,,1,"Analyze continuity at a point and on intervals, and classify discontinuities using limits, function values, and piecewise definitions.","I can analyze continuity at a point and on intervals, and classify discontinuities using limits, function values, and piecewise definitions.",Notation and Mathematical Communication,matching pair,short exact,instructional,35,,Unit 1 Assessment Plan; Course Framework; AP Topic scoring-guide style reference,
U1-S4-TAR-Q15,AP/SCI BANK BUILD v4,AP Calculus AB,1,4,Tarsia,instructional,Pair 15,current-section,U1-MG03,,,,,,,1,"Analyze continuity at a point and on intervals, and classify discontinuities using limits, function values, and piecewise definitions.","I can analyze continuity at a point and on intervals, and classify discontinuities using limits, function values, and piecewise definitions.",Interpretation Across Representations,matching pair,short exact,instructional,35,,Unit 1 Assessment Plan; Course Framework; AP Topic scoring-guide style reference,
U1-S4-TAR-Q16,AP/SCI BANK BUILD v4,AP Calculus AB,1,4,Tarsia,instructional,Pair 16,current-section,U1-MG03,,,,,,,1,"Analyze continuity at a point and on intervals, and classify discontinuities using limits, function values, and piecewise definitions.","I can analyze continuity at a point and on intervals, and classify discontinuities using limits, function values, and piecewise definitions.",Justification and Theorem Conditions,matching pair,short exact,instructional,35,,Unit 1 Assessment Plan; Course Framework; AP Topic scoring-guide style reference,
U1-S4-TAR-Q17,AP/SCI BANK BUILD v4,AP Calculus AB,1,4,Tarsia,instructional,Pair 17,current-section,U1-MG03,,,,,,,1,"Analyze continuity at a point and on intervals, and classify discontinuities using limits, function values, and piecewise definitions.","I can analyze continuity at a point and on intervals, and classify discontinuities using limits, function values, and piecewise definitions.",Notation and Mathematical Communication,matching pair,short exact,instructional,35,,Unit 1 Assessment Plan; Course Framework; AP Topic scoring-guide style reference,
U1-S4-TAR-Q18,AP/SCI BANK BUILD v4,AP Calculus AB,1,4,Tarsia,instructional,Pair 18,current-section,U1-MG03,,,,,,,1,"Analyze continuity at a point and on intervals, and classify discontinuities using limits, function values, and piecewise definitions.","I can analyze continuity at a point and on intervals, and classify discontinuities using limits, function values, and piecewise definitions.",Interpretation Across Representations,matching pair,short exact,instructional,35,,Unit 1 Assessment Plan; Course Framework; AP Topic scoring-guide style reference,
U1-S5-TAR-Q01,AP/SCI BANK BUILD v4,AP Calculus AB,1,5,Tarsia,instructional,Pair 01,current-section,U1-MG04,,,,,,,1,"Interpret infinite limits and limits at infinity to identify asymptotic behavior, and apply the Intermediate Value Theorem when its hypotheses are satisfied.","I can interpret infinite limits and limits at infinity to identify asymptotic behavior, and apply the Intermediate Value Theorem when its hypotheses are satisfied.",Notation and Mathematical Communication,matching pair,short exact,instructional,35,,Unit 1 Assessment Plan; Course Framework; AP Topic scoring-guide style reference,
U1-S5-TAR-Q02,AP/SCI BANK BUILD v4,AP Calculus AB,1,5,Tarsia,instructional,Pair 02,current-section,U1-MG04,,,,,,,1,"Interpret infinite limits and limits at infinity to identify asymptotic behavior, and apply the Intermediate Value Theorem when its hypotheses are satisfied.","I can interpret infinite limits and limits at infinity to identify asymptotic behavior, and apply the Intermediate Value Theorem when its hypotheses are satisfied.",Analytical Strategy Selection,matching pair,short exact,instructional,35,,Unit 1 Assessment Plan; Course Framework; AP Topic scoring-guide style reference,
U1-S5-TAR-Q03,AP/SCI BANK BUILD v4,AP Calculus AB,1,5,Tarsia,instructional,Pair 03,current-section,U1-MG04,,,,,,,1,"Interpret infinite limits and limits at infinity to identify asymptotic behavior, and apply the Intermediate Value Theorem when its hypotheses are satisfied.","I can interpret infinite limits and limits at infinity to identify asymptotic behavior, and apply the Intermediate Value Theorem when its hypotheses are satisfied.",Justification and Theorem Conditions,matching pair,short exact,instructional,35,,Unit 1 Assessment Plan; Course Framework; AP Topic scoring-guide style reference,
U1-S5-TAR-Q04,AP/SCI BANK BUILD v4,AP Calculus AB,1,5,Tarsia,instructional,Pair 04,current-section,U1-MG04,,,,,,,1,"Interpret infinite limits and limits at infinity to identify asymptotic behavior, and apply the Intermediate Value Theorem when its hypotheses are satisfied.","I can interpret infinite limits and limits at infinity to identify asymptotic behavior, and apply the Intermediate Value Theorem when its hypotheses are satisfied.",Notation and Mathematical Communication,matching pair,short exact,instructional,35,,Unit 1 Assessment Plan; Course Framework; AP Topic scoring-guide style reference,
U1-S5-TAR-Q05,AP/SCI BANK BUILD v4,AP Calculus AB,1,5,Tarsia,instructional,Pair 05,current-section,U1-MG04,,,,,,,1,"Interpret infinite limits and limits at infinity to identify asymptotic behavior, and apply the Intermediate Value Theorem when its hypotheses are satisfied.","I can interpret infinite limits and limits at infinity to identify asymptotic behavior, and apply the Intermediate Value Theorem when its hypotheses are satisfied.",Analytical Strategy Selection,matching pair,short exact,instructional,35,,Unit 1 Assessment Plan; Course Framework; AP Topic scoring-guide style reference,
U1-S5-TAR-Q06,AP/SCI BANK BUILD v4,AP Calculus AB,1,5,Tarsia,instructional,Pair 06,current-section,U1-MG04,,,,,,,1,"Interpret infinite limits and limits at infinity to identify asymptotic behavior, and apply the Intermediate Value Theorem when its hypotheses are satisfied.","I can interpret infinite limits and limits at infinity to identify asymptotic behavior, and apply the Intermediate Value Theorem when its hypotheses are satisfied.",Justification and Theorem Conditions,matching pair,short exact,instructional,35,,Unit 1 Assessment Plan; Course Framework; AP Topic scoring-guide style reference,
U1-S5-TAR-Q07,AP/SCI BANK BUILD v4,AP Calculus AB,1,5,Tarsia,instructional,Pair 07,current-section,U1-MG04,,,,,,,1,"Interpret infinite limits and limits at infinity to identify asymptotic behavior, and apply the Intermediate Value Theorem when its hypotheses are satisfied.","I can interpret infinite limits and limits at infinity to identify asymptotic behavior, and apply the Intermediate Value Theorem when its hypotheses are satisfied.",Notation and Mathematical Communication,matching pair,short exact,instructional,35,,Unit 1 Assessment Plan; Course Framework; AP Topic scoring-guide style reference,
U1-S5-TAR-Q08,AP/SCI BANK BUILD v4,AP Calculus AB,1,5,Tarsia,instructional,Pair 08,current-section,U1-MG04,,,,,,,1,"Interpret infinite limits and limits at infinity to identify asymptotic behavior, and apply the Intermediate Value Theorem when its hypotheses are satisfied.","I can interpret infinite limits and limits at infinity to identify asymptotic behavior, and apply the Intermediate Value Theorem when its hypotheses are satisfied.",Analytical Strategy Selection,matching pair,short exact,instructional,35,,Unit 1 Assessment Plan; Course Framework; AP Topic scoring-guide style reference,
U1-S5-TAR-Q09,AP/SCI BANK BUILD v4,AP Calculus AB,1,5,Tarsia,instructional,Pair 09,current-section,U1-MG04,,,,,,,1,"Interpret infinite limits and limits at infinity to identify asymptotic behavior, and apply the Intermediate Value Theorem when its hypotheses are satisfied.","I can interpret infinite limits and limits at infinity to identify asymptotic behavior, and apply the Intermediate Value Theorem when its hypotheses are satisfied.",Justification and Theorem Conditions,matching pair,short exact,instructional,35,,Unit 1 Assessment Plan; Course Framework; AP Topic scoring-guide style reference,
U1-S5-TAR-Q10,AP/SCI BANK BUILD v4,AP Calculus AB,1,5,Tarsia,instructional,Pair 10,current-section,U1-MG04,,,,,,,1,"Interpret infinite limits and limits at infinity to identify asymptotic behavior, and apply the Intermediate Value Theorem when its hypotheses are satisfied.","I can interpret infinite limits and limits at infinity to identify asymptotic behavior, and apply the Intermediate Value Theorem when its hypotheses are satisfied.",Notation and Mathematical Communication,matching pair,short exact,instructional,35,,Unit 1 Assessment Plan; Course Framework; AP Topic scoring-guide style reference,
U1-S5-TAR-Q11,AP/SCI BANK BUILD v4,AP Calculus AB,1,5,Tarsia,instructional,Pair 11,current-section,U1-MG04,,,,,,,1,"Interpret infinite limits and limits at infinity to identify asymptotic behavior, and apply the Intermediate Value Theorem when its hypotheses are satisfied.","I can interpret infinite limits and limits at infinity to identify asymptotic behavior, and apply the Intermediate Value Theorem when its hypotheses are satisfied.",Analytical Strategy Selection,matching pair,short exact,instructional,35,,Unit 1 Assessment Plan; Course Framework; AP Topic scoring-guide style reference,
U1-S5-TAR-Q12,AP/SCI BANK BUILD v4,AP Calculus AB,1,5,Tarsia,instructional,Pair 12,current-section,U1-MG04,,,,,,,1,"Interpret infinite limits and limits at infinity to identify asymptotic behavior, and apply the Intermediate Value Theorem when its hypotheses are satisfied.","I can interpret infinite limits and limits at infinity to identify asymptotic behavior, and apply the Intermediate Value Theorem when its hypotheses are satisfied.",Justification and Theorem Conditions,matching pair,short exact,instructional,35,,Unit 1 Assessment Plan; Course Framework; AP Topic scoring-guide style reference,
U1-S5-TAR-Q13,AP/SCI BANK BUILD v4,AP Calculus AB,1,5,Tarsia,instructional,Pair 13,current-section,U1-MG04,,,,,,,1,"Interpret infinite limits and limits at infinity to identify asymptotic behavior, and apply the Intermediate Value Theorem when its hypotheses are satisfied.","I can interpret infinite limits and limits at infinity to identify asymptotic behavior, and apply the Intermediate Value Theorem when its hypotheses are satisfied.",Notation and Mathematical Communication,matching pair,short exact,instructional,35,,Unit 1 Assessment Plan; Course Framework; AP Topic scoring-guide style reference,
U1-S5-TAR-Q14,AP/SCI BANK BUILD v4,AP Calculus AB,1,5,Tarsia,instructional,Pair 14,current-section,U1-MG04,,,,,,,1,"Interpret infinite limits and limits at infinity to identify asymptotic behavior, and apply the Intermediate Value Theorem when its hypotheses are satisfied.","I can interpret infinite limits and limits at infinity to identify asymptotic behavior, and apply the Intermediate Value Theorem when its hypotheses are satisfied.",Analytical Strategy Selection,matching pair,short exact,instructional,35,,Unit 1 Assessment Plan; Course Framework; AP Topic scoring-guide style reference,
U1-S5-TAR-Q15,AP/SCI BANK BUILD v4,AP Calculus AB,1,5,Tarsia,instructional,Pair 15,current-section,U1-MG04,,,,,,,1,"Interpret infinite limits and limits at infinity to identify asymptotic behavior, and apply the Intermediate Value Theorem when its hypotheses are satisfied.","I can interpret infinite limits and limits at infinity to identify asymptotic behavior, and apply the Intermediate Value Theorem when its hypotheses are satisfied.",Justification and Theorem Conditions,matching pair,short exact,instructional,35,,Unit 1 Assessment Plan; Course Framework; AP Topic scoring-guide style reference,
U1-S5-TAR-Q16,AP/SCI BANK BUILD v4,AP Calculus AB,1,5,Tarsia,instructional,Pair 16,current-section,U1-MG04,,,,,,,1,"Interpret infinite limits and limits at infinity to identify asymptotic behavior, and apply the Intermediate Value Theorem when its hypotheses are satisfied.","I can interpret infinite limits and limits at infinity to identify asymptotic behavior, and apply the Intermediate Value Theorem when its hypotheses are satisfied.",Notation and Mathematical Communication,matching pair,short exact,instructional,35,,Unit 1 Assessment Plan; Course Framework; AP Topic scoring-guide style reference,
U1-S5-TAR-Q17,AP/SCI BANK BUILD v4,AP Calculus AB,1,5,Tarsia,instructional,Pair 17,current-section,U1-MG04,,,,,,,1,"Interpret infinite limits and limits at infinity to identify asymptotic behavior, and apply the Intermediate Value Theorem when its hypotheses are satisfied.","I can interpret infinite limits and limits at infinity to identify asymptotic behavior, and apply the Intermediate Value Theorem when its hypotheses are satisfied.",Analytical Strategy Selection,matching pair,short exact,instructional,35,,Unit 1 Assessment Plan; Course Framework; AP Topic scoring-guide style reference,
U1-S5-TAR-Q18,AP/SCI BANK BUILD v4,AP Calculus AB,1,5,Tarsia,instructional,Pair 18,current-section,U1-MG04,,,,,,,1,"Interpret infinite limits and limits at infinity to identify asymptotic behavior, and apply the Intermediate Value Theorem when its hypotheses are satisfied.","I can interpret infinite limits and limits at infinity to identify asymptotic behavior, and apply the Intermediate Value Theorem when its hypotheses are satisfied.",Justification and Theorem Conditions,matching pair,short exact,instructional,35,,Unit 1 Assessment Plan; Course Framework; AP Topic scoring-guide style reference,
U1-S1-BLO-Q01,AP/SCI BANK BUILD v4,AP Calculus AB,1,1,Blooket,instructional,Q01,current-section,U1-MG01,,,,,,,1,Relate average versus instantaneous change to the idea of a limit and read and interpret limit notation.,I can relate average versus instantaneous change to the idea of a limit and read and interpret limit notation.,Notation and Mathematical Communication,multiple choice,selected response,instructional,40,,Unit 1 Assessment Plan; Course Framework; AP Topic scoring-guide style reference,
U1-S1-BLO-Q02,AP/SCI BANK BUILD v4,AP Calculus AB,1,1,Blooket,instructional,Q02,current-section,U1-MG01,,,,,,,1,Relate average versus instantaneous change to the idea of a limit and read and interpret limit notation.,I can relate average versus instantaneous change to the idea of a limit and read and interpret limit notation.,Interpretation Across Representations,multiple choice,selected response,instructional,40,,Unit 1 Assessment Plan; Course Framework; AP Topic scoring-guide style reference,
U1-S1-BLO-Q03,AP/SCI BANK BUILD v4,AP Calculus AB,1,1,Blooket,instructional,Q03,current-section,U1-MG01,,,,,,,1,Relate average versus instantaneous change to the idea of a limit and read and interpret limit notation.,I can relate average versus instantaneous change to the idea of a limit and read and interpret limit notation.,Notation and Mathematical Communication,multiple choice,selected response,instructional,40,,Unit 1 Assessment Plan; Course Framework; AP Topic scoring-guide style reference,
U1-S1-BLO-Q04,AP/SCI BANK BUILD v4,AP Calculus AB,1,1,Blooket,instructional,Q04,current-section,U1-MG01,,,,,,,1,Relate average versus instantaneous change to the idea of a limit and read and interpret limit notation.,I can relate average versus instantaneous change to the idea of a limit and read and interpret limit notation.,Interpretation Across Representations,multiple choice,selected response,instructional,40,,Unit 1 Assessment Plan; Course Framework; AP Topic scoring-guide style reference,
U1-S1-BLO-Q05,AP/SCI BANK BUILD v4,AP Calculus AB,1,1,Blooket,instructional,Q05,current-section,U1-MG01,,,,,,,2,Relate average versus instantaneous change to the idea of a limit and read and interpret limit notation.,I can relate average versus instantaneous change to the idea of a limit and read and interpret limit notation.,Notation and Mathematical Communication,multiple choice,selected response,instructional,40,,Unit 1 Assessment Plan; Course Framework; AP Topic scoring-guide style reference,
U1-S1-BLO-Q06,AP/SCI BANK BUILD v4,AP Calculus AB,1,1,Blooket,instructional,Q06,current-section,U1-MG01,,,,,,,1,Relate average versus instantaneous change to the idea of a limit and read and interpret limit notation.,I can relate average versus instantaneous change to the idea of a limit and read and interpret limit notation.,Interpretation Across Representations,multiple choice,selected response,instructional,40,,Unit 1 Assessment Plan; Course Framework; AP Topic scoring-guide style reference,
U1-S1-BLO-Q07,AP/SCI BANK BUILD v4,AP Calculus AB,1,1,Blooket,instructional,Q07,current-section,U1-MG01,,,,,,,1,Relate average versus instantaneous change to the idea of a limit and read and interpret limit notation.,I can relate average versus instantaneous change to the idea of a limit and read and interpret limit notation.,Notation and Mathematical Communication,multiple choice,selected response,instructional,40,,Unit 1 Assessment Plan; Course Framework; AP Topic scoring-guide style reference,
U1-S1-BLO-Q08,AP/SCI BANK BUILD v4,AP Calculus AB,1,1,Blooket,instructional,Q08,current-section,U1-MG01,,,,,,,1,Relate average versus instantaneous change to the idea of a limit and read and interpret limit notation.,I can relate average versus instantaneous change to the idea of a limit and read and interpret limit notation.,Interpretation Across Representations,multiple choice,selected response,instructional,40,,Unit 1 Assessment Plan; Course Framework; AP Topic scoring-guide style reference,
U1-S1-BLO-Q09,AP/SCI BANK BUILD v4,AP Calculus AB,1,1,Blooket,instructional,Q09,current-section,U1-MG01,,,,,,,1,Relate average versus instantaneous change to the idea of a limit and read and interpret limit notation.,I can relate average versus instantaneous change to the idea of a limit and read and interpret limit notation.,Notation and Mathematical Communication,multiple choice,selected response,instructional,40,,Unit 1 Assessment Plan; Course Framework; AP Topic scoring-guide style reference,
U1-S1-BLO-Q10,AP/SCI BANK BUILD v4,AP Calculus AB,1,1,Blooket,instructional,Q10,current-section,U1-MG01,,,,,,,2,Relate average versus instantaneous change to the idea of a limit and read and interpret limit notation.,I can relate average versus instantaneous change to the idea of a limit and read and interpret limit notation.,Interpretation Across Representations,multiple choice,selected response,instructional,40,,Unit 1 Assessment Plan; Course Framework; AP Topic scoring-guide style reference,
U1-S1-BLO-Q11,AP/SCI BANK BUILD v4,AP Calculus AB,1,1,Blooket,instructional,Q11,current-section,U1-MG01,,,,,,,1,Relate average versus instantaneous change to the idea of a limit and read and interpret limit notation.,I can relate average versus instantaneous change to the idea of a limit and read and interpret limit notation.,Notation and Mathematical Communication,multiple choice,selected response,instructional,40,,Unit 1 Assessment Plan; Course Framework; AP Topic scoring-guide style reference,
U1-S1-BLO-Q12,AP/SCI BANK BUILD v4,AP Calculus AB,1,1,Blooket,instructional,Q12,current-section,U1-MG01,,,,,,,1,Relate average versus instantaneous change to the idea of a limit and read and interpret limit notation.,I can relate average versus instantaneous change to the idea of a limit and read and interpret limit notation.,Interpretation Across Representations,multiple choice,selected response,instructional,40,,Unit 1 Assessment Plan; Course Framework; AP Topic scoring-guide style reference,
U1-S1-BLO-Q13,AP/SCI BANK BUILD v4,AP Calculus AB,1,1,Blooket,instructional,Q13,current-section,U1-MG01,,,,,,,1,Relate average versus instantaneous change to the idea of a limit and read and interpret limit notation.,I can relate average versus instantaneous change to the idea of a limit and read and interpret limit notation.,Notation and Mathematical Communication,multiple choice,selected response,instructional,40,,Unit 1 Assessment Plan; Course Framework; AP Topic scoring-guide style reference,
U1-S1-BLO-Q14,AP/SCI BANK BUILD v4,AP Calculus AB,1,1,Blooket,instructional,Q14,current-section,U1-MG01,,,,,,,1,Relate average versus instantaneous change to the idea of a limit and read and interpret limit notation.,I can relate average versus instantaneous change to the idea of a limit and read and interpret limit notation.,Interpretation Across Representations,multiple choice,selected response,instructional,40,,Unit 1 Assessment Plan; Course Framework; AP Topic scoring-guide style reference,
U1-S1-BLO-Q15,AP/SCI BANK BUILD v4,AP Calculus AB,1,1,Blooket,instructional,Q15,current-section,U1-MG01,,,,,,,2,Relate average versus instantaneous change to the idea of a limit and read and interpret limit notation.,I can relate average versus instantaneous change to the idea of a limit and read and interpret limit notation.,Notation and Mathematical Communication,multiple choice,selected response,instructional,40,,Unit 1 Assessment Plan; Course Framework; AP Topic scoring-guide style reference,
U1-S1-BLO-Q16,AP/SCI BANK BUILD v4,AP Calculus AB,1,1,Blooket,instructional,Q16,current-section,U1-MG01,,,,,,,1,Relate average versus instantaneous change to the idea of a limit and read and interpret limit notation.,I can relate average versus instantaneous change to the idea of a limit and read and interpret limit notation.,Interpretation Across Representations,multiple choice,selected response,instructional,40,,Unit 1 Assessment Plan; Course Framework; AP Topic scoring-guide style reference,
U1-S1-BLO-Q17,AP/SCI BANK BUILD v4,AP Calculus AB,1,1,Blooket,instructional,Q17,current-section,U1-MG01,,,,,,,1,Relate average versus instantaneous change to the idea of a limit and read and interpret limit notation.,I can relate average versus instantaneous change to the idea of a limit and read and interpret limit notation.,Notation and Mathematical Communication,multiple choice,selected response,instructional,40,,Unit 1 Assessment Plan; Course Framework; AP Topic scoring-guide style reference,
U1-S1-BLO-Q18,AP/SCI BANK BUILD v4,AP Calculus AB,1,1,Blooket,instructional,Q18,current-section,U1-MG01,,,,,,,1,Relate average versus instantaneous change to the idea of a limit and read and interpret limit notation.,I can relate average versus instantaneous change to the idea of a limit and read and interpret limit notation.,Interpretation Across Representations,multiple choice,selected response,instructional,40,,Unit 1 Assessment Plan; Course Framework; AP Topic scoring-guide style reference,
U1-S1-BLO-Q19,AP/SCI BANK BUILD v4,AP Calculus AB,1,1,Blooket,instructional,Q19,current-section,U1-MG01,,,,,,,1,Relate average versus instantaneous change to the idea of a limit and read and interpret limit notation.,I can relate average versus instantaneous change to the idea of a limit and read and interpret limit notation.,Notation and Mathematical Communication,multiple choice,selected response,instructional,40,,Unit 1 Assessment Plan; Course Framework; AP Topic scoring-guide style reference,
U1-S1-BLO-Q20,AP/SCI BANK BUILD v4,AP Calculus AB,1,1,Blooket,instructional,Q20,current-section,U1-MG01,,,,,,,2,Relate average versus instantaneous change to the idea of a limit and read and interpret limit notation.,I can relate average versus instantaneous change to the idea of a limit and read and interpret limit notation.,Interpretation Across Representations,multiple choice,selected response,instructional,40,,Unit 1 Assessment Plan; Course Framework; AP Topic scoring-guide style reference,
U1-S2-BLO-Q01,AP/SCI BANK BUILD v4,AP Calculus AB,1,2,Blooket,instructional,Q01,current-section,U1-MG01,,,,,,,1,"Determine one-sided and two-sided limits from graphs and tables, including when a limit does not exist.","I can determine one-sided and two-sided limits from graphs and tables, including when a limit does not exist.",Calculator and Non-Calculator Reasoning,multiple choice,selected response,instructional,40,,Unit 1 Assessment Plan; Course Framework; AP Topic scoring-guide style reference,
U1-S2-BLO-Q02,AP/SCI BANK BUILD v4,AP Calculus AB,1,2,Blooket,instructional,Q02,current-section,U1-MG01,,,,,,,1,"Determine one-sided and two-sided limits from graphs and tables, including when a limit does not exist.","I can determine one-sided and two-sided limits from graphs and tables, including when a limit does not exist.",Notation and Mathematical Communication,multiple choice,selected response,instructional,40,,Unit 1 Assessment Plan; Course Framework; AP Topic scoring-guide style reference,
U1-S2-BLO-Q03,AP/SCI BANK BUILD v4,AP Calculus AB,1,2,Blooket,instructional,Q03,current-section,U1-MG01,,,,,,,1,"Determine one-sided and two-sided limits from graphs and tables, including when a limit does not exist.","I can determine one-sided and two-sided limits from graphs and tables, including when a limit does not exist.",Interpretation Across Representations,multiple choice,selected response,instructional,40,,Unit 1 Assessment Plan; Course Framework; AP Topic scoring-guide style reference,
U1-S2-BLO-Q04,AP/SCI BANK BUILD v4,AP Calculus AB,1,2,Blooket,instructional,Q04,current-section,U1-MG01,,,,,,,1,"Determine one-sided and two-sided limits from graphs and tables, including when a limit does not exist.","I can determine one-sided and two-sided limits from graphs and tables, including when a limit does not exist.",Calculator and Non-Calculator Reasoning,multiple choice,selected response,instructional,40,,Unit 1 Assessment Plan; Course Framework; AP Topic scoring-guide style reference,
U1-S2-BLO-Q05,AP/SCI BANK BUILD v4,AP Calculus AB,1,2,Blooket,instructional,Q05,current-section,U1-MG01,,,,,,,2,"Determine one-sided and two-sided limits from graphs and tables, including when a limit does not exist.","I can determine one-sided and two-sided limits from graphs and tables, including when a limit does not exist.",Notation and Mathematical Communication,multiple choice,selected response,instructional,40,,Unit 1 Assessment Plan; Course Framework; AP Topic scoring-guide style reference,
U1-S2-BLO-Q06,AP/SCI BANK BUILD v4,AP Calculus AB,1,2,Blooket,instructional,Q06,current-section,U1-MG01,,,,,,,1,"Determine one-sided and two-sided limits from graphs and tables, including when a limit does not exist.","I can determine one-sided and two-sided limits from graphs and tables, including when a limit does not exist.",Interpretation Across Representations,multiple choice,selected response,instructional,40,,Unit 1 Assessment Plan; Course Framework; AP Topic scoring-guide style reference,
U1-S2-BLO-Q07,AP/SCI BANK BUILD v4,AP Calculus AB,1,2,Blooket,instructional,Q07,current-section,U1-MG01,,,,,,,1,"Determine one-sided and two-sided limits from graphs and tables, including when a limit does not exist.","I can determine one-sided and two-sided limits from graphs and tables, including when a limit does not exist.",Calculator and Non-Calculator Reasoning,multiple choice,selected response,instructional,40,,Unit 1 Assessment Plan; Course Framework; AP Topic scoring-guide style reference,
U1-S2-BLO-Q08,AP/SCI BANK BUILD v4,AP Calculus AB,1,2,Blooket,instructional,Q08,current-section,U1-MG01,,,,,,,1,"Determine one-sided and two-sided limits from graphs and tables, including when a limit does not exist.","I can determine one-sided and two-sided limits from graphs and tables, including when a limit does not exist.",Notation and Mathematical Communication,multiple choice,selected response,instructional,40,,Unit 1 Assessment Plan; Course Framework; AP Topic scoring-guide style reference,
U1-S2-BLO-Q09,AP/SCI BANK BUILD v4,AP Calculus AB,1,2,Blooket,instructional,Q09,current-section,U1-MG01,,,,,,,1,"Determine one-sided and two-sided limits from graphs and tables, including when a limit does not exist.","I can determine one-sided and two-sided limits from graphs and tables, including when a limit does not exist.",Interpretation Across Representations,multiple choice,selected response,instructional,40,,Unit 1 Assessment Plan; Course Framework; AP Topic scoring-guide style reference,
U1-S2-BLO-Q10,AP/SCI BANK BUILD v4,AP Calculus AB,1,2,Blooket,instructional,Q10,current-section,U1-MG01,,,,,,,2,"Determine one-sided and two-sided limits from graphs and tables, including when a limit does not exist.","I can determine one-sided and two-sided limits from graphs and tables, including when a limit does not exist.",Calculator and Non-Calculator Reasoning,multiple choice,selected response,instructional,40,,Unit 1 Assessment Plan; Course Framework; AP Topic scoring-guide style reference,
U1-S2-BLO-Q11,AP/SCI BANK BUILD v4,AP Calculus AB,1,2,Blooket,instructional,Q11,current-section,U1-MG01,,,,,,,1,"Determine one-sided and two-sided limits from graphs and tables, including when a limit does not exist.","I can determine one-sided and two-sided limits from graphs and tables, including when a limit does not exist.",Notation and Mathematical Communication,multiple choice,selected response,instructional,40,,Unit 1 Assessment Plan; Course Framework; AP Topic scoring-guide style reference,
U1-S2-BLO-Q12,AP/SCI BANK BUILD v4,AP Calculus AB,1,2,Blooket,instructional,Q12,current-section,U1-MG01,,,,,,,1,"Determine one-sided and two-sided limits from graphs and tables, including when a limit does not exist.","I can determine one-sided and two-sided limits from graphs and tables, including when a limit does not exist.",Interpretation Across Representations,multiple choice,selected response,instructional,40,,Unit 1 Assessment Plan; Course Framework; AP Topic scoring-guide style reference,
U1-S2-BLO-Q13,AP/SCI BANK BUILD v4,AP Calculus AB,1,2,Blooket,instructional,Q13,current-section,U1-MG01,,,,,,,1,"Determine one-sided and two-sided limits from graphs and tables, including when a limit does not exist.","I can determine one-sided and two-sided limits from graphs and tables, including when a limit does not exist.",Calculator and Non-Calculator Reasoning,multiple choice,selected response,instructional,40,,Unit 1 Assessment Plan; Course Framework; AP Topic scoring-guide style reference,
U1-S2-BLO-Q14,AP/SCI BANK BUILD v4,AP Calculus AB,1,2,Blooket,instructional,Q14,current-section,U1-MG01,,,,,,,1,"Determine one-sided and two-sided limits from graphs and tables, including when a limit does not exist.","I can determine one-sided and two-sided limits from graphs and tables, including when a limit does not exist.",Notation and Mathematical Communication,multiple choice,selected response,instructional,40,,Unit 1 Assessment Plan; Course Framework; AP Topic scoring-guide style reference,
U1-S2-BLO-Q15,AP/SCI BANK BUILD v4,AP Calculus AB,1,2,Blooket,instructional,Q15,current-section,U1-MG01,,,,,,,2,"Determine one-sided and two-sided limits from graphs and tables, including when a limit does not exist.","I can determine one-sided and two-sided limits from graphs and tables, including when a limit does not exist.",Interpretation Across Representations,multiple choice,selected response,instructional,40,,Unit 1 Assessment Plan; Course Framework; AP Topic scoring-guide style reference,
U1-S2-BLO-Q16,AP/SCI BANK BUILD v4,AP Calculus AB,1,2,Blooket,instructional,Q16,current-section,U1-MG01,,,,,,,1,"Determine one-sided and two-sided limits from graphs and tables, including when a limit does not exist.","I can determine one-sided and two-sided limits from graphs and tables, including when a limit does not exist.",Calculator and Non-Calculator Reasoning,multiple choice,selected response,instructional,40,,Unit 1 Assessment Plan; Course Framework; AP Topic scoring-guide style reference,
U1-S2-BLO-Q17,AP/SCI BANK BUILD v4,AP Calculus AB,1,2,Blooket,instructional,Q17,current-section,U1-MG01,,,,,,,1,"Determine one-sided and two-sided limits from graphs and tables, including when a limit does not exist.","I can determine one-sided and two-sided limits from graphs and tables, including when a limit does not exist.",Notation and Mathematical Communication,multiple choice,selected response,instructional,40,,Unit 1 Assessment Plan; Course Framework; AP Topic scoring-guide style reference,
U1-S2-BLO-Q18,AP/SCI BANK BUILD v4,AP Calculus AB,1,2,Blooket,instructional,Q18,current-section,U1-MG01,,,,,,,1,"Determine one-sided and two-sided limits from graphs and tables, including when a limit does not exist.","I can determine one-sided and two-sided limits from graphs and tables, including when a limit does not exist.",Interpretation Across Representations,multiple choice,selected response,instructional,40,,Unit 1 Assessment Plan; Course Framework; AP Topic scoring-guide style reference,
U1-S2-BLO-Q19,AP/SCI BANK BUILD v4,AP Calculus AB,1,2,Blooket,instructional,Q19,current-section,U1-MG01,,,,,,,1,"Determine one-sided and two-sided limits from graphs and tables, including when a limit does not exist.","I can determine one-sided and two-sided limits from graphs and tables, including when a limit does not exist.",Calculator and Non-Calculator Reasoning,multiple choice,selected response,instructional,40,,Unit 1 Assessment Plan; Course Framework; AP Topic scoring-guide style reference,
U1-S2-BLO-Q20,AP/SCI BANK BUILD v4,AP Calculus AB,1,2,Blooket,instructional,Q20,current-section,U1-MG01,,,,,,,2,"Determine one-sided and two-sided limits from graphs and tables, including when a limit does not exist.","I can determine one-sided and two-sided limits from graphs and tables, including when a limit does not exist.",Notation and Mathematical Communication,multiple choice,selected response,instructional,40,,Unit 1 Assessment Plan; Course Framework; AP Topic scoring-guide style reference,
U1-S3-BLO-Q01,AP/SCI BANK BUILD v4,AP Calculus AB,1,3,Blooket,instructional,Q01,current-section,U1-MG02,,,,,,,1,"Evaluate limits algebraically using direct substitution, limit laws, factoring, conjugates, and appropriate trigonometric or squeeze reasoning.","I can evaluate limits algebraically using direct substitution, limit laws, factoring, conjugates, and appropriate trigonometric or squeeze reasoning.",Notation and Mathematical Communication,multiple choice,selected response,instructional,40,,Unit 1 Assessment Plan; Course Framework; AP Topic scoring-guide style reference,
U1-S3-BLO-Q02,AP/SCI BANK BUILD v4,AP Calculus AB,1,3,Blooket,instructional,Q02,current-section,U1-MG02,,,,,,,1,"Evaluate limits algebraically using direct substitution, limit laws, factoring, conjugates, and appropriate trigonometric or squeeze reasoning.","I can evaluate limits algebraically using direct substitution, limit laws, factoring, conjugates, and appropriate trigonometric or squeeze reasoning.",Critique of Reasoning,multiple choice,selected response,instructional,40,,Unit 1 Assessment Plan; Course Framework; AP Topic scoring-guide style reference,
U1-S3-BLO-Q03,AP/SCI BANK BUILD v4,AP Calculus AB,1,3,Blooket,instructional,Q03,current-section,U1-MG02,,,,,,,1,"Evaluate limits algebraically using direct substitution, limit laws, factoring, conjugates, and appropriate trigonometric or squeeze reasoning.","I can evaluate limits algebraically using direct substitution, limit laws, factoring, conjugates, and appropriate trigonometric or squeeze reasoning.",Analytical Strategy Selection,multiple choice,selected response,instructional,40,,Unit 1 Assessment Plan; Course Framework; AP Topic scoring-guide style reference,
U1-S3-BLO-Q04,AP/SCI BANK BUILD v4,AP Calculus AB,1,3,Blooket,instructional,Q04,current-section,U1-MG02,,,,,,,1,"Evaluate limits algebraically using direct substitution, limit laws, factoring, conjugates, and appropriate trigonometric or squeeze reasoning.","I can evaluate limits algebraically using direct substitution, limit laws, factoring, conjugates, and appropriate trigonometric or squeeze reasoning.",Notation and Mathematical Communication,multiple choice,selected response,instructional,40,,Unit 1 Assessment Plan; Course Framework; AP Topic scoring-guide style reference,
U1-S3-BLO-Q05,AP/SCI BANK BUILD v4,AP Calculus AB,1,3,Blooket,instructional,Q05,current-section,U1-MG02,,,,,,,2,"Evaluate limits algebraically using direct substitution, limit laws, factoring, conjugates, and appropriate trigonometric or squeeze reasoning.","I can evaluate limits algebraically using direct substitution, limit laws, factoring, conjugates, and appropriate trigonometric or squeeze reasoning.",Critique of Reasoning,multiple choice,selected response,instructional,40,,Unit 1 Assessment Plan; Course Framework; AP Topic scoring-guide style reference,
U1-S3-BLO-Q06,AP/SCI BANK BUILD v4,AP Calculus AB,1,3,Blooket,instructional,Q06,current-section,U1-MG02,,,,,,,1,"Evaluate limits algebraically using direct substitution, limit laws, factoring, conjugates, and appropriate trigonometric or squeeze reasoning.","I can evaluate limits algebraically using direct substitution, limit laws, factoring, conjugates, and appropriate trigonometric or squeeze reasoning.",Analytical Strategy Selection,multiple choice,selected response,instructional,40,,Unit 1 Assessment Plan; Course Framework; AP Topic scoring-guide style reference,
U1-S3-BLO-Q07,AP/SCI BANK BUILD v4,AP Calculus AB,1,3,Blooket,instructional,Q07,current-section,U1-MG02,,,,,,,1,"Evaluate limits algebraically using direct substitution, limit laws, factoring, conjugates, and appropriate trigonometric or squeeze reasoning.","I can evaluate limits algebraically using direct substitution, limit laws, factoring, conjugates, and appropriate trigonometric or squeeze reasoning.",Notation and Mathematical Communication,multiple choice,selected response,instructional,40,,Unit 1 Assessment Plan; Course Framework; AP Topic scoring-guide style reference,
U1-S3-BLO-Q08,AP/SCI BANK BUILD v4,AP Calculus AB,1,3,Blooket,instructional,Q08,current-section,U1-MG02,,,,,,,1,"Evaluate limits algebraically using direct substitution, limit laws, factoring, conjugates, and appropriate trigonometric or squeeze reasoning.","I can evaluate limits algebraically using direct substitution, limit laws, factoring, conjugates, and appropriate trigonometric or squeeze reasoning.",Critique of Reasoning,multiple choice,selected response,instructional,40,,Unit 1 Assessment Plan; Course Framework; AP Topic scoring-guide style reference,
U1-S3-BLO-Q09,AP/SCI BANK BUILD v4,AP Calculus AB,1,3,Blooket,instructional,Q09,current-section,U1-MG02,,,,,,,1,"Evaluate limits algebraically using direct substitution, limit laws, factoring, conjugates, and appropriate trigonometric or squeeze reasoning.","I can evaluate limits algebraically using direct substitution, limit laws, factoring, conjugates, and appropriate trigonometric or squeeze reasoning.",Analytical Strategy Selection,multiple choice,selected response,instructional,40,,Unit 1 Assessment Plan; Course Framework; AP Topic scoring-guide style reference,
U1-S3-BLO-Q10,AP/SCI BANK BUILD v4,AP Calculus AB,1,3,Blooket,instructional,Q10,current-section,U1-MG02,,,,,,,2,"Evaluate limits algebraically using direct substitution, limit laws, factoring, conjugates, and appropriate trigonometric or squeeze reasoning.","I can evaluate limits algebraically using direct substitution, limit laws, factoring, conjugates, and appropriate trigonometric or squeeze reasoning.",Notation and Mathematical Communication,multiple choice,selected response,instructional,40,,Unit 1 Assessment Plan; Course Framework; AP Topic scoring-guide style reference,
U1-S3-BLO-Q11,AP/SCI BANK BUILD v4,AP Calculus AB,1,3,Blooket,instructional,Q11,current-section,U1-MG02,,,,,,,1,"Evaluate limits algebraically using direct substitution, limit laws, factoring, conjugates, and appropriate trigonometric or squeeze reasoning.","I can evaluate limits algebraically using direct substitution, limit laws, factoring, conjugates, and appropriate trigonometric or squeeze reasoning.",Critique of Reasoning,multiple choice,selected response,instructional,40,,Unit 1 Assessment Plan; Course Framework; AP Topic scoring-guide style reference,
U1-S3-BLO-Q12,AP/SCI BANK BUILD v4,AP Calculus AB,1,3,Blooket,instructional,Q12,current-section,U1-MG02,,,,,,,1,"Evaluate limits algebraically using direct substitution, limit laws, factoring, conjugates, and appropriate trigonometric or squeeze reasoning.","I can evaluate limits algebraically using direct substitution, limit laws, factoring, conjugates, and appropriate trigonometric or squeeze reasoning.",Analytical Strategy Selection,multiple choice,selected response,instructional,40,,Unit 1 Assessment Plan; Course Framework; AP Topic scoring-guide style reference,
U1-S3-BLO-Q13,AP/SCI BANK BUILD v4,AP Calculus AB,1,3,Blooket,instructional,Q13,current-section,U1-MG02,,,,,,,1,"Evaluate limits algebraically using direct substitution, limit laws, factoring, conjugates, and appropriate trigonometric or squeeze reasoning.","I can evaluate limits algebraically using direct substitution, limit laws, factoring, conjugates, and appropriate trigonometric or squeeze reasoning.",Notation and Mathematical Communication,multiple choice,selected response,instructional,40,,Unit 1 Assessment Plan; Course Framework; AP Topic scoring-guide style reference,
U1-S3-BLO-Q14,AP/SCI BANK BUILD v4,AP Calculus AB,1,3,Blooket,instructional,Q14,current-section,U1-MG02,,,,,,,1,"Evaluate limits algebraically using direct substitution, limit laws, factoring, conjugates, and appropriate trigonometric or squeeze reasoning.","I can evaluate limits algebraically using direct substitution, limit laws, factoring, conjugates, and appropriate trigonometric or squeeze reasoning.",Critique of Reasoning,multiple choice,selected response,instructional,40,,Unit 1 Assessment Plan; Course Framework; AP Topic scoring-guide style reference,
U1-S3-BLO-Q15,AP/SCI BANK BUILD v4,AP Calculus AB,1,3,Blooket,instructional,Q15,current-section,U1-MG02,,,,,,,2,"Evaluate limits algebraically using direct substitution, limit laws, factoring, conjugates, and appropriate trigonometric or squeeze reasoning.","I can evaluate limits algebraically using direct substitution, limit laws, factoring, conjugates, and appropriate trigonometric or squeeze reasoning.",Analytical Strategy Selection,multiple choice,selected response,instructional,40,,Unit 1 Assessment Plan; Course Framework; AP Topic scoring-guide style reference,
U1-S3-BLO-Q16,AP/SCI BANK BUILD v4,AP Calculus AB,1,3,Blooket,instructional,Q16,current-section,U1-MG02,,,,,,,1,"Evaluate limits algebraically using direct substitution, limit laws, factoring, conjugates, and appropriate trigonometric or squeeze reasoning.","I can evaluate limits algebraically using direct substitution, limit laws, factoring, conjugates, and appropriate trigonometric or squeeze reasoning.",Notation and Mathematical Communication,multiple choice,selected response,instructional,40,,Unit 1 Assessment Plan; Course Framework; AP Topic scoring-guide style reference,
U1-S3-BLO-Q17,AP/SCI BANK BUILD v4,AP Calculus AB,1,3,Blooket,instructional,Q17,current-section,U1-MG02,,,,,,,1,"Evaluate limits algebraically using direct substitution, limit laws, factoring, conjugates, and appropriate trigonometric or squeeze reasoning.","I can evaluate limits algebraically using direct substitution, limit laws, factoring, conjugates, and appropriate trigonometric or squeeze reasoning.",Critique of Reasoning,multiple choice,selected response,instructional,40,,Unit 1 Assessment Plan; Course Framework; AP Topic scoring-guide style reference,
U1-S3-BLO-Q18,AP/SCI BANK BUILD v4,AP Calculus AB,1,3,Blooket,instructional,Q18,current-section,U1-MG02,,,,,,,1,"Evaluate limits algebraically using direct substitution, limit laws, factoring, conjugates, and appropriate trigonometric or squeeze reasoning.","I can evaluate limits algebraically using direct substitution, limit laws, factoring, conjugates, and appropriate trigonometric or squeeze reasoning.",Analytical Strategy Selection,multiple choice,selected response,instructional,40,,Unit 1 Assessment Plan; Course Framework; AP Topic scoring-guide style reference,
U1-S3-BLO-Q19,AP/SCI BANK BUILD v4,AP Calculus AB,1,3,Blooket,instructional,Q19,current-section,U1-MG02,,,,,,,1,"Evaluate limits algebraically using direct substitution, limit laws, factoring, conjugates, and appropriate trigonometric or squeeze reasoning.","I can evaluate limits algebraically using direct substitution, limit laws, factoring, conjugates, and appropriate trigonometric or squeeze reasoning.",Notation and Mathematical Communication,multiple choice,selected response,instructional,40,,Unit 1 Assessment Plan; Course Framework; AP Topic scoring-guide style reference,
U1-S3-BLO-Q20,AP/SCI BANK BUILD v4,AP Calculus AB,1,3,Blooket,instructional,Q20,current-section,U1-MG02,,,,,,,2,"Evaluate limits algebraically using direct substitution, limit laws, factoring, conjugates, and appropriate trigonometric or squeeze reasoning.","I can evaluate limits algebraically using direct substitution, limit laws, factoring, conjugates, and appropriate trigonometric or squeeze reasoning.",Critique of Reasoning,multiple choice,selected response,instructional,40,,Unit 1 Assessment Plan; Course Framework; AP Topic scoring-guide style reference,
U1-S4-BLO-Q01,AP/SCI BANK BUILD v4,AP Calculus AB,1,4,Blooket,instructional,Q01,current-section,U1-MG03,,,,,,,1,"Analyze continuity at a point and on intervals, and classify discontinuities using limits, function values, and piecewise definitions.","I can analyze continuity at a point and on intervals, and classify discontinuities using limits, function values, and piecewise definitions.",Justification and Theorem Conditions,multiple choice,selected response,instructional,40,,Unit 1 Assessment Plan; Course Framework; AP Topic scoring-guide style reference,
U1-S4-BLO-Q02,AP/SCI BANK BUILD v4,AP Calculus AB,1,4,Blooket,instructional,Q02,current-section,U1-MG03,,,,,,,1,"Analyze continuity at a point and on intervals, and classify discontinuities using limits, function values, and piecewise definitions.","I can analyze continuity at a point and on intervals, and classify discontinuities using limits, function values, and piecewise definitions.",Notation and Mathematical Communication,multiple choice,selected response,instructional,40,,Unit 1 Assessment Plan; Course Framework; AP Topic scoring-guide style reference,
U1-S4-BLO-Q03,AP/SCI BANK BUILD v4,AP Calculus AB,1,4,Blooket,instructional,Q03,current-section,U1-MG03,,,,,,,1,"Analyze continuity at a point and on intervals, and classify discontinuities using limits, function values, and piecewise definitions.","I can analyze continuity at a point and on intervals, and classify discontinuities using limits, function values, and piecewise definitions.",Interpretation Across Representations,multiple choice,selected response,instructional,40,,Unit 1 Assessment Plan; Course Framework; AP Topic scoring-guide style reference,
U1-S4-BLO-Q04,AP/SCI BANK BUILD v4,AP Calculus AB,1,4,Blooket,instructional,Q04,current-section,U1-MG03,,,,,,,1,"Analyze continuity at a point and on intervals, and classify discontinuities using limits, function values, and piecewise definitions.","I can analyze continuity at a point and on intervals, and classify discontinuities using limits, function values, and piecewise definitions.",Justification and Theorem Conditions,multiple choice,selected response,instructional,40,,Unit 1 Assessment Plan; Course Framework; AP Topic scoring-guide style reference,
U1-S4-BLO-Q05,AP/SCI BANK BUILD v4,AP Calculus AB,1,4,Blooket,instructional,Q05,current-section,U1-MG03,,,,,,,2,"Analyze continuity at a point and on intervals, and classify discontinuities using limits, function values, and piecewise definitions.","I can analyze continuity at a point and on intervals, and classify discontinuities using limits, function values, and piecewise definitions.",Notation and Mathematical Communication,multiple choice,selected response,instructional,40,,Unit 1 Assessment Plan; Course Framework; AP Topic scoring-guide style reference,
U1-S4-BLO-Q06,AP/SCI BANK BUILD v4,AP Calculus AB,1,4,Blooket,instructional,Q06,current-section,U1-MG03,,,,,,,1,"Analyze continuity at a point and on intervals, and classify discontinuities using limits, function values, and piecewise definitions.","I can analyze continuity at a point and on intervals, and classify discontinuities using limits, function values, and piecewise definitions.",Interpretation Across Representations,multiple choice,selected response,instructional,40,,Unit 1 Assessment Plan; Course Framework; AP Topic scoring-guide style reference,
U1-S4-BLO-Q07,AP/SCI BANK BUILD v4,AP Calculus AB,1,4,Blooket,instructional,Q07,current-section,U1-MG03,,,,,,,1,"Analyze continuity at a point and on intervals, and classify discontinuities using limits, function values, and piecewise definitions.","I can analyze continuity at a point and on intervals, and classify discontinuities using limits, function values, and piecewise definitions.",Justification and Theorem Conditions,multiple choice,selected response,instructional,40,,Unit 1 Assessment Plan; Course Framework; AP Topic scoring-guide style reference,
U1-S4-BLO-Q08,AP/SCI BANK BUILD v4,AP Calculus AB,1,4,Blooket,instructional,Q08,current-section,U1-MG03,,,,,,,1,"Analyze continuity at a point and on intervals, and classify discontinuities using limits, function values, and piecewise definitions.","I can analyze continuity at a point and on intervals, and classify discontinuities using limits, function values, and piecewise definitions.",Notation and Mathematical Communication,multiple choice,selected response,instructional,40,,Unit 1 Assessment Plan; Course Framework; AP Topic scoring-guide style reference,
U1-S4-BLO-Q09,AP/SCI BANK BUILD v4,AP Calculus AB,1,4,Blooket,instructional,Q09,current-section,U1-MG03,,,,,,,1,"Analyze continuity at a point and on intervals, and classify discontinuities using limits, function values, and piecewise definitions.","I can analyze continuity at a point and on intervals, and classify discontinuities using limits, function values, and piecewise definitions.",Interpretation Across Representations,multiple choice,selected response,instructional,40,,Unit 1 Assessment Plan; Course Framework; AP Topic scoring-guide style reference,
U1-S4-BLO-Q10,AP/SCI BANK BUILD v4,AP Calculus AB,1,4,Blooket,instructional,Q10,current-section,U1-MG03,,,,,,,2,"Analyze continuity at a point and on intervals, and classify discontinuities using limits, function values, and piecewise definitions.","I can analyze continuity at a point and on intervals, and classify discontinuities using limits, function values, and piecewise definitions.",Justification and Theorem Conditions,multiple choice,selected response,instructional,40,,Unit 1 Assessment Plan; Course Framework; AP Topic scoring-guide style reference,
U1-S4-BLO-Q11,AP/SCI BANK BUILD v4,AP Calculus AB,1,4,Blooket,instructional,Q11,current-section,U1-MG03,,,,,,,1,"Analyze continuity at a point and on intervals, and classify discontinuities using limits, function values, and piecewise definitions.","I can analyze continuity at a point and on intervals, and classify discontinuities using limits, function values, and piecewise definitions.",Notation and Mathematical Communication,multiple choice,selected response,instructional,40,,Unit 1 Assessment Plan; Course Framework; AP Topic scoring-guide style reference,
U1-S4-BLO-Q12,AP/SCI BANK BUILD v4,AP Calculus AB,1,4,Blooket,instructional,Q12,current-section,U1-MG03,,,,,,,1,"Analyze continuity at a point and on intervals, and classify discontinuities using limits, function values, and piecewise definitions.","I can analyze continuity at a point and on intervals, and classify discontinuities using limits, function values, and piecewise definitions.",Interpretation Across Representations,multiple choice,selected response,instructional,40,,Unit 1 Assessment Plan; Course Framework; AP Topic scoring-guide style reference,
U1-S4-BLO-Q13,AP/SCI BANK BUILD v4,AP Calculus AB,1,4,Blooket,instructional,Q13,current-section,U1-MG03,,,,,,,1,"Analyze continuity at a point and on intervals, and classify discontinuities using limits, function values, and piecewise definitions.","I can analyze continuity at a point and on intervals, and classify discontinuities using limits, function values, and piecewise definitions.",Justification and Theorem Conditions,multiple choice,selected response,instructional,40,,Unit 1 Assessment Plan; Course Framework; AP Topic scoring-guide style reference,
U1-S4-BLO-Q14,AP/SCI BANK BUILD v4,AP Calculus AB,1,4,Blooket,instructional,Q14,current-section,U1-MG03,,,,,,,1,"Analyze continuity at a point and on intervals, and classify discontinuities using limits, function values, and piecewise definitions.","I can analyze continuity at a point and on intervals, and classify discontinuities using limits, function values, and piecewise definitions.",Notation and Mathematical Communication,multiple choice,selected response,instructional,40,,Unit 1 Assessment Plan; Course Framework; AP Topic scoring-guide style reference,
U1-S4-BLO-Q15,AP/SCI BANK BUILD v4,AP Calculus AB,1,4,Blooket,instructional,Q15,current-section,U1-MG03,,,,,,,2,"Analyze continuity at a point and on intervals, and classify discontinuities using limits, function values, and piecewise definitions.","I can analyze continuity at a point and on intervals, and classify discontinuities using limits, function values, and piecewise definitions.",Interpretation Across Representations,multiple choice,selected response,instructional,40,,Unit 1 Assessment Plan; Course Framework; AP Topic scoring-guide style reference,
U1-S4-BLO-Q16,AP/SCI BANK BUILD v4,AP Calculus AB,1,4,Blooket,instructional,Q16,current-section,U1-MG03,,,,,,,1,"Analyze continuity at a point and on intervals, and classify discontinuities using limits, function values, and piecewise definitions.","I can analyze continuity at a point and on intervals, and classify discontinuities using limits, function values, and piecewise definitions.",Justification and Theorem Conditions,multiple choice,selected response,instructional,40,,Unit 1 Assessment Plan; Course Framework; AP Topic scoring-guide style reference,
U1-S4-BLO-Q17,AP/SCI BANK BUILD v4,AP Calculus AB,1,4,Blooket,instructional,Q17,current-section,U1-MG03,,,,,,,1,"Analyze continuity at a point and on intervals, and classify discontinuities using limits, function values, and piecewise definitions.","I can analyze continuity at a point and on intervals, and classify discontinuities using limits, function values, and piecewise definitions.",Notation and Mathematical Communication,multiple choice,selected response,instructional,40,,Unit 1 Assessment Plan; Course Framework; AP Topic scoring-guide style reference,
U1-S4-BLO-Q18,AP/SCI BANK BUILD v4,AP Calculus AB,1,4,Blooket,instructional,Q18,current-section,U1-MG03,,,,,,,1,"Analyze continuity at a point and on intervals, and classify discontinuities using limits, function values, and piecewise definitions.","I can analyze continuity at a point and on intervals, and classify discontinuities using limits, function values, and piecewise definitions.",Interpretation Across Representations,multiple choice,selected response,instructional,40,,Unit 1 Assessment Plan; Course Framework; AP Topic scoring-guide style reference,
U1-S4-BLO-Q19,AP/SCI BANK BUILD v4,AP Calculus AB,1,4,Blooket,instructional,Q19,current-section,U1-MG03,,,,,,,1,"Analyze continuity at a point and on intervals, and classify discontinuities using limits, function values, and piecewise definitions.","I can analyze continuity at a point and on intervals, and classify discontinuities using limits, function values, and piecewise definitions.",Justification and Theorem Conditions,multiple choice,selected response,instructional,40,,Unit 1 Assessment Plan; Course Framework; AP Topic scoring-guide style reference,
U1-S4-BLO-Q20,AP/SCI BANK BUILD v4,AP Calculus AB,1,4,Blooket,instructional,Q20,current-section,U1-MG03,,,,,,,2,"Analyze continuity at a point and on intervals, and classify discontinuities using limits, function values, and piecewise definitions.","I can analyze continuity at a point and on intervals, and classify discontinuities using limits, function values, and piecewise definitions.",Notation and Mathematical Communication,multiple choice,selected response,instructional,40,,Unit 1 Assessment Plan; Course Framework; AP Topic scoring-guide style reference,
U1-S5-BLO-Q01,AP/SCI BANK BUILD v4,AP Calculus AB,1,5,Blooket,instructional,Q01,current-section,U1-MG04,,,,,,,1,"Interpret infinite limits and limits at infinity to identify asymptotic behavior, and apply the Intermediate Value Theorem when its hypotheses are satisfied.","I can interpret infinite limits and limits at infinity to identify asymptotic behavior, and apply the Intermediate Value Theorem when its hypotheses are satisfied.",Notation and Mathematical Communication,multiple choice,selected response,instructional,40,,Unit 1 Assessment Plan; Course Framework; AP Topic scoring-guide style reference,
U1-S5-BLO-Q02,AP/SCI BANK BUILD v4,AP Calculus AB,1,5,Blooket,instructional,Q02,current-section,U1-MG04,,,,,,,1,"Interpret infinite limits and limits at infinity to identify asymptotic behavior, and apply the Intermediate Value Theorem when its hypotheses are satisfied.","I can interpret infinite limits and limits at infinity to identify asymptotic behavior, and apply the Intermediate Value Theorem when its hypotheses are satisfied.",Analytical Strategy Selection,multiple choice,selected response,instructional,40,,Unit 1 Assessment Plan; Course Framework; AP Topic scoring-guide style reference,
U1-S5-BLO-Q03,AP/SCI BANK BUILD v4,AP Calculus AB,1,5,Blooket,instructional,Q03,current-section,U1-MG04,,,,,,,1,"Interpret infinite limits and limits at infinity to identify asymptotic behavior, and apply the Intermediate Value Theorem when its hypotheses are satisfied.","I can interpret infinite limits and limits at infinity to identify asymptotic behavior, and apply the Intermediate Value Theorem when its hypotheses are satisfied.",Justification and Theorem Conditions,multiple choice,selected response,instructional,40,,Unit 1 Assessment Plan; Course Framework; AP Topic scoring-guide style reference,
U1-S5-BLO-Q04,AP/SCI BANK BUILD v4,AP Calculus AB,1,5,Blooket,instructional,Q04,current-section,U1-MG04,,,,,,,1,"Interpret infinite limits and limits at infinity to identify asymptotic behavior, and apply the Intermediate Value Theorem when its hypotheses are satisfied.","I can interpret infinite limits and limits at infinity to identify asymptotic behavior, and apply the Intermediate Value Theorem when its hypotheses are satisfied.",Notation and Mathematical Communication,multiple choice,selected response,instructional,40,,Unit 1 Assessment Plan; Course Framework; AP Topic scoring-guide style reference,
U1-S5-BLO-Q05,AP/SCI BANK BUILD v4,AP Calculus AB,1,5,Blooket,instructional,Q05,current-section,U1-MG04,,,,,,,2,"Interpret infinite limits and limits at infinity to identify asymptotic behavior, and apply the Intermediate Value Theorem when its hypotheses are satisfied.","I can interpret infinite limits and limits at infinity to identify asymptotic behavior, and apply the Intermediate Value Theorem when its hypotheses are satisfied.",Analytical Strategy Selection,multiple choice,selected response,instructional,40,,Unit 1 Assessment Plan; Course Framework; AP Topic scoring-guide style reference,
U1-S5-BLO-Q06,AP/SCI BANK BUILD v4,AP Calculus AB,1,5,Blooket,instructional,Q06,current-section,U1-MG04,,,,,,,1,"Interpret infinite limits and limits at infinity to identify asymptotic behavior, and apply the Intermediate Value Theorem when its hypotheses are satisfied.","I can interpret infinite limits and limits at infinity to identify asymptotic behavior, and apply the Intermediate Value Theorem when its hypotheses are satisfied.",Justification and Theorem Conditions,multiple choice,selected response,instructional,40,,Unit 1 Assessment Plan; Course Framework; AP Topic scoring-guide style reference,
U1-S5-BLO-Q07,AP/SCI BANK BUILD v4,AP Calculus AB,1,5,Blooket,instructional,Q07,current-section,U1-MG04,,,,,,,1,"Interpret infinite limits and limits at infinity to identify asymptotic behavior, and apply the Intermediate Value Theorem when its hypotheses are satisfied.","I can interpret infinite limits and limits at infinity to identify asymptotic behavior, and apply the Intermediate Value Theorem when its hypotheses are satisfied.",Notation and Mathematical Communication,multiple choice,selected response,instructional,40,,Unit 1 Assessment Plan; Course Framework; AP Topic scoring-guide style reference,
U1-S5-BLO-Q08,AP/SCI BANK BUILD v4,AP Calculus AB,1,5,Blooket,instructional,Q08,current-section,U1-MG04,,,,,,,1,"Interpret infinite limits and limits at infinity to identify asymptotic behavior, and apply the Intermediate Value Theorem when its hypotheses are satisfied.","I can interpret infinite limits and limits at infinity to identify asymptotic behavior, and apply the Intermediate Value Theorem when its hypotheses are satisfied.",Analytical Strategy Selection,multiple choice,selected response,instructional,40,,Unit 1 Assessment Plan; Course Framework; AP Topic scoring-guide style reference,
U1-S5-BLO-Q09,AP/SCI BANK BUILD v4,AP Calculus AB,1,5,Blooket,instructional,Q09,current-section,U1-MG04,,,,,,,1,"Interpret infinite limits and limits at infinity to identify asymptotic behavior, and apply the Intermediate Value Theorem when its hypotheses are satisfied.","I can interpret infinite limits and limits at infinity to identify asymptotic behavior, and apply the Intermediate Value Theorem when its hypotheses are satisfied.",Justification and Theorem Conditions,multiple choice,selected response,instructional,40,,Unit 1 Assessment Plan; Course Framework; AP Topic scoring-guide style reference,
U1-S5-BLO-Q10,AP/SCI BANK BUILD v4,AP Calculus AB,1,5,Blooket,instructional,Q10,current-section,U1-MG04,,,,,,,2,"Interpret infinite limits and limits at infinity to identify asymptotic behavior, and apply the Intermediate Value Theorem when its hypotheses are satisfied.","I can interpret infinite limits and limits at infinity to identify asymptotic behavior, and apply the Intermediate Value Theorem when its hypotheses are satisfied.",Notation and Mathematical Communication,multiple choice,selected response,instructional,40,,Unit 1 Assessment Plan; Course Framework; AP Topic scoring-guide style reference,
U1-S5-BLO-Q11,AP/SCI BANK BUILD v4,AP Calculus AB,1,5,Blooket,instructional,Q11,current-section,U1-MG04,,,,,,,1,"Interpret infinite limits and limits at infinity to identify asymptotic behavior, and apply the Intermediate Value Theorem when its hypotheses are satisfied.","I can interpret infinite limits and limits at infinity to identify asymptotic behavior, and apply the Intermediate Value Theorem when its hypotheses are satisfied.",Analytical Strategy Selection,multiple choice,selected response,instructional,40,,Unit 1 Assessment Plan; Course Framework; AP Topic scoring-guide style reference,
U1-S5-BLO-Q12,AP/SCI BANK BUILD v4,AP Calculus AB,1,5,Blooket,instructional,Q12,current-section,U1-MG04,,,,,,,1,"Interpret infinite limits and limits at infinity to identify asymptotic behavior, and apply the Intermediate Value Theorem when its hypotheses are satisfied.","I can interpret infinite limits and limits at infinity to identify asymptotic behavior, and apply the Intermediate Value Theorem when its hypotheses are satisfied.",Justification and Theorem Conditions,multiple choice,selected response,instructional,40,,Unit 1 Assessment Plan; Course Framework; AP Topic scoring-guide style reference,
U1-S5-BLO-Q13,AP/SCI BANK BUILD v4,AP Calculus AB,1,5,Blooket,instructional,Q13,current-section,U1-MG04,,,,,,,1,"Interpret infinite limits and limits at infinity to identify asymptotic behavior, and apply the Intermediate Value Theorem when its hypotheses are satisfied.","I can interpret infinite limits and limits at infinity to identify asymptotic behavior, and apply the Intermediate Value Theorem when its hypotheses are satisfied.",Notation and Mathematical Communication,multiple choice,selected response,instructional,40,,Unit 1 Assessment Plan; Course Framework; AP Topic scoring-guide style reference,
U1-S5-BLO-Q14,AP/SCI BANK BUILD v4,AP Calculus AB,1,5,Blooket,instructional,Q14,current-section,U1-MG04,,,,,,,1,"Interpret infinite limits and limits at infinity to identify asymptotic behavior, and apply the Intermediate Value Theorem when its hypotheses are satisfied.","I can interpret infinite limits and limits at infinity to identify asymptotic behavior, and apply the Intermediate Value Theorem when its hypotheses are satisfied.",Analytical Strategy Selection,multiple choice,selected response,instructional,40,,Unit 1 Assessment Plan; Course Framework; AP Topic scoring-guide style reference,
U1-S5-BLO-Q15,AP/SCI BANK BUILD v4,AP Calculus AB,1,5,Blooket,instructional,Q15,current-section,U1-MG04,,,,,,,2,"Interpret infinite limits and limits at infinity to identify asymptotic behavior, and apply the Intermediate Value Theorem when its hypotheses are satisfied.","I can interpret infinite limits and limits at infinity to identify asymptotic behavior, and apply the Intermediate Value Theorem when its hypotheses are satisfied.",Justification and Theorem Conditions,multiple choice,selected response,instructional,40,,Unit 1 Assessment Plan; Course Framework; AP Topic scoring-guide style reference,
U1-S5-BLO-Q16,AP/SCI BANK BUILD v4,AP Calculus AB,1,5,Blooket,instructional,Q16,current-section,U1-MG04,,,,,,,1,"Interpret infinite limits and limits at infinity to identify asymptotic behavior, and apply the Intermediate Value Theorem when its hypotheses are satisfied.","I can interpret infinite limits and limits at infinity to identify asymptotic behavior, and apply the Intermediate Value Theorem when its hypotheses are satisfied.",Notation and Mathematical Communication,multiple choice,selected response,instructional,40,,Unit 1 Assessment Plan; Course Framework; AP Topic scoring-guide style reference,
U1-S5-BLO-Q17,AP/SCI BANK BUILD v4,AP Calculus AB,1,5,Blooket,instructional,Q17,current-section,U1-MG04,,,,,,,1,"Interpret infinite limits and limits at infinity to identify asymptotic behavior, and apply the Intermediate Value Theorem when its hypotheses are satisfied.","I can interpret infinite limits and limits at infinity to identify asymptotic behavior, and apply the Intermediate Value Theorem when its hypotheses are satisfied.",Analytical Strategy Selection,multiple choice,selected response,instructional,40,,Unit 1 Assessment Plan; Course Framework; AP Topic scoring-guide style reference,
U1-S5-BLO-Q18,AP/SCI BANK BUILD v4,AP Calculus AB,1,5,Blooket,instructional,Q18,current-section,U1-MG04,,,,,,,1,"Interpret infinite limits and limits at infinity to identify asymptotic behavior, and apply the Intermediate Value Theorem when its hypotheses are satisfied.","I can interpret infinite limits and limits at infinity to identify asymptotic behavior, and apply the Intermediate Value Theorem when its hypotheses are satisfied.",Justification and Theorem Conditions,multiple choice,selected response,instructional,40,,Unit 1 Assessment Plan; Course Framework; AP Topic scoring-guide style reference,
U1-S5-BLO-Q19,AP/SCI BANK BUILD v4,AP Calculus AB,1,5,Blooket,instructional,Q19,current-section,U1-MG04,,,,,,,1,"Interpret infinite limits and limits at infinity to identify asymptotic behavior, and apply the Intermediate Value Theorem when its hypotheses are satisfied.","I can interpret infinite limits and limits at infinity to identify asymptotic behavior, and apply the Intermediate Value Theorem when its hypotheses are satisfied.",Notation and Mathematical Communication,multiple choice,selected response,instructional,40,,Unit 1 Assessment Plan; Course Framework; AP Topic scoring-guide style reference,
U1-S5-BLO-Q20,AP/SCI BANK BUILD v4,AP Calculus AB,1,5,Blooket,instructional,Q20,current-section,U1-MG04,,,,,,,2,"Interpret infinite limits and limits at infinity to identify asymptotic behavior, and apply the Intermediate Value Theorem when its hypotheses are satisfied.","I can interpret infinite limits and limits at infinity to identify asymptotic behavior, and apply the Intermediate Value Theorem when its hypotheses are satisfied.",Analytical Strategy Selection,multiple choice,selected response,instructional,40,,Unit 1 Assessment Plan; Course Framework; AP Topic scoring-guide style reference,
U1-S1-WU1-PK01,AP/SCI BANK BUILD v4,AP Calculus AB,1,1,Warm-Up 1,instructional,Q01,prior-knowledge,U1-MG01,,,,,,,1,Relate average versus instantaneous change to the idea of a limit and read and interpret limit notation.,I can relate average versus instantaneous change to the idea of a limit and read and interpret limit notation.,Notation and Mathematical Communication,short response,exact,instructional,150,,Unit 1 Assessment Plan; Course Framework; AP Topic scoring-guide style reference,
U1-S1-WU1-PK02,AP/SCI BANK BUILD v4,AP Calculus AB,1,1,Warm-Up 1,instructional,Q02,prior-knowledge,U1-MG01,,,,,,,1,Relate average versus instantaneous change to the idea of a limit and read and interpret limit notation.,I can relate average versus instantaneous change to the idea of a limit and read and interpret limit notation.,Interpretation Across Representations,short response,exact,instructional,150,,Unit 1 Assessment Plan; Course Framework; AP Topic scoring-guide style reference,
U1-S1-WU2-Q01,AP/SCI BANK BUILD v4,AP Calculus AB,1,1,Warm-Up 2,instructional,Q01,unit-to-date,U1-MG01,,,,,,,2,Relate average versus instantaneous change to the idea of a limit and read and interpret limit notation.,I can relate average versus instantaneous change to the idea of a limit and read and interpret limit notation.,Notation and Mathematical Communication,short response,exact,instructional,150,,Unit 1 Assessment Plan; Course Framework; AP Topic scoring-guide style reference,
U1-S1-WU2-Q02,AP/SCI BANK BUILD v4,AP Calculus AB,1,1,Warm-Up 2,instructional,Q02,unit-to-date,U1-MG01,,,,,,,2,Relate average versus instantaneous change to the idea of a limit and read and interpret limit notation.,I can relate average versus instantaneous change to the idea of a limit and read and interpret limit notation.,Interpretation Across Representations,short response,exact,instructional,150,,Unit 1 Assessment Plan; Course Framework; AP Topic scoring-guide style reference,
U1-S1-WU3-Q01,AP/SCI BANK BUILD v4,AP Calculus AB,1,1,Warm-Up 3,instructional,Q01,unit-to-date,U1-MG01,,,,,,,2,Relate average versus instantaneous change to the idea of a limit and read and interpret limit notation.,I can relate average versus instantaneous change to the idea of a limit and read and interpret limit notation.,Notation and Mathematical Communication,short response,exact,instructional,150,,Unit 1 Assessment Plan; Course Framework; AP Topic scoring-guide style reference,
U1-S1-WU3-Q02,AP/SCI BANK BUILD v4,AP Calculus AB,1,1,Warm-Up 3,instructional,Q02,unit-to-date,U1-MG01,,,,,,,2,Relate average versus instantaneous change to the idea of a limit and read and interpret limit notation.,I can relate average versus instantaneous change to the idea of a limit and read and interpret limit notation.,Interpretation Across Representations,short response,exact,instructional,150,,Unit 1 Assessment Plan; Course Framework; AP Topic scoring-guide style reference,
U1-S2-WU1-PK01,AP/SCI BANK BUILD v4,AP Calculus AB,1,2,Warm-Up 1,instructional,Q01,prior-knowledge,U1-MG01,,,,,,,1,"Determine one-sided and two-sided limits from graphs and tables, including when a limit does not exist.","I can determine one-sided and two-sided limits from graphs and tables, including when a limit does not exist.",Calculator and Non-Calculator Reasoning,short response,exact,instructional,150,,Unit 1 Assessment Plan; Course Framework; AP Topic scoring-guide style reference,
U1-S2-WU1-PK02,AP/SCI BANK BUILD v4,AP Calculus AB,1,2,Warm-Up 1,instructional,Q02,prior-knowledge,U1-MG01,,,,,,,1,"Determine one-sided and two-sided limits from graphs and tables, including when a limit does not exist.","I can determine one-sided and two-sided limits from graphs and tables, including when a limit does not exist.",Notation and Mathematical Communication,short response,exact,instructional,150,,Unit 1 Assessment Plan; Course Framework; AP Topic scoring-guide style reference,
U1-S2-WU2-Q01,AP/SCI BANK BUILD v4,AP Calculus AB,1,2,Warm-Up 2,instructional,Q01,unit-to-date,U1-MG01,,,,,,,2,"Determine one-sided and two-sided limits from graphs and tables, including when a limit does not exist.","I can determine one-sided and two-sided limits from graphs and tables, including when a limit does not exist.",Calculator and Non-Calculator Reasoning,short response,exact,instructional,150,,Unit 1 Assessment Plan; Course Framework; AP Topic scoring-guide style reference,
U1-S2-WU2-Q02,AP/SCI BANK BUILD v4,AP Calculus AB,1,2,Warm-Up 2,instructional,Q02,unit-to-date,U1-MG01,,,,,,,2,"Determine one-sided and two-sided limits from graphs and tables, including when a limit does not exist.","I can determine one-sided and two-sided limits from graphs and tables, including when a limit does not exist.",Notation and Mathematical Communication,short response,exact,instructional,150,,Unit 1 Assessment Plan; Course Framework; AP Topic scoring-guide style reference,
U1-S2-WU3-Q01,AP/SCI BANK BUILD v4,AP Calculus AB,1,2,Warm-Up 3,instructional,Q01,unit-to-date,U1-MG01,,,,,,,2,"Determine one-sided and two-sided limits from graphs and tables, including when a limit does not exist.","I can determine one-sided and two-sided limits from graphs and tables, including when a limit does not exist.",Calculator and Non-Calculator Reasoning,short response,exact,instructional,150,,Unit 1 Assessment Plan; Course Framework; AP Topic scoring-guide style reference,
U1-S2-WU3-Q02,AP/SCI BANK BUILD v4,AP Calculus AB,1,2,Warm-Up 3,instructional,Q02,unit-to-date,U1-MG01,,,,,,,2,"Determine one-sided and two-sided limits from graphs and tables, including when a limit does not exist.","I can determine one-sided and two-sided limits from graphs and tables, including when a limit does not exist.",Notation and Mathematical Communication,short response,exact,instructional,150,,Unit 1 Assessment Plan; Course Framework; AP Topic scoring-guide style reference,
U1-S3-WU1-PK01,AP/SCI BANK BUILD v4,AP Calculus AB,1,3,Warm-Up 1,instructional,Q01,prior-knowledge,U1-MG02,,,,,,,1,"Evaluate limits algebraically using direct substitution, limit laws, factoring, conjugates, and appropriate trigonometric or squeeze reasoning.","I can evaluate limits algebraically using direct substitution, limit laws, factoring, conjugates, and appropriate trigonometric or squeeze reasoning.",Notation and Mathematical Communication,short response,exact,instructional,150,,Unit 1 Assessment Plan; Course Framework; AP Topic scoring-guide style reference,
U1-S3-WU1-PK02,AP/SCI BANK BUILD v4,AP Calculus AB,1,3,Warm-Up 1,instructional,Q02,prior-knowledge,U1-MG02,,,,,,,1,"Evaluate limits algebraically using direct substitution, limit laws, factoring, conjugates, and appropriate trigonometric or squeeze reasoning.","I can evaluate limits algebraically using direct substitution, limit laws, factoring, conjugates, and appropriate trigonometric or squeeze reasoning.",Critique of Reasoning,short response,exact,instructional,150,,Unit 1 Assessment Plan; Course Framework; AP Topic scoring-guide style reference,
U1-S3-WU2-Q01,AP/SCI BANK BUILD v4,AP Calculus AB,1,3,Warm-Up 2,instructional,Q01,unit-to-date,U1-MG02,,,,,,,2,"Evaluate limits algebraically using direct substitution, limit laws, factoring, conjugates, and appropriate trigonometric or squeeze reasoning.","I can evaluate limits algebraically using direct substitution, limit laws, factoring, conjugates, and appropriate trigonometric or squeeze reasoning.",Notation and Mathematical Communication,short response,exact,instructional,150,,Unit 1 Assessment Plan; Course Framework; AP Topic scoring-guide style reference,
U1-S3-WU2-Q02,AP/SCI BANK BUILD v4,AP Calculus AB,1,3,Warm-Up 2,instructional,Q02,unit-to-date,U1-MG02,,,,,,,2,"Evaluate limits algebraically using direct substitution, limit laws, factoring, conjugates, and appropriate trigonometric or squeeze reasoning.","I can evaluate limits algebraically using direct substitution, limit laws, factoring, conjugates, and appropriate trigonometric or squeeze reasoning.",Critique of Reasoning,short response,exact,instructional,150,,Unit 1 Assessment Plan; Course Framework; AP Topic scoring-guide style reference,
U1-S3-WU3-Q01,AP/SCI BANK BUILD v4,AP Calculus AB,1,3,Warm-Up 3,instructional,Q01,unit-to-date,U1-MG02,,,,,,,2,"Evaluate limits algebraically using direct substitution, limit laws, factoring, conjugates, and appropriate trigonometric or squeeze reasoning.","I can evaluate limits algebraically using direct substitution, limit laws, factoring, conjugates, and appropriate trigonometric or squeeze reasoning.",Notation and Mathematical Communication,short response,exact,instructional,150,,Unit 1 Assessment Plan; Course Framework; AP Topic scoring-guide style reference,
U1-S3-WU3-Q02,AP/SCI BANK BUILD v4,AP Calculus AB,1,3,Warm-Up 3,instructional,Q02,unit-to-date,U1-MG02,,,,,,,2,"Evaluate limits algebraically using direct substitution, limit laws, factoring, conjugates, and appropriate trigonometric or squeeze reasoning.","I can evaluate limits algebraically using direct substitution, limit laws, factoring, conjugates, and appropriate trigonometric or squeeze reasoning.",Critique of Reasoning,short response,exact,instructional,150,,Unit 1 Assessment Plan; Course Framework; AP Topic scoring-guide style reference,
U1-S4-WU1-PK01,AP/SCI BANK BUILD v4,AP Calculus AB,1,4,Warm-Up 1,instructional,Q01,prior-knowledge,U1-MG03,,,,,,,1,"Analyze continuity at a point and on intervals, and classify discontinuities using limits, function values, and piecewise definitions.","I can analyze continuity at a point and on intervals, and classify discontinuities using limits, function values, and piecewise definitions.",Justification and Theorem Conditions,short response,exact,instructional,150,,Unit 1 Assessment Plan; Course Framework; AP Topic scoring-guide style reference,
U1-S4-WU1-PK02,AP/SCI BANK BUILD v4,AP Calculus AB,1,4,Warm-Up 1,instructional,Q02,prior-knowledge,U1-MG03,,,,,,,1,"Analyze continuity at a point and on intervals, and classify discontinuities using limits, function values, and piecewise definitions.","I can analyze continuity at a point and on intervals, and classify discontinuities using limits, function values, and piecewise definitions.",Notation and Mathematical Communication,short response,exact,instructional,150,,Unit 1 Assessment Plan; Course Framework; AP Topic scoring-guide style reference,
U1-S4-WU2-Q01,AP/SCI BANK BUILD v4,AP Calculus AB,1,4,Warm-Up 2,instructional,Q01,unit-to-date,U1-MG03,,,,,,,2,"Analyze continuity at a point and on intervals, and classify discontinuities using limits, function values, and piecewise definitions.","I can analyze continuity at a point and on intervals, and classify discontinuities using limits, function values, and piecewise definitions.",Justification and Theorem Conditions,short response,exact,instructional,150,,Unit 1 Assessment Plan; Course Framework; AP Topic scoring-guide style reference,
U1-S4-WU2-Q02,AP/SCI BANK BUILD v4,AP Calculus AB,1,4,Warm-Up 2,instructional,Q02,unit-to-date,U1-MG03,,,,,,,2,"Analyze continuity at a point and on intervals, and classify discontinuities using limits, function values, and piecewise definitions.","I can analyze continuity at a point and on intervals, and classify discontinuities using limits, function values, and piecewise definitions.",Notation and Mathematical Communication,short response,exact,instructional,150,,Unit 1 Assessment Plan; Course Framework; AP Topic scoring-guide style reference,
U1-S4-WU3-Q01,AP/SCI BANK BUILD v4,AP Calculus AB,1,4,Warm-Up 3,instructional,Q01,unit-to-date,U1-MG03,,,,,,,2,"Analyze continuity at a point and on intervals, and classify discontinuities using limits, function values, and piecewise definitions.","I can analyze continuity at a point and on intervals, and classify discontinuities using limits, function values, and piecewise definitions.",Justification and Theorem Conditions,short response,exact,instructional,150,,Unit 1 Assessment Plan; Course Framework; AP Topic scoring-guide style reference,
U1-S4-WU3-Q02,AP/SCI BANK BUILD v4,AP Calculus AB,1,4,Warm-Up 3,instructional,Q02,unit-to-date,U1-MG03,,,,,,,2,"Analyze continuity at a point and on intervals, and classify discontinuities using limits, function values, and piecewise definitions.","I can analyze continuity at a point and on intervals, and classify discontinuities using limits, function values, and piecewise definitions.",Notation and Mathematical Communication,short response,exact,instructional,150,,Unit 1 Assessment Plan; Course Framework; AP Topic scoring-guide style reference,
U1-S5-WU1-PK01,AP/SCI BANK BUILD v4,AP Calculus AB,1,5,Warm-Up 1,instructional,Q01,prior-knowledge,U1-MG04,,,,,,,1,"Interpret infinite limits and limits at infinity to identify asymptotic behavior, and apply the Intermediate Value Theorem when its hypotheses are satisfied.","I can interpret infinite limits and limits at infinity to identify asymptotic behavior, and apply the Intermediate Value Theorem when its hypotheses are satisfied.",Notation and Mathematical Communication,short response,exact,instructional,150,,Unit 1 Assessment Plan; Course Framework; AP Topic scoring-guide style reference,
U1-S5-WU1-PK02,AP/SCI BANK BUILD v4,AP Calculus AB,1,5,Warm-Up 1,instructional,Q02,prior-knowledge,U1-MG04,,,,,,,1,"Interpret infinite limits and limits at infinity to identify asymptotic behavior, and apply the Intermediate Value Theorem when its hypotheses are satisfied.","I can interpret infinite limits and limits at infinity to identify asymptotic behavior, and apply the Intermediate Value Theorem when its hypotheses are satisfied.",Analytical Strategy Selection,short response,exact,instructional,150,,Unit 1 Assessment Plan; Course Framework; AP Topic scoring-guide style reference,
U1-S5-WU2-Q01,AP/SCI BANK BUILD v4,AP Calculus AB,1,5,Warm-Up 2,instructional,Q01,unit-to-date,U1-MG04,,,,,,,2,"Interpret infinite limits and limits at infinity to identify asymptotic behavior, and apply the Intermediate Value Theorem when its hypotheses are satisfied.","I can interpret infinite limits and limits at infinity to identify asymptotic behavior, and apply the Intermediate Value Theorem when its hypotheses are satisfied.",Notation and Mathematical Communication,short response,exact,instructional,150,,Unit 1 Assessment Plan; Course Framework; AP Topic scoring-guide style reference,
U1-S5-WU2-Q02,AP/SCI BANK BUILD v4,AP Calculus AB,1,5,Warm-Up 2,instructional,Q02,unit-to-date,U1-MG04,,,,,,,2,"Interpret infinite limits and limits at infinity to identify asymptotic behavior, and apply the Intermediate Value Theorem when its hypotheses are satisfied.","I can interpret infinite limits and limits at infinity to identify asymptotic behavior, and apply the Intermediate Value Theorem when its hypotheses are satisfied.",Analytical Strategy Selection,short response,exact,instructional,150,,Unit 1 Assessment Plan; Course Framework; AP Topic scoring-guide style reference,
U1-S5-WU3-Q01,AP/SCI BANK BUILD v4,AP Calculus AB,1,5,Warm-Up 3,instructional,Q01,unit-to-date,U1-MG04,,,,,,,2,"Interpret infinite limits and limits at infinity to identify asymptotic behavior, and apply the Intermediate Value Theorem when its hypotheses are satisfied.","I can interpret infinite limits and limits at infinity to identify asymptotic behavior, and apply the Intermediate Value Theorem when its hypotheses are satisfied.",Notation and Mathematical Communication,short response,exact,instructional,150,,Unit 1 Assessment Plan; Course Framework; AP Topic scoring-guide style reference,
U1-S5-WU3-Q02,AP/SCI BANK BUILD v4,AP Calculus AB,1,5,Warm-Up 3,instructional,Q02,unit-to-date,U1-MG04,,,,,,,2,"Interpret infinite limits and limits at infinity to identify asymptotic behavior, and apply the Intermediate Value Theorem when its hypotheses are satisfied.","I can interpret infinite limits and limits at infinity to identify asymptotic behavior, and apply the Intermediate Value Theorem when its hypotheses are satisfied.",Analytical Strategy Selection,short response,exact,instructional,150,,Unit 1 Assessment Plan; Course Framework; AP Topic scoring-guide style reference,
U1-S1-ET-A-Q01,AP/SCI BANK BUILD v4,AP Calculus AB,1,1,Exit Ticket A,assessment,Q01,secure-evidence,U1-MG01,U1-EP-ET-S1-A-01,,,,,,1,Relate average versus instantaneous change to the idea of a limit and read and interpret limit notation.,I can relate average versus instantaneous change to the idea of a limit and read and interpret limit notation.,Notation and Mathematical Communication,short response,exact,formative-secure,100,,Unit 1 Assessment Plan; Course Framework; AP Topic scoring-guide style reference,Quick evidence intentionally overlaps the section Mastery Goal.
U1-S1-ET-A-Q02,AP/SCI BANK BUILD v4,AP Calculus AB,1,1,Exit Ticket A,assessment,Q02,secure-evidence,U1-MG01,U1-EP-ET-S1-A-02,,,,,,2,Relate average versus instantaneous change to the idea of a limit and read and interpret limit notation.,I can relate average versus instantaneous change to the idea of a limit and read and interpret limit notation.,Notation and Mathematical Communication,multiple choice,selected response,formative-secure,90,,Unit 1 Assessment Plan; Course Framework; AP Topic scoring-guide style reference,Quick evidence intentionally overlaps the section Mastery Goal.
U1-S1-ET-B-Q01,AP/SCI BANK BUILD v4,AP Calculus AB,1,1,Exit Ticket B,assessment,Q01,secure-evidence,U1-MG01,U1-EP-ET-S1-B-01,,,,,,2,Relate average versus instantaneous change to the idea of a limit and read and interpret limit notation.,I can relate average versus instantaneous change to the idea of a limit and read and interpret limit notation.,Notation and Mathematical Communication,short response,exact,formative-secure,100,u1_s1_etb_f15.png,Unit 1 Assessment Plan; Course Framework; AP Topic scoring-guide style reference,Quick evidence intentionally overlaps the section Mastery Goal.
U1-S1-ET-B-Q02,AP/SCI BANK BUILD v4,AP Calculus AB,1,1,Exit Ticket B,assessment,Q02,secure-evidence,U1-MG01,U1-EP-ET-S1-B-02,,,,,,2,Relate average versus instantaneous change to the idea of a limit and read and interpret limit notation.,I can relate average versus instantaneous change to the idea of a limit and read and interpret limit notation.,Interpretation Across Representations,short response,exact,formative-secure,100,,Unit 1 Assessment Plan; Course Framework; AP Topic scoring-guide style reference,Quick evidence intentionally overlaps the section Mastery Goal.
U1-S1-ET-C-Q01,AP/SCI BANK BUILD v4,AP Calculus AB,1,1,Exit Ticket C,assessment,Q01,secure-evidence,U1-MG01,U1-EP-ET-S1-C-01,,,,,,2,Relate average versus instantaneous change to the idea of a limit and read and interpret limit notation.,I can relate average versus instantaneous change to the idea of a limit and read and interpret limit notation.,Notation and Mathematical Communication,short response,exact,formative-secure,100,,Unit 1 Assessment Plan; Course Framework; AP Topic scoring-guide style reference,Quick evidence intentionally overlaps the section Mastery Goal.
U1-S1-ET-C-Q02,AP/SCI BANK BUILD v4,AP Calculus AB,1,1,Exit Ticket C,assessment,Q02,secure-evidence,U1-MG01,U1-EP-ET-S1-C-02,,,,,,2,Relate average versus instantaneous change to the idea of a limit and read and interpret limit notation.,I can relate average versus instantaneous change to the idea of a limit and read and interpret limit notation.,Notation and Mathematical Communication,short response,exact,formative-secure,100,,Unit 1 Assessment Plan; Course Framework; AP Topic scoring-guide style reference,Quick evidence intentionally overlaps the section Mastery Goal.
U1-S2-ET-A-Q01,AP/SCI BANK BUILD v4,AP Calculus AB,1,2,Exit Ticket A,assessment,Q01,secure-evidence,U1-MG01,U1-EP-ET-S2-A-01,,,,,,1,"Determine one-sided and two-sided limits from graphs and tables, including when a limit does not exist.","I can determine one-sided and two-sided limits from graphs and tables, including when a limit does not exist.",Interpretation Across Representations,short response,exact,formative-secure,100,,Unit 1 Assessment Plan; Course Framework; AP Topic scoring-guide style reference,Quick evidence intentionally overlaps the section Mastery Goal.
U1-S2-ET-A-Q02,AP/SCI BANK BUILD v4,AP Calculus AB,1,2,Exit Ticket A,assessment,Q02,secure-evidence,U1-MG01,U1-EP-ET-S2-A-02,,,,,,1,"Determine one-sided and two-sided limits from graphs and tables, including when a limit does not exist.","I can determine one-sided and two-sided limits from graphs and tables, including when a limit does not exist.",Calculator and Non-Calculator Reasoning,short response,exact,formative-secure,100,,Unit 1 Assessment Plan; Course Framework; AP Topic scoring-guide style reference,Quick evidence intentionally overlaps the section Mastery Goal.
U1-S2-ET-B-Q01,AP/SCI BANK BUILD v4,AP Calculus AB,1,2,Exit Ticket B,assessment,Q01,secure-evidence,U1-MG01,U1-EP-ET-S2-B-01,,,,,,2,"Determine one-sided and two-sided limits from graphs and tables, including when a limit does not exist.","I can determine one-sided and two-sided limits from graphs and tables, including when a limit does not exist.",Calculator and Non-Calculator Reasoning,multiple choice,selected response,formative-secure,90,,Unit 1 Assessment Plan; Course Framework; AP Topic scoring-guide style reference,Quick evidence intentionally overlaps the section Mastery Goal.
U1-S2-ET-B-Q02,AP/SCI BANK BUILD v4,AP Calculus AB,1,2,Exit Ticket B,assessment,Q02,secure-evidence,U1-MG01,U1-EP-ET-S2-B-02,,,,,,2,"Determine one-sided and two-sided limits from graphs and tables, including when a limit does not exist.","I can determine one-sided and two-sided limits from graphs and tables, including when a limit does not exist.",Calculator and Non-Calculator Reasoning,short response,exact,formative-secure,100,,Unit 1 Assessment Plan; Course Framework; AP Topic scoring-guide style reference,Quick evidence intentionally overlaps the section Mastery Goal.
U1-S2-ET-C-Q01,AP/SCI BANK BUILD v4,AP Calculus AB,1,2,Exit Ticket C,assessment,Q01,secure-evidence,U1-MG01,U1-EP-ET-S2-C-01,,,,,,2,"Determine one-sided and two-sided limits from graphs and tables, including when a limit does not exist.","I can determine one-sided and two-sided limits from graphs and tables, including when a limit does not exist.",Interpretation Across Representations,short response,exact,formative-secure,100,u1_s2_etc_f15.png,Unit 1 Assessment Plan; Course Framework; AP Topic scoring-guide style reference,Quick evidence intentionally overlaps the section Mastery Goal.
U1-S2-ET-C-Q02,AP/SCI BANK BUILD v4,AP Calculus AB,1,2,Exit Ticket C,assessment,Q02,secure-evidence,U1-MG01,U1-EP-ET-S2-C-02,,,,,,2,"Determine one-sided and two-sided limits from graphs and tables, including when a limit does not exist.","I can determine one-sided and two-sided limits from graphs and tables, including when a limit does not exist.",Interpretation Across Representations,short response,exact,formative-secure,100,,Unit 1 Assessment Plan; Course Framework; AP Topic scoring-guide style reference,Quick evidence intentionally overlaps the section Mastery Goal.
U1-S3-ET-A-Q01,AP/SCI BANK BUILD v4,AP Calculus AB,1,3,Exit Ticket A,assessment,Q01,secure-evidence,U1-MG02,U1-EP-ET-S3-A-01,,,,,,1,"Evaluate limits algebraically using direct substitution, limit laws, factoring, conjugates, and appropriate trigonometric or squeeze reasoning.","I can evaluate limits algebraically using direct substitution, limit laws, factoring, conjugates, and appropriate trigonometric or squeeze reasoning.",Notation and Mathematical Communication,short response,exact,formative-secure,100,,Unit 1 Assessment Plan; Course Framework; AP Topic scoring-guide style reference,Quick evidence intentionally overlaps the section Mastery Goal.
U1-S3-ET-A-Q02,AP/SCI BANK BUILD v4,AP Calculus AB,1,3,Exit Ticket A,assessment,Q02,secure-evidence,U1-MG02,U1-EP-ET-S3-A-02,,,,,,1,"Evaluate limits algebraically using direct substitution, limit laws, factoring, conjugates, and appropriate trigonometric or squeeze reasoning.","I can evaluate limits algebraically using direct substitution, limit laws, factoring, conjugates, and appropriate trigonometric or squeeze reasoning.",Analytical Strategy Selection,short response,exact,formative-secure,100,,Unit 1 Assessment Plan; Course Framework; AP Topic scoring-guide style reference,Quick evidence intentionally overlaps the section Mastery Goal.
U1-S3-ET-B-Q01,AP/SCI BANK BUILD v4,AP Calculus AB,1,3,Exit Ticket B,assessment,Q01,secure-evidence,U1-MG02,U1-EP-ET-S3-B-01,,,,,,2,"Evaluate limits algebraically using direct substitution, limit laws, factoring, conjugates, and appropriate trigonometric or squeeze reasoning.","I can evaluate limits algebraically using direct substitution, limit laws, factoring, conjugates, and appropriate trigonometric or squeeze reasoning.",Analytical Strategy Selection,multiple choice,selected response,formative-secure,90,,Unit 1 Assessment Plan; Course Framework; AP Topic scoring-guide style reference,Quick evidence intentionally overlaps the section Mastery Goal.
U1-S3-ET-B-Q02,AP/SCI BANK BUILD v4,AP Calculus AB,1,3,Exit Ticket B,assessment,Q02,secure-evidence,U1-MG02,U1-EP-ET-S3-B-02,,,,,,2,"Evaluate limits algebraically using direct substitution, limit laws, factoring, conjugates, and appropriate trigonometric or squeeze reasoning.","I can evaluate limits algebraically using direct substitution, limit laws, factoring, conjugates, and appropriate trigonometric or squeeze reasoning.",Notation and Mathematical Communication,multiple choice,selected response,formative-secure,90,,Unit 1 Assessment Plan; Course Framework; AP Topic scoring-guide style reference,Quick evidence intentionally overlaps the section Mastery Goal.
U1-S3-ET-C-Q01,AP/SCI BANK BUILD v4,AP Calculus AB,1,3,Exit Ticket C,assessment,Q01,secure-evidence,U1-MG02,U1-EP-ET-S3-C-01,,,,,,2,"Evaluate limits algebraically using direct substitution, limit laws, factoring, conjugates, and appropriate trigonometric or squeeze reasoning.","I can evaluate limits algebraically using direct substitution, limit laws, factoring, conjugates, and appropriate trigonometric or squeeze reasoning.",Critique of Reasoning,short response,exact,formative-secure,100,,Unit 1 Assessment Plan; Course Framework; AP Topic scoring-guide style reference,Quick evidence intentionally overlaps the section Mastery Goal.
U1-S3-ET-C-Q02,AP/SCI BANK BUILD v4,AP Calculus AB,1,3,Exit Ticket C,assessment,Q02,secure-evidence,U1-MG02,U1-EP-ET-S3-C-02,,,,,,2,"Evaluate limits algebraically using direct substitution, limit laws, factoring, conjugates, and appropriate trigonometric or squeeze reasoning.","I can evaluate limits algebraically using direct substitution, limit laws, factoring, conjugates, and appropriate trigonometric or squeeze reasoning.",Analytical Strategy Selection,short response,exact,formative-secure,100,,Unit 1 Assessment Plan; Course Framework; AP Topic scoring-guide style reference,Quick evidence intentionally overlaps the section Mastery Goal.
U1-S4-ET-A-Q01,AP/SCI BANK BUILD v4,AP Calculus AB,1,4,Exit Ticket A,assessment,Q01,secure-evidence,U1-MG03,U1-EP-ET-S4-A-01,,,,,,1,"Analyze continuity at a point and on intervals, and classify discontinuities using limits, function values, and piecewise definitions.","I can analyze continuity at a point and on intervals, and classify discontinuities using limits, function values, and piecewise definitions.",Justification and Theorem Conditions,short response,exact,formative-secure,100,,Unit 1 Assessment Plan; Course Framework; AP Topic scoring-guide style reference,Quick evidence intentionally overlaps the section Mastery Goal.
U1-S4-ET-A-Q02,AP/SCI BANK BUILD v4,AP Calculus AB,1,4,Exit Ticket A,assessment,Q02,secure-evidence,U1-MG03,U1-EP-ET-S4-A-02,,,,,,1,"Analyze continuity at a point and on intervals, and classify discontinuities using limits, function values, and piecewise definitions.","I can analyze continuity at a point and on intervals, and classify discontinuities using limits, function values, and piecewise definitions.",Notation and Mathematical Communication,short response,exact,formative-secure,100,,Unit 1 Assessment Plan; Course Framework; AP Topic scoring-guide style reference,Quick evidence intentionally overlaps the section Mastery Goal.
U1-S4-ET-B-Q01,AP/SCI BANK BUILD v4,AP Calculus AB,1,4,Exit Ticket B,assessment,Q01,secure-evidence,U1-MG03,U1-EP-ET-S4-B-01,,,,,,2,"Analyze continuity at a point and on intervals, and classify discontinuities using limits, function values, and piecewise definitions.","I can analyze continuity at a point and on intervals, and classify discontinuities using limits, function values, and piecewise definitions.",Notation and Mathematical Communication,short response,exact,formative-secure,100,u1_s4_etb_f08.png,Unit 1 Assessment Plan; Course Framework; AP Topic scoring-guide style reference,Quick evidence intentionally overlaps the section Mastery Goal.
U1-S4-ET-B-Q02,AP/SCI BANK BUILD v4,AP Calculus AB,1,4,Exit Ticket B,assessment,Q02,secure-evidence,U1-MG03,U1-EP-ET-S4-B-02,,,,,,2,"Analyze continuity at a point and on intervals, and classify discontinuities using limits, function values, and piecewise definitions.","I can analyze continuity at a point and on intervals, and classify discontinuities using limits, function values, and piecewise definitions.",Justification and Theorem Conditions,short response,exact,formative-secure,100,,Unit 1 Assessment Plan; Course Framework; AP Topic scoring-guide style reference,Quick evidence intentionally overlaps the section Mastery Goal.
U1-S4-ET-C-Q01,AP/SCI BANK BUILD v4,AP Calculus AB,1,4,Exit Ticket C,assessment,Q01,secure-evidence,U1-MG03,U1-EP-ET-S4-C-01,,,,,,2,"Analyze continuity at a point and on intervals, and classify discontinuities using limits, function values, and piecewise definitions.","I can analyze continuity at a point and on intervals, and classify discontinuities using limits, function values, and piecewise definitions.",Interpretation Across Representations,short response,exact,formative-secure,100,,Unit 1 Assessment Plan; Course Framework; AP Topic scoring-guide style reference,Quick evidence intentionally overlaps the section Mastery Goal.
U1-S4-ET-C-Q02,AP/SCI BANK BUILD v4,AP Calculus AB,1,4,Exit Ticket C,assessment,Q02,secure-evidence,U1-MG03,U1-EP-ET-S4-C-02,,,,,,2,"Analyze continuity at a point and on intervals, and classify discontinuities using limits, function values, and piecewise definitions.","I can analyze continuity at a point and on intervals, and classify discontinuities using limits, function values, and piecewise definitions.",Notation and Mathematical Communication,short response,exact,formative-secure,100,,Unit 1 Assessment Plan; Course Framework; AP Topic scoring-guide style reference,Quick evidence intentionally overlaps the section Mastery Goal.
U1-S5-ET-A-Q01,AP/SCI BANK BUILD v4,AP Calculus AB,1,5,Exit Ticket A,assessment,Q01,secure-evidence,U1-MG04,U1-EP-ET-S5-A-01,,,,,,1,"Interpret infinite limits and limits at infinity to identify asymptotic behavior, and apply the Intermediate Value Theorem when its hypotheses are satisfied.","I can interpret infinite limits and limits at infinity to identify asymptotic behavior, and apply the Intermediate Value Theorem when its hypotheses are satisfied.",Justification and Theorem Conditions,short response,exact,formative-secure,100,,Unit 1 Assessment Plan; Course Framework; AP Topic scoring-guide style reference,Quick evidence intentionally overlaps the section Mastery Goal.
U1-S5-ET-A-Q02,AP/SCI BANK BUILD v4,AP Calculus AB,1,5,Exit Ticket A,assessment,Q02,secure-evidence,U1-MG04,U1-EP-ET-S5-A-02,,,,,,2,"Interpret infinite limits and limits at infinity to identify asymptotic behavior, and apply the Intermediate Value Theorem when its hypotheses are satisfied.","I can interpret infinite limits and limits at infinity to identify asymptotic behavior, and apply the Intermediate Value Theorem when its hypotheses are satisfied.",Justification and Theorem Conditions,short response,exact,formative-secure,100,,Unit 1 Assessment Plan; Course Framework; AP Topic scoring-guide style reference,Quick evidence intentionally overlaps the section Mastery Goal.
U1-S5-ET-B-Q01,AP/SCI BANK BUILD v4,AP Calculus AB,1,5,Exit Ticket B,assessment,Q01,secure-evidence,U1-MG04,U1-EP-ET-S5-B-01,,,,,,2,"Interpret infinite limits and limits at infinity to identify asymptotic behavior, and apply the Intermediate Value Theorem when its hypotheses are satisfied.","I can interpret infinite limits and limits at infinity to identify asymptotic behavior, and apply the Intermediate Value Theorem when its hypotheses are satisfied.",Notation and Mathematical Communication,multiple choice,selected response,formative-secure,90,,Unit 1 Assessment Plan; Course Framework; AP Topic scoring-guide style reference,Quick evidence intentionally overlaps the section Mastery Goal.
U1-S5-ET-B-Q02,AP/SCI BANK BUILD v4,AP Calculus AB,1,5,Exit Ticket B,assessment,Q02,secure-evidence,U1-MG04,U1-EP-ET-S5-B-02,,,,,,2,"Interpret infinite limits and limits at infinity to identify asymptotic behavior, and apply the Intermediate Value Theorem when its hypotheses are satisfied.","I can interpret infinite limits and limits at infinity to identify asymptotic behavior, and apply the Intermediate Value Theorem when its hypotheses are satisfied.",Justification and Theorem Conditions,short response,exact,formative-secure,100,,Unit 1 Assessment Plan; Course Framework; AP Topic scoring-guide style reference,Quick evidence intentionally overlaps the section Mastery Goal.
U1-S5-ET-C-Q01,AP/SCI BANK BUILD v4,AP Calculus AB,1,5,Exit Ticket C,assessment,Q01,secure-evidence,U1-MG04,U1-EP-ET-S5-C-01,,,,,,2,"Interpret infinite limits and limits at infinity to identify asymptotic behavior, and apply the Intermediate Value Theorem when its hypotheses are satisfied.","I can interpret infinite limits and limits at infinity to identify asymptotic behavior, and apply the Intermediate Value Theorem when its hypotheses are satisfied.",Notation and Mathematical Communication,short response,exact,formative-secure,100,u1_s5_etc_f10.png,Unit 1 Assessment Plan; Course Framework; AP Topic scoring-guide style reference,Quick evidence intentionally overlaps the section Mastery Goal.
U1-S5-ET-C-Q02,AP/SCI BANK BUILD v4,AP Calculus AB,1,5,Exit Ticket C,assessment,Q02,secure-evidence,U1-MG04,U1-EP-ET-S5-C-02,,,,,,2,"Interpret infinite limits and limits at infinity to identify asymptotic behavior, and apply the Intermediate Value Theorem when its hypotheses are satisfied.","I can interpret infinite limits and limits at infinity to identify asymptotic behavior, and apply the Intermediate Value Theorem when its hypotheses are satisfied.",Analytical Strategy Selection,short response,exact,formative-secure,100,,Unit 1 Assessment Plan; Course Framework; AP Topic scoring-guide style reference,Quick evidence intentionally overlaps the section Mastery Goal.
U1-REV-Q01,AP/SCI BANK BUILD v4,AP Calculus AB,1,1,Unit Review,instructional,Q01,unit-synthesis,U1-MG01,,,,,,,1,Relate average versus instantaneous change to the idea of a limit and read and interpret limit notation.,I can relate average versus instantaneous change to the idea of a limit and read and interpret limit notation.,Interpretation Across Representations,short response,exact,instructional,100,,Unit 1 Assessment Plan; Course Framework; AP Topic scoring-guide style reference,
U1-REV-Q02,AP/SCI BANK BUILD v4,AP Calculus AB,1,1,Unit Review,instructional,Q02,unit-synthesis,U1-MG01,,,,,,,2,Relate average versus instantaneous change to the idea of a limit and read and interpret limit notation.,I can relate average versus instantaneous change to the idea of a limit and read and interpret limit notation.,Interpretation Across Representations,short response,exact,instructional,100,,Unit 1 Assessment Plan; Course Framework; AP Topic scoring-guide style reference,
U1-REV-Q03,AP/SCI BANK BUILD v4,AP Calculus AB,1,1,Unit Review,instructional,Q03,unit-synthesis,U1-MG01,,,,,,,2,Relate average versus instantaneous change to the idea of a limit and read and interpret limit notation.,I can relate average versus instantaneous change to the idea of a limit and read and interpret limit notation.,Notation and Mathematical Communication,multiple choice,selected response,instructional,90,,Unit 1 Assessment Plan; Course Framework; AP Topic scoring-guide style reference,
U1-REV-Q04,AP/SCI BANK BUILD v4,AP Calculus AB,1,1,Unit Review,instructional,Q04,unit-synthesis,U1-MG01,,,,,,,2,Relate average versus instantaneous change to the idea of a limit and read and interpret limit notation.,I can relate average versus instantaneous change to the idea of a limit and read and interpret limit notation.,Notation and Mathematical Communication,short response,exact,instructional,100,,Unit 1 Assessment Plan; Course Framework; AP Topic scoring-guide style reference,
U1-REV-Q05,AP/SCI BANK BUILD v4,AP Calculus AB,1,2,Unit Review,instructional,Q05,unit-synthesis,U1-MG01,,,,,,,2,"Determine one-sided and two-sided limits from graphs and tables, including when a limit does not exist.","I can determine one-sided and two-sided limits from graphs and tables, including when a limit does not exist.",Notation and Mathematical Communication,multiple choice,selected response,instructional,90,u1_s2_rev_f02.png,Unit 1 Assessment Plan; Course Framework; AP Topic scoring-guide style reference,
U1-REV-Q06,AP/SCI BANK BUILD v4,AP Calculus AB,1,2,Unit Review,instructional,Q06,unit-synthesis,U1-MG01,,,,,,,2,"Determine one-sided and two-sided limits from graphs and tables, including when a limit does not exist.","I can determine one-sided and two-sided limits from graphs and tables, including when a limit does not exist.",Interpretation Across Representations,multiple choice,selected response,instructional,90,,Unit 1 Assessment Plan; Course Framework; AP Topic scoring-guide style reference,
U1-REV-Q07,AP/SCI BANK BUILD v4,AP Calculus AB,1,2,Unit Review,instructional,Q07,unit-synthesis,U1-MG01,,,,,,,2,"Determine one-sided and two-sided limits from graphs and tables, including when a limit does not exist.","I can determine one-sided and two-sided limits from graphs and tables, including when a limit does not exist.",Notation and Mathematical Communication,short response,exact,instructional,100,,Unit 1 Assessment Plan; Course Framework; AP Topic scoring-guide style reference,
U1-REV-Q08,AP/SCI BANK BUILD v4,AP Calculus AB,1,2,Unit Review,instructional,Q08,unit-synthesis,U1-MG01,,,,,,,2,"Determine one-sided and two-sided limits from graphs and tables, including when a limit does not exist.","I can determine one-sided and two-sided limits from graphs and tables, including when a limit does not exist.",Notation and Mathematical Communication,short response,exact,instructional,100,,Unit 1 Assessment Plan; Course Framework; AP Topic scoring-guide style reference,
U1-REV-Q09,AP/SCI BANK BUILD v4,AP Calculus AB,1,3,Unit Review,instructional,Q09,unit-synthesis,U1-MG02,,,,,,,1,"Evaluate limits algebraically using direct substitution, limit laws, factoring, conjugates, and appropriate trigonometric or squeeze reasoning.","I can evaluate limits algebraically using direct substitution, limit laws, factoring, conjugates, and appropriate trigonometric or squeeze reasoning.",Critique of Reasoning,short response,exact,instructional,100,,Unit 1 Assessment Plan; Course Framework; AP Topic scoring-guide style reference,
U1-REV-Q10,AP/SCI BANK BUILD v4,AP Calculus AB,1,3,Unit Review,instructional,Q10,unit-synthesis,U1-MG02,,,,,,,2,"Evaluate limits algebraically using direct substitution, limit laws, factoring, conjugates, and appropriate trigonometric or squeeze reasoning.","I can evaluate limits algebraically using direct substitution, limit laws, factoring, conjugates, and appropriate trigonometric or squeeze reasoning.",Analytical Strategy Selection,multiple choice,selected response,instructional,90,,Unit 1 Assessment Plan; Course Framework; AP Topic scoring-guide style reference,
U1-REV-Q11,AP/SCI BANK BUILD v4,AP Calculus AB,1,3,Unit Review,instructional,Q11,unit-synthesis,U1-MG02,,,,,,,2,"Evaluate limits algebraically using direct substitution, limit laws, factoring, conjugates, and appropriate trigonometric or squeeze reasoning.","I can evaluate limits algebraically using direct substitution, limit laws, factoring, conjugates, and appropriate trigonometric or squeeze reasoning.",Critique of Reasoning,short response,exact,instructional,100,,Unit 1 Assessment Plan; Course Framework; AP Topic scoring-guide style reference,
U1-REV-Q12,AP/SCI BANK BUILD v4,AP Calculus AB,1,3,Unit Review,instructional,Q12,unit-synthesis,U1-MG02,,,,,,,2,"Evaluate limits algebraically using direct substitution, limit laws, factoring, conjugates, and appropriate trigonometric or squeeze reasoning.","I can evaluate limits algebraically using direct substitution, limit laws, factoring, conjugates, and appropriate trigonometric or squeeze reasoning.",Critique of Reasoning,short response,exact,instructional,100,,Unit 1 Assessment Plan; Course Framework; AP Topic scoring-guide style reference,
U1-REV-Q13,AP/SCI BANK BUILD v4,AP Calculus AB,1,4,Unit Review,instructional,Q13,unit-synthesis,U1-MG03,,,,,,,1,"Analyze continuity at a point and on intervals, and classify discontinuities using limits, function values, and piecewise definitions.","I can analyze continuity at a point and on intervals, and classify discontinuities using limits, function values, and piecewise definitions.",Notation and Mathematical Communication,short response,exact,instructional,100,,Unit 1 Assessment Plan; Course Framework; AP Topic scoring-guide style reference,
U1-REV-Q14,AP/SCI BANK BUILD v4,AP Calculus AB,1,4,Unit Review,instructional,Q14,unit-synthesis,U1-MG03,,,,,,,2,"Analyze continuity at a point and on intervals, and classify discontinuities using limits, function values, and piecewise definitions.","I can analyze continuity at a point and on intervals, and classify discontinuities using limits, function values, and piecewise definitions.",Interpretation Across Representations,multiple choice,selected response,instructional,90,,Unit 1 Assessment Plan; Course Framework; AP Topic scoring-guide style reference,
U1-REV-Q15,AP/SCI BANK BUILD v4,AP Calculus AB,1,4,Unit Review,instructional,Q15,unit-synthesis,U1-MG03,,,,,,,2,"Analyze continuity at a point and on intervals, and classify discontinuities using limits, function values, and piecewise definitions.","I can analyze continuity at a point and on intervals, and classify discontinuities using limits, function values, and piecewise definitions.",Notation and Mathematical Communication,multiple choice,selected response,instructional,90,,Unit 1 Assessment Plan; Course Framework; AP Topic scoring-guide style reference,
U1-REV-Q16,AP/SCI BANK BUILD v4,AP Calculus AB,1,4,Unit Review,instructional,Q16,unit-synthesis,U1-MG03,,,,,,,2,"Analyze continuity at a point and on intervals, and classify discontinuities using limits, function values, and piecewise definitions.","I can analyze continuity at a point and on intervals, and classify discontinuities using limits, function values, and piecewise definitions.",Notation and Mathematical Communication,short response,exact,instructional,100,,Unit 1 Assessment Plan; Course Framework; AP Topic scoring-guide style reference,
U1-REV-Q17,AP/SCI BANK BUILD v4,AP Calculus AB,1,5,Unit Review,instructional,Q17,unit-synthesis,U1-MG04,,,,,,,1,"Interpret infinite limits and limits at infinity to identify asymptotic behavior, and apply the Intermediate Value Theorem when its hypotheses are satisfied.","I can interpret infinite limits and limits at infinity to identify asymptotic behavior, and apply the Intermediate Value Theorem when its hypotheses are satisfied.",Analytical Strategy Selection,multiple choice,selected response,instructional,90,,Unit 1 Assessment Plan; Course Framework; AP Topic scoring-guide style reference,
U1-REV-Q18,AP/SCI BANK BUILD v4,AP Calculus AB,1,5,Unit Review,instructional,Q18,unit-synthesis,U1-MG04,,,,,,,2,"Interpret infinite limits and limits at infinity to identify asymptotic behavior, and apply the Intermediate Value Theorem when its hypotheses are satisfied.","I can interpret infinite limits and limits at infinity to identify asymptotic behavior, and apply the Intermediate Value Theorem when its hypotheses are satisfied.",Justification and Theorem Conditions,short response,exact,instructional,100,,Unit 1 Assessment Plan; Course Framework; AP Topic scoring-guide style reference,
U1-REV-Q19,AP/SCI BANK BUILD v4,AP Calculus AB,1,5,Unit Review,instructional,Q19,unit-synthesis,U1-MG04,,,,,,,2,"Interpret infinite limits and limits at infinity to identify asymptotic behavior, and apply the Intermediate Value Theorem when its hypotheses are satisfied.","I can interpret infinite limits and limits at infinity to identify asymptotic behavior, and apply the Intermediate Value Theorem when its hypotheses are satisfied.",Analytical Strategy Selection,short response,exact,instructional,100,,Unit 1 Assessment Plan; Course Framework; AP Topic scoring-guide style reference,
U1-REV-Q20,AP/SCI BANK BUILD v4,AP Calculus AB,1,5,Unit Review,instructional,Q20,unit-synthesis,U1-MG04,,,,,,,2,"Interpret infinite limits and limits at infinity to identify asymptotic behavior, and apply the Intermediate Value Theorem when its hypotheses are satisfied.","I can interpret infinite limits and limits at infinity to identify asymptotic behavior, and apply the Intermediate Value Theorem when its hypotheses are satisfied.",Analytical Strategy Selection,short response,exact,instructional,100,,Unit 1 Assessment Plan; Course Framework; AP Topic scoring-guide style reference,
U1-EXT01,AP/SCI BANK BUILD v4,AP Calculus AB,1,1,Extended Reasoning,assessment,EXT01,secure-evidence,U1-MG01,U1-EP-EXT01,,,,,multi-step strategic reasoning,3,Relate average versus instantaneous change to the idea of a limit and read and interpret limit notation.,I can relate average versus instantaneous change to the idea of a limit and read and interpret limit notation.,Interpretation Across Representations,constructed response,reasoned response,secure,420,,Unit 1 Assessment Plan; Course Framework; AP Topic scoring-guide style reference,summative_candidate
U1-EXT02,AP/SCI BANK BUILD v4,AP Calculus AB,1,2,Extended Reasoning,assessment,EXT02,secure-evidence,U1-MG01,U1-EP-EXT02,,,,,multi-step strategic reasoning,3,"Determine one-sided and two-sided limits from graphs and tables, including when a limit does not exist.","I can determine one-sided and two-sided limits from graphs and tables, including when a limit does not exist.",Notation and Mathematical Communication,constructed response,reasoned response,secure,420,,Unit 1 Assessment Plan; Course Framework; AP Topic scoring-guide style reference,reserve/tool-only
U1-EXT03,AP/SCI BANK BUILD v4,AP Calculus AB,1,3,Extended Reasoning,assessment,EXT03,secure-evidence,U1-MG02,U1-EP-EXT03,,,,,multi-step strategic reasoning,3,"Evaluate limits algebraically using direct substitution, limit laws, factoring, conjugates, and appropriate trigonometric or squeeze reasoning.","I can evaluate limits algebraically using direct substitution, limit laws, factoring, conjugates, and appropriate trigonometric or squeeze reasoning.",Analytical Strategy Selection,constructed response,reasoned response,secure,420,,Unit 1 Assessment Plan; Course Framework; AP Topic scoring-guide style reference,summative_candidate
U1-EXT04,AP/SCI BANK BUILD v4,AP Calculus AB,1,3,Extended Reasoning,assessment,EXT04,secure-evidence,U1-MG02,U1-EP-EXT04,,,,,multi-step strategic reasoning,3,"Evaluate limits algebraically using direct substitution, limit laws, factoring, conjugates, and appropriate trigonometric or squeeze reasoning.","I can evaluate limits algebraically using direct substitution, limit laws, factoring, conjugates, and appropriate trigonometric or squeeze reasoning.",Critique of Reasoning,constructed response,reasoned response,secure,420,,Unit 1 Assessment Plan; Course Framework; AP Topic scoring-guide style reference,reserve/tool-only
U1-EXT05,AP/SCI BANK BUILD v4,AP Calculus AB,1,4,Extended Reasoning,assessment,EXT05,secure-evidence,U1-MG03,U1-EP-EXT05,,,,,multi-step strategic reasoning,3,"Analyze continuity at a point and on intervals, and classify discontinuities using limits, function values, and piecewise definitions.","I can analyze continuity at a point and on intervals, and classify discontinuities using limits, function values, and piecewise definitions.",Justification and Theorem Conditions,constructed response,reasoned response,secure,420,,Unit 1 Assessment Plan; Course Framework; AP Topic scoring-guide style reference,summative_candidate
U1-EXT06,AP/SCI BANK BUILD v4,AP Calculus AB,1,4,Extended Reasoning,assessment,EXT06,secure-evidence,U1-MG03,U1-EP-EXT06,,,,,multi-step strategic reasoning,3,"Analyze continuity at a point and on intervals, and classify discontinuities using limits, function values, and piecewise definitions.","I can analyze continuity at a point and on intervals, and classify discontinuities using limits, function values, and piecewise definitions.",Interpretation Across Representations,constructed response,reasoned response,secure,420,,Unit 1 Assessment Plan; Course Framework; AP Topic scoring-guide style reference,reserve/tool-only
U1-EXT07,AP/SCI BANK BUILD v4,AP Calculus AB,1,5,Extended Reasoning,assessment,EXT07,secure-evidence,U1-MG04,U1-EP-EXT07,,,,,multi-step strategic reasoning,3,"Interpret infinite limits and limits at infinity to identify asymptotic behavior, and apply the Intermediate Value Theorem when its hypotheses are satisfied.","I can interpret infinite limits and limits at infinity to identify asymptotic behavior, and apply the Intermediate Value Theorem when its hypotheses are satisfied.",Justification and Theorem Conditions,constructed response,reasoned response,secure,420,,Unit 1 Assessment Plan; Course Framework; AP Topic scoring-guide style reference,summative_candidate
U1-EXT08,AP/SCI BANK BUILD v4,AP Calculus AB,1,5,Extended Reasoning,assessment,EXT08,secure-evidence,U1-MG04,U1-EP-EXT08,,,,,multi-step strategic reasoning,3,"Interpret infinite limits and limits at infinity to identify asymptotic behavior, and apply the Intermediate Value Theorem when its hypotheses are satisfied.","I can interpret infinite limits and limits at infinity to identify asymptotic behavior, and apply the Intermediate Value Theorem when its hypotheses are satisfied.",Analytical Strategy Selection,constructed response,reasoned response,secure,420,,Unit 1 Assessment Plan; Course Framework; AP Topic scoring-guide style reference,reserve/tool-only
U1-PERF01,AP/SCI BANK BUILD v4,AP Calculus AB,1,4,Performance Task,assessment,PERF01,secure-evidence,U1-MG01|U1-MG03,U1-EP-PERF01-MG01|U1-EP-PERF01-MG03,,,,,reconcile table and symbolic limit then apply continuity conditions,3,"Analyze continuity at a point and on intervals, and classify discontinuities using limits, function values, and piecewise definitions.","I can analyze continuity at a point and on intervals, and classify discontinuities using limits, function values, and piecewise definitions.",Interpretation Across Representations; Justification and Theorem Conditions,performance task,multi-part constructed response,secure,1200,,Unit 1 Assessment Plan; Course Framework; AP Topic scoring-guide style reference,performance_candidate
U1-PERF02,AP/SCI BANK BUILD v4,AP Calculus AB,1,5,Performance Task,assessment,PERF02,secure-evidence,U1-MG04,U1-EP-PERF02-MG04,,,,,theorem-condition analysis with interval sign evidence,3,"Interpret infinite limits and limits at infinity to identify asymptotic behavior, and apply the Intermediate Value Theorem when its hypotheses are satisfied.","I can interpret infinite limits and limits at infinity to identify asymptotic behavior, and apply the Intermediate Value Theorem when its hypotheses are satisfied.",Justification and Theorem Conditions,performance task,multi-part constructed response,secure,1200,,Unit 1 Assessment Plan; Course Framework; AP Topic scoring-guide style reference,performance_candidate
U1-SUM-V1-Q01,AP/SCI BANK BUILD v4,AP Calculus AB,1,5,Summative V1,assessment,Q01,secure-evidence,U1-MG04,U1-EP-SUM-V1-SLOT07,V1,U1-SUM-SLOT07,U1-SUM-TD-FAM07,,interpret one-sided infinite limit as asymptotic behavior,2,"Interpret infinite limits and limits at infinity to identify asymptotic behavior, and apply the Intermediate Value Theorem when its hypotheses are satisfied.","I can interpret infinite limits and limits at infinity to identify asymptotic behavior, and apply the Intermediate Value Theorem when its hypotheses are satisfied.",Notation and Mathematical Communication,multiple choice,selected response,secure,120,,Unit 1 Assessment Plan; Course Framework; AP Topic scoring-guide style reference,blueprint=U1-SUM-SLOT07; form_group=test_day; representation=asymptotic/theorem
U1-SUM-V1-Q02,AP/SCI BANK BUILD v4,AP Calculus AB,1,5,Summative V1,assessment,Q02,secure-evidence,U1-MG04,U1-EP-SUM-V1-SLOT08,V1,U1-SUM-SLOT08,U1-SUM-TD-FAM08,,verify IVT hypotheses then state existence and limitation,3,"Interpret infinite limits and limits at infinity to identify asymptotic behavior, and apply the Intermediate Value Theorem when its hypotheses are satisfied.","I can interpret infinite limits and limits at infinity to identify asymptotic behavior, and apply the Intermediate Value Theorem when its hypotheses are satisfied.",Justification and Theorem Conditions,constructed response,reasoned response,secure,240,,Unit 1 Assessment Plan; Course Framework; AP Topic scoring-guide style reference,blueprint=U1-SUM-SLOT08; form_group=test_day; representation=theorem/interval
U1-SUM-V1-Q03,AP/SCI BANK BUILD v4,AP Calculus AB,1,3,Summative V1,assessment,Q03,secure-evidence,U1-MG02,U1-EP-SUM-V1-SLOT03,V1,U1-SUM-SLOT03,U1-SUM-TD-FAM03,,factor difference of squares and substitute,2,"Evaluate limits algebraically using direct substitution, limit laws, factoring, conjugates, and appropriate trigonometric or squeeze reasoning.","I can evaluate limits algebraically using direct substitution, limit laws, factoring, conjugates, and appropriate trigonometric or squeeze reasoning.",Analytical Strategy Selection,multiple choice,selected response,secure,120,,Unit 1 Assessment Plan; Course Framework; AP Topic scoring-guide style reference,blueprint=U1-SUM-SLOT03; form_group=test_day; representation=symbolic
U1-SUM-V1-Q04,AP/SCI BANK BUILD v4,AP Calculus AB,1,2,Summative V1,assessment,Q04,secure-evidence,U1-MG01,U1-EP-SUM-V1-SLOT02,V1,U1-SUM-SLOT02,U1-SUM-TD-FAM02,,given one-sided limits plus point value; explain distinction,2,"Determine one-sided and two-sided limits from graphs and tables, including when a limit does not exist.","I can determine one-sided and two-sided limits from graphs and tables, including when a limit does not exist.",Notation and Mathematical Communication,constructed response,reasoned response,secure,180,,Unit 1 Assessment Plan; Course Framework; AP Topic scoring-guide style reference,blueprint=U1-SUM-SLOT02; form_group=test_day; representation=graphical/verbal
U1-SUM-V1-Q05,AP/SCI BANK BUILD v4,AP Calculus AB,1,4,Summative V1,assessment,Q05,secure-evidence,U1-MG03,U1-EP-SUM-V1-SLOT06,V1,U1-SUM-SLOT06,U1-SUM-TD-FAM06,,solve piecewise parameter by equality of boundary expressions,3,"Analyze continuity at a point and on intervals, and classify discontinuities using limits, function values, and piecewise definitions.","I can analyze continuity at a point and on intervals, and classify discontinuities using limits, function values, and piecewise definitions.",Justification and Theorem Conditions,constructed response,reasoned response,secure,240,,Unit 1 Assessment Plan; Course Framework; AP Topic scoring-guide style reference,blueprint=U1-SUM-SLOT06; form_group=test_day; representation=piecewise/symbolic
U1-SUM-V1-Q06,AP/SCI BANK BUILD v4,AP Calculus AB,1,2,Summative V1,assessment,Q06,secure-evidence,U1-MG01,U1-EP-SUM-V1-SLOT01,V1,U1-SUM-SLOT01,U1-SUM-TD-FAM01,,bilateral table converging to one value,1,"Determine one-sided and two-sided limits from graphs and tables, including when a limit does not exist.","I can determine one-sided and two-sided limits from graphs and tables, including when a limit does not exist.",Interpretation Across Representations,multiple choice,selected response,secure,120,,Unit 1 Assessment Plan; Course Framework; AP Topic scoring-guide style reference,blueprint=U1-SUM-SLOT01; form_group=test_day; representation=table
U1-SUM-V1-Q07,AP/SCI BANK BUILD v4,AP Calculus AB,1,3,Summative V1,assessment,Q07,secure-evidence,U1-MG02,U1-EP-SUM-V1-SLOT04,V1,U1-SUM-SLOT04,U1-SUM-TD-FAM04,,rationalize radical difference and evaluate,2,"Evaluate limits algebraically using direct substitution, limit laws, factoring, conjugates, and appropriate trigonometric or squeeze reasoning.","I can evaluate limits algebraically using direct substitution, limit laws, factoring, conjugates, and appropriate trigonometric or squeeze reasoning.",Analytical Strategy Selection,constructed response,reasoned response,secure,180,,Unit 1 Assessment Plan; Course Framework; AP Topic scoring-guide style reference,blueprint=U1-SUM-SLOT04; form_group=test_day; representation=symbolic
U1-SUM-V1-Q08,AP/SCI BANK BUILD v4,AP Calculus AB,1,4,Summative V1,assessment,Q08,secure-evidence,U1-MG03,U1-EP-SUM-V1-SLOT05,V1,U1-SUM-SLOT05,U1-SUM-TD-FAM05,,classify from finite limit and mismatched point value,2,"Analyze continuity at a point and on intervals, and classify discontinuities using limits, function values, and piecewise definitions.","I can analyze continuity at a point and on intervals, and classify discontinuities using limits, function values, and piecewise definitions.",Justification and Theorem Conditions,multiple choice,selected response,secure,120,,Unit 1 Assessment Plan; Course Framework; AP Topic scoring-guide style reference,blueprint=U1-SUM-SLOT05; form_group=test_day; representation=piecewise
U1-SUM-V2-Q01,AP/SCI BANK BUILD v4,AP Calculus AB,1,4,Summative V2,assessment,Q01,secure-evidence,U1-MG03,U1-EP-SUM-V2-SLOT06,V2,U1-SUM-SLOT06,U1-SUM-TD-FAM06,,solve piecewise parameter by equality of boundary expressions,3,"Analyze continuity at a point and on intervals, and classify discontinuities using limits, function values, and piecewise definitions.","I can analyze continuity at a point and on intervals, and classify discontinuities using limits, function values, and piecewise definitions.",Justification and Theorem Conditions,constructed response,reasoned response,secure,240,,Unit 1 Assessment Plan; Course Framework; AP Topic scoring-guide style reference,blueprint=U1-SUM-SLOT06; form_group=test_day; representation=piecewise/symbolic
U1-SUM-V2-Q02,AP/SCI BANK BUILD v4,AP Calculus AB,1,3,Summative V2,assessment,Q02,secure-evidence,U1-MG02,U1-EP-SUM-V2-SLOT04,V2,U1-SUM-SLOT04,U1-SUM-TD-FAM04,,rationalize radical difference and evaluate,2,"Evaluate limits algebraically using direct substitution, limit laws, factoring, conjugates, and appropriate trigonometric or squeeze reasoning.","I can evaluate limits algebraically using direct substitution, limit laws, factoring, conjugates, and appropriate trigonometric or squeeze reasoning.",Analytical Strategy Selection,constructed response,reasoned response,secure,180,,Unit 1 Assessment Plan; Course Framework; AP Topic scoring-guide style reference,blueprint=U1-SUM-SLOT04; form_group=test_day; representation=symbolic
U1-SUM-V2-Q03,AP/SCI BANK BUILD v4,AP Calculus AB,1,4,Summative V2,assessment,Q03,secure-evidence,U1-MG03,U1-EP-SUM-V2-SLOT05,V2,U1-SUM-SLOT05,U1-SUM-TD-FAM05,,classify from finite limit and mismatched point value,2,"Analyze continuity at a point and on intervals, and classify discontinuities using limits, function values, and piecewise definitions.","I can analyze continuity at a point and on intervals, and classify discontinuities using limits, function values, and piecewise definitions.",Justification and Theorem Conditions,multiple choice,selected response,secure,120,,Unit 1 Assessment Plan; Course Framework; AP Topic scoring-guide style reference,blueprint=U1-SUM-SLOT05; form_group=test_day; representation=piecewise
U1-SUM-V2-Q04,AP/SCI BANK BUILD v4,AP Calculus AB,1,5,Summative V2,assessment,Q04,secure-evidence,U1-MG04,U1-EP-SUM-V2-SLOT07,V2,U1-SUM-SLOT07,U1-SUM-TD-FAM07,,interpret one-sided infinite limit as asymptotic behavior,2,"Interpret infinite limits and limits at infinity to identify asymptotic behavior, and apply the Intermediate Value Theorem when its hypotheses are satisfied.","I can interpret infinite limits and limits at infinity to identify asymptotic behavior, and apply the Intermediate Value Theorem when its hypotheses are satisfied.",Notation and Mathematical Communication,multiple choice,selected response,secure,120,,Unit 1 Assessment Plan; Course Framework; AP Topic scoring-guide style reference,blueprint=U1-SUM-SLOT07; form_group=test_day; representation=asymptotic/theorem
U1-SUM-V2-Q05,AP/SCI BANK BUILD v4,AP Calculus AB,1,3,Summative V2,assessment,Q05,secure-evidence,U1-MG02,U1-EP-SUM-V2-SLOT03,V2,U1-SUM-SLOT03,U1-SUM-TD-FAM03,,factor difference of squares and substitute,2,"Evaluate limits algebraically using direct substitution, limit laws, factoring, conjugates, and appropriate trigonometric or squeeze reasoning.","I can evaluate limits algebraically using direct substitution, limit laws, factoring, conjugates, and appropriate trigonometric or squeeze reasoning.",Analytical Strategy Selection,multiple choice,selected response,secure,120,,Unit 1 Assessment Plan; Course Framework; AP Topic scoring-guide style reference,blueprint=U1-SUM-SLOT03; form_group=test_day; representation=symbolic
U1-SUM-V2-Q06,AP/SCI BANK BUILD v4,AP Calculus AB,1,2,Summative V2,assessment,Q06,secure-evidence,U1-MG01,U1-EP-SUM-V2-SLOT01,V2,U1-SUM-SLOT01,U1-SUM-TD-FAM01,,bilateral table converging to one value,1,"Determine one-sided and two-sided limits from graphs and tables, including when a limit does not exist.","I can determine one-sided and two-sided limits from graphs and tables, including when a limit does not exist.",Interpretation Across Representations,multiple choice,selected response,secure,120,,Unit 1 Assessment Plan; Course Framework; AP Topic scoring-guide style reference,blueprint=U1-SUM-SLOT01; form_group=test_day; representation=table
U1-SUM-V2-Q07,AP/SCI BANK BUILD v4,AP Calculus AB,1,5,Summative V2,assessment,Q07,secure-evidence,U1-MG04,U1-EP-SUM-V2-SLOT08,V2,U1-SUM-SLOT08,U1-SUM-TD-FAM08,,verify IVT hypotheses then state existence and limitation,3,"Interpret infinite limits and limits at infinity to identify asymptotic behavior, and apply the Intermediate Value Theorem when its hypotheses are satisfied.","I can interpret infinite limits and limits at infinity to identify asymptotic behavior, and apply the Intermediate Value Theorem when its hypotheses are satisfied.",Justification and Theorem Conditions,constructed response,reasoned response,secure,240,,Unit 1 Assessment Plan; Course Framework; AP Topic scoring-guide style reference,blueprint=U1-SUM-SLOT08; form_group=test_day; representation=theorem/interval
U1-SUM-V2-Q08,AP/SCI BANK BUILD v4,AP Calculus AB,1,2,Summative V2,assessment,Q08,secure-evidence,U1-MG01,U1-EP-SUM-V2-SLOT02,V2,U1-SUM-SLOT02,U1-SUM-TD-FAM02,,given one-sided limits plus point value; explain distinction,2,"Determine one-sided and two-sided limits from graphs and tables, including when a limit does not exist.","I can determine one-sided and two-sided limits from graphs and tables, including when a limit does not exist.",Notation and Mathematical Communication,constructed response,reasoned response,secure,180,,Unit 1 Assessment Plan; Course Framework; AP Topic scoring-guide style reference,blueprint=U1-SUM-SLOT02; form_group=test_day; representation=graphical/verbal
U1-SUM-V3-Q01,AP/SCI BANK BUILD v4,AP Calculus AB,1,5,Summative V3,assessment,Q01,secure-evidence,U1-MG04,U1-EP-SUM-V3-SLOT07,V3,U1-SUM-SLOT07,U1-SUM-TD-FAM07,,interpret one-sided infinite limit as asymptotic behavior,2,"Interpret infinite limits and limits at infinity to identify asymptotic behavior, and apply the Intermediate Value Theorem when its hypotheses are satisfied.","I can interpret infinite limits and limits at infinity to identify asymptotic behavior, and apply the Intermediate Value Theorem when its hypotheses are satisfied.",Notation and Mathematical Communication,multiple choice,selected response,secure,120,,Unit 1 Assessment Plan; Course Framework; AP Topic scoring-guide style reference,blueprint=U1-SUM-SLOT07; form_group=test_day; representation=asymptotic/theorem
U1-SUM-V3-Q02,AP/SCI BANK BUILD v4,AP Calculus AB,1,5,Summative V3,assessment,Q02,secure-evidence,U1-MG04,U1-EP-SUM-V3-SLOT08,V3,U1-SUM-SLOT08,U1-SUM-TD-FAM08,,verify IVT hypotheses then state existence and limitation,3,"Interpret infinite limits and limits at infinity to identify asymptotic behavior, and apply the Intermediate Value Theorem when its hypotheses are satisfied.","I can interpret infinite limits and limits at infinity to identify asymptotic behavior, and apply the Intermediate Value Theorem when its hypotheses are satisfied.",Justification and Theorem Conditions,constructed response,reasoned response,secure,240,,Unit 1 Assessment Plan; Course Framework; AP Topic scoring-guide style reference,blueprint=U1-SUM-SLOT08; form_group=test_day; representation=theorem/interval
U1-SUM-V3-Q03,AP/SCI BANK BUILD v4,AP Calculus AB,1,4,Summative V3,assessment,Q03,secure-evidence,U1-MG03,U1-EP-SUM-V3-SLOT05,V3,U1-SUM-SLOT05,U1-SUM-TD-FAM05,,classify from finite limit and mismatched point value,2,"Analyze continuity at a point and on intervals, and classify discontinuities using limits, function values, and piecewise definitions.","I can analyze continuity at a point and on intervals, and classify discontinuities using limits, function values, and piecewise definitions.",Justification and Theorem Conditions,multiple choice,selected response,secure,120,,Unit 1 Assessment Plan; Course Framework; AP Topic scoring-guide style reference,blueprint=U1-SUM-SLOT05; form_group=test_day; representation=piecewise
U1-SUM-V3-Q04,AP/SCI BANK BUILD v4,AP Calculus AB,1,4,Summative V3,assessment,Q04,secure-evidence,U1-MG03,U1-EP-SUM-V3-SLOT06,V3,U1-SUM-SLOT06,U1-SUM-TD-FAM06,,solve piecewise parameter by equality of boundary expressions,3,"Analyze continuity at a point and on intervals, and classify discontinuities using limits, function values, and piecewise definitions.","I can analyze continuity at a point and on intervals, and classify discontinuities using limits, function values, and piecewise definitions.",Justification and Theorem Conditions,constructed response,reasoned response,secure,240,,Unit 1 Assessment Plan; Course Framework; AP Topic scoring-guide style reference,blueprint=U1-SUM-SLOT06; form_group=test_day; representation=piecewise/symbolic
U1-SUM-V3-Q05,AP/SCI BANK BUILD v4,AP Calculus AB,1,3,Summative V3,assessment,Q05,secure-evidence,U1-MG02,U1-EP-SUM-V3-SLOT04,V3,U1-SUM-SLOT04,U1-SUM-TD-FAM04,,rationalize radical difference and evaluate,2,"Evaluate limits algebraically using direct substitution, limit laws, factoring, conjugates, and appropriate trigonometric or squeeze reasoning.","I can evaluate limits algebraically using direct substitution, limit laws, factoring, conjugates, and appropriate trigonometric or squeeze reasoning.",Analytical Strategy Selection,constructed response,reasoned response,secure,180,,Unit 1 Assessment Plan; Course Framework; AP Topic scoring-guide style reference,blueprint=U1-SUM-SLOT04; form_group=test_day; representation=symbolic
U1-SUM-V3-Q06,AP/SCI BANK BUILD v4,AP Calculus AB,1,2,Summative V3,assessment,Q06,secure-evidence,U1-MG01,U1-EP-SUM-V3-SLOT02,V3,U1-SUM-SLOT02,U1-SUM-TD-FAM02,,given one-sided limits plus point value; explain distinction,2,"Determine one-sided and two-sided limits from graphs and tables, including when a limit does not exist.","I can determine one-sided and two-sided limits from graphs and tables, including when a limit does not exist.",Notation and Mathematical Communication,constructed response,reasoned response,secure,180,,Unit 1 Assessment Plan; Course Framework; AP Topic scoring-guide style reference,blueprint=U1-SUM-SLOT02; form_group=test_day; representation=graphical/verbal
U1-SUM-V3-Q07,AP/SCI BANK BUILD v4,AP Calculus AB,1,3,Summative V3,assessment,Q07,secure-evidence,U1-MG02,U1-EP-SUM-V3-SLOT03,V3,U1-SUM-SLOT03,U1-SUM-TD-FAM03,,factor difference of squares and substitute,2,"Evaluate limits algebraically using direct substitution, limit laws, factoring, conjugates, and appropriate trigonometric or squeeze reasoning.","I can evaluate limits algebraically using direct substitution, limit laws, factoring, conjugates, and appropriate trigonometric or squeeze reasoning.",Analytical Strategy Selection,multiple choice,selected response,secure,120,,Unit 1 Assessment Plan; Course Framework; AP Topic scoring-guide style reference,blueprint=U1-SUM-SLOT03; form_group=test_day; representation=symbolic
U1-SUM-V3-Q08,AP/SCI BANK BUILD v4,AP Calculus AB,1,2,Summative V3,assessment,Q08,secure-evidence,U1-MG01,U1-EP-SUM-V3-SLOT01,V3,U1-SUM-SLOT01,U1-SUM-TD-FAM01,,bilateral table converging to one value,1,"Determine one-sided and two-sided limits from graphs and tables, including when a limit does not exist.","I can determine one-sided and two-sided limits from graphs and tables, including when a limit does not exist.",Interpretation Across Representations,multiple choice,selected response,secure,120,,Unit 1 Assessment Plan; Course Framework; AP Topic scoring-guide style reference,blueprint=U1-SUM-SLOT01; form_group=test_day; representation=table
U1-SUM-V4-Q01,AP/SCI BANK BUILD v4,AP Calculus AB,1,2,Summative V4,assessment,Q01,secure-evidence,U1-MG01,U1-EP-SUM-V4-SLOT01,V4,U1-SUM-SLOT01,U1-SUM-TD-FAM01,,bilateral table converging to one value,1,"Determine one-sided and two-sided limits from graphs and tables, including when a limit does not exist.","I can determine one-sided and two-sided limits from graphs and tables, including when a limit does not exist.",Interpretation Across Representations,multiple choice,selected response,secure,120,,Unit 1 Assessment Plan; Course Framework; AP Topic scoring-guide style reference,blueprint=U1-SUM-SLOT01; form_group=test_day; representation=table
U1-SUM-V4-Q02,AP/SCI BANK BUILD v4,AP Calculus AB,1,3,Summative V4,assessment,Q02,secure-evidence,U1-MG02,U1-EP-SUM-V4-SLOT04,V4,U1-SUM-SLOT04,U1-SUM-TD-FAM04,,rationalize radical difference and evaluate,2,"Evaluate limits algebraically using direct substitution, limit laws, factoring, conjugates, and appropriate trigonometric or squeeze reasoning.","I can evaluate limits algebraically using direct substitution, limit laws, factoring, conjugates, and appropriate trigonometric or squeeze reasoning.",Analytical Strategy Selection,constructed response,reasoned response,secure,180,,Unit 1 Assessment Plan; Course Framework; AP Topic scoring-guide style reference,blueprint=U1-SUM-SLOT04; form_group=test_day; representation=symbolic
U1-SUM-V4-Q03,AP/SCI BANK BUILD v4,AP Calculus AB,1,2,Summative V4,assessment,Q03,secure-evidence,U1-MG01,U1-EP-SUM-V4-SLOT02,V4,U1-SUM-SLOT02,U1-SUM-TD-FAM02,,given one-sided limits plus point value; explain distinction,2,"Determine one-sided and two-sided limits from graphs and tables, including when a limit does not exist.","I can determine one-sided and two-sided limits from graphs and tables, including when a limit does not exist.",Notation and Mathematical Communication,constructed response,reasoned response,secure,180,,Unit 1 Assessment Plan; Course Framework; AP Topic scoring-guide style reference,blueprint=U1-SUM-SLOT02; form_group=test_day; representation=graphical/verbal
U1-SUM-V4-Q04,AP/SCI BANK BUILD v4,AP Calculus AB,1,3,Summative V4,assessment,Q04,secure-evidence,U1-MG02,U1-EP-SUM-V4-SLOT03,V4,U1-SUM-SLOT03,U1-SUM-TD-FAM03,,factor difference of squares and substitute,2,"Evaluate limits algebraically using direct substitution, limit laws, factoring, conjugates, and appropriate trigonometric or squeeze reasoning.","I can evaluate limits algebraically using direct substitution, limit laws, factoring, conjugates, and appropriate trigonometric or squeeze reasoning.",Analytical Strategy Selection,multiple choice,selected response,secure,120,,Unit 1 Assessment Plan; Course Framework; AP Topic scoring-guide style reference,blueprint=U1-SUM-SLOT03; form_group=test_day; representation=symbolic
U1-SUM-V4-Q05,AP/SCI BANK BUILD v4,AP Calculus AB,1,4,Summative V4,assessment,Q05,secure-evidence,U1-MG03,U1-EP-SUM-V4-SLOT05,V4,U1-SUM-SLOT05,U1-SUM-TD-FAM05,,classify from finite limit and mismatched point value,2,"Analyze continuity at a point and on intervals, and classify discontinuities using limits, function values, and piecewise definitions.","I can analyze continuity at a point and on intervals, and classify discontinuities using limits, function values, and piecewise definitions.",Justification and Theorem Conditions,multiple choice,selected response,secure,120,,Unit 1 Assessment Plan; Course Framework; AP Topic scoring-guide style reference,blueprint=U1-SUM-SLOT05; form_group=test_day; representation=piecewise
U1-SUM-V4-Q06,AP/SCI BANK BUILD v4,AP Calculus AB,1,5,Summative V4,assessment,Q06,secure-evidence,U1-MG04,U1-EP-SUM-V4-SLOT07,V4,U1-SUM-SLOT07,U1-SUM-TD-FAM07,,interpret one-sided infinite limit as asymptotic behavior,2,"Interpret infinite limits and limits at infinity to identify asymptotic behavior, and apply the Intermediate Value Theorem when its hypotheses are satisfied.","I can interpret infinite limits and limits at infinity to identify asymptotic behavior, and apply the Intermediate Value Theorem when its hypotheses are satisfied.",Notation and Mathematical Communication,multiple choice,selected response,secure,120,,Unit 1 Assessment Plan; Course Framework; AP Topic scoring-guide style reference,blueprint=U1-SUM-SLOT07; form_group=test_day; representation=asymptotic/theorem
U1-SUM-V4-Q07,AP/SCI BANK BUILD v4,AP Calculus AB,1,5,Summative V4,assessment,Q07,secure-evidence,U1-MG04,U1-EP-SUM-V4-SLOT08,V4,U1-SUM-SLOT08,U1-SUM-TD-FAM08,,verify IVT hypotheses then state existence and limitation,3,"Interpret infinite limits and limits at infinity to identify asymptotic behavior, and apply the Intermediate Value Theorem when its hypotheses are satisfied.","I can interpret infinite limits and limits at infinity to identify asymptotic behavior, and apply the Intermediate Value Theorem when its hypotheses are satisfied.",Justification and Theorem Conditions,constructed response,reasoned response,secure,240,,Unit 1 Assessment Plan; Course Framework; AP Topic scoring-guide style reference,blueprint=U1-SUM-SLOT08; form_group=test_day; representation=theorem/interval
U1-SUM-V4-Q08,AP/SCI BANK BUILD v4,AP Calculus AB,1,4,Summative V4,assessment,Q08,secure-evidence,U1-MG03,U1-EP-SUM-V4-SLOT06,V4,U1-SUM-SLOT06,U1-SUM-TD-FAM06,,solve piecewise parameter by equality of boundary expressions,3,"Analyze continuity at a point and on intervals, and classify discontinuities using limits, function values, and piecewise definitions.","I can analyze continuity at a point and on intervals, and classify discontinuities using limits, function values, and piecewise definitions.",Justification and Theorem Conditions,constructed response,reasoned response,secure,240,,Unit 1 Assessment Plan; Course Framework; AP Topic scoring-guide style reference,blueprint=U1-SUM-SLOT06; form_group=test_day; representation=piecewise/symbolic
U1-SUM-V5-Q01,AP/SCI BANK BUILD v4,AP Calculus AB,1,5,Summative V5,assessment,Q01,secure-evidence,U1-MG04,U1-EP-SUM-V5-SLOT07,V5,U1-SUM-SLOT07,U1-SUM-MU5-FAM07,,IVT guarantee for intermediate target,2,"Interpret infinite limits and limits at infinity to identify asymptotic behavior, and apply the Intermediate Value Theorem when its hypotheses are satisfied.","I can interpret infinite limits and limits at infinity to identify asymptotic behavior, and apply the Intermediate Value Theorem when its hypotheses are satisfied.",Notation and Mathematical Communication,multiple choice,selected response,secure,120,,Unit 1 Assessment Plan; Course Framework; AP Topic scoring-guide style reference,blueprint=U1-SUM-SLOT07; form_group=makeup; representation=asymptotic/theorem
U1-SUM-V5-Q02,AP/SCI BANK BUILD v4,AP Calculus AB,1,5,Summative V5,assessment,Q02,secure-evidence,U1-MG04,U1-EP-SUM-V5-SLOT08,V5,U1-SUM-SLOT08,U1-SUM-MU5-FAM08,,critique invalid IVT use caused by discontinuity,3,"Interpret infinite limits and limits at infinity to identify asymptotic behavior, and apply the Intermediate Value Theorem when its hypotheses are satisfied.","I can interpret infinite limits and limits at infinity to identify asymptotic behavior, and apply the Intermediate Value Theorem when its hypotheses are satisfied.",Justification and Theorem Conditions,constructed response,reasoned response,secure,240,,Unit 1 Assessment Plan; Course Framework; AP Topic scoring-guide style reference,blueprint=U1-SUM-SLOT08; form_group=makeup; representation=theorem/interval
U1-SUM-V5-Q03,AP/SCI BANK BUILD v4,AP Calculus AB,1,2,Summative V5,assessment,Q03,secure-evidence,U1-MG01,U1-EP-SUM-V5-SLOT02,V5,U1-SUM-SLOT02,U1-SUM-MU5-FAM02,,critique incomplete one-sided numerical evidence,2,"Determine one-sided and two-sided limits from graphs and tables, including when a limit does not exist.","I can determine one-sided and two-sided limits from graphs and tables, including when a limit does not exist.",Notation and Mathematical Communication,constructed response,reasoned response,secure,180,,Unit 1 Assessment Plan; Course Framework; AP Topic scoring-guide style reference,blueprint=U1-SUM-SLOT02; form_group=makeup; representation=graphical/verbal
U1-SUM-V5-Q04,AP/SCI BANK BUILD v4,AP Calculus AB,1,3,Summative V5,assessment,Q04,secure-evidence,U1-MG02,U1-EP-SUM-V5-SLOT04,V5,U1-SUM-SLOT04,U1-SUM-MU5-FAM04,,Squeeze Theorem with bounded oscillation,2,"Evaluate limits algebraically using direct substitution, limit laws, factoring, conjugates, and appropriate trigonometric or squeeze reasoning.","I can evaluate limits algebraically using direct substitution, limit laws, factoring, conjugates, and appropriate trigonometric or squeeze reasoning.",Analytical Strategy Selection,constructed response,reasoned response,secure,180,,Unit 1 Assessment Plan; Course Framework; AP Topic scoring-guide style reference,blueprint=U1-SUM-SLOT04; form_group=makeup; representation=symbolic
U1-SUM-V5-Q05,AP/SCI BANK BUILD v4,AP Calculus AB,1,4,Summative V5,assessment,Q05,secure-evidence,U1-MG03,U1-EP-SUM-V5-SLOT06,V5,U1-SUM-SLOT06,U1-SUM-MU5-FAM06,,repair removable discontinuity from one-sided limit data,3,"Analyze continuity at a point and on intervals, and classify discontinuities using limits, function values, and piecewise definitions.","I can analyze continuity at a point and on intervals, and classify discontinuities using limits, function values, and piecewise definitions.",Justification and Theorem Conditions,constructed response,reasoned response,secure,240,,Unit 1 Assessment Plan; Course Framework; AP Topic scoring-guide style reference,blueprint=U1-SUM-SLOT06; form_group=makeup; representation=piecewise/symbolic
U1-SUM-V5-Q06,AP/SCI BANK BUILD v4,AP Calculus AB,1,3,Summative V5,assessment,Q06,secure-evidence,U1-MG02,U1-EP-SUM-V5-SLOT03,V5,U1-SUM-SLOT03,U1-SUM-MU5-FAM03,,method selection for radical indeterminate form,2,"Evaluate limits algebraically using direct substitution, limit laws, factoring, conjugates, and appropriate trigonometric or squeeze reasoning.","I can evaluate limits algebraically using direct substitution, limit laws, factoring, conjugates, and appropriate trigonometric or squeeze reasoning.",Analytical Strategy Selection,multiple choice,selected response,secure,120,,Unit 1 Assessment Plan; Course Framework; AP Topic scoring-guide style reference,blueprint=U1-SUM-SLOT03; form_group=makeup; representation=symbolic
U1-SUM-V5-Q07,AP/SCI BANK BUILD v4,AP Calculus AB,1,2,Summative V5,assessment,Q07,secure-evidence,U1-MG01,U1-EP-SUM-V5-SLOT01,V5,U1-SUM-SLOT01,U1-SUM-MU5-FAM01,,graphical hole/value distinction,1,"Determine one-sided and two-sided limits from graphs and tables, including when a limit does not exist.","I can determine one-sided and two-sided limits from graphs and tables, including when a limit does not exist.",Interpretation Across Representations,multiple choice,selected response,secure,120,,Unit 1 Assessment Plan; Course Framework; AP Topic scoring-guide style reference,blueprint=U1-SUM-SLOT01; form_group=makeup; representation=table
U1-SUM-V5-Q08,AP/SCI BANK BUILD v4,AP Calculus AB,1,4,Summative V5,assessment,Q08,secure-evidence,U1-MG03,U1-EP-SUM-V5-SLOT05,V5,U1-SUM-SLOT05,U1-SUM-MU5-FAM05,,select complete continuity condition set,2,"Analyze continuity at a point and on intervals, and classify discontinuities using limits, function values, and piecewise definitions.","I can analyze continuity at a point and on intervals, and classify discontinuities using limits, function values, and piecewise definitions.",Justification and Theorem Conditions,multiple choice,selected response,secure,120,,Unit 1 Assessment Plan; Course Framework; AP Topic scoring-guide style reference,blueprint=U1-SUM-SLOT05; form_group=makeup; representation=piecewise
U1-SUM-V6-Q01,AP/SCI BANK BUILD v4,AP Calculus AB,1,3,Summative V6,assessment,Q01,secure-evidence,U1-MG02,U1-EP-SUM-V6-SLOT03,V6,U1-SUM-SLOT03,U1-SUM-MU6-FAM03,,error analysis of scaled trigonometric standard limit,2,"Evaluate limits algebraically using direct substitution, limit laws, factoring, conjugates, and appropriate trigonometric or squeeze reasoning.","I can evaluate limits algebraically using direct substitution, limit laws, factoring, conjugates, and appropriate trigonometric or squeeze reasoning.",Analytical Strategy Selection,multiple choice,selected response,secure,120,,Unit 1 Assessment Plan; Course Framework; AP Topic scoring-guide style reference,blueprint=U1-SUM-SLOT03; form_group=makeup; representation=symbolic
U1-SUM-V6-Q02,AP/SCI BANK BUILD v4,AP Calculus AB,1,2,Summative V6,assessment,Q02,secure-evidence,U1-MG01,U1-EP-SUM-V6-SLOT02,V6,U1-SUM-SLOT02,U1-SUM-MU6-FAM02,,construct counterexample function description,2,"Determine one-sided and two-sided limits from graphs and tables, including when a limit does not exist.","I can determine one-sided and two-sided limits from graphs and tables, including when a limit does not exist.",Notation and Mathematical Communication,constructed response,reasoned response,secure,180,,Unit 1 Assessment Plan; Course Framework; AP Topic scoring-guide style reference,blueprint=U1-SUM-SLOT02; form_group=makeup; representation=graphical/verbal
U1-SUM-V6-Q03,AP/SCI BANK BUILD v4,AP Calculus AB,1,2,Summative V6,assessment,Q03,secure-evidence,U1-MG01,U1-EP-SUM-V6-SLOT01,V6,U1-SUM-SLOT01,U1-SUM-MU6-FAM01,,verbal-to-symbolic translation,1,"Determine one-sided and two-sided limits from graphs and tables, including when a limit does not exist.","I can determine one-sided and two-sided limits from graphs and tables, including when a limit does not exist.",Interpretation Across Representations,multiple choice,selected response,secure,120,,Unit 1 Assessment Plan; Course Framework; AP Topic scoring-guide style reference,blueprint=U1-SUM-SLOT01; form_group=makeup; representation=table
U1-SUM-V6-Q04,AP/SCI BANK BUILD v4,AP Calculus AB,1,3,Summative V6,assessment,Q04,secure-evidence,U1-MG02,U1-EP-SUM-V6-SLOT04,V6,U1-SUM-SLOT04,U1-SUM-MU6-FAM04,,scaled tangent standard limit,2,"Evaluate limits algebraically using direct substitution, limit laws, factoring, conjugates, and appropriate trigonometric or squeeze reasoning.","I can evaluate limits algebraically using direct substitution, limit laws, factoring, conjugates, and appropriate trigonometric or squeeze reasoning.",Analytical Strategy Selection,constructed response,reasoned response,secure,180,,Unit 1 Assessment Plan; Course Framework; AP Topic scoring-guide style reference,blueprint=U1-SUM-SLOT04; form_group=makeup; representation=symbolic
U1-SUM-V6-Q05,AP/SCI BANK BUILD v4,AP Calculus AB,1,5,Summative V6,assessment,Q05,secure-evidence,U1-MG04,U1-EP-SUM-V6-SLOT08,V6,U1-SUM-SLOT08,U1-SUM-MU6-FAM08,,construct auxiliary function and apply IVT to fixed-point equation,3,"Interpret infinite limits and limits at infinity to identify asymptotic behavior, and apply the Intermediate Value Theorem when its hypotheses are satisfied.","I can interpret infinite limits and limits at infinity to identify asymptotic behavior, and apply the Intermediate Value Theorem when its hypotheses are satisfied.",Justification and Theorem Conditions,constructed response,reasoned response,secure,240,,Unit 1 Assessment Plan; Course Framework; AP Topic scoring-guide style reference,blueprint=U1-SUM-SLOT08; form_group=makeup; representation=theorem/interval
U1-SUM-V6-Q06,AP/SCI BANK BUILD v4,AP Calculus AB,1,5,Summative V6,assessment,Q06,secure-evidence,U1-MG04,U1-EP-SUM-V6-SLOT07,V6,U1-SUM-SLOT07,U1-SUM-MU6-FAM07,,interpret horizontal asymptote without false crossing restriction,2,"Interpret infinite limits and limits at infinity to identify asymptotic behavior, and apply the Intermediate Value Theorem when its hypotheses are satisfied.","I can interpret infinite limits and limits at infinity to identify asymptotic behavior, and apply the Intermediate Value Theorem when its hypotheses are satisfied.",Notation and Mathematical Communication,multiple choice,selected response,secure,120,,Unit 1 Assessment Plan; Course Framework; AP Topic scoring-guide style reference,blueprint=U1-SUM-SLOT07; form_group=makeup; representation=asymptotic/theorem
U1-SUM-V6-Q07,AP/SCI BANK BUILD v4,AP Calculus AB,1,4,Summative V6,assessment,Q07,secure-evidence,U1-MG03,U1-EP-SUM-V6-SLOT06,V6,U1-SUM-SLOT06,U1-SUM-MU6-FAM06,,prove no parameter can satisfy all continuity conditions,3,"Analyze continuity at a point and on intervals, and classify discontinuities using limits, function values, and piecewise definitions.","I can analyze continuity at a point and on intervals, and classify discontinuities using limits, function values, and piecewise definitions.",Justification and Theorem Conditions,constructed response,reasoned response,secure,240,,Unit 1 Assessment Plan; Course Framework; AP Topic scoring-guide style reference,blueprint=U1-SUM-SLOT06; form_group=makeup; representation=piecewise/symbolic
U1-SUM-V6-Q08,AP/SCI BANK BUILD v4,AP Calculus AB,1,4,Summative V6,assessment,Q08,secure-evidence,U1-MG03,U1-EP-SUM-V6-SLOT05,V6,U1-SUM-SLOT05,U1-SUM-MU6-FAM05,,reason about impossibility of point-value repair for jump,2,"Analyze continuity at a point and on intervals, and classify discontinuities using limits, function values, and piecewise definitions.","I can analyze continuity at a point and on intervals, and classify discontinuities using limits, function values, and piecewise definitions.",Justification and Theorem Conditions,multiple choice,selected response,secure,120,,Unit 1 Assessment Plan; Course Framework; AP Topic scoring-guide style reference,blueprint=U1-SUM-SLOT05; form_group=makeup; representation=piecewise
