bank_id,course_family,unit,section,destination,destination_group,destination_slot,spiral_role,dok,learning_target,i_can,framework_alignment,item_type,answer_type,figure_files,source_basis,notes
U7-S1-NOTE-EX01,MATH,7,7.1,notes_example,notes,pair_1_ex,current,1,Translate verbal rate relationships into differential equations and verify whether proposed functions satisfy a differential equation.,I can model verbal growth or change statements with differential equations and verify proposed solutions by checking the derivative relationship.,"AP Topics 7.1, 7.2",verbal_to_de,expression,,"Unit 7 Assessment Plan + AP Calculus AB Course Framework; supplied AP Topic scoring guides consulted for authentic representations and rigor only, with no published question wording copied.",Notes pair 1; EX.
U7-S1-NOTE-YTI01,MATH,7,7.1,notes_you_try_it,notes,pair_1_yti,current,2,Translate verbal rate relationships into differential equations and verify whether proposed functions satisfy a differential equation.,I can model verbal growth or change statements with differential equations and verify proposed solutions by checking the derivative relationship.,"AP Topics 7.1, 7.2",solution_verification_exponential,constructed_response,,"Unit 7 Assessment Plan + AP Calculus AB Course Framework; supplied AP Topic scoring guides consulted for authentic representations and rigor only, with no published question wording copied.",Notes pair 1; YTI.
U7-S1-NOTE-EX02,MATH,7,7.1,notes_example,notes,pair_2_ex,current,2,Translate verbal rate relationships into differential equations and verify whether proposed functions satisfy a differential equation.,I can model verbal growth or change statements with differential equations and verify proposed solutions by checking the derivative relationship.,"AP Topics 7.1, 7.2",solution_verification_exponential,constructed_response,,"Unit 7 Assessment Plan + AP Calculus AB Course Framework; supplied AP Topic scoring guides consulted for authentic representations and rigor only, with no published question wording copied.",Notes pair 2; EX.
U7-S1-NOTE-YTI02,MATH,7,7.1,notes_you_try_it,notes,pair_2_yti,current,2,Translate verbal rate relationships into differential equations and verify whether proposed functions satisfy a differential equation.,I can model verbal growth or change statements with differential equations and verify proposed solutions by checking the derivative relationship.,"AP Topics 7.1, 7.2",solution_verification_polynomial,constructed_response,,"Unit 7 Assessment Plan + AP Calculus AB Course Framework; supplied AP Topic scoring guides consulted for authentic representations and rigor only, with no published question wording copied.",Notes pair 2; YTI.
U7-S1-NOTE-EX03,MATH,7,7.1,notes_example,notes,pair_3_ex,current,2,Translate verbal rate relationships into differential equations and verify whether proposed functions satisfy a differential equation.,I can model verbal growth or change statements with differential equations and verify proposed solutions by checking the derivative relationship.,"AP Topics 7.1, 7.2",solution_verification_polynomial,constructed_response,,"Unit 7 Assessment Plan + AP Calculus AB Course Framework; supplied AP Topic scoring guides consulted for authentic representations and rigor only, with no published question wording copied.",Notes pair 3; EX.
U7-S1-NOTE-YTI03,MATH,7,7.1,notes_you_try_it,notes,pair_3_yti,current,2,Translate verbal rate relationships into differential equations and verify whether proposed functions satisfy a differential equation.,I can model verbal growth or change statements with differential equations and verify proposed solutions by checking the derivative relationship.,"AP Topics 7.1, 7.2",context_rate_model,expression,,"Unit 7 Assessment Plan + AP Calculus AB Course Framework; supplied AP Topic scoring guides consulted for authentic representations and rigor only, with no published question wording copied.",Notes pair 3; YTI.
U7-S1-NOTE-EX04,MATH,7,7.1,notes_example,notes,pair_4_ex,current,2,Translate verbal rate relationships into differential equations and verify whether proposed functions satisfy a differential equation.,I can model verbal growth or change statements with differential equations and verify proposed solutions by checking the derivative relationship.,"AP Topics 7.1, 7.2",context_rate_model,expression,,"Unit 7 Assessment Plan + AP Calculus AB Course Framework; supplied AP Topic scoring guides consulted for authentic representations and rigor only, with no published question wording copied.",Notes pair 4; EX.
U7-S1-NOTE-YTI04,MATH,7,7.1,notes_you_try_it,notes,pair_4_yti,current,1,Translate verbal rate relationships into differential equations and verify whether proposed functions satisfy a differential equation.,I can model verbal growth or change statements with differential equations and verify proposed solutions by checking the derivative relationship.,"AP Topics 7.1, 7.2",de_recognition,text,,"Unit 7 Assessment Plan + AP Calculus AB Course Framework; supplied AP Topic scoring guides consulted for authentic representations and rigor only, with no published question wording copied.",Notes pair 4; YTI.
U7-S2-NOTE-EX01,MATH,7,7.2,notes_example,notes,pair_1_ex,current,2,"Sketch and interpret slope fields, connect local slope behavior to differential equations, and reason about solution curves graphically.","I can read local slopes from a slope field, match a field to a differential equation, and sketch or describe a solution curve through an initial point.","AP Topics 7.3, 7.4",slope_field_horizontal_locus,line,u7_s2_note_ex01_slope_field.png,"Unit 7 Assessment Plan + AP Calculus AB Course Framework; supplied AP Topic scoring guides consulted for authentic representations and rigor only, with no published question wording copied.",Notes pair 1; EX.
U7-S2-NOTE-YTI01,MATH,7,7.2,notes_you_try_it,notes,pair_1_yti,current,1,"Sketch and interpret slope fields, connect local slope behavior to differential equations, and reason about solution curves graphically.","I can read local slopes from a slope field, match a field to a differential equation, and sketch or describe a solution curve through an initial point.","AP Topics 7.3, 7.4",local_slope_from_de,numeric,,"Unit 7 Assessment Plan + AP Calculus AB Course Framework; supplied AP Topic scoring guides consulted for authentic representations and rigor only, with no published question wording copied.",Notes pair 1; YTI.
U7-S2-NOTE-EX02,MATH,7,7.2,notes_example,notes,pair_2_ex,current,1,"Sketch and interpret slope fields, connect local slope behavior to differential equations, and reason about solution curves graphically.","I can read local slopes from a slope field, match a field to a differential equation, and sketch or describe a solution curve through an initial point.","AP Topics 7.3, 7.4",local_slope_from_de,numeric,,"Unit 7 Assessment Plan + AP Calculus AB Course Framework; supplied AP Topic scoring guides consulted for authentic representations and rigor only, with no published question wording copied.",Notes pair 2; EX.
U7-S2-NOTE-YTI02,MATH,7,7.2,notes_you_try_it,notes,pair_2_yti,current,2,"Sketch and interpret slope fields, connect local slope behavior to differential equations, and reason about solution curves graphically.","I can read local slopes from a slope field, match a field to a differential equation, and sketch or describe a solution curve through an initial point.","AP Topics 7.3, 7.4",solution_curve_initial_direction,text,u7_s2_note_yti02_solution_tendency.png,"Unit 7 Assessment Plan + AP Calculus AB Course Framework; supplied AP Topic scoring guides consulted for authentic representations and rigor only, with no published question wording copied.",Notes pair 2; YTI.
U7-S2-NOTE-EX03,MATH,7,7.2,notes_example,notes,pair_3_ex,current,2,"Sketch and interpret slope fields, connect local slope behavior to differential equations, and reason about solution curves graphically.","I can read local slopes from a slope field, match a field to a differential equation, and sketch or describe a solution curve through an initial point.","AP Topics 7.3, 7.4",solution_curve_initial_direction,text,u7_s2_note_ex03_solution_tendency.png,"Unit 7 Assessment Plan + AP Calculus AB Course Framework; supplied AP Topic scoring guides consulted for authentic representations and rigor only, with no published question wording copied.",Notes pair 3; EX.
U7-S2-NOTE-YTI03,MATH,7,7.2,notes_you_try_it,notes,pair_3_yti,current,2,"Sketch and interpret slope fields, connect local slope behavior to differential equations, and reason about solution curves graphically.","I can read local slopes from a slope field, match a field to a differential equation, and sketch or describe a solution curve through an initial point.","AP Topics 7.3, 7.4",field_equation_match,expression,,"Unit 7 Assessment Plan + AP Calculus AB Course Framework; supplied AP Topic scoring guides consulted for authentic representations and rigor only, with no published question wording copied.",Notes pair 3; YTI.
U7-S2-NOTE-EX04,MATH,7,7.2,notes_example,notes,pair_4_ex,current,2,"Sketch and interpret slope fields, connect local slope behavior to differential equations, and reason about solution curves graphically.","I can read local slopes from a slope field, match a field to a differential equation, and sketch or describe a solution curve through an initial point.","AP Topics 7.3, 7.4",field_equation_match,expression,,"Unit 7 Assessment Plan + AP Calculus AB Course Framework; supplied AP Topic scoring guides consulted for authentic representations and rigor only, with no published question wording copied.",Notes pair 4; EX.
U7-S2-NOTE-YTI04,MATH,7,7.2,notes_you_try_it,notes,pair_4_yti,current,2,"Sketch and interpret slope fields, connect local slope behavior to differential equations, and reason about solution curves graphically.","I can read local slopes from a slope field, match a field to a differential equation, and sketch or describe a solution curve through an initial point.","AP Topics 7.3, 7.4",slope_field_table,text,,"Unit 7 Assessment Plan + AP Calculus AB Course Framework; supplied AP Topic scoring guides consulted for authentic representations and rigor only, with no published question wording copied.",Notes pair 4; YTI.
U7-S3-NOTE-EX01,MATH,7,7.3,notes_example,notes,pair_1_ex,current,2,"Solve separable differential equations by separating variables, integrating both sides, and managing constants of integration across equivalent solution forms.","I can separate variables correctly, integrate both sides, include constants, recognize possible lost equilibrium solutions, and compare equivalent implicit or explicit forms.",AP Topic 7.6,separable_xy,expression,,"Unit 7 Assessment Plan + AP Calculus AB Course Framework; supplied AP Topic scoring guides consulted for authentic representations and rigor only, with no published question wording copied.",Notes pair 1; EX.
U7-S3-NOTE-YTI01,MATH,7,7.3,notes_you_try_it,notes,pair_1_yti,current,2,"Solve separable differential equations by separating variables, integrating both sides, and managing constants of integration across equivalent solution forms.","I can separate variables correctly, integrate both sides, include constants, recognize possible lost equilibrium solutions, and compare equivalent implicit or explicit forms.",AP Topic 7.6,separable_exponential_family,expression,,"Unit 7 Assessment Plan + AP Calculus AB Course Framework; supplied AP Topic scoring guides consulted for authentic representations and rigor only, with no published question wording copied.",Notes pair 1; YTI.
U7-S3-NOTE-EX02,MATH,7,7.3,notes_example,notes,pair_2_ex,current,2,"Solve separable differential equations by separating variables, integrating both sides, and managing constants of integration across equivalent solution forms.","I can separate variables correctly, integrate both sides, include constants, recognize possible lost equilibrium solutions, and compare equivalent implicit or explicit forms.",AP Topic 7.6,separable_exponential_family,expression,,"Unit 7 Assessment Plan + AP Calculus AB Course Framework; supplied AP Topic scoring guides consulted for authentic representations and rigor only, with no published question wording copied.",Notes pair 2; EX.
U7-S3-NOTE-YTI02,MATH,7,7.3,notes_you_try_it,notes,pair_2_yti,current,2,"Solve separable differential equations by separating variables, integrating both sides, and managing constants of integration across equivalent solution forms.","I can separate variables correctly, integrate both sides, include constants, recognize possible lost equilibrium solutions, and compare equivalent implicit or explicit forms.",AP Topic 7.6,separable_inverse_tangent,expression,,"Unit 7 Assessment Plan + AP Calculus AB Course Framework; supplied AP Topic scoring guides consulted for authentic representations and rigor only, with no published question wording copied.",Notes pair 2; YTI.
U7-S3-NOTE-EX03,MATH,7,7.3,notes_example,notes,pair_3_ex,current,2,"Solve separable differential equations by separating variables, integrating both sides, and managing constants of integration across equivalent solution forms.","I can separate variables correctly, integrate both sides, include constants, recognize possible lost equilibrium solutions, and compare equivalent implicit or explicit forms.",AP Topic 7.6,separable_inverse_tangent,expression,,"Unit 7 Assessment Plan + AP Calculus AB Course Framework; supplied AP Topic scoring guides consulted for authentic representations and rigor only, with no published question wording copied.",Notes pair 3; EX.
U7-S3-NOTE-YTI03,MATH,7,7.3,notes_you_try_it,notes,pair_3_yti,current,1,"Solve separable differential equations by separating variables, integrating both sides, and managing constants of integration across equivalent solution forms.","I can separate variables correctly, integrate both sides, include constants, recognize possible lost equilibrium solutions, and compare equivalent implicit or explicit forms.",AP Topic 7.6,separation_notation,expression,,"Unit 7 Assessment Plan + AP Calculus AB Course Framework; supplied AP Topic scoring guides consulted for authentic representations and rigor only, with no published question wording copied.",Notes pair 3; YTI.
U7-S3-NOTE-EX04,MATH,7,7.3,notes_example,notes,pair_4_ex,current,1,"Solve separable differential equations by separating variables, integrating both sides, and managing constants of integration across equivalent solution forms.","I can separate variables correctly, integrate both sides, include constants, recognize possible lost equilibrium solutions, and compare equivalent implicit or explicit forms.",AP Topic 7.6,separation_notation,expression,,"Unit 7 Assessment Plan + AP Calculus AB Course Framework; supplied AP Topic scoring guides consulted for authentic representations and rigor only, with no published question wording copied.",Notes pair 4; EX.
U7-S3-NOTE-YTI04,MATH,7,7.3,notes_you_try_it,notes,pair_4_yti,current,3,"Solve separable differential equations by separating variables, integrating both sides, and managing constants of integration across equivalent solution forms.","I can separate variables correctly, integrate both sides, include constants, recognize possible lost equilibrium solutions, and compare equivalent implicit or explicit forms.",AP Topic 7.6,lost_equilibrium_solutions,constructed_response,,"Unit 7 Assessment Plan + AP Calculus AB Course Framework; supplied AP Topic scoring guides consulted for authentic representations and rigor only, with no published question wording copied.",Notes pair 4; YTI.
U7-S4-NOTE-EX01,MATH,7,7.4,notes_example,notes,pair_1_ex,current,2,Use initial conditions to determine constants and produce particular solutions to separable differential equations.,I can use an initial condition to select one member of a solution family and express the requested particular solution with an appropriate branch or form.,AP Topic 7.7,particular_exponential_from_family,expression,,"Unit 7 Assessment Plan + AP Calculus AB Course Framework; supplied AP Topic scoring guides consulted for authentic representations and rigor only, with no published question wording copied.",Notes pair 1; EX.
U7-S4-NOTE-YTI01,MATH,7,7.4,notes_you_try_it,notes,pair_1_yti,current,1,Use initial conditions to determine constants and produce particular solutions to separable differential equations.,I can use an initial condition to select one member of a solution family and express the requested particular solution with an appropriate branch or form.,AP Topic 7.7,initial_condition_constant,numeric,,"Unit 7 Assessment Plan + AP Calculus AB Course Framework; supplied AP Topic scoring guides consulted for authentic representations and rigor only, with no published question wording copied.",Notes pair 1; YTI.
U7-S4-NOTE-EX02,MATH,7,7.4,notes_example,notes,pair_2_ex,current,1,Use initial conditions to determine constants and produce particular solutions to separable differential equations.,I can use an initial condition to select one member of a solution family and express the requested particular solution with an appropriate branch or form.,AP Topic 7.7,initial_condition_constant,numeric,,"Unit 7 Assessment Plan + AP Calculus AB Course Framework; supplied AP Topic scoring guides consulted for authentic representations and rigor only, with no published question wording copied.",Notes pair 2; EX.
U7-S4-NOTE-YTI02,MATH,7,7.4,notes_you_try_it,notes,pair_2_yti,current,2,Use initial conditions to determine constants and produce particular solutions to separable differential equations.,I can use an initial condition to select one member of a solution family and express the requested particular solution with an appropriate branch or form.,AP Topic 7.7,particular_separable_implicit,expression,,"Unit 7 Assessment Plan + AP Calculus AB Course Framework; supplied AP Topic scoring guides consulted for authentic representations and rigor only, with no published question wording copied.",Notes pair 2; YTI.
U7-S4-NOTE-EX03,MATH,7,7.4,notes_example,notes,pair_3_ex,current,2,Use initial conditions to determine constants and produce particular solutions to separable differential equations.,I can use an initial condition to select one member of a solution family and express the requested particular solution with an appropriate branch or form.,AP Topic 7.7,particular_separable_implicit,expression,,"Unit 7 Assessment Plan + AP Calculus AB Course Framework; supplied AP Topic scoring guides consulted for authentic representations and rigor only, with no published question wording copied.",Notes pair 3; EX.
U7-S4-NOTE-YTI03,MATH,7,7.4,notes_you_try_it,notes,pair_3_yti,current,1,Use initial conditions to determine constants and produce particular solutions to separable differential equations.,I can use an initial condition to select one member of a solution family and express the requested particular solution with an appropriate branch or form.,AP Topic 7.7,general_particular_distinction,text,,"Unit 7 Assessment Plan + AP Calculus AB Course Framework; supplied AP Topic scoring guides consulted for authentic representations and rigor only, with no published question wording copied.",Notes pair 3; YTI.
U7-S4-NOTE-EX04,MATH,7,7.4,notes_example,notes,pair_4_ex,current,1,Use initial conditions to determine constants and produce particular solutions to separable differential equations.,I can use an initial condition to select one member of a solution family and express the requested particular solution with an appropriate branch or form.,AP Topic 7.7,general_particular_distinction,text,,"Unit 7 Assessment Plan + AP Calculus AB Course Framework; supplied AP Topic scoring guides consulted for authentic representations and rigor only, with no published question wording copied.",Notes pair 4; EX.
U7-S4-NOTE-YTI04,MATH,7,7.4,notes_you_try_it,notes,pair_4_yti,current,2,Use initial conditions to determine constants and produce particular solutions to separable differential equations.,I can use an initial condition to select one member of a solution family and express the requested particular solution with an appropriate branch or form.,AP Topic 7.7,particular_branch_selection,expression,,"Unit 7 Assessment Plan + AP Calculus AB Course Framework; supplied AP Topic scoring guides consulted for authentic representations and rigor only, with no published question wording copied.",Notes pair 4; YTI.
U7-S5-NOTE-EX01,MATH,7,7.5,notes_example,notes,pair_1_ex,current,2,Model and interpret exponential growth and decay from differential equations in contextual situations.,"I can build exponential growth or decay models from proportional-rate relationships and interpret the sign, units, parameters, and solution behavior in context.",AP Topic 7.8,exponential_context_model,expression,,"Unit 7 Assessment Plan + AP Calculus AB Course Framework; supplied AP Topic scoring guides consulted for authentic representations and rigor only, with no published question wording copied.",Notes pair 1; EX.
U7-S5-NOTE-YTI01,MATH,7,7.5,notes_you_try_it,notes,pair_1_yti,current,2,Model and interpret exponential growth and decay from differential equations in contextual situations.,"I can build exponential growth or decay models from proportional-rate relationships and interpret the sign, units, parameters, and solution behavior in context.",AP Topic 7.8,exponential_parameter_from_data,expression,,"Unit 7 Assessment Plan + AP Calculus AB Course Framework; supplied AP Topic scoring guides consulted for authentic representations and rigor only, with no published question wording copied.",Notes pair 1; YTI.
U7-S5-NOTE-EX02,MATH,7,7.5,notes_example,notes,pair_2_ex,current,2,Model and interpret exponential growth and decay from differential equations in contextual situations.,"I can build exponential growth or decay models from proportional-rate relationships and interpret the sign, units, parameters, and solution behavior in context.",AP Topic 7.8,exponential_parameter_from_data,expression,,"Unit 7 Assessment Plan + AP Calculus AB Course Framework; supplied AP Topic scoring guides consulted for authentic representations and rigor only, with no published question wording copied.",Notes pair 2; EX.
U7-S5-NOTE-YTI02,MATH,7,7.5,notes_you_try_it,notes,pair_2_yti,current,2,Model and interpret exponential growth and decay from differential equations in contextual situations.,"I can build exponential growth or decay models from proportional-rate relationships and interpret the sign, units, parameters, and solution behavior in context.",AP Topic 7.8,half_life_parameter,expression,,"Unit 7 Assessment Plan + AP Calculus AB Course Framework; supplied AP Topic scoring guides consulted for authentic representations and rigor only, with no published question wording copied.",Notes pair 2; YTI.
U7-S5-NOTE-EX03,MATH,7,7.5,notes_example,notes,pair_3_ex,current,2,Model and interpret exponential growth and decay from differential equations in contextual situations.,"I can build exponential growth or decay models from proportional-rate relationships and interpret the sign, units, parameters, and solution behavior in context.",AP Topic 7.8,half_life_parameter,expression,,"Unit 7 Assessment Plan + AP Calculus AB Course Framework; supplied AP Topic scoring guides consulted for authentic representations and rigor only, with no published question wording copied.",Notes pair 3; EX.
U7-S5-NOTE-YTI03,MATH,7,7.5,notes_you_try_it,notes,pair_3_yti,current,2,Model and interpret exponential growth and decay from differential equations in contextual situations.,"I can build exponential growth or decay models from proportional-rate relationships and interpret the sign, units, parameters, and solution behavior in context.",AP Topic 7.8,exponential_parameter_interpretation,text,,"Unit 7 Assessment Plan + AP Calculus AB Course Framework; supplied AP Topic scoring guides consulted for authentic representations and rigor only, with no published question wording copied.",Notes pair 3; YTI.
U7-S5-NOTE-EX04,MATH,7,7.5,notes_example,notes,pair_4_ex,current,2,Model and interpret exponential growth and decay from differential equations in contextual situations.,"I can build exponential growth or decay models from proportional-rate relationships and interpret the sign, units, parameters, and solution behavior in context.",AP Topic 7.8,exponential_parameter_interpretation,text,,"Unit 7 Assessment Plan + AP Calculus AB Course Framework; supplied AP Topic scoring guides consulted for authentic representations and rigor only, with no published question wording copied.",Notes pair 4; EX.
U7-S5-NOTE-YTI04,MATH,7,7.5,notes_you_try_it,notes,pair_4_yti,current,2,Model and interpret exponential growth and decay from differential equations in contextual situations.,"I can build exponential growth or decay models from proportional-rate relationships and interpret the sign, units, parameters, and solution behavior in context.",AP Topic 7.8,exponential_graph_interpretation,text,u7_s5_note_yti04_exponential_graph.png,"Unit 7 Assessment Plan + AP Calculus AB Course Framework; supplied AP Topic scoring guides consulted for authentic representations and rigor only, with no published question wording copied.",Notes pair 4; YTI.
U7-S1-PS1-C01,MATH,7,7.1,practice_set_1,practice,ps1_c01,current,2,Translate verbal rate relationships into differential equations and verify whether proposed functions satisfy a differential equation.,I can model verbal growth or change statements with differential equations and verify proposed solutions by checking the derivative relationship.,"AP Topics 7.1, 7.2",solution_verification_exponential,constructed_response,,"Unit 7 Assessment Plan + AP Calculus AB Course Framework; supplied AP Topic scoring guides consulted for authentic representations and rigor only, with no published question wording copied.",
U7-S1-PS1-C02,MATH,7,7.1,practice_set_1,practice,ps1_c02,current,2,Translate verbal rate relationships into differential equations and verify whether proposed functions satisfy a differential equation.,I can model verbal growth or change statements with differential equations and verify proposed solutions by checking the derivative relationship.,"AP Topics 7.1, 7.2",solution_verification_polynomial,constructed_response,,"Unit 7 Assessment Plan + AP Calculus AB Course Framework; supplied AP Topic scoring guides consulted for authentic representations and rigor only, with no published question wording copied.",
U7-S1-PS1-C03,MATH,7,7.1,practice_set_1,practice,ps1_c03,current,2,Translate verbal rate relationships into differential equations and verify whether proposed functions satisfy a differential equation.,I can model verbal growth or change statements with differential equations and verify proposed solutions by checking the derivative relationship.,"AP Topics 7.1, 7.2",context_rate_model,expression,,"Unit 7 Assessment Plan + AP Calculus AB Course Framework; supplied AP Topic scoring guides consulted for authentic representations and rigor only, with no published question wording copied.",
U7-S1-PS1-C04,MATH,7,7.1,practice_set_1,practice,ps1_c04,current,1,Translate verbal rate relationships into differential equations and verify whether proposed functions satisfy a differential equation.,I can model verbal growth or change statements with differential equations and verify proposed solutions by checking the derivative relationship.,"AP Topics 7.1, 7.2",de_recognition,text,,"Unit 7 Assessment Plan + AP Calculus AB Course Framework; supplied AP Topic scoring guides consulted for authentic representations and rigor only, with no published question wording copied.",
U7-S1-PS1-C05,MATH,7,7.1,practice_set_1,practice,ps1_c05,current,3,Translate verbal rate relationships into differential equations and verify whether proposed functions satisfy a differential equation.,I can model verbal growth or change statements with differential equations and verify proposed solutions by checking the derivative relationship.,"AP Topics 7.1, 7.2",model_choice_critique,constructed_response,,"Unit 7 Assessment Plan + AP Calculus AB Course Framework; supplied AP Topic scoring guides consulted for authentic representations and rigor only, with no published question wording copied.",
U7-S1-PS1-L01,MATH,7,7.1,practice_set_1,practice,ps1_l01,last,2,"Use $u$-substitution as chain-rule reversal and select among substitution, algebraic rewriting, long division, or completing the square when appropriate.",I can retrieve and apply the most recent prerequisite learning.,"AP Topics 7.1, 7.2",u_substitution_retrieval,expression,,"Unit 7 Assessment Plan + AP Calculus AB Course Framework; supplied AP Topic scoring guides consulted for authentic representations and rigor only, with no published question wording copied.",
U7-S1-PS1-L02,MATH,7,7.1,practice_set_1,practice,ps1_l02,last,2,"Use $u$-substitution as chain-rule reversal and select among substitution, algebraic rewriting, long division, or completing the square when appropriate.",I can retrieve and apply the most recent prerequisite learning.,"AP Topics 7.1, 7.2",integration_rewrite_retrieval,expression,,"Unit 7 Assessment Plan + AP Calculus AB Course Framework; supplied AP Topic scoring guides consulted for authentic representations and rigor only, with no published question wording copied.",
U7-S1-PS1-L03,MATH,7,7.1,practice_set_1,practice,ps1_l03,last,2,"Use $u$-substitution as chain-rule reversal and select among substitution, algebraic rewriting, long division, or completing the square when appropriate.",I can retrieve and apply the most recent prerequisite learning.,"AP Topics 7.1, 7.2",ftc_retrieval,numeric,,"Unit 7 Assessment Plan + AP Calculus AB Course Framework; supplied AP Topic scoring guides consulted for authentic representations and rigor only, with no published question wording copied.",
U7-S1-PS1-L04,MATH,7,7.1,practice_set_1,practice,ps1_l04,last,1,"Use $u$-substitution as chain-rule reversal and select among substitution, algebraic rewriting, long division, or completing the square when appropriate.",I can retrieve and apply the most recent prerequisite learning.,"AP Topics 7.1, 7.2",accumulation_retrieval,numeric,,"Unit 7 Assessment Plan + AP Calculus AB Course Framework; supplied AP Topic scoring guides consulted for authentic representations and rigor only, with no published question wording copied.",
U7-S1-PS1-L05,MATH,7,7.1,practice_set_1,practice,ps1_l05,last,2,"Use $u$-substitution as chain-rule reversal and select among substitution, algebraic rewriting, long division, or completing the square when appropriate.",I can retrieve and apply the most recent prerequisite learning.,"AP Topics 7.1, 7.2",integration_strategy_retrieval,text,,"Unit 7 Assessment Plan + AP Calculus AB Course Framework; supplied AP Topic scoring guides consulted for authentic representations and rigor only, with no published question wording copied.",
U7-S1-PS1-M01,MATH,7,7.1,practice_set_1,practice,ps1_m01,mastery,2,Derivative and antiderivative relationships; algebraic manipulation; function notation; graph interpretation and units.,"I can retrieve durable derivative, antiderivative, algebra, notation, graph, and units learning.","AP Topics 7.1, 7.2",definite_integral_retrieval,numeric,,"Unit 7 Assessment Plan + AP Calculus AB Course Framework; supplied AP Topic scoring guides consulted for authentic representations and rigor only, with no published question wording copied.",
U7-S1-PS1-M02,MATH,7,7.1,practice_set_1,practice,ps1_m02,mastery,1,Derivative and antiderivative relationships; algebraic manipulation; function notation; graph interpretation and units.,"I can retrieve durable derivative, antiderivative, algebra, notation, graph, and units learning.","AP Topics 7.1, 7.2",units_retrieval,text,,"Unit 7 Assessment Plan + AP Calculus AB Course Framework; supplied AP Topic scoring guides consulted for authentic representations and rigor only, with no published question wording copied.",
U7-S1-PS1-M03,MATH,7,7.1,practice_set_1,practice,ps1_m03,mastery,1,Derivative and antiderivative relationships; algebraic manipulation; function notation; graph interpretation and units.,"I can retrieve durable derivative, antiderivative, algebra, notation, graph, and units learning.","AP Topics 7.1, 7.2",algebra_retrieval,expression,,"Unit 7 Assessment Plan + AP Calculus AB Course Framework; supplied AP Topic scoring guides consulted for authentic representations and rigor only, with no published question wording copied.",
U7-S1-PS1-M04,MATH,7,7.1,practice_set_1,practice,ps1_m04,mastery,1,Derivative and antiderivative relationships; algebraic manipulation; function notation; graph interpretation and units.,"I can retrieve durable derivative, antiderivative, algebra, notation, graph, and units learning.","AP Topics 7.1, 7.2",function_notation_retrieval,numeric,,"Unit 7 Assessment Plan + AP Calculus AB Course Framework; supplied AP Topic scoring guides consulted for authentic representations and rigor only, with no published question wording copied.",
U7-S1-PS1-M05,MATH,7,7.1,practice_set_1,practice,ps1_m05,mastery,1,Derivative and antiderivative relationships; algebraic manipulation; function notation; graph interpretation and units.,"I can retrieve durable derivative, antiderivative, algebra, notation, graph, and units learning.","AP Topics 7.1, 7.2",graph_sign_retrieval,text,,"Unit 7 Assessment Plan + AP Calculus AB Course Framework; supplied AP Topic scoring guides consulted for authentic representations and rigor only, with no published question wording copied.",
U7-S1-PS1-M06,MATH,7,7.1,practice_set_1,practice,ps1_m06,mastery,2,Derivative and antiderivative relationships; algebraic manipulation; function notation; graph interpretation and units.,"I can retrieve durable derivative, antiderivative, algebra, notation, graph, and units learning.","AP Topics 7.1, 7.2",limit_retrieval,numeric,,"Unit 7 Assessment Plan + AP Calculus AB Course Framework; supplied AP Topic scoring guides consulted for authentic representations and rigor only, with no published question wording copied.",
U7-S1-PS1-M07,MATH,7,7.1,practice_set_1,practice,ps1_m07,mastery,2,Derivative and antiderivative relationships; algebraic manipulation; function notation; graph interpretation and units.,"I can retrieve durable derivative, antiderivative, algebra, notation, graph, and units learning.","AP Topics 7.1, 7.2",derivative_relationship_retrieval,expression,,"Unit 7 Assessment Plan + AP Calculus AB Course Framework; supplied AP Topic scoring guides consulted for authentic representations and rigor only, with no published question wording copied.",
U7-S1-PS1-M08,MATH,7,7.1,practice_set_1,practice,ps1_m08,mastery,1,Derivative and antiderivative relationships; algebraic manipulation; function notation; graph interpretation and units.,"I can retrieve durable derivative, antiderivative, algebra, notation, graph, and units learning.","AP Topics 7.1, 7.2",antiderivative_retrieval,expression,,"Unit 7 Assessment Plan + AP Calculus AB Course Framework; supplied AP Topic scoring guides consulted for authentic representations and rigor only, with no published question wording copied.",
U7-S1-PS1-M09,MATH,7,7.1,practice_set_1,practice,ps1_m09,mastery,2,Derivative and antiderivative relationships; algebraic manipulation; function notation; graph interpretation and units.,"I can retrieve durable derivative, antiderivative, algebra, notation, graph, and units learning.","AP Topics 7.1, 7.2",definite_integral_retrieval,numeric,,"Unit 7 Assessment Plan + AP Calculus AB Course Framework; supplied AP Topic scoring guides consulted for authentic representations and rigor only, with no published question wording copied.",
U7-S1-PS1-M10,MATH,7,7.1,practice_set_1,practice,ps1_m10,mastery,1,Derivative and antiderivative relationships; algebraic manipulation; function notation; graph interpretation and units.,"I can retrieve durable derivative, antiderivative, algebra, notation, graph, and units learning.","AP Topics 7.1, 7.2",units_retrieval,text,,"Unit 7 Assessment Plan + AP Calculus AB Course Framework; supplied AP Topic scoring guides consulted for authentic representations and rigor only, with no published question wording copied.",
U7-S1-PS2-C01,MATH,7,7.1,practice_set_2,practice,ps2_c01,current,2,Translate verbal rate relationships into differential equations and verify whether proposed functions satisfy a differential equation.,I can model verbal growth or change statements with differential equations and verify proposed solutions by checking the derivative relationship.,"AP Topics 7.1, 7.2",solution_verification_polynomial,constructed_response,,"Unit 7 Assessment Plan + AP Calculus AB Course Framework; supplied AP Topic scoring guides consulted for authentic representations and rigor only, with no published question wording copied.",
U7-S1-PS2-C02,MATH,7,7.1,practice_set_2,practice,ps2_c02,current,2,Translate verbal rate relationships into differential equations and verify whether proposed functions satisfy a differential equation.,I can model verbal growth or change statements with differential equations and verify proposed solutions by checking the derivative relationship.,"AP Topics 7.1, 7.2",context_rate_model,expression,,"Unit 7 Assessment Plan + AP Calculus AB Course Framework; supplied AP Topic scoring guides consulted for authentic representations and rigor only, with no published question wording copied.",
U7-S1-PS2-C03,MATH,7,7.1,practice_set_2,practice,ps2_c03,current,1,Translate verbal rate relationships into differential equations and verify whether proposed functions satisfy a differential equation.,I can model verbal growth or change statements with differential equations and verify proposed solutions by checking the derivative relationship.,"AP Topics 7.1, 7.2",de_recognition,text,,"Unit 7 Assessment Plan + AP Calculus AB Course Framework; supplied AP Topic scoring guides consulted for authentic representations and rigor only, with no published question wording copied.",
U7-S1-PS2-C04,MATH,7,7.1,practice_set_2,practice,ps2_c04,current,3,Translate verbal rate relationships into differential equations and verify whether proposed functions satisfy a differential equation.,I can model verbal growth or change statements with differential equations and verify proposed solutions by checking the derivative relationship.,"AP Topics 7.1, 7.2",model_choice_critique,constructed_response,,"Unit 7 Assessment Plan + AP Calculus AB Course Framework; supplied AP Topic scoring guides consulted for authentic representations and rigor only, with no published question wording copied.",
U7-S1-PS2-C05,MATH,7,7.1,practice_set_2,practice,ps2_c05,current,1,Translate verbal rate relationships into differential equations and verify whether proposed functions satisfy a differential equation.,I can model verbal growth or change statements with differential equations and verify proposed solutions by checking the derivative relationship.,"AP Topics 7.1, 7.2",verbal_to_de,expression,,"Unit 7 Assessment Plan + AP Calculus AB Course Framework; supplied AP Topic scoring guides consulted for authentic representations and rigor only, with no published question wording copied.",
U7-S1-PS2-L01,MATH,7,7.1,practice_set_2,practice,ps2_l01,last,2,"Use $u$-substitution as chain-rule reversal and select among substitution, algebraic rewriting, long division, or completing the square when appropriate.",I can retrieve and apply the most recent prerequisite learning.,"AP Topics 7.1, 7.2",integration_rewrite_retrieval,expression,,"Unit 7 Assessment Plan + AP Calculus AB Course Framework; supplied AP Topic scoring guides consulted for authentic representations and rigor only, with no published question wording copied.",
U7-S1-PS2-L02,MATH,7,7.1,practice_set_2,practice,ps2_l02,last,2,"Use $u$-substitution as chain-rule reversal and select among substitution, algebraic rewriting, long division, or completing the square when appropriate.",I can retrieve and apply the most recent prerequisite learning.,"AP Topics 7.1, 7.2",ftc_retrieval,numeric,,"Unit 7 Assessment Plan + AP Calculus AB Course Framework; supplied AP Topic scoring guides consulted for authentic representations and rigor only, with no published question wording copied.",
U7-S1-PS2-L03,MATH,7,7.1,practice_set_2,practice,ps2_l03,last,1,"Use $u$-substitution as chain-rule reversal and select among substitution, algebraic rewriting, long division, or completing the square when appropriate.",I can retrieve and apply the most recent prerequisite learning.,"AP Topics 7.1, 7.2",accumulation_retrieval,numeric,,"Unit 7 Assessment Plan + AP Calculus AB Course Framework; supplied AP Topic scoring guides consulted for authentic representations and rigor only, with no published question wording copied.",
U7-S1-PS2-L04,MATH,7,7.1,practice_set_2,practice,ps2_l04,last,2,"Use $u$-substitution as chain-rule reversal and select among substitution, algebraic rewriting, long division, or completing the square when appropriate.",I can retrieve and apply the most recent prerequisite learning.,"AP Topics 7.1, 7.2",integration_strategy_retrieval,text,,"Unit 7 Assessment Plan + AP Calculus AB Course Framework; supplied AP Topic scoring guides consulted for authentic representations and rigor only, with no published question wording copied.",
U7-S1-PS2-L05,MATH,7,7.1,practice_set_2,practice,ps2_l05,last,2,"Use $u$-substitution as chain-rule reversal and select among substitution, algebraic rewriting, long division, or completing the square when appropriate.",I can retrieve and apply the most recent prerequisite learning.,"AP Topics 7.1, 7.2",u_substitution_retrieval,expression,,"Unit 7 Assessment Plan + AP Calculus AB Course Framework; supplied AP Topic scoring guides consulted for authentic representations and rigor only, with no published question wording copied.",
U7-S1-PS2-M01,MATH,7,7.1,practice_set_2,practice,ps2_m01,mastery,1,Derivative and antiderivative relationships; algebraic manipulation; function notation; graph interpretation and units.,"I can retrieve durable derivative, antiderivative, algebra, notation, graph, and units learning.","AP Topics 7.1, 7.2",antiderivative_retrieval,expression,,"Unit 7 Assessment Plan + AP Calculus AB Course Framework; supplied AP Topic scoring guides consulted for authentic representations and rigor only, with no published question wording copied.",
U7-S1-PS2-M02,MATH,7,7.1,practice_set_2,practice,ps2_m02,mastery,2,Derivative and antiderivative relationships; algebraic manipulation; function notation; graph interpretation and units.,"I can retrieve durable derivative, antiderivative, algebra, notation, graph, and units learning.","AP Topics 7.1, 7.2",definite_integral_retrieval,numeric,,"Unit 7 Assessment Plan + AP Calculus AB Course Framework; supplied AP Topic scoring guides consulted for authentic representations and rigor only, with no published question wording copied.",
U7-S1-PS2-M03,MATH,7,7.1,practice_set_2,practice,ps2_m03,mastery,1,Derivative and antiderivative relationships; algebraic manipulation; function notation; graph interpretation and units.,"I can retrieve durable derivative, antiderivative, algebra, notation, graph, and units learning.","AP Topics 7.1, 7.2",units_retrieval,text,,"Unit 7 Assessment Plan + AP Calculus AB Course Framework; supplied AP Topic scoring guides consulted for authentic representations and rigor only, with no published question wording copied.",
U7-S1-PS2-M04,MATH,7,7.1,practice_set_2,practice,ps2_m04,mastery,1,Derivative and antiderivative relationships; algebraic manipulation; function notation; graph interpretation and units.,"I can retrieve durable derivative, antiderivative, algebra, notation, graph, and units learning.","AP Topics 7.1, 7.2",algebra_retrieval,expression,,"Unit 7 Assessment Plan + AP Calculus AB Course Framework; supplied AP Topic scoring guides consulted for authentic representations and rigor only, with no published question wording copied.",
U7-S1-PS2-M05,MATH,7,7.1,practice_set_2,practice,ps2_m05,mastery,1,Derivative and antiderivative relationships; algebraic manipulation; function notation; graph interpretation and units.,"I can retrieve durable derivative, antiderivative, algebra, notation, graph, and units learning.","AP Topics 7.1, 7.2",function_notation_retrieval,numeric,,"Unit 7 Assessment Plan + AP Calculus AB Course Framework; supplied AP Topic scoring guides consulted for authentic representations and rigor only, with no published question wording copied.",
U7-S1-PS2-M06,MATH,7,7.1,practice_set_2,practice,ps2_m06,mastery,1,Derivative and antiderivative relationships; algebraic manipulation; function notation; graph interpretation and units.,"I can retrieve durable derivative, antiderivative, algebra, notation, graph, and units learning.","AP Topics 7.1, 7.2",graph_sign_retrieval,text,,"Unit 7 Assessment Plan + AP Calculus AB Course Framework; supplied AP Topic scoring guides consulted for authentic representations and rigor only, with no published question wording copied.",
U7-S1-PS2-M07,MATH,7,7.1,practice_set_2,practice,ps2_m07,mastery,2,Derivative and antiderivative relationships; algebraic manipulation; function notation; graph interpretation and units.,"I can retrieve durable derivative, antiderivative, algebra, notation, graph, and units learning.","AP Topics 7.1, 7.2",limit_retrieval,numeric,,"Unit 7 Assessment Plan + AP Calculus AB Course Framework; supplied AP Topic scoring guides consulted for authentic representations and rigor only, with no published question wording copied.",
U7-S1-PS2-M08,MATH,7,7.1,practice_set_2,practice,ps2_m08,mastery,2,Derivative and antiderivative relationships; algebraic manipulation; function notation; graph interpretation and units.,"I can retrieve durable derivative, antiderivative, algebra, notation, graph, and units learning.","AP Topics 7.1, 7.2",derivative_relationship_retrieval,expression,,"Unit 7 Assessment Plan + AP Calculus AB Course Framework; supplied AP Topic scoring guides consulted for authentic representations and rigor only, with no published question wording copied.",
U7-S1-PS2-M09,MATH,7,7.1,practice_set_2,practice,ps2_m09,mastery,1,Derivative and antiderivative relationships; algebraic manipulation; function notation; graph interpretation and units.,"I can retrieve durable derivative, antiderivative, algebra, notation, graph, and units learning.","AP Topics 7.1, 7.2",antiderivative_retrieval,expression,,"Unit 7 Assessment Plan + AP Calculus AB Course Framework; supplied AP Topic scoring guides consulted for authentic representations and rigor only, with no published question wording copied.",
U7-S1-PS2-M10,MATH,7,7.1,practice_set_2,practice,ps2_m10,mastery,2,Derivative and antiderivative relationships; algebraic manipulation; function notation; graph interpretation and units.,"I can retrieve durable derivative, antiderivative, algebra, notation, graph, and units learning.","AP Topics 7.1, 7.2",definite_integral_retrieval,numeric,,"Unit 7 Assessment Plan + AP Calculus AB Course Framework; supplied AP Topic scoring guides consulted for authentic representations and rigor only, with no published question wording copied.",
U7-S1-PS3-C01,MATH,7,7.1,practice_set_3,practice,ps3_c01,current,1,Translate verbal rate relationships into differential equations and verify whether proposed functions satisfy a differential equation.,I can model verbal growth or change statements with differential equations and verify proposed solutions by checking the derivative relationship.,"AP Topics 7.1, 7.2",de_translation_compact,expression,,"Unit 7 Assessment Plan + AP Calculus AB Course Framework; supplied AP Topic scoring guides consulted for authentic representations and rigor only, with no published question wording copied.",Tarsia-friendly concise source.
U7-S1-PS3-C02,MATH,7,7.1,practice_set_3,practice,ps3_c02,current,1,Translate verbal rate relationships into differential equations and verify whether proposed functions satisfy a differential equation.,I can model verbal growth or change statements with differential equations and verify proposed solutions by checking the derivative relationship.,"AP Topics 7.1, 7.2",de_translation_compact,expression,,"Unit 7 Assessment Plan + AP Calculus AB Course Framework; supplied AP Topic scoring guides consulted for authentic representations and rigor only, with no published question wording copied.",Tarsia-friendly concise source.
U7-S1-PS3-C03,MATH,7,7.1,practice_set_3,practice,ps3_c03,current,1,Translate verbal rate relationships into differential equations and verify whether proposed functions satisfy a differential equation.,I can model verbal growth or change statements with differential equations and verify proposed solutions by checking the derivative relationship.,"AP Topics 7.1, 7.2",de_translation_compact,expression,,"Unit 7 Assessment Plan + AP Calculus AB Course Framework; supplied AP Topic scoring guides consulted for authentic representations and rigor only, with no published question wording copied.",Tarsia-friendly concise source.
U7-S1-PS3-C04,MATH,7,7.1,practice_set_3,practice,ps3_c04,current,1,Translate verbal rate relationships into differential equations and verify whether proposed functions satisfy a differential equation.,I can model verbal growth or change statements with differential equations and verify proposed solutions by checking the derivative relationship.,"AP Topics 7.1, 7.2",de_translation_compact,expression,,"Unit 7 Assessment Plan + AP Calculus AB Course Framework; supplied AP Topic scoring guides consulted for authentic representations and rigor only, with no published question wording copied.",Tarsia-friendly concise source.
U7-S1-PS3-C05,MATH,7,7.1,practice_set_3,practice,ps3_c05,current,1,Translate verbal rate relationships into differential equations and verify whether proposed functions satisfy a differential equation.,I can model verbal growth or change statements with differential equations and verify proposed solutions by checking the derivative relationship.,"AP Topics 7.1, 7.2",de_translation_compact,expression,,"Unit 7 Assessment Plan + AP Calculus AB Course Framework; supplied AP Topic scoring guides consulted for authentic representations and rigor only, with no published question wording copied.",Tarsia-friendly concise source.
U7-S1-PS3-L01,MATH,7,7.1,practice_set_3,practice,ps3_l01,last,2,"Use $u$-substitution as chain-rule reversal and select among substitution, algebraic rewriting, long division, or completing the square when appropriate.",I can retrieve and apply the most recent prerequisite learning.,"AP Topics 7.1, 7.2",ftc_retrieval,numeric,,"Unit 7 Assessment Plan + AP Calculus AB Course Framework; supplied AP Topic scoring guides consulted for authentic representations and rigor only, with no published question wording copied.",Tarsia-friendly concise source.
U7-S1-PS3-L02,MATH,7,7.1,practice_set_3,practice,ps3_l02,last,1,"Use $u$-substitution as chain-rule reversal and select among substitution, algebraic rewriting, long division, or completing the square when appropriate.",I can retrieve and apply the most recent prerequisite learning.,"AP Topics 7.1, 7.2",accumulation_retrieval,numeric,,"Unit 7 Assessment Plan + AP Calculus AB Course Framework; supplied AP Topic scoring guides consulted for authentic representations and rigor only, with no published question wording copied.",Tarsia-friendly concise source.
U7-S1-PS3-L03,MATH,7,7.1,practice_set_3,practice,ps3_l03,last,2,"Use $u$-substitution as chain-rule reversal and select among substitution, algebraic rewriting, long division, or completing the square when appropriate.",I can retrieve and apply the most recent prerequisite learning.,"AP Topics 7.1, 7.2",integration_strategy_retrieval,text,,"Unit 7 Assessment Plan + AP Calculus AB Course Framework; supplied AP Topic scoring guides consulted for authentic representations and rigor only, with no published question wording copied.",Tarsia-friendly concise source.
U7-S1-PS3-L04,MATH,7,7.1,practice_set_3,practice,ps3_l04,last,2,"Use $u$-substitution as chain-rule reversal and select among substitution, algebraic rewriting, long division, or completing the square when appropriate.",I can retrieve and apply the most recent prerequisite learning.,"AP Topics 7.1, 7.2",u_substitution_retrieval,expression,,"Unit 7 Assessment Plan + AP Calculus AB Course Framework; supplied AP Topic scoring guides consulted for authentic representations and rigor only, with no published question wording copied.",Tarsia-friendly concise source.
U7-S1-PS3-L05,MATH,7,7.1,practice_set_3,practice,ps3_l05,last,2,"Use $u$-substitution as chain-rule reversal and select among substitution, algebraic rewriting, long division, or completing the square when appropriate.",I can retrieve and apply the most recent prerequisite learning.,"AP Topics 7.1, 7.2",integration_rewrite_retrieval,expression,,"Unit 7 Assessment Plan + AP Calculus AB Course Framework; supplied AP Topic scoring guides consulted for authentic representations and rigor only, with no published question wording copied.",Tarsia-friendly concise source.
U7-S1-PS3-M01,MATH,7,7.1,practice_set_3,practice,ps3_m01,mastery,2,Derivative and antiderivative relationships; algebraic manipulation; function notation; graph interpretation and units.,"I can retrieve durable derivative, antiderivative, algebra, notation, graph, and units learning.","AP Topics 7.1, 7.2",derivative_relationship_retrieval,expression,,"Unit 7 Assessment Plan + AP Calculus AB Course Framework; supplied AP Topic scoring guides consulted for authentic representations and rigor only, with no published question wording copied.",Tarsia-friendly concise source.
U7-S1-PS3-M02,MATH,7,7.1,practice_set_3,practice,ps3_m02,mastery,1,Derivative and antiderivative relationships; algebraic manipulation; function notation; graph interpretation and units.,"I can retrieve durable derivative, antiderivative, algebra, notation, graph, and units learning.","AP Topics 7.1, 7.2",antiderivative_retrieval,expression,,"Unit 7 Assessment Plan + AP Calculus AB Course Framework; supplied AP Topic scoring guides consulted for authentic representations and rigor only, with no published question wording copied.",Tarsia-friendly concise source.
U7-S1-PS3-M03,MATH,7,7.1,practice_set_3,practice,ps3_m03,mastery,2,Derivative and antiderivative relationships; algebraic manipulation; function notation; graph interpretation and units.,"I can retrieve durable derivative, antiderivative, algebra, notation, graph, and units learning.","AP Topics 7.1, 7.2",definite_integral_retrieval,numeric,,"Unit 7 Assessment Plan + AP Calculus AB Course Framework; supplied AP Topic scoring guides consulted for authentic representations and rigor only, with no published question wording copied.",Tarsia-friendly concise source.
U7-S1-PS3-M04,MATH,7,7.1,practice_set_3,practice,ps3_m04,mastery,1,Derivative and antiderivative relationships; algebraic manipulation; function notation; graph interpretation and units.,"I can retrieve durable derivative, antiderivative, algebra, notation, graph, and units learning.","AP Topics 7.1, 7.2",units_retrieval,text,,"Unit 7 Assessment Plan + AP Calculus AB Course Framework; supplied AP Topic scoring guides consulted for authentic representations and rigor only, with no published question wording copied.",Tarsia-friendly concise source.
U7-S1-PS3-M05,MATH,7,7.1,practice_set_3,practice,ps3_m05,mastery,1,Derivative and antiderivative relationships; algebraic manipulation; function notation; graph interpretation and units.,"I can retrieve durable derivative, antiderivative, algebra, notation, graph, and units learning.","AP Topics 7.1, 7.2",algebra_retrieval,expression,,"Unit 7 Assessment Plan + AP Calculus AB Course Framework; supplied AP Topic scoring guides consulted for authentic representations and rigor only, with no published question wording copied.",Tarsia-friendly concise source.
U7-S1-PS3-M06,MATH,7,7.1,practice_set_3,practice,ps3_m06,mastery,1,Derivative and antiderivative relationships; algebraic manipulation; function notation; graph interpretation and units.,"I can retrieve durable derivative, antiderivative, algebra, notation, graph, and units learning.","AP Topics 7.1, 7.2",function_notation_retrieval,numeric,,"Unit 7 Assessment Plan + AP Calculus AB Course Framework; supplied AP Topic scoring guides consulted for authentic representations and rigor only, with no published question wording copied.",Tarsia-friendly concise source.
U7-S1-PS3-M07,MATH,7,7.1,practice_set_3,practice,ps3_m07,mastery,1,Derivative and antiderivative relationships; algebraic manipulation; function notation; graph interpretation and units.,"I can retrieve durable derivative, antiderivative, algebra, notation, graph, and units learning.","AP Topics 7.1, 7.2",graph_sign_retrieval,text,,"Unit 7 Assessment Plan + AP Calculus AB Course Framework; supplied AP Topic scoring guides consulted for authentic representations and rigor only, with no published question wording copied.",Tarsia-friendly concise source.
U7-S1-PS3-M08,MATH,7,7.1,practice_set_3,practice,ps3_m08,mastery,2,Derivative and antiderivative relationships; algebraic manipulation; function notation; graph interpretation and units.,"I can retrieve durable derivative, antiderivative, algebra, notation, graph, and units learning.","AP Topics 7.1, 7.2",limit_retrieval,numeric,,"Unit 7 Assessment Plan + AP Calculus AB Course Framework; supplied AP Topic scoring guides consulted for authentic representations and rigor only, with no published question wording copied.",Tarsia-friendly concise source.
U7-S1-PS3-M09,MATH,7,7.1,practice_set_3,practice,ps3_m09,mastery,2,Derivative and antiderivative relationships; algebraic manipulation; function notation; graph interpretation and units.,"I can retrieve durable derivative, antiderivative, algebra, notation, graph, and units learning.","AP Topics 7.1, 7.2",derivative_relationship_retrieval,expression,,"Unit 7 Assessment Plan + AP Calculus AB Course Framework; supplied AP Topic scoring guides consulted for authentic representations and rigor only, with no published question wording copied.",Tarsia-friendly concise source.
U7-S1-PS3-M10,MATH,7,7.1,practice_set_3,practice,ps3_m10,mastery,1,Derivative and antiderivative relationships; algebraic manipulation; function notation; graph interpretation and units.,"I can retrieve durable derivative, antiderivative, algebra, notation, graph, and units learning.","AP Topics 7.1, 7.2",antiderivative_retrieval,expression,,"Unit 7 Assessment Plan + AP Calculus AB Course Framework; supplied AP Topic scoring guides consulted for authentic representations and rigor only, with no published question wording copied.",Tarsia-friendly concise source.
U7-S1-XP-C01,MATH,7,7.1,extra_practice,practice,xp_c01,current,1,Translate verbal rate relationships into differential equations and verify whether proposed functions satisfy a differential equation.,I can model verbal growth or change statements with differential equations and verify proposed solutions by checking the derivative relationship.,"AP Topics 7.1, 7.2",de_recognition,text,,"Unit 7 Assessment Plan + AP Calculus AB Course Framework; supplied AP Topic scoring guides consulted for authentic representations and rigor only, with no published question wording copied.",
U7-S1-XP-C02,MATH,7,7.1,extra_practice,practice,xp_c02,current,3,Translate verbal rate relationships into differential equations and verify whether proposed functions satisfy a differential equation.,I can model verbal growth or change statements with differential equations and verify proposed solutions by checking the derivative relationship.,"AP Topics 7.1, 7.2",model_choice_critique,constructed_response,,"Unit 7 Assessment Plan + AP Calculus AB Course Framework; supplied AP Topic scoring guides consulted for authentic representations and rigor only, with no published question wording copied.",
U7-S1-XP-C03,MATH,7,7.1,extra_practice,practice,xp_c03,current,1,Translate verbal rate relationships into differential equations and verify whether proposed functions satisfy a differential equation.,I can model verbal growth or change statements with differential equations and verify proposed solutions by checking the derivative relationship.,"AP Topics 7.1, 7.2",verbal_to_de,expression,,"Unit 7 Assessment Plan + AP Calculus AB Course Framework; supplied AP Topic scoring guides consulted for authentic representations and rigor only, with no published question wording copied.",
U7-S1-XP-C04,MATH,7,7.1,extra_practice,practice,xp_c04,current,2,Translate verbal rate relationships into differential equations and verify whether proposed functions satisfy a differential equation.,I can model verbal growth or change statements with differential equations and verify proposed solutions by checking the derivative relationship.,"AP Topics 7.1, 7.2",solution_verification_exponential,constructed_response,,"Unit 7 Assessment Plan + AP Calculus AB Course Framework; supplied AP Topic scoring guides consulted for authentic representations and rigor only, with no published question wording copied.",
U7-S1-XP-C05,MATH,7,7.1,extra_practice,practice,xp_c05,current,2,Translate verbal rate relationships into differential equations and verify whether proposed functions satisfy a differential equation.,I can model verbal growth or change statements with differential equations and verify proposed solutions by checking the derivative relationship.,"AP Topics 7.1, 7.2",solution_verification_polynomial,constructed_response,,"Unit 7 Assessment Plan + AP Calculus AB Course Framework; supplied AP Topic scoring guides consulted for authentic representations and rigor only, with no published question wording copied.",
U7-S1-XP-L01,MATH,7,7.1,extra_practice,practice,xp_l01,last,1,"Use $u$-substitution as chain-rule reversal and select among substitution, algebraic rewriting, long division, or completing the square when appropriate.",I can retrieve and apply the most recent prerequisite learning.,"AP Topics 7.1, 7.2",accumulation_retrieval,numeric,,"Unit 7 Assessment Plan + AP Calculus AB Course Framework; supplied AP Topic scoring guides consulted for authentic representations and rigor only, with no published question wording copied.",
U7-S1-XP-L02,MATH,7,7.1,extra_practice,practice,xp_l02,last,2,"Use $u$-substitution as chain-rule reversal and select among substitution, algebraic rewriting, long division, or completing the square when appropriate.",I can retrieve and apply the most recent prerequisite learning.,"AP Topics 7.1, 7.2",integration_strategy_retrieval,text,,"Unit 7 Assessment Plan + AP Calculus AB Course Framework; supplied AP Topic scoring guides consulted for authentic representations and rigor only, with no published question wording copied.",
U7-S1-XP-L03,MATH,7,7.1,extra_practice,practice,xp_l03,last,2,"Use $u$-substitution as chain-rule reversal and select among substitution, algebraic rewriting, long division, or completing the square when appropriate.",I can retrieve and apply the most recent prerequisite learning.,"AP Topics 7.1, 7.2",u_substitution_retrieval,expression,,"Unit 7 Assessment Plan + AP Calculus AB Course Framework; supplied AP Topic scoring guides consulted for authentic representations and rigor only, with no published question wording copied.",
U7-S1-XP-L04,MATH,7,7.1,extra_practice,practice,xp_l04,last,2,"Use $u$-substitution as chain-rule reversal and select among substitution, algebraic rewriting, long division, or completing the square when appropriate.",I can retrieve and apply the most recent prerequisite learning.,"AP Topics 7.1, 7.2",integration_rewrite_retrieval,expression,,"Unit 7 Assessment Plan + AP Calculus AB Course Framework; supplied AP Topic scoring guides consulted for authentic representations and rigor only, with no published question wording copied.",
U7-S1-XP-L05,MATH,7,7.1,extra_practice,practice,xp_l05,last,2,"Use $u$-substitution as chain-rule reversal and select among substitution, algebraic rewriting, long division, or completing the square when appropriate.",I can retrieve and apply the most recent prerequisite learning.,"AP Topics 7.1, 7.2",ftc_retrieval,numeric,,"Unit 7 Assessment Plan + AP Calculus AB Course Framework; supplied AP Topic scoring guides consulted for authentic representations and rigor only, with no published question wording copied.",
U7-S1-XP-M01,MATH,7,7.1,extra_practice,practice,xp_m01,mastery,2,Derivative and antiderivative relationships; algebraic manipulation; function notation; graph interpretation and units.,"I can retrieve durable derivative, antiderivative, algebra, notation, graph, and units learning.","AP Topics 7.1, 7.2",limit_retrieval,numeric,,"Unit 7 Assessment Plan + AP Calculus AB Course Framework; supplied AP Topic scoring guides consulted for authentic representations and rigor only, with no published question wording copied.",
U7-S1-XP-M02,MATH,7,7.1,extra_practice,practice,xp_m02,mastery,2,Derivative and antiderivative relationships; algebraic manipulation; function notation; graph interpretation and units.,"I can retrieve durable derivative, antiderivative, algebra, notation, graph, and units learning.","AP Topics 7.1, 7.2",derivative_relationship_retrieval,expression,,"Unit 7 Assessment Plan + AP Calculus AB Course Framework; supplied AP Topic scoring guides consulted for authentic representations and rigor only, with no published question wording copied.",
U7-S1-XP-M03,MATH,7,7.1,extra_practice,practice,xp_m03,mastery,1,Derivative and antiderivative relationships; algebraic manipulation; function notation; graph interpretation and units.,"I can retrieve durable derivative, antiderivative, algebra, notation, graph, and units learning.","AP Topics 7.1, 7.2",antiderivative_retrieval,expression,,"Unit 7 Assessment Plan + AP Calculus AB Course Framework; supplied AP Topic scoring guides consulted for authentic representations and rigor only, with no published question wording copied.",
U7-S1-XP-M04,MATH,7,7.1,extra_practice,practice,xp_m04,mastery,2,Derivative and antiderivative relationships; algebraic manipulation; function notation; graph interpretation and units.,"I can retrieve durable derivative, antiderivative, algebra, notation, graph, and units learning.","AP Topics 7.1, 7.2",definite_integral_retrieval,numeric,,"Unit 7 Assessment Plan + AP Calculus AB Course Framework; supplied AP Topic scoring guides consulted for authentic representations and rigor only, with no published question wording copied.",
U7-S1-XP-M05,MATH,7,7.1,extra_practice,practice,xp_m05,mastery,1,Derivative and antiderivative relationships; algebraic manipulation; function notation; graph interpretation and units.,"I can retrieve durable derivative, antiderivative, algebra, notation, graph, and units learning.","AP Topics 7.1, 7.2",units_retrieval,text,,"Unit 7 Assessment Plan + AP Calculus AB Course Framework; supplied AP Topic scoring guides consulted for authentic representations and rigor only, with no published question wording copied.",
U7-S1-XP-M06,MATH,7,7.1,extra_practice,practice,xp_m06,mastery,1,Derivative and antiderivative relationships; algebraic manipulation; function notation; graph interpretation and units.,"I can retrieve durable derivative, antiderivative, algebra, notation, graph, and units learning.","AP Topics 7.1, 7.2",algebra_retrieval,expression,,"Unit 7 Assessment Plan + AP Calculus AB Course Framework; supplied AP Topic scoring guides consulted for authentic representations and rigor only, with no published question wording copied.",
U7-S1-XP-M07,MATH,7,7.1,extra_practice,practice,xp_m07,mastery,1,Derivative and antiderivative relationships; algebraic manipulation; function notation; graph interpretation and units.,"I can retrieve durable derivative, antiderivative, algebra, notation, graph, and units learning.","AP Topics 7.1, 7.2",function_notation_retrieval,numeric,,"Unit 7 Assessment Plan + AP Calculus AB Course Framework; supplied AP Topic scoring guides consulted for authentic representations and rigor only, with no published question wording copied.",
U7-S1-XP-M08,MATH,7,7.1,extra_practice,practice,xp_m08,mastery,1,Derivative and antiderivative relationships; algebraic manipulation; function notation; graph interpretation and units.,"I can retrieve durable derivative, antiderivative, algebra, notation, graph, and units learning.","AP Topics 7.1, 7.2",graph_sign_retrieval,text,,"Unit 7 Assessment Plan + AP Calculus AB Course Framework; supplied AP Topic scoring guides consulted for authentic representations and rigor only, with no published question wording copied.",
U7-S1-XP-M09,MATH,7,7.1,extra_practice,practice,xp_m09,mastery,2,Derivative and antiderivative relationships; algebraic manipulation; function notation; graph interpretation and units.,"I can retrieve durable derivative, antiderivative, algebra, notation, graph, and units learning.","AP Topics 7.1, 7.2",limit_retrieval,numeric,,"Unit 7 Assessment Plan + AP Calculus AB Course Framework; supplied AP Topic scoring guides consulted for authentic representations and rigor only, with no published question wording copied.",
U7-S1-XP-M10,MATH,7,7.1,extra_practice,practice,xp_m10,mastery,2,Derivative and antiderivative relationships; algebraic manipulation; function notation; graph interpretation and units.,"I can retrieve durable derivative, antiderivative, algebra, notation, graph, and units learning.","AP Topics 7.1, 7.2",derivative_relationship_retrieval,expression,,"Unit 7 Assessment Plan + AP Calculus AB Course Framework; supplied AP Topic scoring guides consulted for authentic representations and rigor only, with no published question wording copied.",
U7-S2-PS1-C01,MATH,7,7.2,practice_set_1,practice,ps1_c01,current,1,"Sketch and interpret slope fields, connect local slope behavior to differential equations, and reason about solution curves graphically.","I can read local slopes from a slope field, match a field to a differential equation, and sketch or describe a solution curve through an initial point.","AP Topics 7.3, 7.4",local_slope_from_de,numeric,,"Unit 7 Assessment Plan + AP Calculus AB Course Framework; supplied AP Topic scoring guides consulted for authentic representations and rigor only, with no published question wording copied.",
U7-S2-PS1-C02,MATH,7,7.2,practice_set_1,practice,ps1_c02,current,2,"Sketch and interpret slope fields, connect local slope behavior to differential equations, and reason about solution curves graphically.","I can read local slopes from a slope field, match a field to a differential equation, and sketch or describe a solution curve through an initial point.","AP Topics 7.3, 7.4",solution_curve_initial_direction,text,u7_s2_ps1_c02_solution_tendency.png,"Unit 7 Assessment Plan + AP Calculus AB Course Framework; supplied AP Topic scoring guides consulted for authentic representations and rigor only, with no published question wording copied.",
U7-S2-PS1-C03,MATH,7,7.2,practice_set_1,practice,ps1_c03,current,2,"Sketch and interpret slope fields, connect local slope behavior to differential equations, and reason about solution curves graphically.","I can read local slopes from a slope field, match a field to a differential equation, and sketch or describe a solution curve through an initial point.","AP Topics 7.3, 7.4",field_equation_match,expression,,"Unit 7 Assessment Plan + AP Calculus AB Course Framework; supplied AP Topic scoring guides consulted for authentic representations and rigor only, with no published question wording copied.",
U7-S2-PS1-C04,MATH,7,7.2,practice_set_1,practice,ps1_c04,current,2,"Sketch and interpret slope fields, connect local slope behavior to differential equations, and reason about solution curves graphically.","I can read local slopes from a slope field, match a field to a differential equation, and sketch or describe a solution curve through an initial point.","AP Topics 7.3, 7.4",slope_field_table,text,,"Unit 7 Assessment Plan + AP Calculus AB Course Framework; supplied AP Topic scoring guides consulted for authentic representations and rigor only, with no published question wording copied.",
U7-S2-PS1-C05,MATH,7,7.2,practice_set_1,practice,ps1_c05,current,3,"Sketch and interpret slope fields, connect local slope behavior to differential equations, and reason about solution curves graphically.","I can read local slopes from a slope field, match a field to a differential equation, and sketch or describe a solution curve through an initial point.","AP Topics 7.3, 7.4",solution_curve_critique,constructed_response,,"Unit 7 Assessment Plan + AP Calculus AB Course Framework; supplied AP Topic scoring guides consulted for authentic representations and rigor only, with no published question wording copied.",
U7-S2-PS1-L01,MATH,7,7.2,practice_set_1,practice,ps1_l01,last,1,Translate verbal rate relationships into differential equations and verify whether proposed functions satisfy a differential equation.,I can retrieve and apply the most recent prerequisite learning.,"AP Topics 7.3, 7.4",de_recognition,text,,"Unit 7 Assessment Plan + AP Calculus AB Course Framework; supplied AP Topic scoring guides consulted for authentic representations and rigor only, with no published question wording copied.",
U7-S2-PS1-L02,MATH,7,7.2,practice_set_1,practice,ps1_l02,last,3,Translate verbal rate relationships into differential equations and verify whether proposed functions satisfy a differential equation.,I can retrieve and apply the most recent prerequisite learning.,"AP Topics 7.3, 7.4",model_choice_critique,constructed_response,,"Unit 7 Assessment Plan + AP Calculus AB Course Framework; supplied AP Topic scoring guides consulted for authentic representations and rigor only, with no published question wording copied.",
U7-S2-PS1-L03,MATH,7,7.2,practice_set_1,practice,ps1_l03,last,1,Translate verbal rate relationships into differential equations and verify whether proposed functions satisfy a differential equation.,I can retrieve and apply the most recent prerequisite learning.,"AP Topics 7.3, 7.4",verbal_to_de,expression,,"Unit 7 Assessment Plan + AP Calculus AB Course Framework; supplied AP Topic scoring guides consulted for authentic representations and rigor only, with no published question wording copied.",
U7-S2-PS1-L04,MATH,7,7.2,practice_set_1,practice,ps1_l04,last,2,Translate verbal rate relationships into differential equations and verify whether proposed functions satisfy a differential equation.,I can retrieve and apply the most recent prerequisite learning.,"AP Topics 7.3, 7.4",solution_verification_exponential,constructed_response,,"Unit 7 Assessment Plan + AP Calculus AB Course Framework; supplied AP Topic scoring guides consulted for authentic representations and rigor only, with no published question wording copied.",
U7-S2-PS1-L05,MATH,7,7.2,practice_set_1,practice,ps1_l05,last,2,Translate verbal rate relationships into differential equations and verify whether proposed functions satisfy a differential equation.,I can retrieve and apply the most recent prerequisite learning.,"AP Topics 7.3, 7.4",solution_verification_polynomial,constructed_response,,"Unit 7 Assessment Plan + AP Calculus AB Course Framework; supplied AP Topic scoring guides consulted for authentic representations and rigor only, with no published question wording copied.",
U7-S2-PS1-M01,MATH,7,7.2,practice_set_1,practice,ps1_m01,mastery,2,Derivative and antiderivative relationships; algebraic manipulation; function notation; graph interpretation and units.,"I can retrieve durable derivative, antiderivative, algebra, notation, graph, and units learning.","AP Topics 7.3, 7.4",definite_integral_retrieval,numeric,,"Unit 7 Assessment Plan + AP Calculus AB Course Framework; supplied AP Topic scoring guides consulted for authentic representations and rigor only, with no published question wording copied.",
U7-S2-PS1-M02,MATH,7,7.2,practice_set_1,practice,ps1_m02,mastery,1,Derivative and antiderivative relationships; algebraic manipulation; function notation; graph interpretation and units.,"I can retrieve durable derivative, antiderivative, algebra, notation, graph, and units learning.","AP Topics 7.3, 7.4",units_retrieval,text,,"Unit 7 Assessment Plan + AP Calculus AB Course Framework; supplied AP Topic scoring guides consulted for authentic representations and rigor only, with no published question wording copied.",
U7-S2-PS1-M03,MATH,7,7.2,practice_set_1,practice,ps1_m03,mastery,1,Derivative and antiderivative relationships; algebraic manipulation; function notation; graph interpretation and units.,"I can retrieve durable derivative, antiderivative, algebra, notation, graph, and units learning.","AP Topics 7.3, 7.4",algebra_retrieval,expression,,"Unit 7 Assessment Plan + AP Calculus AB Course Framework; supplied AP Topic scoring guides consulted for authentic representations and rigor only, with no published question wording copied.",
U7-S2-PS1-M04,MATH,7,7.2,practice_set_1,practice,ps1_m04,mastery,1,Derivative and antiderivative relationships; algebraic manipulation; function notation; graph interpretation and units.,"I can retrieve durable derivative, antiderivative, algebra, notation, graph, and units learning.","AP Topics 7.3, 7.4",function_notation_retrieval,numeric,,"Unit 7 Assessment Plan + AP Calculus AB Course Framework; supplied AP Topic scoring guides consulted for authentic representations and rigor only, with no published question wording copied.",
U7-S2-PS1-M05,MATH,7,7.2,practice_set_1,practice,ps1_m05,mastery,1,Derivative and antiderivative relationships; algebraic manipulation; function notation; graph interpretation and units.,"I can retrieve durable derivative, antiderivative, algebra, notation, graph, and units learning.","AP Topics 7.3, 7.4",graph_sign_retrieval,text,,"Unit 7 Assessment Plan + AP Calculus AB Course Framework; supplied AP Topic scoring guides consulted for authentic representations and rigor only, with no published question wording copied.",
U7-S2-PS1-M06,MATH,7,7.2,practice_set_1,practice,ps1_m06,mastery,2,Derivative and antiderivative relationships; algebraic manipulation; function notation; graph interpretation and units.,"I can retrieve durable derivative, antiderivative, algebra, notation, graph, and units learning.","AP Topics 7.3, 7.4",limit_retrieval,numeric,,"Unit 7 Assessment Plan + AP Calculus AB Course Framework; supplied AP Topic scoring guides consulted for authentic representations and rigor only, with no published question wording copied.",
U7-S2-PS1-M07,MATH,7,7.2,practice_set_1,practice,ps1_m07,mastery,2,Derivative and antiderivative relationships; algebraic manipulation; function notation; graph interpretation and units.,"I can retrieve durable derivative, antiderivative, algebra, notation, graph, and units learning.","AP Topics 7.3, 7.4",derivative_relationship_retrieval,expression,,"Unit 7 Assessment Plan + AP Calculus AB Course Framework; supplied AP Topic scoring guides consulted for authentic representations and rigor only, with no published question wording copied.",
U7-S2-PS1-M08,MATH,7,7.2,practice_set_1,practice,ps1_m08,mastery,1,Derivative and antiderivative relationships; algebraic manipulation; function notation; graph interpretation and units.,"I can retrieve durable derivative, antiderivative, algebra, notation, graph, and units learning.","AP Topics 7.3, 7.4",antiderivative_retrieval,expression,,"Unit 7 Assessment Plan + AP Calculus AB Course Framework; supplied AP Topic scoring guides consulted for authentic representations and rigor only, with no published question wording copied.",
U7-S2-PS1-M09,MATH,7,7.2,practice_set_1,practice,ps1_m09,mastery,2,Derivative and antiderivative relationships; algebraic manipulation; function notation; graph interpretation and units.,"I can retrieve durable derivative, antiderivative, algebra, notation, graph, and units learning.","AP Topics 7.3, 7.4",definite_integral_retrieval,numeric,,"Unit 7 Assessment Plan + AP Calculus AB Course Framework; supplied AP Topic scoring guides consulted for authentic representations and rigor only, with no published question wording copied.",
U7-S2-PS1-M10,MATH,7,7.2,practice_set_1,practice,ps1_m10,mastery,1,Derivative and antiderivative relationships; algebraic manipulation; function notation; graph interpretation and units.,"I can retrieve durable derivative, antiderivative, algebra, notation, graph, and units learning.","AP Topics 7.3, 7.4",units_retrieval,text,,"Unit 7 Assessment Plan + AP Calculus AB Course Framework; supplied AP Topic scoring guides consulted for authentic representations and rigor only, with no published question wording copied.",
U7-S2-PS2-C01,MATH,7,7.2,practice_set_2,practice,ps2_c01,current,2,"Sketch and interpret slope fields, connect local slope behavior to differential equations, and reason about solution curves graphically.","I can read local slopes from a slope field, match a field to a differential equation, and sketch or describe a solution curve through an initial point.","AP Topics 7.3, 7.4",solution_curve_initial_direction,text,u7_s2_ps2_c01_solution_tendency.png,"Unit 7 Assessment Plan + AP Calculus AB Course Framework; supplied AP Topic scoring guides consulted for authentic representations and rigor only, with no published question wording copied.",
U7-S2-PS2-C02,MATH,7,7.2,practice_set_2,practice,ps2_c02,current,2,"Sketch and interpret slope fields, connect local slope behavior to differential equations, and reason about solution curves graphically.","I can read local slopes from a slope field, match a field to a differential equation, and sketch or describe a solution curve through an initial point.","AP Topics 7.3, 7.4",field_equation_match,expression,,"Unit 7 Assessment Plan + AP Calculus AB Course Framework; supplied AP Topic scoring guides consulted for authentic representations and rigor only, with no published question wording copied.",
U7-S2-PS2-C03,MATH,7,7.2,practice_set_2,practice,ps2_c03,current,2,"Sketch and interpret slope fields, connect local slope behavior to differential equations, and reason about solution curves graphically.","I can read local slopes from a slope field, match a field to a differential equation, and sketch or describe a solution curve through an initial point.","AP Topics 7.3, 7.4",slope_field_table,text,,"Unit 7 Assessment Plan + AP Calculus AB Course Framework; supplied AP Topic scoring guides consulted for authentic representations and rigor only, with no published question wording copied.",
U7-S2-PS2-C04,MATH,7,7.2,practice_set_2,practice,ps2_c04,current,3,"Sketch and interpret slope fields, connect local slope behavior to differential equations, and reason about solution curves graphically.","I can read local slopes from a slope field, match a field to a differential equation, and sketch or describe a solution curve through an initial point.","AP Topics 7.3, 7.4",solution_curve_critique,constructed_response,,"Unit 7 Assessment Plan + AP Calculus AB Course Framework; supplied AP Topic scoring guides consulted for authentic representations and rigor only, with no published question wording copied.",
U7-S2-PS2-C05,MATH,7,7.2,practice_set_2,practice,ps2_c05,current,2,"Sketch and interpret slope fields, connect local slope behavior to differential equations, and reason about solution curves graphically.","I can read local slopes from a slope field, match a field to a differential equation, and sketch or describe a solution curve through an initial point.","AP Topics 7.3, 7.4",slope_field_horizontal_locus,line,u7_s2_ps2_c05_slope_field.png,"Unit 7 Assessment Plan + AP Calculus AB Course Framework; supplied AP Topic scoring guides consulted for authentic representations and rigor only, with no published question wording copied.",
U7-S2-PS2-L01,MATH,7,7.2,practice_set_2,practice,ps2_l01,last,3,Translate verbal rate relationships into differential equations and verify whether proposed functions satisfy a differential equation.,I can retrieve and apply the most recent prerequisite learning.,"AP Topics 7.3, 7.4",model_choice_critique,constructed_response,,"Unit 7 Assessment Plan + AP Calculus AB Course Framework; supplied AP Topic scoring guides consulted for authentic representations and rigor only, with no published question wording copied.",
U7-S2-PS2-L02,MATH,7,7.2,practice_set_2,practice,ps2_l02,last,1,Translate verbal rate relationships into differential equations and verify whether proposed functions satisfy a differential equation.,I can retrieve and apply the most recent prerequisite learning.,"AP Topics 7.3, 7.4",verbal_to_de,expression,,"Unit 7 Assessment Plan + AP Calculus AB Course Framework; supplied AP Topic scoring guides consulted for authentic representations and rigor only, with no published question wording copied.",
U7-S2-PS2-L03,MATH,7,7.2,practice_set_2,practice,ps2_l03,last,2,Translate verbal rate relationships into differential equations and verify whether proposed functions satisfy a differential equation.,I can retrieve and apply the most recent prerequisite learning.,"AP Topics 7.3, 7.4",solution_verification_exponential,constructed_response,,"Unit 7 Assessment Plan + AP Calculus AB Course Framework; supplied AP Topic scoring guides consulted for authentic representations and rigor only, with no published question wording copied.",
U7-S2-PS2-L04,MATH,7,7.2,practice_set_2,practice,ps2_l04,last,2,Translate verbal rate relationships into differential equations and verify whether proposed functions satisfy a differential equation.,I can retrieve and apply the most recent prerequisite learning.,"AP Topics 7.3, 7.4",solution_verification_polynomial,constructed_response,,"Unit 7 Assessment Plan + AP Calculus AB Course Framework; supplied AP Topic scoring guides consulted for authentic representations and rigor only, with no published question wording copied.",
U7-S2-PS2-L05,MATH,7,7.2,practice_set_2,practice,ps2_l05,last,2,Translate verbal rate relationships into differential equations and verify whether proposed functions satisfy a differential equation.,I can retrieve and apply the most recent prerequisite learning.,"AP Topics 7.3, 7.4",context_rate_model,expression,,"Unit 7 Assessment Plan + AP Calculus AB Course Framework; supplied AP Topic scoring guides consulted for authentic representations and rigor only, with no published question wording copied.",
U7-S2-PS2-M01,MATH,7,7.2,practice_set_2,practice,ps2_m01,mastery,1,Derivative and antiderivative relationships; algebraic manipulation; function notation; graph interpretation and units.,"I can retrieve durable derivative, antiderivative, algebra, notation, graph, and units learning.","AP Topics 7.3, 7.4",antiderivative_retrieval,expression,,"Unit 7 Assessment Plan + AP Calculus AB Course Framework; supplied AP Topic scoring guides consulted for authentic representations and rigor only, with no published question wording copied.",
U7-S2-PS2-M02,MATH,7,7.2,practice_set_2,practice,ps2_m02,mastery,2,Derivative and antiderivative relationships; algebraic manipulation; function notation; graph interpretation and units.,"I can retrieve durable derivative, antiderivative, algebra, notation, graph, and units learning.","AP Topics 7.3, 7.4",definite_integral_retrieval,numeric,,"Unit 7 Assessment Plan + AP Calculus AB Course Framework; supplied AP Topic scoring guides consulted for authentic representations and rigor only, with no published question wording copied.",
U7-S2-PS2-M03,MATH,7,7.2,practice_set_2,practice,ps2_m03,mastery,1,Derivative and antiderivative relationships; algebraic manipulation; function notation; graph interpretation and units.,"I can retrieve durable derivative, antiderivative, algebra, notation, graph, and units learning.","AP Topics 7.3, 7.4",units_retrieval,text,,"Unit 7 Assessment Plan + AP Calculus AB Course Framework; supplied AP Topic scoring guides consulted for authentic representations and rigor only, with no published question wording copied.",
U7-S2-PS2-M04,MATH,7,7.2,practice_set_2,practice,ps2_m04,mastery,1,Derivative and antiderivative relationships; algebraic manipulation; function notation; graph interpretation and units.,"I can retrieve durable derivative, antiderivative, algebra, notation, graph, and units learning.","AP Topics 7.3, 7.4",algebra_retrieval,expression,,"Unit 7 Assessment Plan + AP Calculus AB Course Framework; supplied AP Topic scoring guides consulted for authentic representations and rigor only, with no published question wording copied.",
U7-S2-PS2-M05,MATH,7,7.2,practice_set_2,practice,ps2_m05,mastery,1,Derivative and antiderivative relationships; algebraic manipulation; function notation; graph interpretation and units.,"I can retrieve durable derivative, antiderivative, algebra, notation, graph, and units learning.","AP Topics 7.3, 7.4",function_notation_retrieval,numeric,,"Unit 7 Assessment Plan + AP Calculus AB Course Framework; supplied AP Topic scoring guides consulted for authentic representations and rigor only, with no published question wording copied.",
U7-S2-PS2-M06,MATH,7,7.2,practice_set_2,practice,ps2_m06,mastery,1,Derivative and antiderivative relationships; algebraic manipulation; function notation; graph interpretation and units.,"I can retrieve durable derivative, antiderivative, algebra, notation, graph, and units learning.","AP Topics 7.3, 7.4",graph_sign_retrieval,text,,"Unit 7 Assessment Plan + AP Calculus AB Course Framework; supplied AP Topic scoring guides consulted for authentic representations and rigor only, with no published question wording copied.",
U7-S2-PS2-M07,MATH,7,7.2,practice_set_2,practice,ps2_m07,mastery,2,Derivative and antiderivative relationships; algebraic manipulation; function notation; graph interpretation and units.,"I can retrieve durable derivative, antiderivative, algebra, notation, graph, and units learning.","AP Topics 7.3, 7.4",limit_retrieval,numeric,,"Unit 7 Assessment Plan + AP Calculus AB Course Framework; supplied AP Topic scoring guides consulted for authentic representations and rigor only, with no published question wording copied.",
U7-S2-PS2-M08,MATH,7,7.2,practice_set_2,practice,ps2_m08,mastery,2,Derivative and antiderivative relationships; algebraic manipulation; function notation; graph interpretation and units.,"I can retrieve durable derivative, antiderivative, algebra, notation, graph, and units learning.","AP Topics 7.3, 7.4",derivative_relationship_retrieval,expression,,"Unit 7 Assessment Plan + AP Calculus AB Course Framework; supplied AP Topic scoring guides consulted for authentic representations and rigor only, with no published question wording copied.",
U7-S2-PS2-M09,MATH,7,7.2,practice_set_2,practice,ps2_m09,mastery,1,Derivative and antiderivative relationships; algebraic manipulation; function notation; graph interpretation and units.,"I can retrieve durable derivative, antiderivative, algebra, notation, graph, and units learning.","AP Topics 7.3, 7.4",antiderivative_retrieval,expression,,"Unit 7 Assessment Plan + AP Calculus AB Course Framework; supplied AP Topic scoring guides consulted for authentic representations and rigor only, with no published question wording copied.",
U7-S2-PS2-M10,MATH,7,7.2,practice_set_2,practice,ps2_m10,mastery,2,Derivative and antiderivative relationships; algebraic manipulation; function notation; graph interpretation and units.,"I can retrieve durable derivative, antiderivative, algebra, notation, graph, and units learning.","AP Topics 7.3, 7.4",definite_integral_retrieval,numeric,,"Unit 7 Assessment Plan + AP Calculus AB Course Framework; supplied AP Topic scoring guides consulted for authentic representations and rigor only, with no published question wording copied.",
U7-S2-PS3-C01,MATH,7,7.2,practice_set_3,practice,ps3_c01,current,1,"Sketch and interpret slope fields, connect local slope behavior to differential equations, and reason about solution curves graphically.","I can read local slopes from a slope field, match a field to a differential equation, and sketch or describe a solution curve through an initial point.","AP Topics 7.3, 7.4",local_slope_compact,numeric,,"Unit 7 Assessment Plan + AP Calculus AB Course Framework; supplied AP Topic scoring guides consulted for authentic representations and rigor only, with no published question wording copied.",Tarsia-friendly concise source.
U7-S2-PS3-C02,MATH,7,7.2,practice_set_3,practice,ps3_c02,current,1,"Sketch and interpret slope fields, connect local slope behavior to differential equations, and reason about solution curves graphically.","I can read local slopes from a slope field, match a field to a differential equation, and sketch or describe a solution curve through an initial point.","AP Topics 7.3, 7.4",local_slope_compact,numeric,,"Unit 7 Assessment Plan + AP Calculus AB Course Framework; supplied AP Topic scoring guides consulted for authentic representations and rigor only, with no published question wording copied.",Tarsia-friendly concise source.
U7-S2-PS3-C03,MATH,7,7.2,practice_set_3,practice,ps3_c03,current,1,"Sketch and interpret slope fields, connect local slope behavior to differential equations, and reason about solution curves graphically.","I can read local slopes from a slope field, match a field to a differential equation, and sketch or describe a solution curve through an initial point.","AP Topics 7.3, 7.4",local_slope_compact,numeric,,"Unit 7 Assessment Plan + AP Calculus AB Course Framework; supplied AP Topic scoring guides consulted for authentic representations and rigor only, with no published question wording copied.",Tarsia-friendly concise source.
U7-S2-PS3-C04,MATH,7,7.2,practice_set_3,practice,ps3_c04,current,1,"Sketch and interpret slope fields, connect local slope behavior to differential equations, and reason about solution curves graphically.","I can read local slopes from a slope field, match a field to a differential equation, and sketch or describe a solution curve through an initial point.","AP Topics 7.3, 7.4",local_slope_compact,numeric,,"Unit 7 Assessment Plan + AP Calculus AB Course Framework; supplied AP Topic scoring guides consulted for authentic representations and rigor only, with no published question wording copied.",Tarsia-friendly concise source.
U7-S2-PS3-C05,MATH,7,7.2,practice_set_3,practice,ps3_c05,current,1,"Sketch and interpret slope fields, connect local slope behavior to differential equations, and reason about solution curves graphically.","I can read local slopes from a slope field, match a field to a differential equation, and sketch or describe a solution curve through an initial point.","AP Topics 7.3, 7.4",local_slope_compact,numeric,,"Unit 7 Assessment Plan + AP Calculus AB Course Framework; supplied AP Topic scoring guides consulted for authentic representations and rigor only, with no published question wording copied.",Tarsia-friendly concise source.
U7-S2-PS3-L01,MATH,7,7.2,practice_set_3,practice,ps3_l01,last,1,Translate verbal rate relationships into differential equations and verify whether proposed functions satisfy a differential equation.,I can retrieve and apply the most recent prerequisite learning.,"AP Topics 7.3, 7.4",de_translation_compact,expression,,"Unit 7 Assessment Plan + AP Calculus AB Course Framework; supplied AP Topic scoring guides consulted for authentic representations and rigor only, with no published question wording copied.",Tarsia-friendly concise source.
U7-S2-PS3-L02,MATH,7,7.2,practice_set_3,practice,ps3_l02,last,1,Translate verbal rate relationships into differential equations and verify whether proposed functions satisfy a differential equation.,I can retrieve and apply the most recent prerequisite learning.,"AP Topics 7.3, 7.4",de_translation_compact,expression,,"Unit 7 Assessment Plan + AP Calculus AB Course Framework; supplied AP Topic scoring guides consulted for authentic representations and rigor only, with no published question wording copied.",Tarsia-friendly concise source.
U7-S2-PS3-L03,MATH,7,7.2,practice_set_3,practice,ps3_l03,last,1,Translate verbal rate relationships into differential equations and verify whether proposed functions satisfy a differential equation.,I can retrieve and apply the most recent prerequisite learning.,"AP Topics 7.3, 7.4",de_translation_compact,expression,,"Unit 7 Assessment Plan + AP Calculus AB Course Framework; supplied AP Topic scoring guides consulted for authentic representations and rigor only, with no published question wording copied.",Tarsia-friendly concise source.
U7-S2-PS3-L04,MATH,7,7.2,practice_set_3,practice,ps3_l04,last,1,Translate verbal rate relationships into differential equations and verify whether proposed functions satisfy a differential equation.,I can retrieve and apply the most recent prerequisite learning.,"AP Topics 7.3, 7.4",de_translation_compact,expression,,"Unit 7 Assessment Plan + AP Calculus AB Course Framework; supplied AP Topic scoring guides consulted for authentic representations and rigor only, with no published question wording copied.",Tarsia-friendly concise source.
U7-S2-PS3-L05,MATH,7,7.2,practice_set_3,practice,ps3_l05,last,1,Translate verbal rate relationships into differential equations and verify whether proposed functions satisfy a differential equation.,I can retrieve and apply the most recent prerequisite learning.,"AP Topics 7.3, 7.4",de_translation_compact,expression,,"Unit 7 Assessment Plan + AP Calculus AB Course Framework; supplied AP Topic scoring guides consulted for authentic representations and rigor only, with no published question wording copied.",Tarsia-friendly concise source.
U7-S2-PS3-M01,MATH,7,7.2,practice_set_3,practice,ps3_m01,mastery,2,Derivative and antiderivative relationships; algebraic manipulation; function notation; graph interpretation and units.,"I can retrieve durable derivative, antiderivative, algebra, notation, graph, and units learning.","AP Topics 7.3, 7.4",derivative_relationship_retrieval,expression,,"Unit 7 Assessment Plan + AP Calculus AB Course Framework; supplied AP Topic scoring guides consulted for authentic representations and rigor only, with no published question wording copied.",Tarsia-friendly concise source.
U7-S2-PS3-M02,MATH,7,7.2,practice_set_3,practice,ps3_m02,mastery,1,Derivative and antiderivative relationships; algebraic manipulation; function notation; graph interpretation and units.,"I can retrieve durable derivative, antiderivative, algebra, notation, graph, and units learning.","AP Topics 7.3, 7.4",antiderivative_retrieval,expression,,"Unit 7 Assessment Plan + AP Calculus AB Course Framework; supplied AP Topic scoring guides consulted for authentic representations and rigor only, with no published question wording copied.",Tarsia-friendly concise source.
U7-S2-PS3-M03,MATH,7,7.2,practice_set_3,practice,ps3_m03,mastery,2,Derivative and antiderivative relationships; algebraic manipulation; function notation; graph interpretation and units.,"I can retrieve durable derivative, antiderivative, algebra, notation, graph, and units learning.","AP Topics 7.3, 7.4",definite_integral_retrieval,numeric,,"Unit 7 Assessment Plan + AP Calculus AB Course Framework; supplied AP Topic scoring guides consulted for authentic representations and rigor only, with no published question wording copied.",Tarsia-friendly concise source.
U7-S2-PS3-M04,MATH,7,7.2,practice_set_3,practice,ps3_m04,mastery,1,Derivative and antiderivative relationships; algebraic manipulation; function notation; graph interpretation and units.,"I can retrieve durable derivative, antiderivative, algebra, notation, graph, and units learning.","AP Topics 7.3, 7.4",units_retrieval,text,,"Unit 7 Assessment Plan + AP Calculus AB Course Framework; supplied AP Topic scoring guides consulted for authentic representations and rigor only, with no published question wording copied.",Tarsia-friendly concise source.
U7-S2-PS3-M05,MATH,7,7.2,practice_set_3,practice,ps3_m05,mastery,1,Derivative and antiderivative relationships; algebraic manipulation; function notation; graph interpretation and units.,"I can retrieve durable derivative, antiderivative, algebra, notation, graph, and units learning.","AP Topics 7.3, 7.4",algebra_retrieval,expression,,"Unit 7 Assessment Plan + AP Calculus AB Course Framework; supplied AP Topic scoring guides consulted for authentic representations and rigor only, with no published question wording copied.",Tarsia-friendly concise source.
U7-S2-PS3-M06,MATH,7,7.2,practice_set_3,practice,ps3_m06,mastery,1,Derivative and antiderivative relationships; algebraic manipulation; function notation; graph interpretation and units.,"I can retrieve durable derivative, antiderivative, algebra, notation, graph, and units learning.","AP Topics 7.3, 7.4",function_notation_retrieval,numeric,,"Unit 7 Assessment Plan + AP Calculus AB Course Framework; supplied AP Topic scoring guides consulted for authentic representations and rigor only, with no published question wording copied.",Tarsia-friendly concise source.
U7-S2-PS3-M07,MATH,7,7.2,practice_set_3,practice,ps3_m07,mastery,1,Derivative and antiderivative relationships; algebraic manipulation; function notation; graph interpretation and units.,"I can retrieve durable derivative, antiderivative, algebra, notation, graph, and units learning.","AP Topics 7.3, 7.4",graph_sign_retrieval,text,,"Unit 7 Assessment Plan + AP Calculus AB Course Framework; supplied AP Topic scoring guides consulted for authentic representations and rigor only, with no published question wording copied.",Tarsia-friendly concise source.
U7-S2-PS3-M08,MATH,7,7.2,practice_set_3,practice,ps3_m08,mastery,2,Derivative and antiderivative relationships; algebraic manipulation; function notation; graph interpretation and units.,"I can retrieve durable derivative, antiderivative, algebra, notation, graph, and units learning.","AP Topics 7.3, 7.4",limit_retrieval,numeric,,"Unit 7 Assessment Plan + AP Calculus AB Course Framework; supplied AP Topic scoring guides consulted for authentic representations and rigor only, with no published question wording copied.",Tarsia-friendly concise source.
U7-S2-PS3-M09,MATH,7,7.2,practice_set_3,practice,ps3_m09,mastery,2,Derivative and antiderivative relationships; algebraic manipulation; function notation; graph interpretation and units.,"I can retrieve durable derivative, antiderivative, algebra, notation, graph, and units learning.","AP Topics 7.3, 7.4",derivative_relationship_retrieval,expression,,"Unit 7 Assessment Plan + AP Calculus AB Course Framework; supplied AP Topic scoring guides consulted for authentic representations and rigor only, with no published question wording copied.",Tarsia-friendly concise source.
U7-S2-PS3-M10,MATH,7,7.2,practice_set_3,practice,ps3_m10,mastery,1,Derivative and antiderivative relationships; algebraic manipulation; function notation; graph interpretation and units.,"I can retrieve durable derivative, antiderivative, algebra, notation, graph, and units learning.","AP Topics 7.3, 7.4",antiderivative_retrieval,expression,,"Unit 7 Assessment Plan + AP Calculus AB Course Framework; supplied AP Topic scoring guides consulted for authentic representations and rigor only, with no published question wording copied.",Tarsia-friendly concise source.
U7-S2-XP-C01,MATH,7,7.2,extra_practice,practice,xp_c01,current,2,"Sketch and interpret slope fields, connect local slope behavior to differential equations, and reason about solution curves graphically.","I can read local slopes from a slope field, match a field to a differential equation, and sketch or describe a solution curve through an initial point.","AP Topics 7.3, 7.4",slope_field_table,text,,"Unit 7 Assessment Plan + AP Calculus AB Course Framework; supplied AP Topic scoring guides consulted for authentic representations and rigor only, with no published question wording copied.",
U7-S2-XP-C02,MATH,7,7.2,extra_practice,practice,xp_c02,current,3,"Sketch and interpret slope fields, connect local slope behavior to differential equations, and reason about solution curves graphically.","I can read local slopes from a slope field, match a field to a differential equation, and sketch or describe a solution curve through an initial point.","AP Topics 7.3, 7.4",solution_curve_critique,constructed_response,,"Unit 7 Assessment Plan + AP Calculus AB Course Framework; supplied AP Topic scoring guides consulted for authentic representations and rigor only, with no published question wording copied.",
U7-S2-XP-C03,MATH,7,7.2,extra_practice,practice,xp_c03,current,2,"Sketch and interpret slope fields, connect local slope behavior to differential equations, and reason about solution curves graphically.","I can read local slopes from a slope field, match a field to a differential equation, and sketch or describe a solution curve through an initial point.","AP Topics 7.3, 7.4",slope_field_horizontal_locus,line,u7_s2_xp_c03_slope_field.png,"Unit 7 Assessment Plan + AP Calculus AB Course Framework; supplied AP Topic scoring guides consulted for authentic representations and rigor only, with no published question wording copied.",
U7-S2-XP-C04,MATH,7,7.2,extra_practice,practice,xp_c04,current,1,"Sketch and interpret slope fields, connect local slope behavior to differential equations, and reason about solution curves graphically.","I can read local slopes from a slope field, match a field to a differential equation, and sketch or describe a solution curve through an initial point.","AP Topics 7.3, 7.4",local_slope_from_de,numeric,,"Unit 7 Assessment Plan + AP Calculus AB Course Framework; supplied AP Topic scoring guides consulted for authentic representations and rigor only, with no published question wording copied.",
U7-S2-XP-C05,MATH,7,7.2,extra_practice,practice,xp_c05,current,2,"Sketch and interpret slope fields, connect local slope behavior to differential equations, and reason about solution curves graphically.","I can read local slopes from a slope field, match a field to a differential equation, and sketch or describe a solution curve through an initial point.","AP Topics 7.3, 7.4",solution_curve_initial_direction,text,u7_s2_xp_c05_solution_tendency.png,"Unit 7 Assessment Plan + AP Calculus AB Course Framework; supplied AP Topic scoring guides consulted for authentic representations and rigor only, with no published question wording copied.",
U7-S2-XP-L01,MATH,7,7.2,extra_practice,practice,xp_l01,last,2,Translate verbal rate relationships into differential equations and verify whether proposed functions satisfy a differential equation.,I can retrieve and apply the most recent prerequisite learning.,"AP Topics 7.3, 7.4",solution_verification_exponential,constructed_response,,"Unit 7 Assessment Plan + AP Calculus AB Course Framework; supplied AP Topic scoring guides consulted for authentic representations and rigor only, with no published question wording copied.",
U7-S2-XP-L02,MATH,7,7.2,extra_practice,practice,xp_l02,last,2,Translate verbal rate relationships into differential equations and verify whether proposed functions satisfy a differential equation.,I can retrieve and apply the most recent prerequisite learning.,"AP Topics 7.3, 7.4",solution_verification_polynomial,constructed_response,,"Unit 7 Assessment Plan + AP Calculus AB Course Framework; supplied AP Topic scoring guides consulted for authentic representations and rigor only, with no published question wording copied.",
U7-S2-XP-L03,MATH,7,7.2,extra_practice,practice,xp_l03,last,2,Translate verbal rate relationships into differential equations and verify whether proposed functions satisfy a differential equation.,I can retrieve and apply the most recent prerequisite learning.,"AP Topics 7.3, 7.4",context_rate_model,expression,,"Unit 7 Assessment Plan + AP Calculus AB Course Framework; supplied AP Topic scoring guides consulted for authentic representations and rigor only, with no published question wording copied.",
U7-S2-XP-L04,MATH,7,7.2,extra_practice,practice,xp_l04,last,1,Translate verbal rate relationships into differential equations and verify whether proposed functions satisfy a differential equation.,I can retrieve and apply the most recent prerequisite learning.,"AP Topics 7.3, 7.4",de_recognition,text,,"Unit 7 Assessment Plan + AP Calculus AB Course Framework; supplied AP Topic scoring guides consulted for authentic representations and rigor only, with no published question wording copied.",
U7-S2-XP-L05,MATH,7,7.2,extra_practice,practice,xp_l05,last,3,Translate verbal rate relationships into differential equations and verify whether proposed functions satisfy a differential equation.,I can retrieve and apply the most recent prerequisite learning.,"AP Topics 7.3, 7.4",model_choice_critique,constructed_response,,"Unit 7 Assessment Plan + AP Calculus AB Course Framework; supplied AP Topic scoring guides consulted for authentic representations and rigor only, with no published question wording copied.",
U7-S2-XP-M01,MATH,7,7.2,extra_practice,practice,xp_m01,mastery,2,Derivative and antiderivative relationships; algebraic manipulation; function notation; graph interpretation and units.,"I can retrieve durable derivative, antiderivative, algebra, notation, graph, and units learning.","AP Topics 7.3, 7.4",limit_retrieval,numeric,,"Unit 7 Assessment Plan + AP Calculus AB Course Framework; supplied AP Topic scoring guides consulted for authentic representations and rigor only, with no published question wording copied.",
U7-S2-XP-M02,MATH,7,7.2,extra_practice,practice,xp_m02,mastery,2,Derivative and antiderivative relationships; algebraic manipulation; function notation; graph interpretation and units.,"I can retrieve durable derivative, antiderivative, algebra, notation, graph, and units learning.","AP Topics 7.3, 7.4",derivative_relationship_retrieval,expression,,"Unit 7 Assessment Plan + AP Calculus AB Course Framework; supplied AP Topic scoring guides consulted for authentic representations and rigor only, with no published question wording copied.",
U7-S2-XP-M03,MATH,7,7.2,extra_practice,practice,xp_m03,mastery,1,Derivative and antiderivative relationships; algebraic manipulation; function notation; graph interpretation and units.,"I can retrieve durable derivative, antiderivative, algebra, notation, graph, and units learning.","AP Topics 7.3, 7.4",antiderivative_retrieval,expression,,"Unit 7 Assessment Plan + AP Calculus AB Course Framework; supplied AP Topic scoring guides consulted for authentic representations and rigor only, with no published question wording copied.",
U7-S2-XP-M04,MATH,7,7.2,extra_practice,practice,xp_m04,mastery,2,Derivative and antiderivative relationships; algebraic manipulation; function notation; graph interpretation and units.,"I can retrieve durable derivative, antiderivative, algebra, notation, graph, and units learning.","AP Topics 7.3, 7.4",definite_integral_retrieval,numeric,,"Unit 7 Assessment Plan + AP Calculus AB Course Framework; supplied AP Topic scoring guides consulted for authentic representations and rigor only, with no published question wording copied.",
U7-S2-XP-M05,MATH,7,7.2,extra_practice,practice,xp_m05,mastery,1,Derivative and antiderivative relationships; algebraic manipulation; function notation; graph interpretation and units.,"I can retrieve durable derivative, antiderivative, algebra, notation, graph, and units learning.","AP Topics 7.3, 7.4",units_retrieval,text,,"Unit 7 Assessment Plan + AP Calculus AB Course Framework; supplied AP Topic scoring guides consulted for authentic representations and rigor only, with no published question wording copied.",
U7-S2-XP-M06,MATH,7,7.2,extra_practice,practice,xp_m06,mastery,1,Derivative and antiderivative relationships; algebraic manipulation; function notation; graph interpretation and units.,"I can retrieve durable derivative, antiderivative, algebra, notation, graph, and units learning.","AP Topics 7.3, 7.4",algebra_retrieval,expression,,"Unit 7 Assessment Plan + AP Calculus AB Course Framework; supplied AP Topic scoring guides consulted for authentic representations and rigor only, with no published question wording copied.",
U7-S2-XP-M07,MATH,7,7.2,extra_practice,practice,xp_m07,mastery,1,Derivative and antiderivative relationships; algebraic manipulation; function notation; graph interpretation and units.,"I can retrieve durable derivative, antiderivative, algebra, notation, graph, and units learning.","AP Topics 7.3, 7.4",function_notation_retrieval,numeric,,"Unit 7 Assessment Plan + AP Calculus AB Course Framework; supplied AP Topic scoring guides consulted for authentic representations and rigor only, with no published question wording copied.",
U7-S2-XP-M08,MATH,7,7.2,extra_practice,practice,xp_m08,mastery,1,Derivative and antiderivative relationships; algebraic manipulation; function notation; graph interpretation and units.,"I can retrieve durable derivative, antiderivative, algebra, notation, graph, and units learning.","AP Topics 7.3, 7.4",graph_sign_retrieval,text,,"Unit 7 Assessment Plan + AP Calculus AB Course Framework; supplied AP Topic scoring guides consulted for authentic representations and rigor only, with no published question wording copied.",
U7-S2-XP-M09,MATH,7,7.2,extra_practice,practice,xp_m09,mastery,2,Derivative and antiderivative relationships; algebraic manipulation; function notation; graph interpretation and units.,"I can retrieve durable derivative, antiderivative, algebra, notation, graph, and units learning.","AP Topics 7.3, 7.4",limit_retrieval,numeric,,"Unit 7 Assessment Plan + AP Calculus AB Course Framework; supplied AP Topic scoring guides consulted for authentic representations and rigor only, with no published question wording copied.",
U7-S2-XP-M10,MATH,7,7.2,extra_practice,practice,xp_m10,mastery,2,Derivative and antiderivative relationships; algebraic manipulation; function notation; graph interpretation and units.,"I can retrieve durable derivative, antiderivative, algebra, notation, graph, and units learning.","AP Topics 7.3, 7.4",derivative_relationship_retrieval,expression,,"Unit 7 Assessment Plan + AP Calculus AB Course Framework; supplied AP Topic scoring guides consulted for authentic representations and rigor only, with no published question wording copied.",
U7-S3-PS1-C01,MATH,7,7.3,practice_set_1,practice,ps1_c01,current,2,"Solve separable differential equations by separating variables, integrating both sides, and managing constants of integration across equivalent solution forms.","I can separate variables correctly, integrate both sides, include constants, recognize possible lost equilibrium solutions, and compare equivalent implicit or explicit forms.",AP Topic 7.6,separable_exponential_family,expression,,"Unit 7 Assessment Plan + AP Calculus AB Course Framework; supplied AP Topic scoring guides consulted for authentic representations and rigor only, with no published question wording copied.",
U7-S3-PS1-C02,MATH,7,7.3,practice_set_1,practice,ps1_c02,current,2,"Solve separable differential equations by separating variables, integrating both sides, and managing constants of integration across equivalent solution forms.","I can separate variables correctly, integrate both sides, include constants, recognize possible lost equilibrium solutions, and compare equivalent implicit or explicit forms.",AP Topic 7.6,separable_inverse_tangent,expression,,"Unit 7 Assessment Plan + AP Calculus AB Course Framework; supplied AP Topic scoring guides consulted for authentic representations and rigor only, with no published question wording copied.",
U7-S3-PS1-C03,MATH,7,7.3,practice_set_1,practice,ps1_c03,current,1,"Solve separable differential equations by separating variables, integrating both sides, and managing constants of integration across equivalent solution forms.","I can separate variables correctly, integrate both sides, include constants, recognize possible lost equilibrium solutions, and compare equivalent implicit or explicit forms.",AP Topic 7.6,separation_notation,expression,,"Unit 7 Assessment Plan + AP Calculus AB Course Framework; supplied AP Topic scoring guides consulted for authentic representations and rigor only, with no published question wording copied.",
U7-S3-PS1-C04,MATH,7,7.3,practice_set_1,practice,ps1_c04,current,3,"Solve separable differential equations by separating variables, integrating both sides, and managing constants of integration across equivalent solution forms.","I can separate variables correctly, integrate both sides, include constants, recognize possible lost equilibrium solutions, and compare equivalent implicit or explicit forms.",AP Topic 7.6,lost_equilibrium_solutions,constructed_response,,"Unit 7 Assessment Plan + AP Calculus AB Course Framework; supplied AP Topic scoring guides consulted for authentic representations and rigor only, with no published question wording copied.",
U7-S3-PS1-C05,MATH,7,7.3,practice_set_1,practice,ps1_c05,current,3,"Solve separable differential equations by separating variables, integrating both sides, and managing constants of integration across equivalent solution forms.","I can separate variables correctly, integrate both sides, include constants, recognize possible lost equilibrium solutions, and compare equivalent implicit or explicit forms.",AP Topic 7.6,separation_solution_critique,constructed_response,,"Unit 7 Assessment Plan + AP Calculus AB Course Framework; supplied AP Topic scoring guides consulted for authentic representations and rigor only, with no published question wording copied.",
U7-S3-PS1-L01,MATH,7,7.3,practice_set_1,practice,ps1_l01,last,2,"Sketch and interpret slope fields, connect local slope behavior to differential equations, and reason about solution curves graphically.",I can retrieve and apply the most recent prerequisite learning.,AP Topic 7.6,slope_field_table,text,,"Unit 7 Assessment Plan + AP Calculus AB Course Framework; supplied AP Topic scoring guides consulted for authentic representations and rigor only, with no published question wording copied.",
U7-S3-PS1-L02,MATH,7,7.3,practice_set_1,practice,ps1_l02,last,3,"Sketch and interpret slope fields, connect local slope behavior to differential equations, and reason about solution curves graphically.",I can retrieve and apply the most recent prerequisite learning.,AP Topic 7.6,solution_curve_critique,constructed_response,,"Unit 7 Assessment Plan + AP Calculus AB Course Framework; supplied AP Topic scoring guides consulted for authentic representations and rigor only, with no published question wording copied.",
U7-S3-PS1-L03,MATH,7,7.3,practice_set_1,practice,ps1_l03,last,2,"Sketch and interpret slope fields, connect local slope behavior to differential equations, and reason about solution curves graphically.",I can retrieve and apply the most recent prerequisite learning.,AP Topic 7.6,slope_field_horizontal_locus,line,u7_s3_ps1_l03_slope_field.png,"Unit 7 Assessment Plan + AP Calculus AB Course Framework; supplied AP Topic scoring guides consulted for authentic representations and rigor only, with no published question wording copied.",
U7-S3-PS1-L04,MATH,7,7.3,practice_set_1,practice,ps1_l04,last,1,"Sketch and interpret slope fields, connect local slope behavior to differential equations, and reason about solution curves graphically.",I can retrieve and apply the most recent prerequisite learning.,AP Topic 7.6,local_slope_from_de,numeric,,"Unit 7 Assessment Plan + AP Calculus AB Course Framework; supplied AP Topic scoring guides consulted for authentic representations and rigor only, with no published question wording copied.",
U7-S3-PS1-L05,MATH,7,7.3,practice_set_1,practice,ps1_l05,last,2,"Sketch and interpret slope fields, connect local slope behavior to differential equations, and reason about solution curves graphically.",I can retrieve and apply the most recent prerequisite learning.,AP Topic 7.6,solution_curve_initial_direction,text,u7_s3_ps1_l05_solution_tendency.png,"Unit 7 Assessment Plan + AP Calculus AB Course Framework; supplied AP Topic scoring guides consulted for authentic representations and rigor only, with no published question wording copied.",
U7-S3-PS1-M01,MATH,7,7.3,practice_set_1,practice,ps1_m01,mastery,2,Derivative and antiderivative relationships; algebraic manipulation; function notation; graph interpretation and units.,"I can retrieve durable derivative, antiderivative, algebra, notation, graph, and units learning.",AP Topic 7.6,definite_integral_retrieval,numeric,,"Unit 7 Assessment Plan + AP Calculus AB Course Framework; supplied AP Topic scoring guides consulted for authentic representations and rigor only, with no published question wording copied.",
U7-S3-PS1-M02,MATH,7,7.3,practice_set_1,practice,ps1_m02,mastery,1,Derivative and antiderivative relationships; algebraic manipulation; function notation; graph interpretation and units.,"I can retrieve durable derivative, antiderivative, algebra, notation, graph, and units learning.",AP Topic 7.6,units_retrieval,text,,"Unit 7 Assessment Plan + AP Calculus AB Course Framework; supplied AP Topic scoring guides consulted for authentic representations and rigor only, with no published question wording copied.",
U7-S3-PS1-M03,MATH,7,7.3,practice_set_1,practice,ps1_m03,mastery,1,Derivative and antiderivative relationships; algebraic manipulation; function notation; graph interpretation and units.,"I can retrieve durable derivative, antiderivative, algebra, notation, graph, and units learning.",AP Topic 7.6,algebra_retrieval,expression,,"Unit 7 Assessment Plan + AP Calculus AB Course Framework; supplied AP Topic scoring guides consulted for authentic representations and rigor only, with no published question wording copied.",
U7-S3-PS1-M04,MATH,7,7.3,practice_set_1,practice,ps1_m04,mastery,1,Derivative and antiderivative relationships; algebraic manipulation; function notation; graph interpretation and units.,"I can retrieve durable derivative, antiderivative, algebra, notation, graph, and units learning.",AP Topic 7.6,function_notation_retrieval,numeric,,"Unit 7 Assessment Plan + AP Calculus AB Course Framework; supplied AP Topic scoring guides consulted for authentic representations and rigor only, with no published question wording copied.",
U7-S3-PS1-M05,MATH,7,7.3,practice_set_1,practice,ps1_m05,mastery,1,Derivative and antiderivative relationships; algebraic manipulation; function notation; graph interpretation and units.,"I can retrieve durable derivative, antiderivative, algebra, notation, graph, and units learning.",AP Topic 7.6,graph_sign_retrieval,text,,"Unit 7 Assessment Plan + AP Calculus AB Course Framework; supplied AP Topic scoring guides consulted for authentic representations and rigor only, with no published question wording copied.",
U7-S3-PS1-M06,MATH,7,7.3,practice_set_1,practice,ps1_m06,mastery,2,Derivative and antiderivative relationships; algebraic manipulation; function notation; graph interpretation and units.,"I can retrieve durable derivative, antiderivative, algebra, notation, graph, and units learning.",AP Topic 7.6,limit_retrieval,numeric,,"Unit 7 Assessment Plan + AP Calculus AB Course Framework; supplied AP Topic scoring guides consulted for authentic representations and rigor only, with no published question wording copied.",
U7-S3-PS1-M07,MATH,7,7.3,practice_set_1,practice,ps1_m07,mastery,2,Derivative and antiderivative relationships; algebraic manipulation; function notation; graph interpretation and units.,"I can retrieve durable derivative, antiderivative, algebra, notation, graph, and units learning.",AP Topic 7.6,derivative_relationship_retrieval,expression,,"Unit 7 Assessment Plan + AP Calculus AB Course Framework; supplied AP Topic scoring guides consulted for authentic representations and rigor only, with no published question wording copied.",
U7-S3-PS1-M08,MATH,7,7.3,practice_set_1,practice,ps1_m08,mastery,1,Derivative and antiderivative relationships; algebraic manipulation; function notation; graph interpretation and units.,"I can retrieve durable derivative, antiderivative, algebra, notation, graph, and units learning.",AP Topic 7.6,antiderivative_retrieval,expression,,"Unit 7 Assessment Plan + AP Calculus AB Course Framework; supplied AP Topic scoring guides consulted for authentic representations and rigor only, with no published question wording copied.",
U7-S3-PS1-M09,MATH,7,7.3,practice_set_1,practice,ps1_m09,mastery,2,Derivative and antiderivative relationships; algebraic manipulation; function notation; graph interpretation and units.,"I can retrieve durable derivative, antiderivative, algebra, notation, graph, and units learning.",AP Topic 7.6,definite_integral_retrieval,numeric,,"Unit 7 Assessment Plan + AP Calculus AB Course Framework; supplied AP Topic scoring guides consulted for authentic representations and rigor only, with no published question wording copied.",
U7-S3-PS1-M10,MATH,7,7.3,practice_set_1,practice,ps1_m10,mastery,1,Derivative and antiderivative relationships; algebraic manipulation; function notation; graph interpretation and units.,"I can retrieve durable derivative, antiderivative, algebra, notation, graph, and units learning.",AP Topic 7.6,units_retrieval,text,,"Unit 7 Assessment Plan + AP Calculus AB Course Framework; supplied AP Topic scoring guides consulted for authentic representations and rigor only, with no published question wording copied.",
U7-S3-PS2-C01,MATH,7,7.3,practice_set_2,practice,ps2_c01,current,2,"Solve separable differential equations by separating variables, integrating both sides, and managing constants of integration across equivalent solution forms.","I can separate variables correctly, integrate both sides, include constants, recognize possible lost equilibrium solutions, and compare equivalent implicit or explicit forms.",AP Topic 7.6,separable_inverse_tangent,expression,,"Unit 7 Assessment Plan + AP Calculus AB Course Framework; supplied AP Topic scoring guides consulted for authentic representations and rigor only, with no published question wording copied.",
U7-S3-PS2-C02,MATH,7,7.3,practice_set_2,practice,ps2_c02,current,1,"Solve separable differential equations by separating variables, integrating both sides, and managing constants of integration across equivalent solution forms.","I can separate variables correctly, integrate both sides, include constants, recognize possible lost equilibrium solutions, and compare equivalent implicit or explicit forms.",AP Topic 7.6,separation_notation,expression,,"Unit 7 Assessment Plan + AP Calculus AB Course Framework; supplied AP Topic scoring guides consulted for authentic representations and rigor only, with no published question wording copied.",
U7-S3-PS2-C03,MATH,7,7.3,practice_set_2,practice,ps2_c03,current,3,"Solve separable differential equations by separating variables, integrating both sides, and managing constants of integration across equivalent solution forms.","I can separate variables correctly, integrate both sides, include constants, recognize possible lost equilibrium solutions, and compare equivalent implicit or explicit forms.",AP Topic 7.6,lost_equilibrium_solutions,constructed_response,,"Unit 7 Assessment Plan + AP Calculus AB Course Framework; supplied AP Topic scoring guides consulted for authentic representations and rigor only, with no published question wording copied.",
U7-S3-PS2-C04,MATH,7,7.3,practice_set_2,practice,ps2_c04,current,3,"Solve separable differential equations by separating variables, integrating both sides, and managing constants of integration across equivalent solution forms.","I can separate variables correctly, integrate both sides, include constants, recognize possible lost equilibrium solutions, and compare equivalent implicit or explicit forms.",AP Topic 7.6,separation_solution_critique,constructed_response,,"Unit 7 Assessment Plan + AP Calculus AB Course Framework; supplied AP Topic scoring guides consulted for authentic representations and rigor only, with no published question wording copied.",
U7-S3-PS2-C05,MATH,7,7.3,practice_set_2,practice,ps2_c05,current,2,"Solve separable differential equations by separating variables, integrating both sides, and managing constants of integration across equivalent solution forms.","I can separate variables correctly, integrate both sides, include constants, recognize possible lost equilibrium solutions, and compare equivalent implicit or explicit forms.",AP Topic 7.6,separable_xy,expression,,"Unit 7 Assessment Plan + AP Calculus AB Course Framework; supplied AP Topic scoring guides consulted for authentic representations and rigor only, with no published question wording copied.",
U7-S3-PS2-L01,MATH,7,7.3,practice_set_2,practice,ps2_l01,last,3,"Sketch and interpret slope fields, connect local slope behavior to differential equations, and reason about solution curves graphically.",I can retrieve and apply the most recent prerequisite learning.,AP Topic 7.6,solution_curve_critique,constructed_response,,"Unit 7 Assessment Plan + AP Calculus AB Course Framework; supplied AP Topic scoring guides consulted for authentic representations and rigor only, with no published question wording copied.",
U7-S3-PS2-L02,MATH,7,7.3,practice_set_2,practice,ps2_l02,last,2,"Sketch and interpret slope fields, connect local slope behavior to differential equations, and reason about solution curves graphically.",I can retrieve and apply the most recent prerequisite learning.,AP Topic 7.6,slope_field_horizontal_locus,line,u7_s3_ps2_l02_slope_field.png,"Unit 7 Assessment Plan + AP Calculus AB Course Framework; supplied AP Topic scoring guides consulted for authentic representations and rigor only, with no published question wording copied.",
U7-S3-PS2-L03,MATH,7,7.3,practice_set_2,practice,ps2_l03,last,1,"Sketch and interpret slope fields, connect local slope behavior to differential equations, and reason about solution curves graphically.",I can retrieve and apply the most recent prerequisite learning.,AP Topic 7.6,local_slope_from_de,numeric,,"Unit 7 Assessment Plan + AP Calculus AB Course Framework; supplied AP Topic scoring guides consulted for authentic representations and rigor only, with no published question wording copied.",
U7-S3-PS2-L04,MATH,7,7.3,practice_set_2,practice,ps2_l04,last,2,"Sketch and interpret slope fields, connect local slope behavior to differential equations, and reason about solution curves graphically.",I can retrieve and apply the most recent prerequisite learning.,AP Topic 7.6,solution_curve_initial_direction,text,u7_s3_ps2_l04_solution_tendency.png,"Unit 7 Assessment Plan + AP Calculus AB Course Framework; supplied AP Topic scoring guides consulted for authentic representations and rigor only, with no published question wording copied.",
U7-S3-PS2-L05,MATH,7,7.3,practice_set_2,practice,ps2_l05,last,2,"Sketch and interpret slope fields, connect local slope behavior to differential equations, and reason about solution curves graphically.",I can retrieve and apply the most recent prerequisite learning.,AP Topic 7.6,field_equation_match,expression,,"Unit 7 Assessment Plan + AP Calculus AB Course Framework; supplied AP Topic scoring guides consulted for authentic representations and rigor only, with no published question wording copied.",
U7-S3-PS2-M01,MATH,7,7.3,practice_set_2,practice,ps2_m01,mastery,1,Derivative and antiderivative relationships; algebraic manipulation; function notation; graph interpretation and units.,"I can retrieve durable derivative, antiderivative, algebra, notation, graph, and units learning.",AP Topic 7.6,antiderivative_retrieval,expression,,"Unit 7 Assessment Plan + AP Calculus AB Course Framework; supplied AP Topic scoring guides consulted for authentic representations and rigor only, with no published question wording copied.",
U7-S3-PS2-M02,MATH,7,7.3,practice_set_2,practice,ps2_m02,mastery,2,Derivative and antiderivative relationships; algebraic manipulation; function notation; graph interpretation and units.,"I can retrieve durable derivative, antiderivative, algebra, notation, graph, and units learning.",AP Topic 7.6,definite_integral_retrieval,numeric,,"Unit 7 Assessment Plan + AP Calculus AB Course Framework; supplied AP Topic scoring guides consulted for authentic representations and rigor only, with no published question wording copied.",
U7-S3-PS2-M03,MATH,7,7.3,practice_set_2,practice,ps2_m03,mastery,1,Derivative and antiderivative relationships; algebraic manipulation; function notation; graph interpretation and units.,"I can retrieve durable derivative, antiderivative, algebra, notation, graph, and units learning.",AP Topic 7.6,units_retrieval,text,,"Unit 7 Assessment Plan + AP Calculus AB Course Framework; supplied AP Topic scoring guides consulted for authentic representations and rigor only, with no published question wording copied.",
U7-S3-PS2-M04,MATH,7,7.3,practice_set_2,practice,ps2_m04,mastery,1,Derivative and antiderivative relationships; algebraic manipulation; function notation; graph interpretation and units.,"I can retrieve durable derivative, antiderivative, algebra, notation, graph, and units learning.",AP Topic 7.6,algebra_retrieval,expression,,"Unit 7 Assessment Plan + AP Calculus AB Course Framework; supplied AP Topic scoring guides consulted for authentic representations and rigor only, with no published question wording copied.",
U7-S3-PS2-M05,MATH,7,7.3,practice_set_2,practice,ps2_m05,mastery,1,Derivative and antiderivative relationships; algebraic manipulation; function notation; graph interpretation and units.,"I can retrieve durable derivative, antiderivative, algebra, notation, graph, and units learning.",AP Topic 7.6,function_notation_retrieval,numeric,,"Unit 7 Assessment Plan + AP Calculus AB Course Framework; supplied AP Topic scoring guides consulted for authentic representations and rigor only, with no published question wording copied.",
U7-S3-PS2-M06,MATH,7,7.3,practice_set_2,practice,ps2_m06,mastery,1,Derivative and antiderivative relationships; algebraic manipulation; function notation; graph interpretation and units.,"I can retrieve durable derivative, antiderivative, algebra, notation, graph, and units learning.",AP Topic 7.6,graph_sign_retrieval,text,,"Unit 7 Assessment Plan + AP Calculus AB Course Framework; supplied AP Topic scoring guides consulted for authentic representations and rigor only, with no published question wording copied.",
U7-S3-PS2-M07,MATH,7,7.3,practice_set_2,practice,ps2_m07,mastery,2,Derivative and antiderivative relationships; algebraic manipulation; function notation; graph interpretation and units.,"I can retrieve durable derivative, antiderivative, algebra, notation, graph, and units learning.",AP Topic 7.6,limit_retrieval,numeric,,"Unit 7 Assessment Plan + AP Calculus AB Course Framework; supplied AP Topic scoring guides consulted for authentic representations and rigor only, with no published question wording copied.",
U7-S3-PS2-M08,MATH,7,7.3,practice_set_2,practice,ps2_m08,mastery,2,Derivative and antiderivative relationships; algebraic manipulation; function notation; graph interpretation and units.,"I can retrieve durable derivative, antiderivative, algebra, notation, graph, and units learning.",AP Topic 7.6,derivative_relationship_retrieval,expression,,"Unit 7 Assessment Plan + AP Calculus AB Course Framework; supplied AP Topic scoring guides consulted for authentic representations and rigor only, with no published question wording copied.",
U7-S3-PS2-M09,MATH,7,7.3,practice_set_2,practice,ps2_m09,mastery,1,Derivative and antiderivative relationships; algebraic manipulation; function notation; graph interpretation and units.,"I can retrieve durable derivative, antiderivative, algebra, notation, graph, and units learning.",AP Topic 7.6,antiderivative_retrieval,expression,,"Unit 7 Assessment Plan + AP Calculus AB Course Framework; supplied AP Topic scoring guides consulted for authentic representations and rigor only, with no published question wording copied.",
U7-S3-PS2-M10,MATH,7,7.3,practice_set_2,practice,ps2_m10,mastery,2,Derivative and antiderivative relationships; algebraic manipulation; function notation; graph interpretation and units.,"I can retrieve durable derivative, antiderivative, algebra, notation, graph, and units learning.",AP Topic 7.6,definite_integral_retrieval,numeric,,"Unit 7 Assessment Plan + AP Calculus AB Course Framework; supplied AP Topic scoring guides consulted for authentic representations and rigor only, with no published question wording copied.",
U7-S3-PS3-C01,MATH,7,7.3,practice_set_3,practice,ps3_c01,current,1,"Solve separable differential equations by separating variables, integrating both sides, and managing constants of integration across equivalent solution forms.","I can separate variables correctly, integrate both sides, include constants, recognize possible lost equilibrium solutions, and compare equivalent implicit or explicit forms.",AP Topic 7.6,separation_compact,expression,,"Unit 7 Assessment Plan + AP Calculus AB Course Framework; supplied AP Topic scoring guides consulted for authentic representations and rigor only, with no published question wording copied.",Tarsia-friendly concise source.
U7-S3-PS3-C02,MATH,7,7.3,practice_set_3,practice,ps3_c02,current,1,"Solve separable differential equations by separating variables, integrating both sides, and managing constants of integration across equivalent solution forms.","I can separate variables correctly, integrate both sides, include constants, recognize possible lost equilibrium solutions, and compare equivalent implicit or explicit forms.",AP Topic 7.6,separation_compact,expression,,"Unit 7 Assessment Plan + AP Calculus AB Course Framework; supplied AP Topic scoring guides consulted for authentic representations and rigor only, with no published question wording copied.",Tarsia-friendly concise source.
U7-S3-PS3-C03,MATH,7,7.3,practice_set_3,practice,ps3_c03,current,1,"Solve separable differential equations by separating variables, integrating both sides, and managing constants of integration across equivalent solution forms.","I can separate variables correctly, integrate both sides, include constants, recognize possible lost equilibrium solutions, and compare equivalent implicit or explicit forms.",AP Topic 7.6,separation_compact,expression,,"Unit 7 Assessment Plan + AP Calculus AB Course Framework; supplied AP Topic scoring guides consulted for authentic representations and rigor only, with no published question wording copied.",Tarsia-friendly concise source.
U7-S3-PS3-C04,MATH,7,7.3,practice_set_3,practice,ps3_c04,current,1,"Solve separable differential equations by separating variables, integrating both sides, and managing constants of integration across equivalent solution forms.","I can separate variables correctly, integrate both sides, include constants, recognize possible lost equilibrium solutions, and compare equivalent implicit or explicit forms.",AP Topic 7.6,separation_compact,expression,,"Unit 7 Assessment Plan + AP Calculus AB Course Framework; supplied AP Topic scoring guides consulted for authentic representations and rigor only, with no published question wording copied.",Tarsia-friendly concise source.
U7-S3-PS3-C05,MATH,7,7.3,practice_set_3,practice,ps3_c05,current,1,"Solve separable differential equations by separating variables, integrating both sides, and managing constants of integration across equivalent solution forms.","I can separate variables correctly, integrate both sides, include constants, recognize possible lost equilibrium solutions, and compare equivalent implicit or explicit forms.",AP Topic 7.6,separation_compact,expression,,"Unit 7 Assessment Plan + AP Calculus AB Course Framework; supplied AP Topic scoring guides consulted for authentic representations and rigor only, with no published question wording copied.",Tarsia-friendly concise source.
U7-S3-PS3-L01,MATH,7,7.3,practice_set_3,practice,ps3_l01,last,1,"Sketch and interpret slope fields, connect local slope behavior to differential equations, and reason about solution curves graphically.",I can retrieve and apply the most recent prerequisite learning.,AP Topic 7.6,local_slope_compact,numeric,,"Unit 7 Assessment Plan + AP Calculus AB Course Framework; supplied AP Topic scoring guides consulted for authentic representations and rigor only, with no published question wording copied.",Tarsia-friendly concise source.
U7-S3-PS3-L02,MATH,7,7.3,practice_set_3,practice,ps3_l02,last,1,"Sketch and interpret slope fields, connect local slope behavior to differential equations, and reason about solution curves graphically.",I can retrieve and apply the most recent prerequisite learning.,AP Topic 7.6,local_slope_compact,numeric,,"Unit 7 Assessment Plan + AP Calculus AB Course Framework; supplied AP Topic scoring guides consulted for authentic representations and rigor only, with no published question wording copied.",Tarsia-friendly concise source.
U7-S3-PS3-L03,MATH,7,7.3,practice_set_3,practice,ps3_l03,last,1,"Sketch and interpret slope fields, connect local slope behavior to differential equations, and reason about solution curves graphically.",I can retrieve and apply the most recent prerequisite learning.,AP Topic 7.6,local_slope_compact,numeric,,"Unit 7 Assessment Plan + AP Calculus AB Course Framework; supplied AP Topic scoring guides consulted for authentic representations and rigor only, with no published question wording copied.",Tarsia-friendly concise source.
U7-S3-PS3-L04,MATH,7,7.3,practice_set_3,practice,ps3_l04,last,1,"Sketch and interpret slope fields, connect local slope behavior to differential equations, and reason about solution curves graphically.",I can retrieve and apply the most recent prerequisite learning.,AP Topic 7.6,local_slope_compact,numeric,,"Unit 7 Assessment Plan + AP Calculus AB Course Framework; supplied AP Topic scoring guides consulted for authentic representations and rigor only, with no published question wording copied.",Tarsia-friendly concise source.
U7-S3-PS3-L05,MATH,7,7.3,practice_set_3,practice,ps3_l05,last,1,"Sketch and interpret slope fields, connect local slope behavior to differential equations, and reason about solution curves graphically.",I can retrieve and apply the most recent prerequisite learning.,AP Topic 7.6,local_slope_compact,numeric,,"Unit 7 Assessment Plan + AP Calculus AB Course Framework; supplied AP Topic scoring guides consulted for authentic representations and rigor only, with no published question wording copied.",Tarsia-friendly concise source.
U7-S3-PS3-M01,MATH,7,7.3,practice_set_3,practice,ps3_m01,mastery,2,Derivative and antiderivative relationships; algebraic manipulation; function notation; graph interpretation and units.,"I can retrieve durable derivative, antiderivative, algebra, notation, graph, and units learning.",AP Topic 7.6,derivative_relationship_retrieval,expression,,"Unit 7 Assessment Plan + AP Calculus AB Course Framework; supplied AP Topic scoring guides consulted for authentic representations and rigor only, with no published question wording copied.",Tarsia-friendly concise source.
U7-S3-PS3-M02,MATH,7,7.3,practice_set_3,practice,ps3_m02,mastery,1,Derivative and antiderivative relationships; algebraic manipulation; function notation; graph interpretation and units.,"I can retrieve durable derivative, antiderivative, algebra, notation, graph, and units learning.",AP Topic 7.6,antiderivative_retrieval,expression,,"Unit 7 Assessment Plan + AP Calculus AB Course Framework; supplied AP Topic scoring guides consulted for authentic representations and rigor only, with no published question wording copied.",Tarsia-friendly concise source.
U7-S3-PS3-M03,MATH,7,7.3,practice_set_3,practice,ps3_m03,mastery,2,Derivative and antiderivative relationships; algebraic manipulation; function notation; graph interpretation and units.,"I can retrieve durable derivative, antiderivative, algebra, notation, graph, and units learning.",AP Topic 7.6,definite_integral_retrieval,numeric,,"Unit 7 Assessment Plan + AP Calculus AB Course Framework; supplied AP Topic scoring guides consulted for authentic representations and rigor only, with no published question wording copied.",Tarsia-friendly concise source.
U7-S3-PS3-M04,MATH,7,7.3,practice_set_3,practice,ps3_m04,mastery,1,Derivative and antiderivative relationships; algebraic manipulation; function notation; graph interpretation and units.,"I can retrieve durable derivative, antiderivative, algebra, notation, graph, and units learning.",AP Topic 7.6,units_retrieval,text,,"Unit 7 Assessment Plan + AP Calculus AB Course Framework; supplied AP Topic scoring guides consulted for authentic representations and rigor only, with no published question wording copied.",Tarsia-friendly concise source.
U7-S3-PS3-M05,MATH,7,7.3,practice_set_3,practice,ps3_m05,mastery,1,Derivative and antiderivative relationships; algebraic manipulation; function notation; graph interpretation and units.,"I can retrieve durable derivative, antiderivative, algebra, notation, graph, and units learning.",AP Topic 7.6,algebra_retrieval,expression,,"Unit 7 Assessment Plan + AP Calculus AB Course Framework; supplied AP Topic scoring guides consulted for authentic representations and rigor only, with no published question wording copied.",Tarsia-friendly concise source.
U7-S3-PS3-M06,MATH,7,7.3,practice_set_3,practice,ps3_m06,mastery,1,Derivative and antiderivative relationships; algebraic manipulation; function notation; graph interpretation and units.,"I can retrieve durable derivative, antiderivative, algebra, notation, graph, and units learning.",AP Topic 7.6,function_notation_retrieval,numeric,,"Unit 7 Assessment Plan + AP Calculus AB Course Framework; supplied AP Topic scoring guides consulted for authentic representations and rigor only, with no published question wording copied.",Tarsia-friendly concise source.
U7-S3-PS3-M07,MATH,7,7.3,practice_set_3,practice,ps3_m07,mastery,1,Derivative and antiderivative relationships; algebraic manipulation; function notation; graph interpretation and units.,"I can retrieve durable derivative, antiderivative, algebra, notation, graph, and units learning.",AP Topic 7.6,graph_sign_retrieval,text,,"Unit 7 Assessment Plan + AP Calculus AB Course Framework; supplied AP Topic scoring guides consulted for authentic representations and rigor only, with no published question wording copied.",Tarsia-friendly concise source.
U7-S3-PS3-M08,MATH,7,7.3,practice_set_3,practice,ps3_m08,mastery,2,Derivative and antiderivative relationships; algebraic manipulation; function notation; graph interpretation and units.,"I can retrieve durable derivative, antiderivative, algebra, notation, graph, and units learning.",AP Topic 7.6,limit_retrieval,numeric,,"Unit 7 Assessment Plan + AP Calculus AB Course Framework; supplied AP Topic scoring guides consulted for authentic representations and rigor only, with no published question wording copied.",Tarsia-friendly concise source.
U7-S3-PS3-M09,MATH,7,7.3,practice_set_3,practice,ps3_m09,mastery,2,Derivative and antiderivative relationships; algebraic manipulation; function notation; graph interpretation and units.,"I can retrieve durable derivative, antiderivative, algebra, notation, graph, and units learning.",AP Topic 7.6,derivative_relationship_retrieval,expression,,"Unit 7 Assessment Plan + AP Calculus AB Course Framework; supplied AP Topic scoring guides consulted for authentic representations and rigor only, with no published question wording copied.",Tarsia-friendly concise source.
U7-S3-PS3-M10,MATH,7,7.3,practice_set_3,practice,ps3_m10,mastery,1,Derivative and antiderivative relationships; algebraic manipulation; function notation; graph interpretation and units.,"I can retrieve durable derivative, antiderivative, algebra, notation, graph, and units learning.",AP Topic 7.6,antiderivative_retrieval,expression,,"Unit 7 Assessment Plan + AP Calculus AB Course Framework; supplied AP Topic scoring guides consulted for authentic representations and rigor only, with no published question wording copied.",Tarsia-friendly concise source.
U7-S3-XP-C01,MATH,7,7.3,extra_practice,practice,xp_c01,current,3,"Solve separable differential equations by separating variables, integrating both sides, and managing constants of integration across equivalent solution forms.","I can separate variables correctly, integrate both sides, include constants, recognize possible lost equilibrium solutions, and compare equivalent implicit or explicit forms.",AP Topic 7.6,lost_equilibrium_solutions,constructed_response,,"Unit 7 Assessment Plan + AP Calculus AB Course Framework; supplied AP Topic scoring guides consulted for authentic representations and rigor only, with no published question wording copied.",
U7-S3-XP-C02,MATH,7,7.3,extra_practice,practice,xp_c02,current,3,"Solve separable differential equations by separating variables, integrating both sides, and managing constants of integration across equivalent solution forms.","I can separate variables correctly, integrate both sides, include constants, recognize possible lost equilibrium solutions, and compare equivalent implicit or explicit forms.",AP Topic 7.6,separation_solution_critique,constructed_response,,"Unit 7 Assessment Plan + AP Calculus AB Course Framework; supplied AP Topic scoring guides consulted for authentic representations and rigor only, with no published question wording copied.",
U7-S3-XP-C03,MATH,7,7.3,extra_practice,practice,xp_c03,current,2,"Solve separable differential equations by separating variables, integrating both sides, and managing constants of integration across equivalent solution forms.","I can separate variables correctly, integrate both sides, include constants, recognize possible lost equilibrium solutions, and compare equivalent implicit or explicit forms.",AP Topic 7.6,separable_xy,expression,,"Unit 7 Assessment Plan + AP Calculus AB Course Framework; supplied AP Topic scoring guides consulted for authentic representations and rigor only, with no published question wording copied.",
U7-S3-XP-C04,MATH,7,7.3,extra_practice,practice,xp_c04,current,2,"Solve separable differential equations by separating variables, integrating both sides, and managing constants of integration across equivalent solution forms.","I can separate variables correctly, integrate both sides, include constants, recognize possible lost equilibrium solutions, and compare equivalent implicit or explicit forms.",AP Topic 7.6,separable_exponential_family,expression,,"Unit 7 Assessment Plan + AP Calculus AB Course Framework; supplied AP Topic scoring guides consulted for authentic representations and rigor only, with no published question wording copied.",
U7-S3-XP-C05,MATH,7,7.3,extra_practice,practice,xp_c05,current,2,"Solve separable differential equations by separating variables, integrating both sides, and managing constants of integration across equivalent solution forms.","I can separate variables correctly, integrate both sides, include constants, recognize possible lost equilibrium solutions, and compare equivalent implicit or explicit forms.",AP Topic 7.6,separable_inverse_tangent,expression,,"Unit 7 Assessment Plan + AP Calculus AB Course Framework; supplied AP Topic scoring guides consulted for authentic representations and rigor only, with no published question wording copied.",
U7-S3-XP-L01,MATH,7,7.3,extra_practice,practice,xp_l01,last,1,"Sketch and interpret slope fields, connect local slope behavior to differential equations, and reason about solution curves graphically.",I can retrieve and apply the most recent prerequisite learning.,AP Topic 7.6,local_slope_from_de,numeric,,"Unit 7 Assessment Plan + AP Calculus AB Course Framework; supplied AP Topic scoring guides consulted for authentic representations and rigor only, with no published question wording copied.",
U7-S3-XP-L02,MATH,7,7.3,extra_practice,practice,xp_l02,last,2,"Sketch and interpret slope fields, connect local slope behavior to differential equations, and reason about solution curves graphically.",I can retrieve and apply the most recent prerequisite learning.,AP Topic 7.6,solution_curve_initial_direction,text,u7_s3_xp_l02_solution_tendency.png,"Unit 7 Assessment Plan + AP Calculus AB Course Framework; supplied AP Topic scoring guides consulted for authentic representations and rigor only, with no published question wording copied.",
U7-S3-XP-L03,MATH,7,7.3,extra_practice,practice,xp_l03,last,2,"Sketch and interpret slope fields, connect local slope behavior to differential equations, and reason about solution curves graphically.",I can retrieve and apply the most recent prerequisite learning.,AP Topic 7.6,field_equation_match,expression,,"Unit 7 Assessment Plan + AP Calculus AB Course Framework; supplied AP Topic scoring guides consulted for authentic representations and rigor only, with no published question wording copied.",
U7-S3-XP-L04,MATH,7,7.3,extra_practice,practice,xp_l04,last,2,"Sketch and interpret slope fields, connect local slope behavior to differential equations, and reason about solution curves graphically.",I can retrieve and apply the most recent prerequisite learning.,AP Topic 7.6,slope_field_table,text,,"Unit 7 Assessment Plan + AP Calculus AB Course Framework; supplied AP Topic scoring guides consulted for authentic representations and rigor only, with no published question wording copied.",
U7-S3-XP-L05,MATH,7,7.3,extra_practice,practice,xp_l05,last,3,"Sketch and interpret slope fields, connect local slope behavior to differential equations, and reason about solution curves graphically.",I can retrieve and apply the most recent prerequisite learning.,AP Topic 7.6,solution_curve_critique,constructed_response,,"Unit 7 Assessment Plan + AP Calculus AB Course Framework; supplied AP Topic scoring guides consulted for authentic representations and rigor only, with no published question wording copied.",
U7-S3-XP-M01,MATH,7,7.3,extra_practice,practice,xp_m01,mastery,2,Derivative and antiderivative relationships; algebraic manipulation; function notation; graph interpretation and units.,"I can retrieve durable derivative, antiderivative, algebra, notation, graph, and units learning.",AP Topic 7.6,limit_retrieval,numeric,,"Unit 7 Assessment Plan + AP Calculus AB Course Framework; supplied AP Topic scoring guides consulted for authentic representations and rigor only, with no published question wording copied.",
U7-S3-XP-M02,MATH,7,7.3,extra_practice,practice,xp_m02,mastery,2,Derivative and antiderivative relationships; algebraic manipulation; function notation; graph interpretation and units.,"I can retrieve durable derivative, antiderivative, algebra, notation, graph, and units learning.",AP Topic 7.6,derivative_relationship_retrieval,expression,,"Unit 7 Assessment Plan + AP Calculus AB Course Framework; supplied AP Topic scoring guides consulted for authentic representations and rigor only, with no published question wording copied.",
U7-S3-XP-M03,MATH,7,7.3,extra_practice,practice,xp_m03,mastery,1,Derivative and antiderivative relationships; algebraic manipulation; function notation; graph interpretation and units.,"I can retrieve durable derivative, antiderivative, algebra, notation, graph, and units learning.",AP Topic 7.6,antiderivative_retrieval,expression,,"Unit 7 Assessment Plan + AP Calculus AB Course Framework; supplied AP Topic scoring guides consulted for authentic representations and rigor only, with no published question wording copied.",
U7-S3-XP-M04,MATH,7,7.3,extra_practice,practice,xp_m04,mastery,2,Derivative and antiderivative relationships; algebraic manipulation; function notation; graph interpretation and units.,"I can retrieve durable derivative, antiderivative, algebra, notation, graph, and units learning.",AP Topic 7.6,definite_integral_retrieval,numeric,,"Unit 7 Assessment Plan + AP Calculus AB Course Framework; supplied AP Topic scoring guides consulted for authentic representations and rigor only, with no published question wording copied.",
U7-S3-XP-M05,MATH,7,7.3,extra_practice,practice,xp_m05,mastery,1,Derivative and antiderivative relationships; algebraic manipulation; function notation; graph interpretation and units.,"I can retrieve durable derivative, antiderivative, algebra, notation, graph, and units learning.",AP Topic 7.6,units_retrieval,text,,"Unit 7 Assessment Plan + AP Calculus AB Course Framework; supplied AP Topic scoring guides consulted for authentic representations and rigor only, with no published question wording copied.",
U7-S3-XP-M06,MATH,7,7.3,extra_practice,practice,xp_m06,mastery,1,Derivative and antiderivative relationships; algebraic manipulation; function notation; graph interpretation and units.,"I can retrieve durable derivative, antiderivative, algebra, notation, graph, and units learning.",AP Topic 7.6,algebra_retrieval,expression,,"Unit 7 Assessment Plan + AP Calculus AB Course Framework; supplied AP Topic scoring guides consulted for authentic representations and rigor only, with no published question wording copied.",
U7-S3-XP-M07,MATH,7,7.3,extra_practice,practice,xp_m07,mastery,1,Derivative and antiderivative relationships; algebraic manipulation; function notation; graph interpretation and units.,"I can retrieve durable derivative, antiderivative, algebra, notation, graph, and units learning.",AP Topic 7.6,function_notation_retrieval,numeric,,"Unit 7 Assessment Plan + AP Calculus AB Course Framework; supplied AP Topic scoring guides consulted for authentic representations and rigor only, with no published question wording copied.",
U7-S3-XP-M08,MATH,7,7.3,extra_practice,practice,xp_m08,mastery,1,Derivative and antiderivative relationships; algebraic manipulation; function notation; graph interpretation and units.,"I can retrieve durable derivative, antiderivative, algebra, notation, graph, and units learning.",AP Topic 7.6,graph_sign_retrieval,text,,"Unit 7 Assessment Plan + AP Calculus AB Course Framework; supplied AP Topic scoring guides consulted for authentic representations and rigor only, with no published question wording copied.",
U7-S3-XP-M09,MATH,7,7.3,extra_practice,practice,xp_m09,mastery,2,Derivative and antiderivative relationships; algebraic manipulation; function notation; graph interpretation and units.,"I can retrieve durable derivative, antiderivative, algebra, notation, graph, and units learning.",AP Topic 7.6,limit_retrieval,numeric,,"Unit 7 Assessment Plan + AP Calculus AB Course Framework; supplied AP Topic scoring guides consulted for authentic representations and rigor only, with no published question wording copied.",
U7-S3-XP-M10,MATH,7,7.3,extra_practice,practice,xp_m10,mastery,2,Derivative and antiderivative relationships; algebraic manipulation; function notation; graph interpretation and units.,"I can retrieve durable derivative, antiderivative, algebra, notation, graph, and units learning.",AP Topic 7.6,derivative_relationship_retrieval,expression,,"Unit 7 Assessment Plan + AP Calculus AB Course Framework; supplied AP Topic scoring guides consulted for authentic representations and rigor only, with no published question wording copied.",
U7-S4-PS1-C01,MATH,7,7.4,practice_set_1,practice,ps1_c01,current,1,Use initial conditions to determine constants and produce particular solutions to separable differential equations.,I can use an initial condition to select one member of a solution family and express the requested particular solution with an appropriate branch or form.,AP Topic 7.7,initial_condition_constant,numeric,,"Unit 7 Assessment Plan + AP Calculus AB Course Framework; supplied AP Topic scoring guides consulted for authentic representations and rigor only, with no published question wording copied.",
U7-S4-PS1-C02,MATH,7,7.4,practice_set_1,practice,ps1_c02,current,2,Use initial conditions to determine constants and produce particular solutions to separable differential equations.,I can use an initial condition to select one member of a solution family and express the requested particular solution with an appropriate branch or form.,AP Topic 7.7,particular_separable_implicit,expression,,"Unit 7 Assessment Plan + AP Calculus AB Course Framework; supplied AP Topic scoring guides consulted for authentic representations and rigor only, with no published question wording copied.",
U7-S4-PS1-C03,MATH,7,7.4,practice_set_1,practice,ps1_c03,current,1,Use initial conditions to determine constants and produce particular solutions to separable differential equations.,I can use an initial condition to select one member of a solution family and express the requested particular solution with an appropriate branch or form.,AP Topic 7.7,general_particular_distinction,text,,"Unit 7 Assessment Plan + AP Calculus AB Course Framework; supplied AP Topic scoring guides consulted for authentic representations and rigor only, with no published question wording copied.",
U7-S4-PS1-C04,MATH,7,7.4,practice_set_1,practice,ps1_c04,current,2,Use initial conditions to determine constants and produce particular solutions to separable differential equations.,I can use an initial condition to select one member of a solution family and express the requested particular solution with an appropriate branch or form.,AP Topic 7.7,particular_branch_selection,expression,,"Unit 7 Assessment Plan + AP Calculus AB Course Framework; supplied AP Topic scoring guides consulted for authentic representations and rigor only, with no published question wording copied.",
U7-S4-PS1-C05,MATH,7,7.4,practice_set_1,practice,ps1_c05,current,3,Use initial conditions to determine constants and produce particular solutions to separable differential equations.,I can use an initial condition to select one member of a solution family and express the requested particular solution with an appropriate branch or form.,AP Topic 7.7,initial_condition_sequence_critique,constructed_response,,"Unit 7 Assessment Plan + AP Calculus AB Course Framework; supplied AP Topic scoring guides consulted for authentic representations and rigor only, with no published question wording copied.",
U7-S4-PS1-L01,MATH,7,7.4,practice_set_1,practice,ps1_l01,last,3,"Solve separable differential equations by separating variables, integrating both sides, and managing constants of integration across equivalent solution forms.",I can retrieve and apply the most recent prerequisite learning.,AP Topic 7.7,lost_equilibrium_solutions,constructed_response,,"Unit 7 Assessment Plan + AP Calculus AB Course Framework; supplied AP Topic scoring guides consulted for authentic representations and rigor only, with no published question wording copied.",
U7-S4-PS1-L02,MATH,7,7.4,practice_set_1,practice,ps1_l02,last,3,"Solve separable differential equations by separating variables, integrating both sides, and managing constants of integration across equivalent solution forms.",I can retrieve and apply the most recent prerequisite learning.,AP Topic 7.7,separation_solution_critique,constructed_response,,"Unit 7 Assessment Plan + AP Calculus AB Course Framework; supplied AP Topic scoring guides consulted for authentic representations and rigor only, with no published question wording copied.",
U7-S4-PS1-L03,MATH,7,7.4,practice_set_1,practice,ps1_l03,last,2,"Solve separable differential equations by separating variables, integrating both sides, and managing constants of integration across equivalent solution forms.",I can retrieve and apply the most recent prerequisite learning.,AP Topic 7.7,separable_xy,expression,,"Unit 7 Assessment Plan + AP Calculus AB Course Framework; supplied AP Topic scoring guides consulted for authentic representations and rigor only, with no published question wording copied.",
U7-S4-PS1-L04,MATH,7,7.4,practice_set_1,practice,ps1_l04,last,2,"Solve separable differential equations by separating variables, integrating both sides, and managing constants of integration across equivalent solution forms.",I can retrieve and apply the most recent prerequisite learning.,AP Topic 7.7,separable_exponential_family,expression,,"Unit 7 Assessment Plan + AP Calculus AB Course Framework; supplied AP Topic scoring guides consulted for authentic representations and rigor only, with no published question wording copied.",
U7-S4-PS1-L05,MATH,7,7.4,practice_set_1,practice,ps1_l05,last,2,"Solve separable differential equations by separating variables, integrating both sides, and managing constants of integration across equivalent solution forms.",I can retrieve and apply the most recent prerequisite learning.,AP Topic 7.7,separable_inverse_tangent,expression,,"Unit 7 Assessment Plan + AP Calculus AB Course Framework; supplied AP Topic scoring guides consulted for authentic representations and rigor only, with no published question wording copied.",
U7-S4-PS1-M01,MATH,7,7.4,practice_set_1,practice,ps1_m01,mastery,2,Derivative and antiderivative relationships; algebraic manipulation; function notation; graph interpretation and units.,"I can retrieve durable derivative, antiderivative, algebra, notation, graph, and units learning.",AP Topic 7.7,definite_integral_retrieval,numeric,,"Unit 7 Assessment Plan + AP Calculus AB Course Framework; supplied AP Topic scoring guides consulted for authentic representations and rigor only, with no published question wording copied.",
U7-S4-PS1-M02,MATH,7,7.4,practice_set_1,practice,ps1_m02,mastery,1,Derivative and antiderivative relationships; algebraic manipulation; function notation; graph interpretation and units.,"I can retrieve durable derivative, antiderivative, algebra, notation, graph, and units learning.",AP Topic 7.7,units_retrieval,text,,"Unit 7 Assessment Plan + AP Calculus AB Course Framework; supplied AP Topic scoring guides consulted for authentic representations and rigor only, with no published question wording copied.",
U7-S4-PS1-M03,MATH,7,7.4,practice_set_1,practice,ps1_m03,mastery,1,Derivative and antiderivative relationships; algebraic manipulation; function notation; graph interpretation and units.,"I can retrieve durable derivative, antiderivative, algebra, notation, graph, and units learning.",AP Topic 7.7,algebra_retrieval,expression,,"Unit 7 Assessment Plan + AP Calculus AB Course Framework; supplied AP Topic scoring guides consulted for authentic representations and rigor only, with no published question wording copied.",
U7-S4-PS1-M04,MATH,7,7.4,practice_set_1,practice,ps1_m04,mastery,1,Derivative and antiderivative relationships; algebraic manipulation; function notation; graph interpretation and units.,"I can retrieve durable derivative, antiderivative, algebra, notation, graph, and units learning.",AP Topic 7.7,function_notation_retrieval,numeric,,"Unit 7 Assessment Plan + AP Calculus AB Course Framework; supplied AP Topic scoring guides consulted for authentic representations and rigor only, with no published question wording copied.",
U7-S4-PS1-M05,MATH,7,7.4,practice_set_1,practice,ps1_m05,mastery,1,Derivative and antiderivative relationships; algebraic manipulation; function notation; graph interpretation and units.,"I can retrieve durable derivative, antiderivative, algebra, notation, graph, and units learning.",AP Topic 7.7,graph_sign_retrieval,text,,"Unit 7 Assessment Plan + AP Calculus AB Course Framework; supplied AP Topic scoring guides consulted for authentic representations and rigor only, with no published question wording copied.",
U7-S4-PS1-M06,MATH,7,7.4,practice_set_1,practice,ps1_m06,mastery,2,Derivative and antiderivative relationships; algebraic manipulation; function notation; graph interpretation and units.,"I can retrieve durable derivative, antiderivative, algebra, notation, graph, and units learning.",AP Topic 7.7,limit_retrieval,numeric,,"Unit 7 Assessment Plan + AP Calculus AB Course Framework; supplied AP Topic scoring guides consulted for authentic representations and rigor only, with no published question wording copied.",
U7-S4-PS1-M07,MATH,7,7.4,practice_set_1,practice,ps1_m07,mastery,2,Derivative and antiderivative relationships; algebraic manipulation; function notation; graph interpretation and units.,"I can retrieve durable derivative, antiderivative, algebra, notation, graph, and units learning.",AP Topic 7.7,derivative_relationship_retrieval,expression,,"Unit 7 Assessment Plan + AP Calculus AB Course Framework; supplied AP Topic scoring guides consulted for authentic representations and rigor only, with no published question wording copied.",
U7-S4-PS1-M08,MATH,7,7.4,practice_set_1,practice,ps1_m08,mastery,1,Derivative and antiderivative relationships; algebraic manipulation; function notation; graph interpretation and units.,"I can retrieve durable derivative, antiderivative, algebra, notation, graph, and units learning.",AP Topic 7.7,antiderivative_retrieval,expression,,"Unit 7 Assessment Plan + AP Calculus AB Course Framework; supplied AP Topic scoring guides consulted for authentic representations and rigor only, with no published question wording copied.",
U7-S4-PS1-M09,MATH,7,7.4,practice_set_1,practice,ps1_m09,mastery,2,Derivative and antiderivative relationships; algebraic manipulation; function notation; graph interpretation and units.,"I can retrieve durable derivative, antiderivative, algebra, notation, graph, and units learning.",AP Topic 7.7,definite_integral_retrieval,numeric,,"Unit 7 Assessment Plan + AP Calculus AB Course Framework; supplied AP Topic scoring guides consulted for authentic representations and rigor only, with no published question wording copied.",
U7-S4-PS1-M10,MATH,7,7.4,practice_set_1,practice,ps1_m10,mastery,1,Derivative and antiderivative relationships; algebraic manipulation; function notation; graph interpretation and units.,"I can retrieve durable derivative, antiderivative, algebra, notation, graph, and units learning.",AP Topic 7.7,units_retrieval,text,,"Unit 7 Assessment Plan + AP Calculus AB Course Framework; supplied AP Topic scoring guides consulted for authentic representations and rigor only, with no published question wording copied.",
U7-S4-PS2-C01,MATH,7,7.4,practice_set_2,practice,ps2_c01,current,2,Use initial conditions to determine constants and produce particular solutions to separable differential equations.,I can use an initial condition to select one member of a solution family and express the requested particular solution with an appropriate branch or form.,AP Topic 7.7,particular_separable_implicit,expression,,"Unit 7 Assessment Plan + AP Calculus AB Course Framework; supplied AP Topic scoring guides consulted for authentic representations and rigor only, with no published question wording copied.",
U7-S4-PS2-C02,MATH,7,7.4,practice_set_2,practice,ps2_c02,current,1,Use initial conditions to determine constants and produce particular solutions to separable differential equations.,I can use an initial condition to select one member of a solution family and express the requested particular solution with an appropriate branch or form.,AP Topic 7.7,general_particular_distinction,text,,"Unit 7 Assessment Plan + AP Calculus AB Course Framework; supplied AP Topic scoring guides consulted for authentic representations and rigor only, with no published question wording copied.",
U7-S4-PS2-C03,MATH,7,7.4,practice_set_2,practice,ps2_c03,current,2,Use initial conditions to determine constants and produce particular solutions to separable differential equations.,I can use an initial condition to select one member of a solution family and express the requested particular solution with an appropriate branch or form.,AP Topic 7.7,particular_branch_selection,expression,,"Unit 7 Assessment Plan + AP Calculus AB Course Framework; supplied AP Topic scoring guides consulted for authentic representations and rigor only, with no published question wording copied.",
U7-S4-PS2-C04,MATH,7,7.4,practice_set_2,practice,ps2_c04,current,3,Use initial conditions to determine constants and produce particular solutions to separable differential equations.,I can use an initial condition to select one member of a solution family and express the requested particular solution with an appropriate branch or form.,AP Topic 7.7,initial_condition_sequence_critique,constructed_response,,"Unit 7 Assessment Plan + AP Calculus AB Course Framework; supplied AP Topic scoring guides consulted for authentic representations and rigor only, with no published question wording copied.",
U7-S4-PS2-C05,MATH,7,7.4,practice_set_2,practice,ps2_c05,current,2,Use initial conditions to determine constants and produce particular solutions to separable differential equations.,I can use an initial condition to select one member of a solution family and express the requested particular solution with an appropriate branch or form.,AP Topic 7.7,particular_exponential_from_family,expression,,"Unit 7 Assessment Plan + AP Calculus AB Course Framework; supplied AP Topic scoring guides consulted for authentic representations and rigor only, with no published question wording copied.",
U7-S4-PS2-L01,MATH,7,7.4,practice_set_2,practice,ps2_l01,last,3,"Solve separable differential equations by separating variables, integrating both sides, and managing constants of integration across equivalent solution forms.",I can retrieve and apply the most recent prerequisite learning.,AP Topic 7.7,separation_solution_critique,constructed_response,,"Unit 7 Assessment Plan + AP Calculus AB Course Framework; supplied AP Topic scoring guides consulted for authentic representations and rigor only, with no published question wording copied.",
U7-S4-PS2-L02,MATH,7,7.4,practice_set_2,practice,ps2_l02,last,2,"Solve separable differential equations by separating variables, integrating both sides, and managing constants of integration across equivalent solution forms.",I can retrieve and apply the most recent prerequisite learning.,AP Topic 7.7,separable_xy,expression,,"Unit 7 Assessment Plan + AP Calculus AB Course Framework; supplied AP Topic scoring guides consulted for authentic representations and rigor only, with no published question wording copied.",
U7-S4-PS2-L03,MATH,7,7.4,practice_set_2,practice,ps2_l03,last,2,"Solve separable differential equations by separating variables, integrating both sides, and managing constants of integration across equivalent solution forms.",I can retrieve and apply the most recent prerequisite learning.,AP Topic 7.7,separable_exponential_family,expression,,"Unit 7 Assessment Plan + AP Calculus AB Course Framework; supplied AP Topic scoring guides consulted for authentic representations and rigor only, with no published question wording copied.",
U7-S4-PS2-L04,MATH,7,7.4,practice_set_2,practice,ps2_l04,last,2,"Solve separable differential equations by separating variables, integrating both sides, and managing constants of integration across equivalent solution forms.",I can retrieve and apply the most recent prerequisite learning.,AP Topic 7.7,separable_inverse_tangent,expression,,"Unit 7 Assessment Plan + AP Calculus AB Course Framework; supplied AP Topic scoring guides consulted for authentic representations and rigor only, with no published question wording copied.",
U7-S4-PS2-L05,MATH,7,7.4,practice_set_2,practice,ps2_l05,last,1,"Solve separable differential equations by separating variables, integrating both sides, and managing constants of integration across equivalent solution forms.",I can retrieve and apply the most recent prerequisite learning.,AP Topic 7.7,separation_notation,expression,,"Unit 7 Assessment Plan + AP Calculus AB Course Framework; supplied AP Topic scoring guides consulted for authentic representations and rigor only, with no published question wording copied.",
U7-S4-PS2-M01,MATH,7,7.4,practice_set_2,practice,ps2_m01,mastery,1,Derivative and antiderivative relationships; algebraic manipulation; function notation; graph interpretation and units.,"I can retrieve durable derivative, antiderivative, algebra, notation, graph, and units learning.",AP Topic 7.7,antiderivative_retrieval,expression,,"Unit 7 Assessment Plan + AP Calculus AB Course Framework; supplied AP Topic scoring guides consulted for authentic representations and rigor only, with no published question wording copied.",
U7-S4-PS2-M02,MATH,7,7.4,practice_set_2,practice,ps2_m02,mastery,2,Derivative and antiderivative relationships; algebraic manipulation; function notation; graph interpretation and units.,"I can retrieve durable derivative, antiderivative, algebra, notation, graph, and units learning.",AP Topic 7.7,definite_integral_retrieval,numeric,,"Unit 7 Assessment Plan + AP Calculus AB Course Framework; supplied AP Topic scoring guides consulted for authentic representations and rigor only, with no published question wording copied.",
U7-S4-PS2-M03,MATH,7,7.4,practice_set_2,practice,ps2_m03,mastery,1,Derivative and antiderivative relationships; algebraic manipulation; function notation; graph interpretation and units.,"I can retrieve durable derivative, antiderivative, algebra, notation, graph, and units learning.",AP Topic 7.7,units_retrieval,text,,"Unit 7 Assessment Plan + AP Calculus AB Course Framework; supplied AP Topic scoring guides consulted for authentic representations and rigor only, with no published question wording copied.",
U7-S4-PS2-M04,MATH,7,7.4,practice_set_2,practice,ps2_m04,mastery,1,Derivative and antiderivative relationships; algebraic manipulation; function notation; graph interpretation and units.,"I can retrieve durable derivative, antiderivative, algebra, notation, graph, and units learning.",AP Topic 7.7,algebra_retrieval,expression,,"Unit 7 Assessment Plan + AP Calculus AB Course Framework; supplied AP Topic scoring guides consulted for authentic representations and rigor only, with no published question wording copied.",
U7-S4-PS2-M05,MATH,7,7.4,practice_set_2,practice,ps2_m05,mastery,1,Derivative and antiderivative relationships; algebraic manipulation; function notation; graph interpretation and units.,"I can retrieve durable derivative, antiderivative, algebra, notation, graph, and units learning.",AP Topic 7.7,function_notation_retrieval,numeric,,"Unit 7 Assessment Plan + AP Calculus AB Course Framework; supplied AP Topic scoring guides consulted for authentic representations and rigor only, with no published question wording copied.",
U7-S4-PS2-M06,MATH,7,7.4,practice_set_2,practice,ps2_m06,mastery,1,Derivative and antiderivative relationships; algebraic manipulation; function notation; graph interpretation and units.,"I can retrieve durable derivative, antiderivative, algebra, notation, graph, and units learning.",AP Topic 7.7,graph_sign_retrieval,text,,"Unit 7 Assessment Plan + AP Calculus AB Course Framework; supplied AP Topic scoring guides consulted for authentic representations and rigor only, with no published question wording copied.",
U7-S4-PS2-M07,MATH,7,7.4,practice_set_2,practice,ps2_m07,mastery,2,Derivative and antiderivative relationships; algebraic manipulation; function notation; graph interpretation and units.,"I can retrieve durable derivative, antiderivative, algebra, notation, graph, and units learning.",AP Topic 7.7,limit_retrieval,numeric,,"Unit 7 Assessment Plan + AP Calculus AB Course Framework; supplied AP Topic scoring guides consulted for authentic representations and rigor only, with no published question wording copied.",
U7-S4-PS2-M08,MATH,7,7.4,practice_set_2,practice,ps2_m08,mastery,2,Derivative and antiderivative relationships; algebraic manipulation; function notation; graph interpretation and units.,"I can retrieve durable derivative, antiderivative, algebra, notation, graph, and units learning.",AP Topic 7.7,derivative_relationship_retrieval,expression,,"Unit 7 Assessment Plan + AP Calculus AB Course Framework; supplied AP Topic scoring guides consulted for authentic representations and rigor only, with no published question wording copied.",
U7-S4-PS2-M09,MATH,7,7.4,practice_set_2,practice,ps2_m09,mastery,1,Derivative and antiderivative relationships; algebraic manipulation; function notation; graph interpretation and units.,"I can retrieve durable derivative, antiderivative, algebra, notation, graph, and units learning.",AP Topic 7.7,antiderivative_retrieval,expression,,"Unit 7 Assessment Plan + AP Calculus AB Course Framework; supplied AP Topic scoring guides consulted for authentic representations and rigor only, with no published question wording copied.",
U7-S4-PS2-M10,MATH,7,7.4,practice_set_2,practice,ps2_m10,mastery,2,Derivative and antiderivative relationships; algebraic manipulation; function notation; graph interpretation and units.,"I can retrieve durable derivative, antiderivative, algebra, notation, graph, and units learning.",AP Topic 7.7,definite_integral_retrieval,numeric,,"Unit 7 Assessment Plan + AP Calculus AB Course Framework; supplied AP Topic scoring guides consulted for authentic representations and rigor only, with no published question wording copied.",
U7-S4-PS3-C01,MATH,7,7.4,practice_set_3,practice,ps3_c01,current,1,Use initial conditions to determine constants and produce particular solutions to separable differential equations.,I can use an initial condition to select one member of a solution family and express the requested particular solution with an appropriate branch or form.,AP Topic 7.7,initial_condition_compact,numeric,,"Unit 7 Assessment Plan + AP Calculus AB Course Framework; supplied AP Topic scoring guides consulted for authentic representations and rigor only, with no published question wording copied.",Tarsia-friendly concise source.
U7-S4-PS3-C02,MATH,7,7.4,practice_set_3,practice,ps3_c02,current,1,Use initial conditions to determine constants and produce particular solutions to separable differential equations.,I can use an initial condition to select one member of a solution family and express the requested particular solution with an appropriate branch or form.,AP Topic 7.7,initial_condition_compact,numeric,,"Unit 7 Assessment Plan + AP Calculus AB Course Framework; supplied AP Topic scoring guides consulted for authentic representations and rigor only, with no published question wording copied.",Tarsia-friendly concise source.
U7-S4-PS3-C03,MATH,7,7.4,practice_set_3,practice,ps3_c03,current,1,Use initial conditions to determine constants and produce particular solutions to separable differential equations.,I can use an initial condition to select one member of a solution family and express the requested particular solution with an appropriate branch or form.,AP Topic 7.7,initial_condition_compact,numeric,,"Unit 7 Assessment Plan + AP Calculus AB Course Framework; supplied AP Topic scoring guides consulted for authentic representations and rigor only, with no published question wording copied.",Tarsia-friendly concise source.
U7-S4-PS3-C04,MATH,7,7.4,practice_set_3,practice,ps3_c04,current,1,Use initial conditions to determine constants and produce particular solutions to separable differential equations.,I can use an initial condition to select one member of a solution family and express the requested particular solution with an appropriate branch or form.,AP Topic 7.7,initial_condition_compact,numeric,,"Unit 7 Assessment Plan + AP Calculus AB Course Framework; supplied AP Topic scoring guides consulted for authentic representations and rigor only, with no published question wording copied.",Tarsia-friendly concise source.
U7-S4-PS3-C05,MATH,7,7.4,practice_set_3,practice,ps3_c05,current,1,Use initial conditions to determine constants and produce particular solutions to separable differential equations.,I can use an initial condition to select one member of a solution family and express the requested particular solution with an appropriate branch or form.,AP Topic 7.7,initial_condition_compact,numeric,,"Unit 7 Assessment Plan + AP Calculus AB Course Framework; supplied AP Topic scoring guides consulted for authentic representations and rigor only, with no published question wording copied.",Tarsia-friendly concise source.
U7-S4-PS3-L01,MATH,7,7.4,practice_set_3,practice,ps3_l01,last,1,"Solve separable differential equations by separating variables, integrating both sides, and managing constants of integration across equivalent solution forms.",I can retrieve and apply the most recent prerequisite learning.,AP Topic 7.7,separation_compact,expression,,"Unit 7 Assessment Plan + AP Calculus AB Course Framework; supplied AP Topic scoring guides consulted for authentic representations and rigor only, with no published question wording copied.",Tarsia-friendly concise source.
U7-S4-PS3-L02,MATH,7,7.4,practice_set_3,practice,ps3_l02,last,1,"Solve separable differential equations by separating variables, integrating both sides, and managing constants of integration across equivalent solution forms.",I can retrieve and apply the most recent prerequisite learning.,AP Topic 7.7,separation_compact,expression,,"Unit 7 Assessment Plan + AP Calculus AB Course Framework; supplied AP Topic scoring guides consulted for authentic representations and rigor only, with no published question wording copied.",Tarsia-friendly concise source.
U7-S4-PS3-L03,MATH,7,7.4,practice_set_3,practice,ps3_l03,last,1,"Solve separable differential equations by separating variables, integrating both sides, and managing constants of integration across equivalent solution forms.",I can retrieve and apply the most recent prerequisite learning.,AP Topic 7.7,separation_compact,expression,,"Unit 7 Assessment Plan + AP Calculus AB Course Framework; supplied AP Topic scoring guides consulted for authentic representations and rigor only, with no published question wording copied.",Tarsia-friendly concise source.
U7-S4-PS3-L04,MATH,7,7.4,practice_set_3,practice,ps3_l04,last,1,"Solve separable differential equations by separating variables, integrating both sides, and managing constants of integration across equivalent solution forms.",I can retrieve and apply the most recent prerequisite learning.,AP Topic 7.7,separation_compact,expression,,"Unit 7 Assessment Plan + AP Calculus AB Course Framework; supplied AP Topic scoring guides consulted for authentic representations and rigor only, with no published question wording copied.",Tarsia-friendly concise source.
U7-S4-PS3-L05,MATH,7,7.4,practice_set_3,practice,ps3_l05,last,1,"Solve separable differential equations by separating variables, integrating both sides, and managing constants of integration across equivalent solution forms.",I can retrieve and apply the most recent prerequisite learning.,AP Topic 7.7,separation_compact,expression,,"Unit 7 Assessment Plan + AP Calculus AB Course Framework; supplied AP Topic scoring guides consulted for authentic representations and rigor only, with no published question wording copied.",Tarsia-friendly concise source.
U7-S4-PS3-M01,MATH,7,7.4,practice_set_3,practice,ps3_m01,mastery,2,Derivative and antiderivative relationships; algebraic manipulation; function notation; graph interpretation and units.,"I can retrieve durable derivative, antiderivative, algebra, notation, graph, and units learning.",AP Topic 7.7,derivative_relationship_retrieval,expression,,"Unit 7 Assessment Plan + AP Calculus AB Course Framework; supplied AP Topic scoring guides consulted for authentic representations and rigor only, with no published question wording copied.",Tarsia-friendly concise source.
U7-S4-PS3-M02,MATH,7,7.4,practice_set_3,practice,ps3_m02,mastery,1,Derivative and antiderivative relationships; algebraic manipulation; function notation; graph interpretation and units.,"I can retrieve durable derivative, antiderivative, algebra, notation, graph, and units learning.",AP Topic 7.7,antiderivative_retrieval,expression,,"Unit 7 Assessment Plan + AP Calculus AB Course Framework; supplied AP Topic scoring guides consulted for authentic representations and rigor only, with no published question wording copied.",Tarsia-friendly concise source.
U7-S4-PS3-M03,MATH,7,7.4,practice_set_3,practice,ps3_m03,mastery,2,Derivative and antiderivative relationships; algebraic manipulation; function notation; graph interpretation and units.,"I can retrieve durable derivative, antiderivative, algebra, notation, graph, and units learning.",AP Topic 7.7,definite_integral_retrieval,numeric,,"Unit 7 Assessment Plan + AP Calculus AB Course Framework; supplied AP Topic scoring guides consulted for authentic representations and rigor only, with no published question wording copied.",Tarsia-friendly concise source.
U7-S4-PS3-M04,MATH,7,7.4,practice_set_3,practice,ps3_m04,mastery,1,Derivative and antiderivative relationships; algebraic manipulation; function notation; graph interpretation and units.,"I can retrieve durable derivative, antiderivative, algebra, notation, graph, and units learning.",AP Topic 7.7,units_retrieval,text,,"Unit 7 Assessment Plan + AP Calculus AB Course Framework; supplied AP Topic scoring guides consulted for authentic representations and rigor only, with no published question wording copied.",Tarsia-friendly concise source.
U7-S4-PS3-M05,MATH,7,7.4,practice_set_3,practice,ps3_m05,mastery,1,Derivative and antiderivative relationships; algebraic manipulation; function notation; graph interpretation and units.,"I can retrieve durable derivative, antiderivative, algebra, notation, graph, and units learning.",AP Topic 7.7,algebra_retrieval,expression,,"Unit 7 Assessment Plan + AP Calculus AB Course Framework; supplied AP Topic scoring guides consulted for authentic representations and rigor only, with no published question wording copied.",Tarsia-friendly concise source.
U7-S4-PS3-M06,MATH,7,7.4,practice_set_3,practice,ps3_m06,mastery,1,Derivative and antiderivative relationships; algebraic manipulation; function notation; graph interpretation and units.,"I can retrieve durable derivative, antiderivative, algebra, notation, graph, and units learning.",AP Topic 7.7,function_notation_retrieval,numeric,,"Unit 7 Assessment Plan + AP Calculus AB Course Framework; supplied AP Topic scoring guides consulted for authentic representations and rigor only, with no published question wording copied.",Tarsia-friendly concise source.
U7-S4-PS3-M07,MATH,7,7.4,practice_set_3,practice,ps3_m07,mastery,1,Derivative and antiderivative relationships; algebraic manipulation; function notation; graph interpretation and units.,"I can retrieve durable derivative, antiderivative, algebra, notation, graph, and units learning.",AP Topic 7.7,graph_sign_retrieval,text,,"Unit 7 Assessment Plan + AP Calculus AB Course Framework; supplied AP Topic scoring guides consulted for authentic representations and rigor only, with no published question wording copied.",Tarsia-friendly concise source.
U7-S4-PS3-M08,MATH,7,7.4,practice_set_3,practice,ps3_m08,mastery,2,Derivative and antiderivative relationships; algebraic manipulation; function notation; graph interpretation and units.,"I can retrieve durable derivative, antiderivative, algebra, notation, graph, and units learning.",AP Topic 7.7,limit_retrieval,numeric,,"Unit 7 Assessment Plan + AP Calculus AB Course Framework; supplied AP Topic scoring guides consulted for authentic representations and rigor only, with no published question wording copied.",Tarsia-friendly concise source.
U7-S4-PS3-M09,MATH,7,7.4,practice_set_3,practice,ps3_m09,mastery,2,Derivative and antiderivative relationships; algebraic manipulation; function notation; graph interpretation and units.,"I can retrieve durable derivative, antiderivative, algebra, notation, graph, and units learning.",AP Topic 7.7,derivative_relationship_retrieval,expression,,"Unit 7 Assessment Plan + AP Calculus AB Course Framework; supplied AP Topic scoring guides consulted for authentic representations and rigor only, with no published question wording copied.",Tarsia-friendly concise source.
U7-S4-PS3-M10,MATH,7,7.4,practice_set_3,practice,ps3_m10,mastery,1,Derivative and antiderivative relationships; algebraic manipulation; function notation; graph interpretation and units.,"I can retrieve durable derivative, antiderivative, algebra, notation, graph, and units learning.",AP Topic 7.7,antiderivative_retrieval,expression,,"Unit 7 Assessment Plan + AP Calculus AB Course Framework; supplied AP Topic scoring guides consulted for authentic representations and rigor only, with no published question wording copied.",Tarsia-friendly concise source.
U7-S4-XP-C01,MATH,7,7.4,extra_practice,practice,xp_c01,current,2,Use initial conditions to determine constants and produce particular solutions to separable differential equations.,I can use an initial condition to select one member of a solution family and express the requested particular solution with an appropriate branch or form.,AP Topic 7.7,particular_branch_selection,expression,,"Unit 7 Assessment Plan + AP Calculus AB Course Framework; supplied AP Topic scoring guides consulted for authentic representations and rigor only, with no published question wording copied.",
U7-S4-XP-C02,MATH,7,7.4,extra_practice,practice,xp_c02,current,3,Use initial conditions to determine constants and produce particular solutions to separable differential equations.,I can use an initial condition to select one member of a solution family and express the requested particular solution with an appropriate branch or form.,AP Topic 7.7,initial_condition_sequence_critique,constructed_response,,"Unit 7 Assessment Plan + AP Calculus AB Course Framework; supplied AP Topic scoring guides consulted for authentic representations and rigor only, with no published question wording copied.",
U7-S4-XP-C03,MATH,7,7.4,extra_practice,practice,xp_c03,current,2,Use initial conditions to determine constants and produce particular solutions to separable differential equations.,I can use an initial condition to select one member of a solution family and express the requested particular solution with an appropriate branch or form.,AP Topic 7.7,particular_exponential_from_family,expression,,"Unit 7 Assessment Plan + AP Calculus AB Course Framework; supplied AP Topic scoring guides consulted for authentic representations and rigor only, with no published question wording copied.",
U7-S4-XP-C04,MATH,7,7.4,extra_practice,practice,xp_c04,current,1,Use initial conditions to determine constants and produce particular solutions to separable differential equations.,I can use an initial condition to select one member of a solution family and express the requested particular solution with an appropriate branch or form.,AP Topic 7.7,initial_condition_constant,numeric,,"Unit 7 Assessment Plan + AP Calculus AB Course Framework; supplied AP Topic scoring guides consulted for authentic representations and rigor only, with no published question wording copied.",
U7-S4-XP-C05,MATH,7,7.4,extra_practice,practice,xp_c05,current,2,Use initial conditions to determine constants and produce particular solutions to separable differential equations.,I can use an initial condition to select one member of a solution family and express the requested particular solution with an appropriate branch or form.,AP Topic 7.7,particular_separable_implicit,expression,,"Unit 7 Assessment Plan + AP Calculus AB Course Framework; supplied AP Topic scoring guides consulted for authentic representations and rigor only, with no published question wording copied.",
U7-S4-XP-L01,MATH,7,7.4,extra_practice,practice,xp_l01,last,2,"Solve separable differential equations by separating variables, integrating both sides, and managing constants of integration across equivalent solution forms.",I can retrieve and apply the most recent prerequisite learning.,AP Topic 7.7,separable_exponential_family,expression,,"Unit 7 Assessment Plan + AP Calculus AB Course Framework; supplied AP Topic scoring guides consulted for authentic representations and rigor only, with no published question wording copied.",
U7-S4-XP-L02,MATH,7,7.4,extra_practice,practice,xp_l02,last,2,"Solve separable differential equations by separating variables, integrating both sides, and managing constants of integration across equivalent solution forms.",I can retrieve and apply the most recent prerequisite learning.,AP Topic 7.7,separable_inverse_tangent,expression,,"Unit 7 Assessment Plan + AP Calculus AB Course Framework; supplied AP Topic scoring guides consulted for authentic representations and rigor only, with no published question wording copied.",
U7-S4-XP-L03,MATH,7,7.4,extra_practice,practice,xp_l03,last,1,"Solve separable differential equations by separating variables, integrating both sides, and managing constants of integration across equivalent solution forms.",I can retrieve and apply the most recent prerequisite learning.,AP Topic 7.7,separation_notation,expression,,"Unit 7 Assessment Plan + AP Calculus AB Course Framework; supplied AP Topic scoring guides consulted for authentic representations and rigor only, with no published question wording copied.",
U7-S4-XP-L04,MATH,7,7.4,extra_practice,practice,xp_l04,last,3,"Solve separable differential equations by separating variables, integrating both sides, and managing constants of integration across equivalent solution forms.",I can retrieve and apply the most recent prerequisite learning.,AP Topic 7.7,lost_equilibrium_solutions,constructed_response,,"Unit 7 Assessment Plan + AP Calculus AB Course Framework; supplied AP Topic scoring guides consulted for authentic representations and rigor only, with no published question wording copied.",
U7-S4-XP-L05,MATH,7,7.4,extra_practice,practice,xp_l05,last,3,"Solve separable differential equations by separating variables, integrating both sides, and managing constants of integration across equivalent solution forms.",I can retrieve and apply the most recent prerequisite learning.,AP Topic 7.7,separation_solution_critique,constructed_response,,"Unit 7 Assessment Plan + AP Calculus AB Course Framework; supplied AP Topic scoring guides consulted for authentic representations and rigor only, with no published question wording copied.",
U7-S4-XP-M01,MATH,7,7.4,extra_practice,practice,xp_m01,mastery,2,Derivative and antiderivative relationships; algebraic manipulation; function notation; graph interpretation and units.,"I can retrieve durable derivative, antiderivative, algebra, notation, graph, and units learning.",AP Topic 7.7,limit_retrieval,numeric,,"Unit 7 Assessment Plan + AP Calculus AB Course Framework; supplied AP Topic scoring guides consulted for authentic representations and rigor only, with no published question wording copied.",
U7-S4-XP-M02,MATH,7,7.4,extra_practice,practice,xp_m02,mastery,2,Derivative and antiderivative relationships; algebraic manipulation; function notation; graph interpretation and units.,"I can retrieve durable derivative, antiderivative, algebra, notation, graph, and units learning.",AP Topic 7.7,derivative_relationship_retrieval,expression,,"Unit 7 Assessment Plan + AP Calculus AB Course Framework; supplied AP Topic scoring guides consulted for authentic representations and rigor only, with no published question wording copied.",
U7-S4-XP-M03,MATH,7,7.4,extra_practice,practice,xp_m03,mastery,1,Derivative and antiderivative relationships; algebraic manipulation; function notation; graph interpretation and units.,"I can retrieve durable derivative, antiderivative, algebra, notation, graph, and units learning.",AP Topic 7.7,antiderivative_retrieval,expression,,"Unit 7 Assessment Plan + AP Calculus AB Course Framework; supplied AP Topic scoring guides consulted for authentic representations and rigor only, with no published question wording copied.",
U7-S4-XP-M04,MATH,7,7.4,extra_practice,practice,xp_m04,mastery,2,Derivative and antiderivative relationships; algebraic manipulation; function notation; graph interpretation and units.,"I can retrieve durable derivative, antiderivative, algebra, notation, graph, and units learning.",AP Topic 7.7,definite_integral_retrieval,numeric,,"Unit 7 Assessment Plan + AP Calculus AB Course Framework; supplied AP Topic scoring guides consulted for authentic representations and rigor only, with no published question wording copied.",
U7-S4-XP-M05,MATH,7,7.4,extra_practice,practice,xp_m05,mastery,1,Derivative and antiderivative relationships; algebraic manipulation; function notation; graph interpretation and units.,"I can retrieve durable derivative, antiderivative, algebra, notation, graph, and units learning.",AP Topic 7.7,units_retrieval,text,,"Unit 7 Assessment Plan + AP Calculus AB Course Framework; supplied AP Topic scoring guides consulted for authentic representations and rigor only, with no published question wording copied.",
U7-S4-XP-M06,MATH,7,7.4,extra_practice,practice,xp_m06,mastery,1,Derivative and antiderivative relationships; algebraic manipulation; function notation; graph interpretation and units.,"I can retrieve durable derivative, antiderivative, algebra, notation, graph, and units learning.",AP Topic 7.7,algebra_retrieval,expression,,"Unit 7 Assessment Plan + AP Calculus AB Course Framework; supplied AP Topic scoring guides consulted for authentic representations and rigor only, with no published question wording copied.",
U7-S4-XP-M07,MATH,7,7.4,extra_practice,practice,xp_m07,mastery,1,Derivative and antiderivative relationships; algebraic manipulation; function notation; graph interpretation and units.,"I can retrieve durable derivative, antiderivative, algebra, notation, graph, and units learning.",AP Topic 7.7,function_notation_retrieval,numeric,,"Unit 7 Assessment Plan + AP Calculus AB Course Framework; supplied AP Topic scoring guides consulted for authentic representations and rigor only, with no published question wording copied.",
U7-S4-XP-M08,MATH,7,7.4,extra_practice,practice,xp_m08,mastery,1,Derivative and antiderivative relationships; algebraic manipulation; function notation; graph interpretation and units.,"I can retrieve durable derivative, antiderivative, algebra, notation, graph, and units learning.",AP Topic 7.7,graph_sign_retrieval,text,,"Unit 7 Assessment Plan + AP Calculus AB Course Framework; supplied AP Topic scoring guides consulted for authentic representations and rigor only, with no published question wording copied.",
U7-S4-XP-M09,MATH,7,7.4,extra_practice,practice,xp_m09,mastery,2,Derivative and antiderivative relationships; algebraic manipulation; function notation; graph interpretation and units.,"I can retrieve durable derivative, antiderivative, algebra, notation, graph, and units learning.",AP Topic 7.7,limit_retrieval,numeric,,"Unit 7 Assessment Plan + AP Calculus AB Course Framework; supplied AP Topic scoring guides consulted for authentic representations and rigor only, with no published question wording copied.",
U7-S4-XP-M10,MATH,7,7.4,extra_practice,practice,xp_m10,mastery,2,Derivative and antiderivative relationships; algebraic manipulation; function notation; graph interpretation and units.,"I can retrieve durable derivative, antiderivative, algebra, notation, graph, and units learning.",AP Topic 7.7,derivative_relationship_retrieval,expression,,"Unit 7 Assessment Plan + AP Calculus AB Course Framework; supplied AP Topic scoring guides consulted for authentic representations and rigor only, with no published question wording copied.",
U7-S5-PS1-C01,MATH,7,7.5,practice_set_1,practice,ps1_c01,current,2,Model and interpret exponential growth and decay from differential equations in contextual situations.,"I can build exponential growth or decay models from proportional-rate relationships and interpret the sign, units, parameters, and solution behavior in context.",AP Topic 7.8,exponential_parameter_from_data,expression,,"Unit 7 Assessment Plan + AP Calculus AB Course Framework; supplied AP Topic scoring guides consulted for authentic representations and rigor only, with no published question wording copied.",
U7-S5-PS1-C02,MATH,7,7.5,practice_set_1,practice,ps1_c02,current,2,Model and interpret exponential growth and decay from differential equations in contextual situations.,"I can build exponential growth or decay models from proportional-rate relationships and interpret the sign, units, parameters, and solution behavior in context.",AP Topic 7.8,half_life_parameter,expression,,"Unit 7 Assessment Plan + AP Calculus AB Course Framework; supplied AP Topic scoring guides consulted for authentic representations and rigor only, with no published question wording copied.",
U7-S5-PS1-C03,MATH,7,7.5,practice_set_1,practice,ps1_c03,current,2,Model and interpret exponential growth and decay from differential equations in contextual situations.,"I can build exponential growth or decay models from proportional-rate relationships and interpret the sign, units, parameters, and solution behavior in context.",AP Topic 7.8,exponential_parameter_interpretation,text,,"Unit 7 Assessment Plan + AP Calculus AB Course Framework; supplied AP Topic scoring guides consulted for authentic representations and rigor only, with no published question wording copied.",
U7-S5-PS1-C04,MATH,7,7.5,practice_set_1,practice,ps1_c04,current,2,Model and interpret exponential growth and decay from differential equations in contextual situations.,"I can build exponential growth or decay models from proportional-rate relationships and interpret the sign, units, parameters, and solution behavior in context.",AP Topic 7.8,exponential_graph_interpretation,text,u7_s5_ps1_c04_exponential_graph.png,"Unit 7 Assessment Plan + AP Calculus AB Course Framework; supplied AP Topic scoring guides consulted for authentic representations and rigor only, with no published question wording copied.",
U7-S5-PS1-C05,MATH,7,7.5,practice_set_1,practice,ps1_c05,current,3,Model and interpret exponential growth and decay from differential equations in contextual situations.,"I can build exponential growth or decay models from proportional-rate relationships and interpret the sign, units, parameters, and solution behavior in context.",AP Topic 7.8,exponential_vs_linear_critique,constructed_response,,"Unit 7 Assessment Plan + AP Calculus AB Course Framework; supplied AP Topic scoring guides consulted for authentic representations and rigor only, with no published question wording copied.",
U7-S5-PS1-L01,MATH,7,7.5,practice_set_1,practice,ps1_l01,last,2,Use initial conditions to determine constants and produce particular solutions to separable differential equations.,I can retrieve and apply the most recent prerequisite learning.,AP Topic 7.8,particular_branch_selection,expression,,"Unit 7 Assessment Plan + AP Calculus AB Course Framework; supplied AP Topic scoring guides consulted for authentic representations and rigor only, with no published question wording copied.",
U7-S5-PS1-L02,MATH,7,7.5,practice_set_1,practice,ps1_l02,last,3,Use initial conditions to determine constants and produce particular solutions to separable differential equations.,I can retrieve and apply the most recent prerequisite learning.,AP Topic 7.8,initial_condition_sequence_critique,constructed_response,,"Unit 7 Assessment Plan + AP Calculus AB Course Framework; supplied AP Topic scoring guides consulted for authentic representations and rigor only, with no published question wording copied.",
U7-S5-PS1-L03,MATH,7,7.5,practice_set_1,practice,ps1_l03,last,2,Use initial conditions to determine constants and produce particular solutions to separable differential equations.,I can retrieve and apply the most recent prerequisite learning.,AP Topic 7.8,particular_exponential_from_family,expression,,"Unit 7 Assessment Plan + AP Calculus AB Course Framework; supplied AP Topic scoring guides consulted for authentic representations and rigor only, with no published question wording copied.",
U7-S5-PS1-L04,MATH,7,7.5,practice_set_1,practice,ps1_l04,last,1,Use initial conditions to determine constants and produce particular solutions to separable differential equations.,I can retrieve and apply the most recent prerequisite learning.,AP Topic 7.8,initial_condition_constant,numeric,,"Unit 7 Assessment Plan + AP Calculus AB Course Framework; supplied AP Topic scoring guides consulted for authentic representations and rigor only, with no published question wording copied.",
U7-S5-PS1-L05,MATH,7,7.5,practice_set_1,practice,ps1_l05,last,2,Use initial conditions to determine constants and produce particular solutions to separable differential equations.,I can retrieve and apply the most recent prerequisite learning.,AP Topic 7.8,particular_separable_implicit,expression,,"Unit 7 Assessment Plan + AP Calculus AB Course Framework; supplied AP Topic scoring guides consulted for authentic representations and rigor only, with no published question wording copied.",
U7-S5-PS1-M01,MATH,7,7.5,practice_set_1,practice,ps1_m01,mastery,2,Derivative and antiderivative relationships; algebraic manipulation; function notation; graph interpretation and units.,"I can retrieve durable derivative, antiderivative, algebra, notation, graph, and units learning.",AP Topic 7.8,definite_integral_retrieval,numeric,,"Unit 7 Assessment Plan + AP Calculus AB Course Framework; supplied AP Topic scoring guides consulted for authentic representations and rigor only, with no published question wording copied.",
U7-S5-PS1-M02,MATH,7,7.5,practice_set_1,practice,ps1_m02,mastery,1,Derivative and antiderivative relationships; algebraic manipulation; function notation; graph interpretation and units.,"I can retrieve durable derivative, antiderivative, algebra, notation, graph, and units learning.",AP Topic 7.8,units_retrieval,text,,"Unit 7 Assessment Plan + AP Calculus AB Course Framework; supplied AP Topic scoring guides consulted for authentic representations and rigor only, with no published question wording copied.",
U7-S5-PS1-M03,MATH,7,7.5,practice_set_1,practice,ps1_m03,mastery,1,Derivative and antiderivative relationships; algebraic manipulation; function notation; graph interpretation and units.,"I can retrieve durable derivative, antiderivative, algebra, notation, graph, and units learning.",AP Topic 7.8,algebra_retrieval,expression,,"Unit 7 Assessment Plan + AP Calculus AB Course Framework; supplied AP Topic scoring guides consulted for authentic representations and rigor only, with no published question wording copied.",
U7-S5-PS1-M04,MATH,7,7.5,practice_set_1,practice,ps1_m04,mastery,1,Derivative and antiderivative relationships; algebraic manipulation; function notation; graph interpretation and units.,"I can retrieve durable derivative, antiderivative, algebra, notation, graph, and units learning.",AP Topic 7.8,function_notation_retrieval,numeric,,"Unit 7 Assessment Plan + AP Calculus AB Course Framework; supplied AP Topic scoring guides consulted for authentic representations and rigor only, with no published question wording copied.",
U7-S5-PS1-M05,MATH,7,7.5,practice_set_1,practice,ps1_m05,mastery,1,Derivative and antiderivative relationships; algebraic manipulation; function notation; graph interpretation and units.,"I can retrieve durable derivative, antiderivative, algebra, notation, graph, and units learning.",AP Topic 7.8,graph_sign_retrieval,text,,"Unit 7 Assessment Plan + AP Calculus AB Course Framework; supplied AP Topic scoring guides consulted for authentic representations and rigor only, with no published question wording copied.",
U7-S5-PS1-M06,MATH,7,7.5,practice_set_1,practice,ps1_m06,mastery,2,Derivative and antiderivative relationships; algebraic manipulation; function notation; graph interpretation and units.,"I can retrieve durable derivative, antiderivative, algebra, notation, graph, and units learning.",AP Topic 7.8,limit_retrieval,numeric,,"Unit 7 Assessment Plan + AP Calculus AB Course Framework; supplied AP Topic scoring guides consulted for authentic representations and rigor only, with no published question wording copied.",
U7-S5-PS1-M07,MATH,7,7.5,practice_set_1,practice,ps1_m07,mastery,2,Derivative and antiderivative relationships; algebraic manipulation; function notation; graph interpretation and units.,"I can retrieve durable derivative, antiderivative, algebra, notation, graph, and units learning.",AP Topic 7.8,derivative_relationship_retrieval,expression,,"Unit 7 Assessment Plan + AP Calculus AB Course Framework; supplied AP Topic scoring guides consulted for authentic representations and rigor only, with no published question wording copied.",
U7-S5-PS1-M08,MATH,7,7.5,practice_set_1,practice,ps1_m08,mastery,1,Derivative and antiderivative relationships; algebraic manipulation; function notation; graph interpretation and units.,"I can retrieve durable derivative, antiderivative, algebra, notation, graph, and units learning.",AP Topic 7.8,antiderivative_retrieval,expression,,"Unit 7 Assessment Plan + AP Calculus AB Course Framework; supplied AP Topic scoring guides consulted for authentic representations and rigor only, with no published question wording copied.",
U7-S5-PS1-M09,MATH,7,7.5,practice_set_1,practice,ps1_m09,mastery,2,Derivative and antiderivative relationships; algebraic manipulation; function notation; graph interpretation and units.,"I can retrieve durable derivative, antiderivative, algebra, notation, graph, and units learning.",AP Topic 7.8,definite_integral_retrieval,numeric,,"Unit 7 Assessment Plan + AP Calculus AB Course Framework; supplied AP Topic scoring guides consulted for authentic representations and rigor only, with no published question wording copied.",
U7-S5-PS1-M10,MATH,7,7.5,practice_set_1,practice,ps1_m10,mastery,1,Derivative and antiderivative relationships; algebraic manipulation; function notation; graph interpretation and units.,"I can retrieve durable derivative, antiderivative, algebra, notation, graph, and units learning.",AP Topic 7.8,units_retrieval,text,,"Unit 7 Assessment Plan + AP Calculus AB Course Framework; supplied AP Topic scoring guides consulted for authentic representations and rigor only, with no published question wording copied.",
U7-S5-PS2-C01,MATH,7,7.5,practice_set_2,practice,ps2_c01,current,2,Model and interpret exponential growth and decay from differential equations in contextual situations.,"I can build exponential growth or decay models from proportional-rate relationships and interpret the sign, units, parameters, and solution behavior in context.",AP Topic 7.8,half_life_parameter,expression,,"Unit 7 Assessment Plan + AP Calculus AB Course Framework; supplied AP Topic scoring guides consulted for authentic representations and rigor only, with no published question wording copied.",
U7-S5-PS2-C02,MATH,7,7.5,practice_set_2,practice,ps2_c02,current,2,Model and interpret exponential growth and decay from differential equations in contextual situations.,"I can build exponential growth or decay models from proportional-rate relationships and interpret the sign, units, parameters, and solution behavior in context.",AP Topic 7.8,exponential_parameter_interpretation,text,,"Unit 7 Assessment Plan + AP Calculus AB Course Framework; supplied AP Topic scoring guides consulted for authentic representations and rigor only, with no published question wording copied.",
U7-S5-PS2-C03,MATH,7,7.5,practice_set_2,practice,ps2_c03,current,2,Model and interpret exponential growth and decay from differential equations in contextual situations.,"I can build exponential growth or decay models from proportional-rate relationships and interpret the sign, units, parameters, and solution behavior in context.",AP Topic 7.8,exponential_graph_interpretation,text,u7_s5_ps2_c03_exponential_graph.png,"Unit 7 Assessment Plan + AP Calculus AB Course Framework; supplied AP Topic scoring guides consulted for authentic representations and rigor only, with no published question wording copied.",
U7-S5-PS2-C04,MATH,7,7.5,practice_set_2,practice,ps2_c04,current,3,Model and interpret exponential growth and decay from differential equations in contextual situations.,"I can build exponential growth or decay models from proportional-rate relationships and interpret the sign, units, parameters, and solution behavior in context.",AP Topic 7.8,exponential_vs_linear_critique,constructed_response,,"Unit 7 Assessment Plan + AP Calculus AB Course Framework; supplied AP Topic scoring guides consulted for authentic representations and rigor only, with no published question wording copied.",
U7-S5-PS2-C05,MATH,7,7.5,practice_set_2,practice,ps2_c05,current,2,Model and interpret exponential growth and decay from differential equations in contextual situations.,"I can build exponential growth or decay models from proportional-rate relationships and interpret the sign, units, parameters, and solution behavior in context.",AP Topic 7.8,exponential_context_model,expression,,"Unit 7 Assessment Plan + AP Calculus AB Course Framework; supplied AP Topic scoring guides consulted for authentic representations and rigor only, with no published question wording copied.",
U7-S5-PS2-L01,MATH,7,7.5,practice_set_2,practice,ps2_l01,last,3,Use initial conditions to determine constants and produce particular solutions to separable differential equations.,I can retrieve and apply the most recent prerequisite learning.,AP Topic 7.8,initial_condition_sequence_critique,constructed_response,,"Unit 7 Assessment Plan + AP Calculus AB Course Framework; supplied AP Topic scoring guides consulted for authentic representations and rigor only, with no published question wording copied.",
U7-S5-PS2-L02,MATH,7,7.5,practice_set_2,practice,ps2_l02,last,2,Use initial conditions to determine constants and produce particular solutions to separable differential equations.,I can retrieve and apply the most recent prerequisite learning.,AP Topic 7.8,particular_exponential_from_family,expression,,"Unit 7 Assessment Plan + AP Calculus AB Course Framework; supplied AP Topic scoring guides consulted for authentic representations and rigor only, with no published question wording copied.",
U7-S5-PS2-L03,MATH,7,7.5,practice_set_2,practice,ps2_l03,last,1,Use initial conditions to determine constants and produce particular solutions to separable differential equations.,I can retrieve and apply the most recent prerequisite learning.,AP Topic 7.8,initial_condition_constant,numeric,,"Unit 7 Assessment Plan + AP Calculus AB Course Framework; supplied AP Topic scoring guides consulted for authentic representations and rigor only, with no published question wording copied.",
U7-S5-PS2-L04,MATH,7,7.5,practice_set_2,practice,ps2_l04,last,2,Use initial conditions to determine constants and produce particular solutions to separable differential equations.,I can retrieve and apply the most recent prerequisite learning.,AP Topic 7.8,particular_separable_implicit,expression,,"Unit 7 Assessment Plan + AP Calculus AB Course Framework; supplied AP Topic scoring guides consulted for authentic representations and rigor only, with no published question wording copied.",
U7-S5-PS2-L05,MATH,7,7.5,practice_set_2,practice,ps2_l05,last,1,Use initial conditions to determine constants and produce particular solutions to separable differential equations.,I can retrieve and apply the most recent prerequisite learning.,AP Topic 7.8,general_particular_distinction,text,,"Unit 7 Assessment Plan + AP Calculus AB Course Framework; supplied AP Topic scoring guides consulted for authentic representations and rigor only, with no published question wording copied.",
U7-S5-PS2-M01,MATH,7,7.5,practice_set_2,practice,ps2_m01,mastery,1,Derivative and antiderivative relationships; algebraic manipulation; function notation; graph interpretation and units.,"I can retrieve durable derivative, antiderivative, algebra, notation, graph, and units learning.",AP Topic 7.8,antiderivative_retrieval,expression,,"Unit 7 Assessment Plan + AP Calculus AB Course Framework; supplied AP Topic scoring guides consulted for authentic representations and rigor only, with no published question wording copied.",
U7-S5-PS2-M02,MATH,7,7.5,practice_set_2,practice,ps2_m02,mastery,2,Derivative and antiderivative relationships; algebraic manipulation; function notation; graph interpretation and units.,"I can retrieve durable derivative, antiderivative, algebra, notation, graph, and units learning.",AP Topic 7.8,definite_integral_retrieval,numeric,,"Unit 7 Assessment Plan + AP Calculus AB Course Framework; supplied AP Topic scoring guides consulted for authentic representations and rigor only, with no published question wording copied.",
U7-S5-PS2-M03,MATH,7,7.5,practice_set_2,practice,ps2_m03,mastery,1,Derivative and antiderivative relationships; algebraic manipulation; function notation; graph interpretation and units.,"I can retrieve durable derivative, antiderivative, algebra, notation, graph, and units learning.",AP Topic 7.8,units_retrieval,text,,"Unit 7 Assessment Plan + AP Calculus AB Course Framework; supplied AP Topic scoring guides consulted for authentic representations and rigor only, with no published question wording copied.",
U7-S5-PS2-M04,MATH,7,7.5,practice_set_2,practice,ps2_m04,mastery,1,Derivative and antiderivative relationships; algebraic manipulation; function notation; graph interpretation and units.,"I can retrieve durable derivative, antiderivative, algebra, notation, graph, and units learning.",AP Topic 7.8,algebra_retrieval,expression,,"Unit 7 Assessment Plan + AP Calculus AB Course Framework; supplied AP Topic scoring guides consulted for authentic representations and rigor only, with no published question wording copied.",
U7-S5-PS2-M05,MATH,7,7.5,practice_set_2,practice,ps2_m05,mastery,1,Derivative and antiderivative relationships; algebraic manipulation; function notation; graph interpretation and units.,"I can retrieve durable derivative, antiderivative, algebra, notation, graph, and units learning.",AP Topic 7.8,function_notation_retrieval,numeric,,"Unit 7 Assessment Plan + AP Calculus AB Course Framework; supplied AP Topic scoring guides consulted for authentic representations and rigor only, with no published question wording copied.",
U7-S5-PS2-M06,MATH,7,7.5,practice_set_2,practice,ps2_m06,mastery,1,Derivative and antiderivative relationships; algebraic manipulation; function notation; graph interpretation and units.,"I can retrieve durable derivative, antiderivative, algebra, notation, graph, and units learning.",AP Topic 7.8,graph_sign_retrieval,text,,"Unit 7 Assessment Plan + AP Calculus AB Course Framework; supplied AP Topic scoring guides consulted for authentic representations and rigor only, with no published question wording copied.",
U7-S5-PS2-M07,MATH,7,7.5,practice_set_2,practice,ps2_m07,mastery,2,Derivative and antiderivative relationships; algebraic manipulation; function notation; graph interpretation and units.,"I can retrieve durable derivative, antiderivative, algebra, notation, graph, and units learning.",AP Topic 7.8,limit_retrieval,numeric,,"Unit 7 Assessment Plan + AP Calculus AB Course Framework; supplied AP Topic scoring guides consulted for authentic representations and rigor only, with no published question wording copied.",
U7-S5-PS2-M08,MATH,7,7.5,practice_set_2,practice,ps2_m08,mastery,2,Derivative and antiderivative relationships; algebraic manipulation; function notation; graph interpretation and units.,"I can retrieve durable derivative, antiderivative, algebra, notation, graph, and units learning.",AP Topic 7.8,derivative_relationship_retrieval,expression,,"Unit 7 Assessment Plan + AP Calculus AB Course Framework; supplied AP Topic scoring guides consulted for authentic representations and rigor only, with no published question wording copied.",
U7-S5-PS2-M09,MATH,7,7.5,practice_set_2,practice,ps2_m09,mastery,1,Derivative and antiderivative relationships; algebraic manipulation; function notation; graph interpretation and units.,"I can retrieve durable derivative, antiderivative, algebra, notation, graph, and units learning.",AP Topic 7.8,antiderivative_retrieval,expression,,"Unit 7 Assessment Plan + AP Calculus AB Course Framework; supplied AP Topic scoring guides consulted for authentic representations and rigor only, with no published question wording copied.",
U7-S5-PS2-M10,MATH,7,7.5,practice_set_2,practice,ps2_m10,mastery,2,Derivative and antiderivative relationships; algebraic manipulation; function notation; graph interpretation and units.,"I can retrieve durable derivative, antiderivative, algebra, notation, graph, and units learning.",AP Topic 7.8,definite_integral_retrieval,numeric,,"Unit 7 Assessment Plan + AP Calculus AB Course Framework; supplied AP Topic scoring guides consulted for authentic representations and rigor only, with no published question wording copied.",
U7-S5-PS3-C01,MATH,7,7.5,practice_set_3,practice,ps3_c01,current,2,Model and interpret exponential growth and decay from differential equations in contextual situations.,"I can build exponential growth or decay models from proportional-rate relationships and interpret the sign, units, parameters, and solution behavior in context.",AP Topic 7.8,decay_constant_compact,expression,,"Unit 7 Assessment Plan + AP Calculus AB Course Framework; supplied AP Topic scoring guides consulted for authentic representations and rigor only, with no published question wording copied.",Tarsia-friendly concise source.
U7-S5-PS3-C02,MATH,7,7.5,practice_set_3,practice,ps3_c02,current,2,Model and interpret exponential growth and decay from differential equations in contextual situations.,"I can build exponential growth or decay models from proportional-rate relationships and interpret the sign, units, parameters, and solution behavior in context.",AP Topic 7.8,decay_constant_compact,expression,,"Unit 7 Assessment Plan + AP Calculus AB Course Framework; supplied AP Topic scoring guides consulted for authentic representations and rigor only, with no published question wording copied.",Tarsia-friendly concise source.
U7-S5-PS3-C03,MATH,7,7.5,practice_set_3,practice,ps3_c03,current,2,Model and interpret exponential growth and decay from differential equations in contextual situations.,"I can build exponential growth or decay models from proportional-rate relationships and interpret the sign, units, parameters, and solution behavior in context.",AP Topic 7.8,decay_constant_compact,expression,,"Unit 7 Assessment Plan + AP Calculus AB Course Framework; supplied AP Topic scoring guides consulted for authentic representations and rigor only, with no published question wording copied.",Tarsia-friendly concise source.
U7-S5-PS3-C04,MATH,7,7.5,practice_set_3,practice,ps3_c04,current,2,Model and interpret exponential growth and decay from differential equations in contextual situations.,"I can build exponential growth or decay models from proportional-rate relationships and interpret the sign, units, parameters, and solution behavior in context.",AP Topic 7.8,decay_constant_compact,expression,,"Unit 7 Assessment Plan + AP Calculus AB Course Framework; supplied AP Topic scoring guides consulted for authentic representations and rigor only, with no published question wording copied.",Tarsia-friendly concise source.
U7-S5-PS3-C05,MATH,7,7.5,practice_set_3,practice,ps3_c05,current,2,Model and interpret exponential growth and decay from differential equations in contextual situations.,"I can build exponential growth or decay models from proportional-rate relationships and interpret the sign, units, parameters, and solution behavior in context.",AP Topic 7.8,decay_constant_compact,expression,,"Unit 7 Assessment Plan + AP Calculus AB Course Framework; supplied AP Topic scoring guides consulted for authentic representations and rigor only, with no published question wording copied.",Tarsia-friendly concise source.
U7-S5-PS3-L01,MATH,7,7.5,practice_set_3,practice,ps3_l01,last,1,Use initial conditions to determine constants and produce particular solutions to separable differential equations.,I can retrieve and apply the most recent prerequisite learning.,AP Topic 7.8,initial_condition_compact,numeric,,"Unit 7 Assessment Plan + AP Calculus AB Course Framework; supplied AP Topic scoring guides consulted for authentic representations and rigor only, with no published question wording copied.",Tarsia-friendly concise source.
U7-S5-PS3-L02,MATH,7,7.5,practice_set_3,practice,ps3_l02,last,1,Use initial conditions to determine constants and produce particular solutions to separable differential equations.,I can retrieve and apply the most recent prerequisite learning.,AP Topic 7.8,initial_condition_compact,numeric,,"Unit 7 Assessment Plan + AP Calculus AB Course Framework; supplied AP Topic scoring guides consulted for authentic representations and rigor only, with no published question wording copied.",Tarsia-friendly concise source.
U7-S5-PS3-L03,MATH,7,7.5,practice_set_3,practice,ps3_l03,last,1,Use initial conditions to determine constants and produce particular solutions to separable differential equations.,I can retrieve and apply the most recent prerequisite learning.,AP Topic 7.8,initial_condition_compact,numeric,,"Unit 7 Assessment Plan + AP Calculus AB Course Framework; supplied AP Topic scoring guides consulted for authentic representations and rigor only, with no published question wording copied.",Tarsia-friendly concise source.
U7-S5-PS3-L04,MATH,7,7.5,practice_set_3,practice,ps3_l04,last,1,Use initial conditions to determine constants and produce particular solutions to separable differential equations.,I can retrieve and apply the most recent prerequisite learning.,AP Topic 7.8,initial_condition_compact,numeric,,"Unit 7 Assessment Plan + AP Calculus AB Course Framework; supplied AP Topic scoring guides consulted for authentic representations and rigor only, with no published question wording copied.",Tarsia-friendly concise source.
U7-S5-PS3-L05,MATH,7,7.5,practice_set_3,practice,ps3_l05,last,1,Use initial conditions to determine constants and produce particular solutions to separable differential equations.,I can retrieve and apply the most recent prerequisite learning.,AP Topic 7.8,initial_condition_compact,numeric,,"Unit 7 Assessment Plan + AP Calculus AB Course Framework; supplied AP Topic scoring guides consulted for authentic representations and rigor only, with no published question wording copied.",Tarsia-friendly concise source.
U7-S5-PS3-M01,MATH,7,7.5,practice_set_3,practice,ps3_m01,mastery,2,Derivative and antiderivative relationships; algebraic manipulation; function notation; graph interpretation and units.,"I can retrieve durable derivative, antiderivative, algebra, notation, graph, and units learning.",AP Topic 7.8,derivative_relationship_retrieval,expression,,"Unit 7 Assessment Plan + AP Calculus AB Course Framework; supplied AP Topic scoring guides consulted for authentic representations and rigor only, with no published question wording copied.",Tarsia-friendly concise source.
U7-S5-PS3-M02,MATH,7,7.5,practice_set_3,practice,ps3_m02,mastery,1,Derivative and antiderivative relationships; algebraic manipulation; function notation; graph interpretation and units.,"I can retrieve durable derivative, antiderivative, algebra, notation, graph, and units learning.",AP Topic 7.8,antiderivative_retrieval,expression,,"Unit 7 Assessment Plan + AP Calculus AB Course Framework; supplied AP Topic scoring guides consulted for authentic representations and rigor only, with no published question wording copied.",Tarsia-friendly concise source.
U7-S5-PS3-M03,MATH,7,7.5,practice_set_3,practice,ps3_m03,mastery,2,Derivative and antiderivative relationships; algebraic manipulation; function notation; graph interpretation and units.,"I can retrieve durable derivative, antiderivative, algebra, notation, graph, and units learning.",AP Topic 7.8,definite_integral_retrieval,numeric,,"Unit 7 Assessment Plan + AP Calculus AB Course Framework; supplied AP Topic scoring guides consulted for authentic representations and rigor only, with no published question wording copied.",Tarsia-friendly concise source.
U7-S5-PS3-M04,MATH,7,7.5,practice_set_3,practice,ps3_m04,mastery,1,Derivative and antiderivative relationships; algebraic manipulation; function notation; graph interpretation and units.,"I can retrieve durable derivative, antiderivative, algebra, notation, graph, and units learning.",AP Topic 7.8,units_retrieval,text,,"Unit 7 Assessment Plan + AP Calculus AB Course Framework; supplied AP Topic scoring guides consulted for authentic representations and rigor only, with no published question wording copied.",Tarsia-friendly concise source.
U7-S5-PS3-M05,MATH,7,7.5,practice_set_3,practice,ps3_m05,mastery,1,Derivative and antiderivative relationships; algebraic manipulation; function notation; graph interpretation and units.,"I can retrieve durable derivative, antiderivative, algebra, notation, graph, and units learning.",AP Topic 7.8,algebra_retrieval,expression,,"Unit 7 Assessment Plan + AP Calculus AB Course Framework; supplied AP Topic scoring guides consulted for authentic representations and rigor only, with no published question wording copied.",Tarsia-friendly concise source.
U7-S5-PS3-M06,MATH,7,7.5,practice_set_3,practice,ps3_m06,mastery,1,Derivative and antiderivative relationships; algebraic manipulation; function notation; graph interpretation and units.,"I can retrieve durable derivative, antiderivative, algebra, notation, graph, and units learning.",AP Topic 7.8,function_notation_retrieval,numeric,,"Unit 7 Assessment Plan + AP Calculus AB Course Framework; supplied AP Topic scoring guides consulted for authentic representations and rigor only, with no published question wording copied.",Tarsia-friendly concise source.
U7-S5-PS3-M07,MATH,7,7.5,practice_set_3,practice,ps3_m07,mastery,1,Derivative and antiderivative relationships; algebraic manipulation; function notation; graph interpretation and units.,"I can retrieve durable derivative, antiderivative, algebra, notation, graph, and units learning.",AP Topic 7.8,graph_sign_retrieval,text,,"Unit 7 Assessment Plan + AP Calculus AB Course Framework; supplied AP Topic scoring guides consulted for authentic representations and rigor only, with no published question wording copied.",Tarsia-friendly concise source.
U7-S5-PS3-M08,MATH,7,7.5,practice_set_3,practice,ps3_m08,mastery,2,Derivative and antiderivative relationships; algebraic manipulation; function notation; graph interpretation and units.,"I can retrieve durable derivative, antiderivative, algebra, notation, graph, and units learning.",AP Topic 7.8,limit_retrieval,numeric,,"Unit 7 Assessment Plan + AP Calculus AB Course Framework; supplied AP Topic scoring guides consulted for authentic representations and rigor only, with no published question wording copied.",Tarsia-friendly concise source.
U7-S5-PS3-M09,MATH,7,7.5,practice_set_3,practice,ps3_m09,mastery,2,Derivative and antiderivative relationships; algebraic manipulation; function notation; graph interpretation and units.,"I can retrieve durable derivative, antiderivative, algebra, notation, graph, and units learning.",AP Topic 7.8,derivative_relationship_retrieval,expression,,"Unit 7 Assessment Plan + AP Calculus AB Course Framework; supplied AP Topic scoring guides consulted for authentic representations and rigor only, with no published question wording copied.",Tarsia-friendly concise source.
U7-S5-PS3-M10,MATH,7,7.5,practice_set_3,practice,ps3_m10,mastery,1,Derivative and antiderivative relationships; algebraic manipulation; function notation; graph interpretation and units.,"I can retrieve durable derivative, antiderivative, algebra, notation, graph, and units learning.",AP Topic 7.8,antiderivative_retrieval,expression,,"Unit 7 Assessment Plan + AP Calculus AB Course Framework; supplied AP Topic scoring guides consulted for authentic representations and rigor only, with no published question wording copied.",Tarsia-friendly concise source.
U7-S5-XP-C01,MATH,7,7.5,extra_practice,practice,xp_c01,current,2,Model and interpret exponential growth and decay from differential equations in contextual situations.,"I can build exponential growth or decay models from proportional-rate relationships and interpret the sign, units, parameters, and solution behavior in context.",AP Topic 7.8,exponential_graph_interpretation,text,u7_s5_xp_c01_exponential_graph.png,"Unit 7 Assessment Plan + AP Calculus AB Course Framework; supplied AP Topic scoring guides consulted for authentic representations and rigor only, with no published question wording copied.",
U7-S5-XP-C02,MATH,7,7.5,extra_practice,practice,xp_c02,current,3,Model and interpret exponential growth and decay from differential equations in contextual situations.,"I can build exponential growth or decay models from proportional-rate relationships and interpret the sign, units, parameters, and solution behavior in context.",AP Topic 7.8,exponential_vs_linear_critique,constructed_response,,"Unit 7 Assessment Plan + AP Calculus AB Course Framework; supplied AP Topic scoring guides consulted for authentic representations and rigor only, with no published question wording copied.",
U7-S5-XP-C03,MATH,7,7.5,extra_practice,practice,xp_c03,current,2,Model and interpret exponential growth and decay from differential equations in contextual situations.,"I can build exponential growth or decay models from proportional-rate relationships and interpret the sign, units, parameters, and solution behavior in context.",AP Topic 7.8,exponential_context_model,expression,,"Unit 7 Assessment Plan + AP Calculus AB Course Framework; supplied AP Topic scoring guides consulted for authentic representations and rigor only, with no published question wording copied.",
U7-S5-XP-C04,MATH,7,7.5,extra_practice,practice,xp_c04,current,2,Model and interpret exponential growth and decay from differential equations in contextual situations.,"I can build exponential growth or decay models from proportional-rate relationships and interpret the sign, units, parameters, and solution behavior in context.",AP Topic 7.8,exponential_parameter_from_data,expression,,"Unit 7 Assessment Plan + AP Calculus AB Course Framework; supplied AP Topic scoring guides consulted for authentic representations and rigor only, with no published question wording copied.",
U7-S5-XP-C05,MATH,7,7.5,extra_practice,practice,xp_c05,current,2,Model and interpret exponential growth and decay from differential equations in contextual situations.,"I can build exponential growth or decay models from proportional-rate relationships and interpret the sign, units, parameters, and solution behavior in context.",AP Topic 7.8,half_life_parameter,expression,,"Unit 7 Assessment Plan + AP Calculus AB Course Framework; supplied AP Topic scoring guides consulted for authentic representations and rigor only, with no published question wording copied.",
U7-S5-XP-L01,MATH,7,7.5,extra_practice,practice,xp_l01,last,1,Use initial conditions to determine constants and produce particular solutions to separable differential equations.,I can retrieve and apply the most recent prerequisite learning.,AP Topic 7.8,initial_condition_constant,numeric,,"Unit 7 Assessment Plan + AP Calculus AB Course Framework; supplied AP Topic scoring guides consulted for authentic representations and rigor only, with no published question wording copied.",
U7-S5-XP-L02,MATH,7,7.5,extra_practice,practice,xp_l02,last,2,Use initial conditions to determine constants and produce particular solutions to separable differential equations.,I can retrieve and apply the most recent prerequisite learning.,AP Topic 7.8,particular_separable_implicit,expression,,"Unit 7 Assessment Plan + AP Calculus AB Course Framework; supplied AP Topic scoring guides consulted for authentic representations and rigor only, with no published question wording copied.",
U7-S5-XP-L03,MATH,7,7.5,extra_practice,practice,xp_l03,last,1,Use initial conditions to determine constants and produce particular solutions to separable differential equations.,I can retrieve and apply the most recent prerequisite learning.,AP Topic 7.8,general_particular_distinction,text,,"Unit 7 Assessment Plan + AP Calculus AB Course Framework; supplied AP Topic scoring guides consulted for authentic representations and rigor only, with no published question wording copied.",
U7-S5-XP-L04,MATH,7,7.5,extra_practice,practice,xp_l04,last,2,Use initial conditions to determine constants and produce particular solutions to separable differential equations.,I can retrieve and apply the most recent prerequisite learning.,AP Topic 7.8,particular_branch_selection,expression,,"Unit 7 Assessment Plan + AP Calculus AB Course Framework; supplied AP Topic scoring guides consulted for authentic representations and rigor only, with no published question wording copied.",
U7-S5-XP-L05,MATH,7,7.5,extra_practice,practice,xp_l05,last,3,Use initial conditions to determine constants and produce particular solutions to separable differential equations.,I can retrieve and apply the most recent prerequisite learning.,AP Topic 7.8,initial_condition_sequence_critique,constructed_response,,"Unit 7 Assessment Plan + AP Calculus AB Course Framework; supplied AP Topic scoring guides consulted for authentic representations and rigor only, with no published question wording copied.",
U7-S5-XP-M01,MATH,7,7.5,extra_practice,practice,xp_m01,mastery,2,Derivative and antiderivative relationships; algebraic manipulation; function notation; graph interpretation and units.,"I can retrieve durable derivative, antiderivative, algebra, notation, graph, and units learning.",AP Topic 7.8,limit_retrieval,numeric,,"Unit 7 Assessment Plan + AP Calculus AB Course Framework; supplied AP Topic scoring guides consulted for authentic representations and rigor only, with no published question wording copied.",
U7-S5-XP-M02,MATH,7,7.5,extra_practice,practice,xp_m02,mastery,2,Derivative and antiderivative relationships; algebraic manipulation; function notation; graph interpretation and units.,"I can retrieve durable derivative, antiderivative, algebra, notation, graph, and units learning.",AP Topic 7.8,derivative_relationship_retrieval,expression,,"Unit 7 Assessment Plan + AP Calculus AB Course Framework; supplied AP Topic scoring guides consulted for authentic representations and rigor only, with no published question wording copied.",
U7-S5-XP-M03,MATH,7,7.5,extra_practice,practice,xp_m03,mastery,1,Derivative and antiderivative relationships; algebraic manipulation; function notation; graph interpretation and units.,"I can retrieve durable derivative, antiderivative, algebra, notation, graph, and units learning.",AP Topic 7.8,antiderivative_retrieval,expression,,"Unit 7 Assessment Plan + AP Calculus AB Course Framework; supplied AP Topic scoring guides consulted for authentic representations and rigor only, with no published question wording copied.",
U7-S5-XP-M04,MATH,7,7.5,extra_practice,practice,xp_m04,mastery,2,Derivative and antiderivative relationships; algebraic manipulation; function notation; graph interpretation and units.,"I can retrieve durable derivative, antiderivative, algebra, notation, graph, and units learning.",AP Topic 7.8,definite_integral_retrieval,numeric,,"Unit 7 Assessment Plan + AP Calculus AB Course Framework; supplied AP Topic scoring guides consulted for authentic representations and rigor only, with no published question wording copied.",
U7-S5-XP-M05,MATH,7,7.5,extra_practice,practice,xp_m05,mastery,1,Derivative and antiderivative relationships; algebraic manipulation; function notation; graph interpretation and units.,"I can retrieve durable derivative, antiderivative, algebra, notation, graph, and units learning.",AP Topic 7.8,units_retrieval,text,,"Unit 7 Assessment Plan + AP Calculus AB Course Framework; supplied AP Topic scoring guides consulted for authentic representations and rigor only, with no published question wording copied.",
U7-S5-XP-M06,MATH,7,7.5,extra_practice,practice,xp_m06,mastery,1,Derivative and antiderivative relationships; algebraic manipulation; function notation; graph interpretation and units.,"I can retrieve durable derivative, antiderivative, algebra, notation, graph, and units learning.",AP Topic 7.8,algebra_retrieval,expression,,"Unit 7 Assessment Plan + AP Calculus AB Course Framework; supplied AP Topic scoring guides consulted for authentic representations and rigor only, with no published question wording copied.",
U7-S5-XP-M07,MATH,7,7.5,extra_practice,practice,xp_m07,mastery,1,Derivative and antiderivative relationships; algebraic manipulation; function notation; graph interpretation and units.,"I can retrieve durable derivative, antiderivative, algebra, notation, graph, and units learning.",AP Topic 7.8,function_notation_retrieval,numeric,,"Unit 7 Assessment Plan + AP Calculus AB Course Framework; supplied AP Topic scoring guides consulted for authentic representations and rigor only, with no published question wording copied.",
U7-S5-XP-M08,MATH,7,7.5,extra_practice,practice,xp_m08,mastery,1,Derivative and antiderivative relationships; algebraic manipulation; function notation; graph interpretation and units.,"I can retrieve durable derivative, antiderivative, algebra, notation, graph, and units learning.",AP Topic 7.8,graph_sign_retrieval,text,,"Unit 7 Assessment Plan + AP Calculus AB Course Framework; supplied AP Topic scoring guides consulted for authentic representations and rigor only, with no published question wording copied.",
U7-S5-XP-M09,MATH,7,7.5,extra_practice,practice,xp_m09,mastery,2,Derivative and antiderivative relationships; algebraic manipulation; function notation; graph interpretation and units.,"I can retrieve durable derivative, antiderivative, algebra, notation, graph, and units learning.",AP Topic 7.8,limit_retrieval,numeric,,"Unit 7 Assessment Plan + AP Calculus AB Course Framework; supplied AP Topic scoring guides consulted for authentic representations and rigor only, with no published question wording copied.",
U7-S5-XP-M10,MATH,7,7.5,extra_practice,practice,xp_m10,mastery,2,Derivative and antiderivative relationships; algebraic manipulation; function notation; graph interpretation and units.,"I can retrieve durable derivative, antiderivative, algebra, notation, graph, and units learning.",AP Topic 7.8,derivative_relationship_retrieval,expression,,"Unit 7 Assessment Plan + AP Calculus AB Course Framework; supplied AP Topic scoring guides consulted for authentic representations and rigor only, with no published question wording copied.",
U7-S1-CYU-C01,MATH,7,7.1,cyu,cyu,c01,current,2,Translate verbal rate relationships into differential equations and verify whether proposed functions satisfy a differential equation.,I can model verbal growth or change statements with differential equations and verify proposed solutions by checking the derivative relationship.,"AP Topics 7.1, 7.2",solution_verification_exponential,constructed_response,,"Unit 7 Assessment Plan + AP Calculus AB Course Framework; supplied AP Topic scoring guides consulted for authentic representations and rigor only, with no published question wording copied.",
U7-S1-CYU-C02,MATH,7,7.1,cyu,cyu,c02,current,2,Translate verbal rate relationships into differential equations and verify whether proposed functions satisfy a differential equation.,I can model verbal growth or change statements with differential equations and verify proposed solutions by checking the derivative relationship.,"AP Topics 7.1, 7.2",solution_verification_polynomial,constructed_response,,"Unit 7 Assessment Plan + AP Calculus AB Course Framework; supplied AP Topic scoring guides consulted for authentic representations and rigor only, with no published question wording copied.",
U7-S1-CYU-L01,MATH,7,7.1,cyu,cyu,l01,last,2,"Use $u$-substitution as chain-rule reversal and select among substitution, algebraic rewriting, long division, or completing the square when appropriate.",I can retrieve recent learning.,"AP Topics 7.1, 7.2",integration_rewrite_retrieval,expression,,"Unit 7 Assessment Plan + AP Calculus AB Course Framework; supplied AP Topic scoring guides consulted for authentic representations and rigor only, with no published question wording copied.",
U7-S1-CYU-L02,MATH,7,7.1,cyu,cyu,l02,last,2,"Use $u$-substitution as chain-rule reversal and select among substitution, algebraic rewriting, long division, or completing the square when appropriate.",I can retrieve recent learning.,"AP Topics 7.1, 7.2",ftc_retrieval,numeric,,"Unit 7 Assessment Plan + AP Calculus AB Course Framework; supplied AP Topic scoring guides consulted for authentic representations and rigor only, with no published question wording copied.",
U7-S1-CYU-M01,MATH,7,7.1,cyu,cyu,m01,mastery,2,Derivative and antiderivative relationships; algebraic manipulation; function notation; graph interpretation and units.,I can retrieve durable prerequisite learning.,"AP Topics 7.1, 7.2",limit_retrieval,numeric,,"Unit 7 Assessment Plan + AP Calculus AB Course Framework; supplied AP Topic scoring guides consulted for authentic representations and rigor only, with no published question wording copied.",
U7-S1-CYU-M02,MATH,7,7.1,cyu,cyu,m02,mastery,2,Derivative and antiderivative relationships; algebraic manipulation; function notation; graph interpretation and units.,I can retrieve durable prerequisite learning.,"AP Topics 7.1, 7.2",derivative_relationship_retrieval,expression,,"Unit 7 Assessment Plan + AP Calculus AB Course Framework; supplied AP Topic scoring guides consulted for authentic representations and rigor only, with no published question wording copied.",
U7-S1-WU1-C01,MATH,7,7.1,warm_up_1,warm_up,wu1_c01,current,3,Translate verbal rate relationships into differential equations and verify whether proposed functions satisfy a differential equation.,I can model verbal growth or change statements with differential equations and verify proposed solutions by checking the derivative relationship.,"AP Topics 7.1, 7.2",model_choice_critique,constructed_response,,"Unit 7 Assessment Plan + AP Calculus AB Course Framework; supplied AP Topic scoring guides consulted for authentic representations and rigor only, with no published question wording copied.",
U7-S1-WU1-L01,MATH,7,7.1,warm_up_1,warm_up,wu1_l01,last,2,"Use $u$-substitution as chain-rule reversal and select among substitution, algebraic rewriting, long division, or completing the square when appropriate.",I can retrieve recent learning.,"AP Topics 7.1, 7.2",u_substitution_retrieval,expression,,"Unit 7 Assessment Plan + AP Calculus AB Course Framework; supplied AP Topic scoring guides consulted for authentic representations and rigor only, with no published question wording copied.",
U7-S1-WU1-M01,MATH,7,7.1,warm_up_1,warm_up,wu1_m01,mastery,1,Derivative and antiderivative relationships; algebraic manipulation; function notation; graph interpretation and units.,I can retrieve durable prerequisite learning.,"AP Topics 7.1, 7.2",antiderivative_retrieval,expression,,"Unit 7 Assessment Plan + AP Calculus AB Course Framework; supplied AP Topic scoring guides consulted for authentic representations and rigor only, with no published question wording copied.",
U7-S1-WU2-C01,MATH,7,7.1,warm_up_2,warm_up,wu2_c01,current,1,Translate verbal rate relationships into differential equations and verify whether proposed functions satisfy a differential equation.,I can model verbal growth or change statements with differential equations and verify proposed solutions by checking the derivative relationship.,"AP Topics 7.1, 7.2",de_recognition,text,,"Unit 7 Assessment Plan + AP Calculus AB Course Framework; supplied AP Topic scoring guides consulted for authentic representations and rigor only, with no published question wording copied.",
U7-S1-WU2-L01,MATH,7,7.1,warm_up_2,warm_up,wu2_l01,last,2,"Use $u$-substitution as chain-rule reversal and select among substitution, algebraic rewriting, long division, or completing the square when appropriate.",I can retrieve recent learning.,"AP Topics 7.1, 7.2",u_substitution_retrieval,expression,,"Unit 7 Assessment Plan + AP Calculus AB Course Framework; supplied AP Topic scoring guides consulted for authentic representations and rigor only, with no published question wording copied.",
U7-S1-WU2-M01,MATH,7,7.1,warm_up_2,warm_up,wu2_m01,mastery,1,Derivative and antiderivative relationships; algebraic manipulation; function notation; graph interpretation and units.,I can retrieve durable prerequisite learning.,"AP Topics 7.1, 7.2",graph_sign_retrieval,text,,"Unit 7 Assessment Plan + AP Calculus AB Course Framework; supplied AP Topic scoring guides consulted for authentic representations and rigor only, with no published question wording copied.",
U7-S1-WU3-C01,MATH,7,7.1,warm_up_3,warm_up,wu3_c01,current,2,Translate verbal rate relationships into differential equations and verify whether proposed functions satisfy a differential equation.,I can model verbal growth or change statements with differential equations and verify proposed solutions by checking the derivative relationship.,"AP Topics 7.1, 7.2",context_rate_model,expression,,"Unit 7 Assessment Plan + AP Calculus AB Course Framework; supplied AP Topic scoring guides consulted for authentic representations and rigor only, with no published question wording copied.",
U7-S1-WU3-L01,MATH,7,7.1,warm_up_3,warm_up,wu3_l01,last,2,"Use $u$-substitution as chain-rule reversal and select among substitution, algebraic rewriting, long division, or completing the square when appropriate.",I can retrieve recent learning.,"AP Topics 7.1, 7.2",u_substitution_retrieval,expression,,"Unit 7 Assessment Plan + AP Calculus AB Course Framework; supplied AP Topic scoring guides consulted for authentic representations and rigor only, with no published question wording copied.",
U7-S1-WU3-M01,MATH,7,7.1,warm_up_3,warm_up,wu3_m01,mastery,1,Derivative and antiderivative relationships; algebraic manipulation; function notation; graph interpretation and units.,I can retrieve durable prerequisite learning.,"AP Topics 7.1, 7.2",units_retrieval,text,,"Unit 7 Assessment Plan + AP Calculus AB Course Framework; supplied AP Topic scoring guides consulted for authentic representations and rigor only, with no published question wording copied.",
U7-S1-ET-A-C01,MATH,7,7.1,exit_ticket_a,exit_ticket,et_a_c01,current,1,Translate verbal rate relationships into differential equations and verify whether proposed functions satisfy a differential equation.,I can model verbal growth or change statements with differential equations and verify proposed solutions by checking the derivative relationship.,"AP Topics 7.1, 7.2",de_recognition,text,,"Unit 7 Assessment Plan + AP Calculus AB Course Framework; supplied AP Topic scoring guides consulted for authentic representations and rigor only, with no published question wording copied.",
U7-S1-ET-A-C02,MATH,7,7.1,exit_ticket_a,exit_ticket,et_a_c02,current,3,Translate verbal rate relationships into differential equations and verify whether proposed functions satisfy a differential equation.,I can model verbal growth or change statements with differential equations and verify proposed solutions by checking the derivative relationship.,"AP Topics 7.1, 7.2",model_choice_critique,constructed_response,,"Unit 7 Assessment Plan + AP Calculus AB Course Framework; supplied AP Topic scoring guides consulted for authentic representations and rigor only, with no published question wording copied.",
U7-S1-ET-A-L01,MATH,7,7.1,exit_ticket_a,exit_ticket,et_a_l01,last,2,"Use $u$-substitution as chain-rule reversal and select among substitution, algebraic rewriting, long division, or completing the square when appropriate.",I can retrieve recent learning.,"AP Topics 7.1, 7.2",ftc_retrieval,numeric,,"Unit 7 Assessment Plan + AP Calculus AB Course Framework; supplied AP Topic scoring guides consulted for authentic representations and rigor only, with no published question wording copied.",
U7-S1-ET-A-M01,MATH,7,7.1,exit_ticket_a,exit_ticket,et_a_m01,mastery,1,Derivative and antiderivative relationships; algebraic manipulation; function notation; graph interpretation and units.,I can retrieve durable prerequisite learning.,"AP Topics 7.1, 7.2",units_retrieval,text,,"Unit 7 Assessment Plan + AP Calculus AB Course Framework; supplied AP Topic scoring guides consulted for authentic representations and rigor only, with no published question wording copied.",
U7-S1-ET-B-C01,MATH,7,7.1,exit_ticket_b,exit_ticket,et_b_c01,current,3,Translate verbal rate relationships into differential equations and verify whether proposed functions satisfy a differential equation.,I can model verbal growth or change statements with differential equations and verify proposed solutions by checking the derivative relationship.,"AP Topics 7.1, 7.2",model_choice_critique,constructed_response,,"Unit 7 Assessment Plan + AP Calculus AB Course Framework; supplied AP Topic scoring guides consulted for authentic representations and rigor only, with no published question wording copied.",
U7-S1-ET-B-C02,MATH,7,7.1,exit_ticket_b,exit_ticket,et_b_c02,current,1,Translate verbal rate relationships into differential equations and verify whether proposed functions satisfy a differential equation.,I can model verbal growth or change statements with differential equations and verify proposed solutions by checking the derivative relationship.,"AP Topics 7.1, 7.2",verbal_to_de,expression,,"Unit 7 Assessment Plan + AP Calculus AB Course Framework; supplied AP Topic scoring guides consulted for authentic representations and rigor only, with no published question wording copied.",
U7-S1-ET-B-L01,MATH,7,7.1,exit_ticket_b,exit_ticket,et_b_l01,last,2,"Use $u$-substitution as chain-rule reversal and select among substitution, algebraic rewriting, long division, or completing the square when appropriate.",I can retrieve recent learning.,"AP Topics 7.1, 7.2",u_substitution_retrieval,expression,,"Unit 7 Assessment Plan + AP Calculus AB Course Framework; supplied AP Topic scoring guides consulted for authentic representations and rigor only, with no published question wording copied.",
U7-S1-ET-B-M01,MATH,7,7.1,exit_ticket_b,exit_ticket,et_b_m01,mastery,2,Derivative and antiderivative relationships; algebraic manipulation; function notation; graph interpretation and units.,I can retrieve durable prerequisite learning.,"AP Topics 7.1, 7.2",derivative_relationship_retrieval,expression,,"Unit 7 Assessment Plan + AP Calculus AB Course Framework; supplied AP Topic scoring guides consulted for authentic representations and rigor only, with no published question wording copied.",
U7-S1-ET-C-C01,MATH,7,7.1,exit_ticket_c,exit_ticket,et_c_c01,current,1,Translate verbal rate relationships into differential equations and verify whether proposed functions satisfy a differential equation.,I can model verbal growth or change statements with differential equations and verify proposed solutions by checking the derivative relationship.,"AP Topics 7.1, 7.2",verbal_to_de,expression,,"Unit 7 Assessment Plan + AP Calculus AB Course Framework; supplied AP Topic scoring guides consulted for authentic representations and rigor only, with no published question wording copied.",
U7-S1-ET-C-C02,MATH,7,7.1,exit_ticket_c,exit_ticket,et_c_c02,current,2,Translate verbal rate relationships into differential equations and verify whether proposed functions satisfy a differential equation.,I can model verbal growth or change statements with differential equations and verify proposed solutions by checking the derivative relationship.,"AP Topics 7.1, 7.2",solution_verification_exponential,constructed_response,,"Unit 7 Assessment Plan + AP Calculus AB Course Framework; supplied AP Topic scoring guides consulted for authentic representations and rigor only, with no published question wording copied.",
U7-S1-ET-C-L01,MATH,7,7.1,exit_ticket_c,exit_ticket,et_c_l01,last,1,"Use $u$-substitution as chain-rule reversal and select among substitution, algebraic rewriting, long division, or completing the square when appropriate.",I can retrieve recent learning.,"AP Topics 7.1, 7.2",accumulation_retrieval,numeric,,"Unit 7 Assessment Plan + AP Calculus AB Course Framework; supplied AP Topic scoring guides consulted for authentic representations and rigor only, with no published question wording copied.",
U7-S1-ET-C-M01,MATH,7,7.1,exit_ticket_c,exit_ticket,et_c_m01,mastery,1,Derivative and antiderivative relationships; algebraic manipulation; function notation; graph interpretation and units.,I can retrieve durable prerequisite learning.,"AP Topics 7.1, 7.2",function_notation_retrieval,numeric,,"Unit 7 Assessment Plan + AP Calculus AB Course Framework; supplied AP Topic scoring guides consulted for authentic representations and rigor only, with no published question wording copied.",
U7-S2-CYU-C01,MATH,7,7.2,cyu,cyu,c01,current,1,"Sketch and interpret slope fields, connect local slope behavior to differential equations, and reason about solution curves graphically.","I can read local slopes from a slope field, match a field to a differential equation, and sketch or describe a solution curve through an initial point.","AP Topics 7.3, 7.4",local_slope_from_de,numeric,,"Unit 7 Assessment Plan + AP Calculus AB Course Framework; supplied AP Topic scoring guides consulted for authentic representations and rigor only, with no published question wording copied.",
U7-S2-CYU-C02,MATH,7,7.2,cyu,cyu,c02,current,2,"Sketch and interpret slope fields, connect local slope behavior to differential equations, and reason about solution curves graphically.","I can read local slopes from a slope field, match a field to a differential equation, and sketch or describe a solution curve through an initial point.","AP Topics 7.3, 7.4",solution_curve_initial_direction,text,u7_s2_cyu_c02_solution_tendency.png,"Unit 7 Assessment Plan + AP Calculus AB Course Framework; supplied AP Topic scoring guides consulted for authentic representations and rigor only, with no published question wording copied.",
U7-S2-CYU-L01,MATH,7,7.2,cyu,cyu,l01,last,3,Translate verbal rate relationships into differential equations and verify whether proposed functions satisfy a differential equation.,I can retrieve recent learning.,"AP Topics 7.3, 7.4",model_choice_critique,constructed_response,,"Unit 7 Assessment Plan + AP Calculus AB Course Framework; supplied AP Topic scoring guides consulted for authentic representations and rigor only, with no published question wording copied.",
U7-S2-CYU-L02,MATH,7,7.2,cyu,cyu,l02,last,1,Translate verbal rate relationships into differential equations and verify whether proposed functions satisfy a differential equation.,I can retrieve recent learning.,"AP Topics 7.3, 7.4",verbal_to_de,expression,,"Unit 7 Assessment Plan + AP Calculus AB Course Framework; supplied AP Topic scoring guides consulted for authentic representations and rigor only, with no published question wording copied.",
U7-S2-CYU-M01,MATH,7,7.2,cyu,cyu,m01,mastery,2,Derivative and antiderivative relationships; algebraic manipulation; function notation; graph interpretation and units.,I can retrieve durable prerequisite learning.,"AP Topics 7.3, 7.4",limit_retrieval,numeric,,"Unit 7 Assessment Plan + AP Calculus AB Course Framework; supplied AP Topic scoring guides consulted for authentic representations and rigor only, with no published question wording copied.",
U7-S2-CYU-M02,MATH,7,7.2,cyu,cyu,m02,mastery,2,Derivative and antiderivative relationships; algebraic manipulation; function notation; graph interpretation and units.,I can retrieve durable prerequisite learning.,"AP Topics 7.3, 7.4",derivative_relationship_retrieval,expression,,"Unit 7 Assessment Plan + AP Calculus AB Course Framework; supplied AP Topic scoring guides consulted for authentic representations and rigor only, with no published question wording copied.",
U7-S2-WU1-C01,MATH,7,7.2,warm_up_1,warm_up,wu1_c01,current,3,"Sketch and interpret slope fields, connect local slope behavior to differential equations, and reason about solution curves graphically.","I can read local slopes from a slope field, match a field to a differential equation, and sketch or describe a solution curve through an initial point.","AP Topics 7.3, 7.4",solution_curve_critique,constructed_response,,"Unit 7 Assessment Plan + AP Calculus AB Course Framework; supplied AP Topic scoring guides consulted for authentic representations and rigor only, with no published question wording copied.",
U7-S2-WU1-L01,MATH,7,7.2,warm_up_1,warm_up,wu1_l01,last,2,Translate verbal rate relationships into differential equations and verify whether proposed functions satisfy a differential equation.,I can retrieve recent learning.,"AP Topics 7.3, 7.4",context_rate_model,expression,,"Unit 7 Assessment Plan + AP Calculus AB Course Framework; supplied AP Topic scoring guides consulted for authentic representations and rigor only, with no published question wording copied.",
U7-S2-WU1-M01,MATH,7,7.2,warm_up_1,warm_up,wu1_m01,mastery,1,Derivative and antiderivative relationships; algebraic manipulation; function notation; graph interpretation and units.,I can retrieve durable prerequisite learning.,"AP Topics 7.3, 7.4",antiderivative_retrieval,expression,,"Unit 7 Assessment Plan + AP Calculus AB Course Framework; supplied AP Topic scoring guides consulted for authentic representations and rigor only, with no published question wording copied.",
U7-S2-WU2-C01,MATH,7,7.2,warm_up_2,warm_up,wu2_c01,current,2,"Sketch and interpret slope fields, connect local slope behavior to differential equations, and reason about solution curves graphically.","I can read local slopes from a slope field, match a field to a differential equation, and sketch or describe a solution curve through an initial point.","AP Topics 7.3, 7.4",slope_field_table,text,,"Unit 7 Assessment Plan + AP Calculus AB Course Framework; supplied AP Topic scoring guides consulted for authentic representations and rigor only, with no published question wording copied.",
U7-S2-WU2-L01,MATH,7,7.2,warm_up_2,warm_up,wu2_l01,last,2,Translate verbal rate relationships into differential equations and verify whether proposed functions satisfy a differential equation.,I can retrieve recent learning.,"AP Topics 7.3, 7.4",solution_verification_polynomial,constructed_response,,"Unit 7 Assessment Plan + AP Calculus AB Course Framework; supplied AP Topic scoring guides consulted for authentic representations and rigor only, with no published question wording copied.",
U7-S2-WU2-M01,MATH,7,7.2,warm_up_2,warm_up,wu2_m01,mastery,1,Derivative and antiderivative relationships; algebraic manipulation; function notation; graph interpretation and units.,I can retrieve durable prerequisite learning.,"AP Topics 7.3, 7.4",graph_sign_retrieval,text,,"Unit 7 Assessment Plan + AP Calculus AB Course Framework; supplied AP Topic scoring guides consulted for authentic representations and rigor only, with no published question wording copied.",
U7-S2-WU3-C01,MATH,7,7.2,warm_up_3,warm_up,wu3_c01,current,2,"Sketch and interpret slope fields, connect local slope behavior to differential equations, and reason about solution curves graphically.","I can read local slopes from a slope field, match a field to a differential equation, and sketch or describe a solution curve through an initial point.","AP Topics 7.3, 7.4",field_equation_match,expression,,"Unit 7 Assessment Plan + AP Calculus AB Course Framework; supplied AP Topic scoring guides consulted for authentic representations and rigor only, with no published question wording copied.",
U7-S2-WU3-L01,MATH,7,7.2,warm_up_3,warm_up,wu3_l01,last,2,Translate verbal rate relationships into differential equations and verify whether proposed functions satisfy a differential equation.,I can retrieve recent learning.,"AP Topics 7.3, 7.4",solution_verification_exponential,constructed_response,,"Unit 7 Assessment Plan + AP Calculus AB Course Framework; supplied AP Topic scoring guides consulted for authentic representations and rigor only, with no published question wording copied.",
U7-S2-WU3-M01,MATH,7,7.2,warm_up_3,warm_up,wu3_m01,mastery,1,Derivative and antiderivative relationships; algebraic manipulation; function notation; graph interpretation and units.,I can retrieve durable prerequisite learning.,"AP Topics 7.3, 7.4",units_retrieval,text,,"Unit 7 Assessment Plan + AP Calculus AB Course Framework; supplied AP Topic scoring guides consulted for authentic representations and rigor only, with no published question wording copied.",
U7-S2-ET-A-C01,MATH,7,7.2,exit_ticket_a,exit_ticket,et_a_c01,current,2,"Sketch and interpret slope fields, connect local slope behavior to differential equations, and reason about solution curves graphically.","I can read local slopes from a slope field, match a field to a differential equation, and sketch or describe a solution curve through an initial point.","AP Topics 7.3, 7.4",slope_field_table,text,,"Unit 7 Assessment Plan + AP Calculus AB Course Framework; supplied AP Topic scoring guides consulted for authentic representations and rigor only, with no published question wording copied.",
U7-S2-ET-A-C02,MATH,7,7.2,exit_ticket_a,exit_ticket,et_a_c02,current,3,"Sketch and interpret slope fields, connect local slope behavior to differential equations, and reason about solution curves graphically.","I can read local slopes from a slope field, match a field to a differential equation, and sketch or describe a solution curve through an initial point.","AP Topics 7.3, 7.4",solution_curve_critique,constructed_response,,"Unit 7 Assessment Plan + AP Calculus AB Course Framework; supplied AP Topic scoring guides consulted for authentic representations and rigor only, with no published question wording copied.",
U7-S2-ET-A-L01,MATH,7,7.2,exit_ticket_a,exit_ticket,et_a_l01,last,1,Translate verbal rate relationships into differential equations and verify whether proposed functions satisfy a differential equation.,I can retrieve recent learning.,"AP Topics 7.3, 7.4",verbal_to_de,expression,,"Unit 7 Assessment Plan + AP Calculus AB Course Framework; supplied AP Topic scoring guides consulted for authentic representations and rigor only, with no published question wording copied.",
U7-S2-ET-A-M01,MATH,7,7.2,exit_ticket_a,exit_ticket,et_a_m01,mastery,1,Derivative and antiderivative relationships; algebraic manipulation; function notation; graph interpretation and units.,I can retrieve durable prerequisite learning.,"AP Topics 7.3, 7.4",units_retrieval,text,,"Unit 7 Assessment Plan + AP Calculus AB Course Framework; supplied AP Topic scoring guides consulted for authentic representations and rigor only, with no published question wording copied.",
U7-S2-ET-B-C01,MATH,7,7.2,exit_ticket_b,exit_ticket,et_b_c01,current,3,"Sketch and interpret slope fields, connect local slope behavior to differential equations, and reason about solution curves graphically.","I can read local slopes from a slope field, match a field to a differential equation, and sketch or describe a solution curve through an initial point.","AP Topics 7.3, 7.4",solution_curve_critique,constructed_response,,"Unit 7 Assessment Plan + AP Calculus AB Course Framework; supplied AP Topic scoring guides consulted for authentic representations and rigor only, with no published question wording copied.",
U7-S2-ET-B-C02,MATH,7,7.2,exit_ticket_b,exit_ticket,et_b_c02,current,2,"Sketch and interpret slope fields, connect local slope behavior to differential equations, and reason about solution curves graphically.","I can read local slopes from a slope field, match a field to a differential equation, and sketch or describe a solution curve through an initial point.","AP Topics 7.3, 7.4",slope_field_horizontal_locus,line,u7_s2_et_b_c02_slope_field.png,"Unit 7 Assessment Plan + AP Calculus AB Course Framework; supplied AP Topic scoring guides consulted for authentic representations and rigor only, with no published question wording copied.",
U7-S2-ET-B-L01,MATH,7,7.2,exit_ticket_b,exit_ticket,et_b_l01,last,2,Translate verbal rate relationships into differential equations and verify whether proposed functions satisfy a differential equation.,I can retrieve recent learning.,"AP Topics 7.3, 7.4",solution_verification_exponential,constructed_response,,"Unit 7 Assessment Plan + AP Calculus AB Course Framework; supplied AP Topic scoring guides consulted for authentic representations and rigor only, with no published question wording copied.",
U7-S2-ET-B-M01,MATH,7,7.2,exit_ticket_b,exit_ticket,et_b_m01,mastery,2,Derivative and antiderivative relationships; algebraic manipulation; function notation; graph interpretation and units.,I can retrieve durable prerequisite learning.,"AP Topics 7.3, 7.4",derivative_relationship_retrieval,expression,,"Unit 7 Assessment Plan + AP Calculus AB Course Framework; supplied AP Topic scoring guides consulted for authentic representations and rigor only, with no published question wording copied.",
U7-S2-ET-C-C01,MATH,7,7.2,exit_ticket_c,exit_ticket,et_c_c01,current,2,"Sketch and interpret slope fields, connect local slope behavior to differential equations, and reason about solution curves graphically.","I can read local slopes from a slope field, match a field to a differential equation, and sketch or describe a solution curve through an initial point.","AP Topics 7.3, 7.4",slope_field_horizontal_locus,line,u7_s2_et_c_c01_slope_field.png,"Unit 7 Assessment Plan + AP Calculus AB Course Framework; supplied AP Topic scoring guides consulted for authentic representations and rigor only, with no published question wording copied.",
U7-S2-ET-C-C02,MATH,7,7.2,exit_ticket_c,exit_ticket,et_c_c02,current,1,"Sketch and interpret slope fields, connect local slope behavior to differential equations, and reason about solution curves graphically.","I can read local slopes from a slope field, match a field to a differential equation, and sketch or describe a solution curve through an initial point.","AP Topics 7.3, 7.4",local_slope_from_de,numeric,,"Unit 7 Assessment Plan + AP Calculus AB Course Framework; supplied AP Topic scoring guides consulted for authentic representations and rigor only, with no published question wording copied.",
U7-S2-ET-C-L01,MATH,7,7.2,exit_ticket_c,exit_ticket,et_c_l01,last,2,Translate verbal rate relationships into differential equations and verify whether proposed functions satisfy a differential equation.,I can retrieve recent learning.,"AP Topics 7.3, 7.4",solution_verification_polynomial,constructed_response,,"Unit 7 Assessment Plan + AP Calculus AB Course Framework; supplied AP Topic scoring guides consulted for authentic representations and rigor only, with no published question wording copied.",
U7-S2-ET-C-M01,MATH,7,7.2,exit_ticket_c,exit_ticket,et_c_m01,mastery,1,Derivative and antiderivative relationships; algebraic manipulation; function notation; graph interpretation and units.,I can retrieve durable prerequisite learning.,"AP Topics 7.3, 7.4",function_notation_retrieval,numeric,,"Unit 7 Assessment Plan + AP Calculus AB Course Framework; supplied AP Topic scoring guides consulted for authentic representations and rigor only, with no published question wording copied.",
U7-S3-CYU-C01,MATH,7,7.3,cyu,cyu,c01,current,2,"Solve separable differential equations by separating variables, integrating both sides, and managing constants of integration across equivalent solution forms.","I can separate variables correctly, integrate both sides, include constants, recognize possible lost equilibrium solutions, and compare equivalent implicit or explicit forms.",AP Topic 7.6,separable_exponential_family,expression,,"Unit 7 Assessment Plan + AP Calculus AB Course Framework; supplied AP Topic scoring guides consulted for authentic representations and rigor only, with no published question wording copied.",
U7-S3-CYU-C02,MATH,7,7.3,cyu,cyu,c02,current,2,"Solve separable differential equations by separating variables, integrating both sides, and managing constants of integration across equivalent solution forms.","I can separate variables correctly, integrate both sides, include constants, recognize possible lost equilibrium solutions, and compare equivalent implicit or explicit forms.",AP Topic 7.6,separable_inverse_tangent,expression,,"Unit 7 Assessment Plan + AP Calculus AB Course Framework; supplied AP Topic scoring guides consulted for authentic representations and rigor only, with no published question wording copied.",
U7-S3-CYU-L01,MATH,7,7.3,cyu,cyu,l01,last,3,"Sketch and interpret slope fields, connect local slope behavior to differential equations, and reason about solution curves graphically.",I can retrieve recent learning.,AP Topic 7.6,solution_curve_critique,constructed_response,,"Unit 7 Assessment Plan + AP Calculus AB Course Framework; supplied AP Topic scoring guides consulted for authentic representations and rigor only, with no published question wording copied.",
U7-S3-CYU-L02,MATH,7,7.3,cyu,cyu,l02,last,2,"Sketch and interpret slope fields, connect local slope behavior to differential equations, and reason about solution curves graphically.",I can retrieve recent learning.,AP Topic 7.6,slope_field_horizontal_locus,line,u7_s3_cyu_l02_slope_field.png,"Unit 7 Assessment Plan + AP Calculus AB Course Framework; supplied AP Topic scoring guides consulted for authentic representations and rigor only, with no published question wording copied.",
U7-S3-CYU-M01,MATH,7,7.3,cyu,cyu,m01,mastery,2,Derivative and antiderivative relationships; algebraic manipulation; function notation; graph interpretation and units.,I can retrieve durable prerequisite learning.,AP Topic 7.6,limit_retrieval,numeric,,"Unit 7 Assessment Plan + AP Calculus AB Course Framework; supplied AP Topic scoring guides consulted for authentic representations and rigor only, with no published question wording copied.",
U7-S3-CYU-M02,MATH,7,7.3,cyu,cyu,m02,mastery,2,Derivative and antiderivative relationships; algebraic manipulation; function notation; graph interpretation and units.,I can retrieve durable prerequisite learning.,AP Topic 7.6,derivative_relationship_retrieval,expression,,"Unit 7 Assessment Plan + AP Calculus AB Course Framework; supplied AP Topic scoring guides consulted for authentic representations and rigor only, with no published question wording copied.",
U7-S3-WU1-C01,MATH,7,7.3,warm_up_1,warm_up,wu1_c01,current,3,"Solve separable differential equations by separating variables, integrating both sides, and managing constants of integration across equivalent solution forms.","I can separate variables correctly, integrate both sides, include constants, recognize possible lost equilibrium solutions, and compare equivalent implicit or explicit forms.",AP Topic 7.6,separation_solution_critique,constructed_response,,"Unit 7 Assessment Plan + AP Calculus AB Course Framework; supplied AP Topic scoring guides consulted for authentic representations and rigor only, with no published question wording copied.",
U7-S3-WU1-L01,MATH,7,7.3,warm_up_1,warm_up,wu1_l01,last,2,"Sketch and interpret slope fields, connect local slope behavior to differential equations, and reason about solution curves graphically.",I can retrieve recent learning.,AP Topic 7.6,field_equation_match,expression,,"Unit 7 Assessment Plan + AP Calculus AB Course Framework; supplied AP Topic scoring guides consulted for authentic representations and rigor only, with no published question wording copied.",
U7-S3-WU1-M01,MATH,7,7.3,warm_up_1,warm_up,wu1_m01,mastery,1,Derivative and antiderivative relationships; algebraic manipulation; function notation; graph interpretation and units.,I can retrieve durable prerequisite learning.,AP Topic 7.6,antiderivative_retrieval,expression,,"Unit 7 Assessment Plan + AP Calculus AB Course Framework; supplied AP Topic scoring guides consulted for authentic representations and rigor only, with no published question wording copied.",
U7-S3-WU2-C01,MATH,7,7.3,warm_up_2,warm_up,wu2_c01,current,3,"Solve separable differential equations by separating variables, integrating both sides, and managing constants of integration across equivalent solution forms.","I can separate variables correctly, integrate both sides, include constants, recognize possible lost equilibrium solutions, and compare equivalent implicit or explicit forms.",AP Topic 7.6,lost_equilibrium_solutions,constructed_response,,"Unit 7 Assessment Plan + AP Calculus AB Course Framework; supplied AP Topic scoring guides consulted for authentic representations and rigor only, with no published question wording copied.",
U7-S3-WU2-L01,MATH,7,7.3,warm_up_2,warm_up,wu2_l01,last,2,"Sketch and interpret slope fields, connect local slope behavior to differential equations, and reason about solution curves graphically.",I can retrieve recent learning.,AP Topic 7.6,solution_curve_initial_direction,text,u7_s3_wu2_l01_solution_tendency.png,"Unit 7 Assessment Plan + AP Calculus AB Course Framework; supplied AP Topic scoring guides consulted for authentic representations and rigor only, with no published question wording copied.",
U7-S3-WU2-M01,MATH,7,7.3,warm_up_2,warm_up,wu2_m01,mastery,1,Derivative and antiderivative relationships; algebraic manipulation; function notation; graph interpretation and units.,I can retrieve durable prerequisite learning.,AP Topic 7.6,graph_sign_retrieval,text,,"Unit 7 Assessment Plan + AP Calculus AB Course Framework; supplied AP Topic scoring guides consulted for authentic representations and rigor only, with no published question wording copied.",
U7-S3-WU3-C01,MATH,7,7.3,warm_up_3,warm_up,wu3_c01,current,1,"Solve separable differential equations by separating variables, integrating both sides, and managing constants of integration across equivalent solution forms.","I can separate variables correctly, integrate both sides, include constants, recognize possible lost equilibrium solutions, and compare equivalent implicit or explicit forms.",AP Topic 7.6,separation_notation,expression,,"Unit 7 Assessment Plan + AP Calculus AB Course Framework; supplied AP Topic scoring guides consulted for authentic representations and rigor only, with no published question wording copied.",
U7-S3-WU3-L01,MATH,7,7.3,warm_up_3,warm_up,wu3_l01,last,1,"Sketch and interpret slope fields, connect local slope behavior to differential equations, and reason about solution curves graphically.",I can retrieve recent learning.,AP Topic 7.6,local_slope_from_de,numeric,,"Unit 7 Assessment Plan + AP Calculus AB Course Framework; supplied AP Topic scoring guides consulted for authentic representations and rigor only, with no published question wording copied.",
U7-S3-WU3-M01,MATH,7,7.3,warm_up_3,warm_up,wu3_m01,mastery,1,Derivative and antiderivative relationships; algebraic manipulation; function notation; graph interpretation and units.,I can retrieve durable prerequisite learning.,AP Topic 7.6,units_retrieval,text,,"Unit 7 Assessment Plan + AP Calculus AB Course Framework; supplied AP Topic scoring guides consulted for authentic representations and rigor only, with no published question wording copied.",
U7-S3-ET-A-C01,MATH,7,7.3,exit_ticket_a,exit_ticket,et_a_c01,current,3,"Solve separable differential equations by separating variables, integrating both sides, and managing constants of integration across equivalent solution forms.","I can separate variables correctly, integrate both sides, include constants, recognize possible lost equilibrium solutions, and compare equivalent implicit or explicit forms.",AP Topic 7.6,lost_equilibrium_solutions,constructed_response,,"Unit 7 Assessment Plan + AP Calculus AB Course Framework; supplied AP Topic scoring guides consulted for authentic representations and rigor only, with no published question wording copied.",
U7-S3-ET-A-C02,MATH,7,7.3,exit_ticket_a,exit_ticket,et_a_c02,current,3,"Solve separable differential equations by separating variables, integrating both sides, and managing constants of integration across equivalent solution forms.","I can separate variables correctly, integrate both sides, include constants, recognize possible lost equilibrium solutions, and compare equivalent implicit or explicit forms.",AP Topic 7.6,separation_solution_critique,constructed_response,,"Unit 7 Assessment Plan + AP Calculus AB Course Framework; supplied AP Topic scoring guides consulted for authentic representations and rigor only, with no published question wording copied.",
U7-S3-ET-A-L01,MATH,7,7.3,exit_ticket_a,exit_ticket,et_a_l01,last,2,"Sketch and interpret slope fields, connect local slope behavior to differential equations, and reason about solution curves graphically.",I can retrieve recent learning.,AP Topic 7.6,slope_field_horizontal_locus,line,u7_s3_et_a_l01_slope_field.png,"Unit 7 Assessment Plan + AP Calculus AB Course Framework; supplied AP Topic scoring guides consulted for authentic representations and rigor only, with no published question wording copied.",
U7-S3-ET-A-M01,MATH,7,7.3,exit_ticket_a,exit_ticket,et_a_m01,mastery,1,Derivative and antiderivative relationships; algebraic manipulation; function notation; graph interpretation and units.,I can retrieve durable prerequisite learning.,AP Topic 7.6,units_retrieval,text,,"Unit 7 Assessment Plan + AP Calculus AB Course Framework; supplied AP Topic scoring guides consulted for authentic representations and rigor only, with no published question wording copied.",
U7-S3-ET-B-C01,MATH,7,7.3,exit_ticket_b,exit_ticket,et_b_c01,current,3,"Solve separable differential equations by separating variables, integrating both sides, and managing constants of integration across equivalent solution forms.","I can separate variables correctly, integrate both sides, include constants, recognize possible lost equilibrium solutions, and compare equivalent implicit or explicit forms.",AP Topic 7.6,separation_solution_critique,constructed_response,,"Unit 7 Assessment Plan + AP Calculus AB Course Framework; supplied AP Topic scoring guides consulted for authentic representations and rigor only, with no published question wording copied.",
U7-S3-ET-B-C02,MATH,7,7.3,exit_ticket_b,exit_ticket,et_b_c02,current,2,"Solve separable differential equations by separating variables, integrating both sides, and managing constants of integration across equivalent solution forms.","I can separate variables correctly, integrate both sides, include constants, recognize possible lost equilibrium solutions, and compare equivalent implicit or explicit forms.",AP Topic 7.6,separable_xy,expression,,"Unit 7 Assessment Plan + AP Calculus AB Course Framework; supplied AP Topic scoring guides consulted for authentic representations and rigor only, with no published question wording copied.",
U7-S3-ET-B-L01,MATH,7,7.3,exit_ticket_b,exit_ticket,et_b_l01,last,1,"Sketch and interpret slope fields, connect local slope behavior to differential equations, and reason about solution curves graphically.",I can retrieve recent learning.,AP Topic 7.6,local_slope_from_de,numeric,,"Unit 7 Assessment Plan + AP Calculus AB Course Framework; supplied AP Topic scoring guides consulted for authentic representations and rigor only, with no published question wording copied.",
U7-S3-ET-B-M01,MATH,7,7.3,exit_ticket_b,exit_ticket,et_b_m01,mastery,2,Derivative and antiderivative relationships; algebraic manipulation; function notation; graph interpretation and units.,I can retrieve durable prerequisite learning.,AP Topic 7.6,derivative_relationship_retrieval,expression,,"Unit 7 Assessment Plan + AP Calculus AB Course Framework; supplied AP Topic scoring guides consulted for authentic representations and rigor only, with no published question wording copied.",
U7-S3-ET-C-C01,MATH,7,7.3,exit_ticket_c,exit_ticket,et_c_c01,current,2,"Solve separable differential equations by separating variables, integrating both sides, and managing constants of integration across equivalent solution forms.","I can separate variables correctly, integrate both sides, include constants, recognize possible lost equilibrium solutions, and compare equivalent implicit or explicit forms.",AP Topic 7.6,separable_xy,expression,,"Unit 7 Assessment Plan + AP Calculus AB Course Framework; supplied AP Topic scoring guides consulted for authentic representations and rigor only, with no published question wording copied.",
U7-S3-ET-C-C02,MATH,7,7.3,exit_ticket_c,exit_ticket,et_c_c02,current,2,"Solve separable differential equations by separating variables, integrating both sides, and managing constants of integration across equivalent solution forms.","I can separate variables correctly, integrate both sides, include constants, recognize possible lost equilibrium solutions, and compare equivalent implicit or explicit forms.",AP Topic 7.6,separable_exponential_family,expression,,"Unit 7 Assessment Plan + AP Calculus AB Course Framework; supplied AP Topic scoring guides consulted for authentic representations and rigor only, with no published question wording copied.",
U7-S3-ET-C-L01,MATH,7,7.3,exit_ticket_c,exit_ticket,et_c_l01,last,2,"Sketch and interpret slope fields, connect local slope behavior to differential equations, and reason about solution curves graphically.",I can retrieve recent learning.,AP Topic 7.6,solution_curve_initial_direction,text,u7_s3_et_c_l01_solution_tendency.png,"Unit 7 Assessment Plan + AP Calculus AB Course Framework; supplied AP Topic scoring guides consulted for authentic representations and rigor only, with no published question wording copied.",
U7-S3-ET-C-M01,MATH,7,7.3,exit_ticket_c,exit_ticket,et_c_m01,mastery,1,Derivative and antiderivative relationships; algebraic manipulation; function notation; graph interpretation and units.,I can retrieve durable prerequisite learning.,AP Topic 7.6,function_notation_retrieval,numeric,,"Unit 7 Assessment Plan + AP Calculus AB Course Framework; supplied AP Topic scoring guides consulted for authentic representations and rigor only, with no published question wording copied.",
U7-S4-CYU-C01,MATH,7,7.4,cyu,cyu,c01,current,1,Use initial conditions to determine constants and produce particular solutions to separable differential equations.,I can use an initial condition to select one member of a solution family and express the requested particular solution with an appropriate branch or form.,AP Topic 7.7,initial_condition_constant,numeric,,"Unit 7 Assessment Plan + AP Calculus AB Course Framework; supplied AP Topic scoring guides consulted for authentic representations and rigor only, with no published question wording copied.",
U7-S4-CYU-C02,MATH,7,7.4,cyu,cyu,c02,current,2,Use initial conditions to determine constants and produce particular solutions to separable differential equations.,I can use an initial condition to select one member of a solution family and express the requested particular solution with an appropriate branch or form.,AP Topic 7.7,particular_separable_implicit,expression,,"Unit 7 Assessment Plan + AP Calculus AB Course Framework; supplied AP Topic scoring guides consulted for authentic representations and rigor only, with no published question wording copied.",
U7-S4-CYU-L01,MATH,7,7.4,cyu,cyu,l01,last,3,"Solve separable differential equations by separating variables, integrating both sides, and managing constants of integration across equivalent solution forms.",I can retrieve recent learning.,AP Topic 7.7,separation_solution_critique,constructed_response,,"Unit 7 Assessment Plan + AP Calculus AB Course Framework; supplied AP Topic scoring guides consulted for authentic representations and rigor only, with no published question wording copied.",
U7-S4-CYU-L02,MATH,7,7.4,cyu,cyu,l02,last,2,"Solve separable differential equations by separating variables, integrating both sides, and managing constants of integration across equivalent solution forms.",I can retrieve recent learning.,AP Topic 7.7,separable_xy,expression,,"Unit 7 Assessment Plan + AP Calculus AB Course Framework; supplied AP Topic scoring guides consulted for authentic representations and rigor only, with no published question wording copied.",
U7-S4-CYU-M01,MATH,7,7.4,cyu,cyu,m01,mastery,2,Derivative and antiderivative relationships; algebraic manipulation; function notation; graph interpretation and units.,I can retrieve durable prerequisite learning.,AP Topic 7.7,limit_retrieval,numeric,,"Unit 7 Assessment Plan + AP Calculus AB Course Framework; supplied AP Topic scoring guides consulted for authentic representations and rigor only, with no published question wording copied.",
U7-S4-CYU-M02,MATH,7,7.4,cyu,cyu,m02,mastery,2,Derivative and antiderivative relationships; algebraic manipulation; function notation; graph interpretation and units.,I can retrieve durable prerequisite learning.,AP Topic 7.7,derivative_relationship_retrieval,expression,,"Unit 7 Assessment Plan + AP Calculus AB Course Framework; supplied AP Topic scoring guides consulted for authentic representations and rigor only, with no published question wording copied.",
U7-S4-WU1-C01,MATH,7,7.4,warm_up_1,warm_up,wu1_c01,current,3,Use initial conditions to determine constants and produce particular solutions to separable differential equations.,I can use an initial condition to select one member of a solution family and express the requested particular solution with an appropriate branch or form.,AP Topic 7.7,initial_condition_sequence_critique,constructed_response,,"Unit 7 Assessment Plan + AP Calculus AB Course Framework; supplied AP Topic scoring guides consulted for authentic representations and rigor only, with no published question wording copied.",
U7-S4-WU1-L01,MATH,7,7.4,warm_up_1,warm_up,wu1_l01,last,1,"Solve separable differential equations by separating variables, integrating both sides, and managing constants of integration across equivalent solution forms.",I can retrieve recent learning.,AP Topic 7.7,separation_notation,expression,,"Unit 7 Assessment Plan + AP Calculus AB Course Framework; supplied AP Topic scoring guides consulted for authentic representations and rigor only, with no published question wording copied.",
U7-S4-WU1-M01,MATH,7,7.4,warm_up_1,warm_up,wu1_m01,mastery,1,Derivative and antiderivative relationships; algebraic manipulation; function notation; graph interpretation and units.,I can retrieve durable prerequisite learning.,AP Topic 7.7,antiderivative_retrieval,expression,,"Unit 7 Assessment Plan + AP Calculus AB Course Framework; supplied AP Topic scoring guides consulted for authentic representations and rigor only, with no published question wording copied.",
U7-S4-WU2-C01,MATH,7,7.4,warm_up_2,warm_up,wu2_c01,current,2,Use initial conditions to determine constants and produce particular solutions to separable differential equations.,I can use an initial condition to select one member of a solution family and express the requested particular solution with an appropriate branch or form.,AP Topic 7.7,particular_branch_selection,expression,,"Unit 7 Assessment Plan + AP Calculus AB Course Framework; supplied AP Topic scoring guides consulted for authentic representations and rigor only, with no published question wording copied.",
U7-S4-WU2-L01,MATH,7,7.4,warm_up_2,warm_up,wu2_l01,last,2,"Solve separable differential equations by separating variables, integrating both sides, and managing constants of integration across equivalent solution forms.",I can retrieve recent learning.,AP Topic 7.7,separable_inverse_tangent,expression,,"Unit 7 Assessment Plan + AP Calculus AB Course Framework; supplied AP Topic scoring guides consulted for authentic representations and rigor only, with no published question wording copied.",
U7-S4-WU2-M01,MATH,7,7.4,warm_up_2,warm_up,wu2_m01,mastery,1,Derivative and antiderivative relationships; algebraic manipulation; function notation; graph interpretation and units.,I can retrieve durable prerequisite learning.,AP Topic 7.7,graph_sign_retrieval,text,,"Unit 7 Assessment Plan + AP Calculus AB Course Framework; supplied AP Topic scoring guides consulted for authentic representations and rigor only, with no published question wording copied.",
U7-S4-WU3-C01,MATH,7,7.4,warm_up_3,warm_up,wu3_c01,current,1,Use initial conditions to determine constants and produce particular solutions to separable differential equations.,I can use an initial condition to select one member of a solution family and express the requested particular solution with an appropriate branch or form.,AP Topic 7.7,general_particular_distinction,text,,"Unit 7 Assessment Plan + AP Calculus AB Course Framework; supplied AP Topic scoring guides consulted for authentic representations and rigor only, with no published question wording copied.",
U7-S4-WU3-L01,MATH,7,7.4,warm_up_3,warm_up,wu3_l01,last,2,"Solve separable differential equations by separating variables, integrating both sides, and managing constants of integration across equivalent solution forms.",I can retrieve recent learning.,AP Topic 7.7,separable_exponential_family,expression,,"Unit 7 Assessment Plan + AP Calculus AB Course Framework; supplied AP Topic scoring guides consulted for authentic representations and rigor only, with no published question wording copied.",
U7-S4-WU3-M01,MATH,7,7.4,warm_up_3,warm_up,wu3_m01,mastery,1,Derivative and antiderivative relationships; algebraic manipulation; function notation; graph interpretation and units.,I can retrieve durable prerequisite learning.,AP Topic 7.7,units_retrieval,text,,"Unit 7 Assessment Plan + AP Calculus AB Course Framework; supplied AP Topic scoring guides consulted for authentic representations and rigor only, with no published question wording copied.",
U7-S4-ET-A-C01,MATH,7,7.4,exit_ticket_a,exit_ticket,et_a_c01,current,2,Use initial conditions to determine constants and produce particular solutions to separable differential equations.,I can use an initial condition to select one member of a solution family and express the requested particular solution with an appropriate branch or form.,AP Topic 7.7,particular_branch_selection,expression,,"Unit 7 Assessment Plan + AP Calculus AB Course Framework; supplied AP Topic scoring guides consulted for authentic representations and rigor only, with no published question wording copied.",
U7-S4-ET-A-C02,MATH,7,7.4,exit_ticket_a,exit_ticket,et_a_c02,current,3,Use initial conditions to determine constants and produce particular solutions to separable differential equations.,I can use an initial condition to select one member of a solution family and express the requested particular solution with an appropriate branch or form.,AP Topic 7.7,initial_condition_sequence_critique,constructed_response,,"Unit 7 Assessment Plan + AP Calculus AB Course Framework; supplied AP Topic scoring guides consulted for authentic representations and rigor only, with no published question wording copied.",
U7-S4-ET-A-L01,MATH,7,7.4,exit_ticket_a,exit_ticket,et_a_l01,last,2,"Solve separable differential equations by separating variables, integrating both sides, and managing constants of integration across equivalent solution forms.",I can retrieve recent learning.,AP Topic 7.7,separable_xy,expression,,"Unit 7 Assessment Plan + AP Calculus AB Course Framework; supplied AP Topic scoring guides consulted for authentic representations and rigor only, with no published question wording copied.",
U7-S4-ET-A-M01,MATH,7,7.4,exit_ticket_a,exit_ticket,et_a_m01,mastery,1,Derivative and antiderivative relationships; algebraic manipulation; function notation; graph interpretation and units.,I can retrieve durable prerequisite learning.,AP Topic 7.7,units_retrieval,text,,"Unit 7 Assessment Plan + AP Calculus AB Course Framework; supplied AP Topic scoring guides consulted for authentic representations and rigor only, with no published question wording copied.",
U7-S4-ET-B-C01,MATH,7,7.4,exit_ticket_b,exit_ticket,et_b_c01,current,3,Use initial conditions to determine constants and produce particular solutions to separable differential equations.,I can use an initial condition to select one member of a solution family and express the requested particular solution with an appropriate branch or form.,AP Topic 7.7,initial_condition_sequence_critique,constructed_response,,"Unit 7 Assessment Plan + AP Calculus AB Course Framework; supplied AP Topic scoring guides consulted for authentic representations and rigor only, with no published question wording copied.",
U7-S4-ET-B-C02,MATH,7,7.4,exit_ticket_b,exit_ticket,et_b_c02,current,2,Use initial conditions to determine constants and produce particular solutions to separable differential equations.,I can use an initial condition to select one member of a solution family and express the requested particular solution with an appropriate branch or form.,AP Topic 7.7,particular_exponential_from_family,expression,,"Unit 7 Assessment Plan + AP Calculus AB Course Framework; supplied AP Topic scoring guides consulted for authentic representations and rigor only, with no published question wording copied.",
U7-S4-ET-B-L01,MATH,7,7.4,exit_ticket_b,exit_ticket,et_b_l01,last,2,"Solve separable differential equations by separating variables, integrating both sides, and managing constants of integration across equivalent solution forms.",I can retrieve recent learning.,AP Topic 7.7,separable_exponential_family,expression,,"Unit 7 Assessment Plan + AP Calculus AB Course Framework; supplied AP Topic scoring guides consulted for authentic representations and rigor only, with no published question wording copied.",
U7-S4-ET-B-M01,MATH,7,7.4,exit_ticket_b,exit_ticket,et_b_m01,mastery,2,Derivative and antiderivative relationships; algebraic manipulation; function notation; graph interpretation and units.,I can retrieve durable prerequisite learning.,AP Topic 7.7,derivative_relationship_retrieval,expression,,"Unit 7 Assessment Plan + AP Calculus AB Course Framework; supplied AP Topic scoring guides consulted for authentic representations and rigor only, with no published question wording copied.",
U7-S4-ET-C-C01,MATH,7,7.4,exit_ticket_c,exit_ticket,et_c_c01,current,2,Use initial conditions to determine constants and produce particular solutions to separable differential equations.,I can use an initial condition to select one member of a solution family and express the requested particular solution with an appropriate branch or form.,AP Topic 7.7,particular_exponential_from_family,expression,,"Unit 7 Assessment Plan + AP Calculus AB Course Framework; supplied AP Topic scoring guides consulted for authentic representations and rigor only, with no published question wording copied.",
U7-S4-ET-C-C02,MATH,7,7.4,exit_ticket_c,exit_ticket,et_c_c02,current,1,Use initial conditions to determine constants and produce particular solutions to separable differential equations.,I can use an initial condition to select one member of a solution family and express the requested particular solution with an appropriate branch or form.,AP Topic 7.7,initial_condition_constant,numeric,,"Unit 7 Assessment Plan + AP Calculus AB Course Framework; supplied AP Topic scoring guides consulted for authentic representations and rigor only, with no published question wording copied.",
U7-S4-ET-C-L01,MATH,7,7.4,exit_ticket_c,exit_ticket,et_c_l01,last,2,"Solve separable differential equations by separating variables, integrating both sides, and managing constants of integration across equivalent solution forms.",I can retrieve recent learning.,AP Topic 7.7,separable_inverse_tangent,expression,,"Unit 7 Assessment Plan + AP Calculus AB Course Framework; supplied AP Topic scoring guides consulted for authentic representations and rigor only, with no published question wording copied.",
U7-S4-ET-C-M01,MATH,7,7.4,exit_ticket_c,exit_ticket,et_c_m01,mastery,1,Derivative and antiderivative relationships; algebraic manipulation; function notation; graph interpretation and units.,I can retrieve durable prerequisite learning.,AP Topic 7.7,function_notation_retrieval,numeric,,"Unit 7 Assessment Plan + AP Calculus AB Course Framework; supplied AP Topic scoring guides consulted for authentic representations and rigor only, with no published question wording copied.",
U7-S5-CYU-C01,MATH,7,7.5,cyu,cyu,c01,current,2,Model and interpret exponential growth and decay from differential equations in contextual situations.,"I can build exponential growth or decay models from proportional-rate relationships and interpret the sign, units, parameters, and solution behavior in context.",AP Topic 7.8,exponential_parameter_from_data,expression,,"Unit 7 Assessment Plan + AP Calculus AB Course Framework; supplied AP Topic scoring guides consulted for authentic representations and rigor only, with no published question wording copied.",
U7-S5-CYU-C02,MATH,7,7.5,cyu,cyu,c02,current,2,Model and interpret exponential growth and decay from differential equations in contextual situations.,"I can build exponential growth or decay models from proportional-rate relationships and interpret the sign, units, parameters, and solution behavior in context.",AP Topic 7.8,half_life_parameter,expression,,"Unit 7 Assessment Plan + AP Calculus AB Course Framework; supplied AP Topic scoring guides consulted for authentic representations and rigor only, with no published question wording copied.",
U7-S5-CYU-L01,MATH,7,7.5,cyu,cyu,l01,last,3,Use initial conditions to determine constants and produce particular solutions to separable differential equations.,I can retrieve recent learning.,AP Topic 7.8,initial_condition_sequence_critique,constructed_response,,"Unit 7 Assessment Plan + AP Calculus AB Course Framework; supplied AP Topic scoring guides consulted for authentic representations and rigor only, with no published question wording copied.",
U7-S5-CYU-L02,MATH,7,7.5,cyu,cyu,l02,last,2,Use initial conditions to determine constants and produce particular solutions to separable differential equations.,I can retrieve recent learning.,AP Topic 7.8,particular_exponential_from_family,expression,,"Unit 7 Assessment Plan + AP Calculus AB Course Framework; supplied AP Topic scoring guides consulted for authentic representations and rigor only, with no published question wording copied.",
U7-S5-CYU-M01,MATH,7,7.5,cyu,cyu,m01,mastery,2,Derivative and antiderivative relationships; algebraic manipulation; function notation; graph interpretation and units.,I can retrieve durable prerequisite learning.,AP Topic 7.8,limit_retrieval,numeric,,"Unit 7 Assessment Plan + AP Calculus AB Course Framework; supplied AP Topic scoring guides consulted for authentic representations and rigor only, with no published question wording copied.",
U7-S5-CYU-M02,MATH,7,7.5,cyu,cyu,m02,mastery,2,Derivative and antiderivative relationships; algebraic manipulation; function notation; graph interpretation and units.,I can retrieve durable prerequisite learning.,AP Topic 7.8,derivative_relationship_retrieval,expression,,"Unit 7 Assessment Plan + AP Calculus AB Course Framework; supplied AP Topic scoring guides consulted for authentic representations and rigor only, with no published question wording copied.",
U7-S5-WU1-C01,MATH,7,7.5,warm_up_1,warm_up,wu1_c01,current,3,Model and interpret exponential growth and decay from differential equations in contextual situations.,"I can build exponential growth or decay models from proportional-rate relationships and interpret the sign, units, parameters, and solution behavior in context.",AP Topic 7.8,exponential_vs_linear_critique,constructed_response,,"Unit 7 Assessment Plan + AP Calculus AB Course Framework; supplied AP Topic scoring guides consulted for authentic representations and rigor only, with no published question wording copied.",
U7-S5-WU1-L01,MATH,7,7.5,warm_up_1,warm_up,wu1_l01,last,1,Use initial conditions to determine constants and produce particular solutions to separable differential equations.,I can retrieve recent learning.,AP Topic 7.8,general_particular_distinction,text,,"Unit 7 Assessment Plan + AP Calculus AB Course Framework; supplied AP Topic scoring guides consulted for authentic representations and rigor only, with no published question wording copied.",
U7-S5-WU1-M01,MATH,7,7.5,warm_up_1,warm_up,wu1_m01,mastery,1,Derivative and antiderivative relationships; algebraic manipulation; function notation; graph interpretation and units.,I can retrieve durable prerequisite learning.,AP Topic 7.8,antiderivative_retrieval,expression,,"Unit 7 Assessment Plan + AP Calculus AB Course Framework; supplied AP Topic scoring guides consulted for authentic representations and rigor only, with no published question wording copied.",
U7-S5-WU2-C01,MATH,7,7.5,warm_up_2,warm_up,wu2_c01,current,2,Model and interpret exponential growth and decay from differential equations in contextual situations.,"I can build exponential growth or decay models from proportional-rate relationships and interpret the sign, units, parameters, and solution behavior in context.",AP Topic 7.8,exponential_graph_interpretation,text,u7_s5_wu2_c01_exponential_graph.png,"Unit 7 Assessment Plan + AP Calculus AB Course Framework; supplied AP Topic scoring guides consulted for authentic representations and rigor only, with no published question wording copied.",
U7-S5-WU2-L01,MATH,7,7.5,warm_up_2,warm_up,wu2_l01,last,2,Use initial conditions to determine constants and produce particular solutions to separable differential equations.,I can retrieve recent learning.,AP Topic 7.8,particular_separable_implicit,expression,,"Unit 7 Assessment Plan + AP Calculus AB Course Framework; supplied AP Topic scoring guides consulted for authentic representations and rigor only, with no published question wording copied.",
U7-S5-WU2-M01,MATH,7,7.5,warm_up_2,warm_up,wu2_m01,mastery,1,Derivative and antiderivative relationships; algebraic manipulation; function notation; graph interpretation and units.,I can retrieve durable prerequisite learning.,AP Topic 7.8,graph_sign_retrieval,text,,"Unit 7 Assessment Plan + AP Calculus AB Course Framework; supplied AP Topic scoring guides consulted for authentic representations and rigor only, with no published question wording copied.",
U7-S5-WU3-C01,MATH,7,7.5,warm_up_3,warm_up,wu3_c01,current,2,Model and interpret exponential growth and decay from differential equations in contextual situations.,"I can build exponential growth or decay models from proportional-rate relationships and interpret the sign, units, parameters, and solution behavior in context.",AP Topic 7.8,exponential_parameter_interpretation,text,,"Unit 7 Assessment Plan + AP Calculus AB Course Framework; supplied AP Topic scoring guides consulted for authentic representations and rigor only, with no published question wording copied.",
U7-S5-WU3-L01,MATH,7,7.5,warm_up_3,warm_up,wu3_l01,last,1,Use initial conditions to determine constants and produce particular solutions to separable differential equations.,I can retrieve recent learning.,AP Topic 7.8,initial_condition_constant,numeric,,"Unit 7 Assessment Plan + AP Calculus AB Course Framework; supplied AP Topic scoring guides consulted for authentic representations and rigor only, with no published question wording copied.",
U7-S5-WU3-M01,MATH,7,7.5,warm_up_3,warm_up,wu3_m01,mastery,1,Derivative and antiderivative relationships; algebraic manipulation; function notation; graph interpretation and units.,I can retrieve durable prerequisite learning.,AP Topic 7.8,units_retrieval,text,,"Unit 7 Assessment Plan + AP Calculus AB Course Framework; supplied AP Topic scoring guides consulted for authentic representations and rigor only, with no published question wording copied.",
U7-S5-ET-A-C01,MATH,7,7.5,exit_ticket_a,exit_ticket,et_a_c01,current,2,Model and interpret exponential growth and decay from differential equations in contextual situations.,"I can build exponential growth or decay models from proportional-rate relationships and interpret the sign, units, parameters, and solution behavior in context.",AP Topic 7.8,exponential_graph_interpretation,text,u7_s5_et_a_c01_exponential_graph.png,"Unit 7 Assessment Plan + AP Calculus AB Course Framework; supplied AP Topic scoring guides consulted for authentic representations and rigor only, with no published question wording copied.",
U7-S5-ET-A-C02,MATH,7,7.5,exit_ticket_a,exit_ticket,et_a_c02,current,3,Model and interpret exponential growth and decay from differential equations in contextual situations.,"I can build exponential growth or decay models from proportional-rate relationships and interpret the sign, units, parameters, and solution behavior in context.",AP Topic 7.8,exponential_vs_linear_critique,constructed_response,,"Unit 7 Assessment Plan + AP Calculus AB Course Framework; supplied AP Topic scoring guides consulted for authentic representations and rigor only, with no published question wording copied.",
U7-S5-ET-A-L01,MATH,7,7.5,exit_ticket_a,exit_ticket,et_a_l01,last,2,Use initial conditions to determine constants and produce particular solutions to separable differential equations.,I can retrieve recent learning.,AP Topic 7.8,particular_exponential_from_family,expression,,"Unit 7 Assessment Plan + AP Calculus AB Course Framework; supplied AP Topic scoring guides consulted for authentic representations and rigor only, with no published question wording copied.",
U7-S5-ET-A-M01,MATH,7,7.5,exit_ticket_a,exit_ticket,et_a_m01,mastery,1,Derivative and antiderivative relationships; algebraic manipulation; function notation; graph interpretation and units.,I can retrieve durable prerequisite learning.,AP Topic 7.8,units_retrieval,text,,"Unit 7 Assessment Plan + AP Calculus AB Course Framework; supplied AP Topic scoring guides consulted for authentic representations and rigor only, with no published question wording copied.",
U7-S5-ET-B-C01,MATH,7,7.5,exit_ticket_b,exit_ticket,et_b_c01,current,3,Model and interpret exponential growth and decay from differential equations in contextual situations.,"I can build exponential growth or decay models from proportional-rate relationships and interpret the sign, units, parameters, and solution behavior in context.",AP Topic 7.8,exponential_vs_linear_critique,constructed_response,,"Unit 7 Assessment Plan + AP Calculus AB Course Framework; supplied AP Topic scoring guides consulted for authentic representations and rigor only, with no published question wording copied.",
U7-S5-ET-B-C02,MATH,7,7.5,exit_ticket_b,exit_ticket,et_b_c02,current,2,Model and interpret exponential growth and decay from differential equations in contextual situations.,"I can build exponential growth or decay models from proportional-rate relationships and interpret the sign, units, parameters, and solution behavior in context.",AP Topic 7.8,exponential_context_model,expression,,"Unit 7 Assessment Plan + AP Calculus AB Course Framework; supplied AP Topic scoring guides consulted for authentic representations and rigor only, with no published question wording copied.",
U7-S5-ET-B-L01,MATH,7,7.5,exit_ticket_b,exit_ticket,et_b_l01,last,1,Use initial conditions to determine constants and produce particular solutions to separable differential equations.,I can retrieve recent learning.,AP Topic 7.8,initial_condition_constant,numeric,,"Unit 7 Assessment Plan + AP Calculus AB Course Framework; supplied AP Topic scoring guides consulted for authentic representations and rigor only, with no published question wording copied.",
U7-S5-ET-B-M01,MATH,7,7.5,exit_ticket_b,exit_ticket,et_b_m01,mastery,2,Derivative and antiderivative relationships; algebraic manipulation; function notation; graph interpretation and units.,I can retrieve durable prerequisite learning.,AP Topic 7.8,derivative_relationship_retrieval,expression,,"Unit 7 Assessment Plan + AP Calculus AB Course Framework; supplied AP Topic scoring guides consulted for authentic representations and rigor only, with no published question wording copied.",
U7-S5-ET-C-C01,MATH,7,7.5,exit_ticket_c,exit_ticket,et_c_c01,current,2,Model and interpret exponential growth and decay from differential equations in contextual situations.,"I can build exponential growth or decay models from proportional-rate relationships and interpret the sign, units, parameters, and solution behavior in context.",AP Topic 7.8,exponential_context_model,expression,,"Unit 7 Assessment Plan + AP Calculus AB Course Framework; supplied AP Topic scoring guides consulted for authentic representations and rigor only, with no published question wording copied.",
U7-S5-ET-C-C02,MATH,7,7.5,exit_ticket_c,exit_ticket,et_c_c02,current,2,Model and interpret exponential growth and decay from differential equations in contextual situations.,"I can build exponential growth or decay models from proportional-rate relationships and interpret the sign, units, parameters, and solution behavior in context.",AP Topic 7.8,exponential_parameter_from_data,expression,,"Unit 7 Assessment Plan + AP Calculus AB Course Framework; supplied AP Topic scoring guides consulted for authentic representations and rigor only, with no published question wording copied.",
U7-S5-ET-C-L01,MATH,7,7.5,exit_ticket_c,exit_ticket,et_c_l01,last,2,Use initial conditions to determine constants and produce particular solutions to separable differential equations.,I can retrieve recent learning.,AP Topic 7.8,particular_separable_implicit,expression,,"Unit 7 Assessment Plan + AP Calculus AB Course Framework; supplied AP Topic scoring guides consulted for authentic representations and rigor only, with no published question wording copied.",
U7-S5-ET-C-M01,MATH,7,7.5,exit_ticket_c,exit_ticket,et_c_m01,mastery,1,Derivative and antiderivative relationships; algebraic manipulation; function notation; graph interpretation and units.,I can retrieve durable prerequisite learning.,AP Topic 7.8,function_notation_retrieval,numeric,,"Unit 7 Assessment Plan + AP Calculus AB Course Framework; supplied AP Topic scoring guides consulted for authentic representations and rigor only, with no published question wording copied.",
U7-S1-PERF01,MATH,7,7.1,performance_future_task,performance,perf01,performance,3,Translate verbal rate relationships into differential equations and verify whether proposed functions satisfy a differential equation.,I can model verbal growth or change statements with differential equations and verify proposed solutions by checking the derivative relationship.,"AP Topics 7.1, 7.2",model_translation_audit,performance,,"Unit 7 Assessment Plan + AP Calculus AB Course Framework; supplied AP Topic scoring guides consulted for authentic representations and rigor only, with no published question wording copied.",
U7-S2-PERF01,MATH,7,7.2,performance_future_task,performance,perf01,performance,4,"Sketch and interpret slope fields, connect local slope behavior to differential equations, and reason about solution curves graphically.","I can read local slopes from a slope field, match a field to a differential equation, and sketch or describe a solution curve through an initial point.","AP Topics 7.3, 7.4",slope_field_investigation,performance,,"Unit 7 Assessment Plan + AP Calculus AB Course Framework; supplied AP Topic scoring guides consulted for authentic representations and rigor only, with no published question wording copied.",
U7-S3-PERF01,MATH,7,7.3,performance_future_task,performance,perf01,performance,3,"Solve separable differential equations by separating variables, integrating both sides, and managing constants of integration across equivalent solution forms.","I can separate variables correctly, integrate both sides, include constants, recognize possible lost equilibrium solutions, and compare equivalent implicit or explicit forms.",AP Topic 7.6,separation_audit,performance,,"Unit 7 Assessment Plan + AP Calculus AB Course Framework; supplied AP Topic scoring guides consulted for authentic representations and rigor only, with no published question wording copied.",
U7-S4-PERF01,MATH,7,7.4,performance_future_task,performance,perf01,performance,4,Use initial conditions to determine constants and produce particular solutions to separable differential equations.,I can use an initial condition to select one member of a solution family and express the requested particular solution with an appropriate branch or form.,AP Topic 7.7,solution_family_study,performance,,"Unit 7 Assessment Plan + AP Calculus AB Course Framework; supplied AP Topic scoring guides consulted for authentic representations and rigor only, with no published question wording copied.",
U7-S5-PERF01,MATH,7,7.5,performance_future_task,performance,perf01,performance,4,Model and interpret exponential growth and decay from differential equations in contextual situations.,"I can build exponential growth or decay models from proportional-rate relationships and interpret the sign, units, parameters, and solution behavior in context.",AP Topic 7.8,differential_model_performance,performance,,"Unit 7 Assessment Plan + AP Calculus AB Course Framework; supplied AP Topic scoring guides consulted for authentic representations and rigor only, with no published question wording copied.",
U7-FA-D1-01-V1,MATH,7,7.1,formative_assessment,formative,d1_01_v1,n-a,1,Translate verbal rate relationships into differential equations and verify whether proposed functions satisfy a differential equation.,I can model verbal growth or change statements with differential equations and verify proposed solutions by checking the derivative relationship.,"AP Topics 7.1, 7.2",de_translation_check,expression,,"Unit 7 Assessment Plan + AP Calculus AB Course Framework; supplied AP Topic scoring guides consulted for authentic representations and rigor only, with no published question wording copied.","Eligibility: after Section 7.1. Formative family 1, version 1."
U7-FA-D1-01-V2,MATH,7,7.1,formative_assessment,formative,d1_01_v2,n-a,1,Translate verbal rate relationships into differential equations and verify whether proposed functions satisfy a differential equation.,I can model verbal growth or change statements with differential equations and verify proposed solutions by checking the derivative relationship.,"AP Topics 7.1, 7.2",de_translation_check,expression,,"Unit 7 Assessment Plan + AP Calculus AB Course Framework; supplied AP Topic scoring guides consulted for authentic representations and rigor only, with no published question wording copied.","Eligibility: after Section 7.1. Formative family 1, version 2."
U7-FA-D1-01-V3,MATH,7,7.1,formative_assessment,formative,d1_01_v3,n-a,1,Translate verbal rate relationships into differential equations and verify whether proposed functions satisfy a differential equation.,I can model verbal growth or change statements with differential equations and verify proposed solutions by checking the derivative relationship.,"AP Topics 7.1, 7.2",de_translation_check,expression,,"Unit 7 Assessment Plan + AP Calculus AB Course Framework; supplied AP Topic scoring guides consulted for authentic representations and rigor only, with no published question wording copied.","Eligibility: after Section 7.1. Formative family 1, version 3."
U7-FA-D1-01-V4,MATH,7,7.1,formative_assessment,formative,d1_01_v4,n-a,1,Translate verbal rate relationships into differential equations and verify whether proposed functions satisfy a differential equation.,I can model verbal growth or change statements with differential equations and verify proposed solutions by checking the derivative relationship.,"AP Topics 7.1, 7.2",de_translation_check,expression,,"Unit 7 Assessment Plan + AP Calculus AB Course Framework; supplied AP Topic scoring guides consulted for authentic representations and rigor only, with no published question wording copied.","Eligibility: after Section 7.1. Formative family 1, version 4."
U7-FA-D1-01-V5,MATH,7,7.1,formative_assessment,formative,d1_01_v5,n-a,1,Translate verbal rate relationships into differential equations and verify whether proposed functions satisfy a differential equation.,I can model verbal growth or change statements with differential equations and verify proposed solutions by checking the derivative relationship.,"AP Topics 7.1, 7.2",de_translation_check,expression,,"Unit 7 Assessment Plan + AP Calculus AB Course Framework; supplied AP Topic scoring guides consulted for authentic representations and rigor only, with no published question wording copied.","Eligibility: after Section 7.1. Formative family 1, version 5."
U7-FA-D1-01-V6,MATH,7,7.1,formative_assessment,formative,d1_01_v6,n-a,1,Translate verbal rate relationships into differential equations and verify whether proposed functions satisfy a differential equation.,I can model verbal growth or change statements with differential equations and verify proposed solutions by checking the derivative relationship.,"AP Topics 7.1, 7.2",de_translation_check,expression,,"Unit 7 Assessment Plan + AP Calculus AB Course Framework; supplied AP Topic scoring guides consulted for authentic representations and rigor only, with no published question wording copied.","Eligibility: after Section 7.1. Formative family 1, version 6."
U7-FA-D1-01-V7,MATH,7,7.1,formative_assessment,formative,d1_01_v7,n-a,1,Translate verbal rate relationships into differential equations and verify whether proposed functions satisfy a differential equation.,I can model verbal growth or change statements with differential equations and verify proposed solutions by checking the derivative relationship.,"AP Topics 7.1, 7.2",de_translation_check,expression,,"Unit 7 Assessment Plan + AP Calculus AB Course Framework; supplied AP Topic scoring guides consulted for authentic representations and rigor only, with no published question wording copied.","Eligibility: after Section 7.1. Formative family 1, version 7."
U7-FA-D1-01-V8,MATH,7,7.1,formative_assessment,formative,d1_01_v8,n-a,1,Translate verbal rate relationships into differential equations and verify whether proposed functions satisfy a differential equation.,I can model verbal growth or change statements with differential equations and verify proposed solutions by checking the derivative relationship.,"AP Topics 7.1, 7.2",de_translation_check,expression,,"Unit 7 Assessment Plan + AP Calculus AB Course Framework; supplied AP Topic scoring guides consulted for authentic representations and rigor only, with no published question wording copied.","Eligibility: after Section 7.1. Formative family 1, version 8."
U7-FA-D1-02-V1,MATH,7,7.2,formative_assessment,formative,d1_02_v1,n-a,1,"Sketch and interpret slope fields, connect local slope behavior to differential equations, and reason about solution curves graphically.","I can read local slopes from a slope field, match a field to a differential equation, and sketch or describe a solution curve through an initial point.","AP Topics 7.3, 7.4",slope_field_reading_check,line,u7_fa_d1_02_v1_fa_field_read.png,"Unit 7 Assessment Plan + AP Calculus AB Course Framework; supplied AP Topic scoring guides consulted for authentic representations and rigor only, with no published question wording copied.","Eligibility: after Section 7.2. Formative family 2, version 1."
U7-FA-D1-02-V2,MATH,7,7.2,formative_assessment,formative,d1_02_v2,n-a,1,"Sketch and interpret slope fields, connect local slope behavior to differential equations, and reason about solution curves graphically.","I can read local slopes from a slope field, match a field to a differential equation, and sketch or describe a solution curve through an initial point.","AP Topics 7.3, 7.4",slope_field_reading_check,line,u7_fa_d1_02_v2_fa_field_read.png,"Unit 7 Assessment Plan + AP Calculus AB Course Framework; supplied AP Topic scoring guides consulted for authentic representations and rigor only, with no published question wording copied.","Eligibility: after Section 7.2. Formative family 2, version 2."
U7-FA-D1-02-V3,MATH,7,7.2,formative_assessment,formative,d1_02_v3,n-a,1,"Sketch and interpret slope fields, connect local slope behavior to differential equations, and reason about solution curves graphically.","I can read local slopes from a slope field, match a field to a differential equation, and sketch or describe a solution curve through an initial point.","AP Topics 7.3, 7.4",slope_field_reading_check,line,u7_fa_d1_02_v3_fa_field_read.png,"Unit 7 Assessment Plan + AP Calculus AB Course Framework; supplied AP Topic scoring guides consulted for authentic representations and rigor only, with no published question wording copied.","Eligibility: after Section 7.2. Formative family 2, version 3."
U7-FA-D1-02-V4,MATH,7,7.2,formative_assessment,formative,d1_02_v4,n-a,1,"Sketch and interpret slope fields, connect local slope behavior to differential equations, and reason about solution curves graphically.","I can read local slopes from a slope field, match a field to a differential equation, and sketch or describe a solution curve through an initial point.","AP Topics 7.3, 7.4",slope_field_reading_check,line,u7_fa_d1_02_v4_fa_field_read.png,"Unit 7 Assessment Plan + AP Calculus AB Course Framework; supplied AP Topic scoring guides consulted for authentic representations and rigor only, with no published question wording copied.","Eligibility: after Section 7.2. Formative family 2, version 4."
U7-FA-D1-02-V5,MATH,7,7.2,formative_assessment,formative,d1_02_v5,n-a,1,"Sketch and interpret slope fields, connect local slope behavior to differential equations, and reason about solution curves graphically.","I can read local slopes from a slope field, match a field to a differential equation, and sketch or describe a solution curve through an initial point.","AP Topics 7.3, 7.4",slope_field_reading_check,line,u7_fa_d1_02_v5_fa_field_read.png,"Unit 7 Assessment Plan + AP Calculus AB Course Framework; supplied AP Topic scoring guides consulted for authentic representations and rigor only, with no published question wording copied.","Eligibility: after Section 7.2. Formative family 2, version 5."
U7-FA-D1-02-V6,MATH,7,7.2,formative_assessment,formative,d1_02_v6,n-a,1,"Sketch and interpret slope fields, connect local slope behavior to differential equations, and reason about solution curves graphically.","I can read local slopes from a slope field, match a field to a differential equation, and sketch or describe a solution curve through an initial point.","AP Topics 7.3, 7.4",slope_field_reading_check,line,u7_fa_d1_02_v6_fa_field_read.png,"Unit 7 Assessment Plan + AP Calculus AB Course Framework; supplied AP Topic scoring guides consulted for authentic representations and rigor only, with no published question wording copied.","Eligibility: after Section 7.2. Formative family 2, version 6."
U7-FA-D1-02-V7,MATH,7,7.2,formative_assessment,formative,d1_02_v7,n-a,1,"Sketch and interpret slope fields, connect local slope behavior to differential equations, and reason about solution curves graphically.","I can read local slopes from a slope field, match a field to a differential equation, and sketch or describe a solution curve through an initial point.","AP Topics 7.3, 7.4",slope_field_reading_check,line,u7_fa_d1_02_v7_fa_field_read.png,"Unit 7 Assessment Plan + AP Calculus AB Course Framework; supplied AP Topic scoring guides consulted for authentic representations and rigor only, with no published question wording copied.","Eligibility: after Section 7.2. Formative family 2, version 7."
U7-FA-D1-02-V8,MATH,7,7.2,formative_assessment,formative,d1_02_v8,n-a,1,"Sketch and interpret slope fields, connect local slope behavior to differential equations, and reason about solution curves graphically.","I can read local slopes from a slope field, match a field to a differential equation, and sketch or describe a solution curve through an initial point.","AP Topics 7.3, 7.4",slope_field_reading_check,line,u7_fa_d1_02_v8_fa_field_read.png,"Unit 7 Assessment Plan + AP Calculus AB Course Framework; supplied AP Topic scoring guides consulted for authentic representations and rigor only, with no published question wording copied.","Eligibility: after Section 7.2. Formative family 2, version 8."
U7-FA-D1-03-V1,MATH,7,7.3,formative_assessment,formative,d1_03_v1,n-a,1,"Solve separable differential equations by separating variables, integrating both sides, and managing constants of integration across equivalent solution forms.","I can separate variables correctly, integrate both sides, include constants, recognize possible lost equilibrium solutions, and compare equivalent implicit or explicit forms.",AP Topic 7.6,separation_notation_check,expression,,"Unit 7 Assessment Plan + AP Calculus AB Course Framework; supplied AP Topic scoring guides consulted for authentic representations and rigor only, with no published question wording copied.","Eligibility: after Section 7.3. Formative family 3, version 1."
U7-FA-D1-03-V2,MATH,7,7.3,formative_assessment,formative,d1_03_v2,n-a,1,"Solve separable differential equations by separating variables, integrating both sides, and managing constants of integration across equivalent solution forms.","I can separate variables correctly, integrate both sides, include constants, recognize possible lost equilibrium solutions, and compare equivalent implicit or explicit forms.",AP Topic 7.6,separation_notation_check,expression,,"Unit 7 Assessment Plan + AP Calculus AB Course Framework; supplied AP Topic scoring guides consulted for authentic representations and rigor only, with no published question wording copied.","Eligibility: after Section 7.3. Formative family 3, version 2."
U7-FA-D1-03-V3,MATH,7,7.3,formative_assessment,formative,d1_03_v3,n-a,1,"Solve separable differential equations by separating variables, integrating both sides, and managing constants of integration across equivalent solution forms.","I can separate variables correctly, integrate both sides, include constants, recognize possible lost equilibrium solutions, and compare equivalent implicit or explicit forms.",AP Topic 7.6,separation_notation_check,expression,,"Unit 7 Assessment Plan + AP Calculus AB Course Framework; supplied AP Topic scoring guides consulted for authentic representations and rigor only, with no published question wording copied.","Eligibility: after Section 7.3. Formative family 3, version 3."
U7-FA-D1-03-V4,MATH,7,7.3,formative_assessment,formative,d1_03_v4,n-a,1,"Solve separable differential equations by separating variables, integrating both sides, and managing constants of integration across equivalent solution forms.","I can separate variables correctly, integrate both sides, include constants, recognize possible lost equilibrium solutions, and compare equivalent implicit or explicit forms.",AP Topic 7.6,separation_notation_check,expression,,"Unit 7 Assessment Plan + AP Calculus AB Course Framework; supplied AP Topic scoring guides consulted for authentic representations and rigor only, with no published question wording copied.","Eligibility: after Section 7.3. Formative family 3, version 4."
U7-FA-D1-03-V5,MATH,7,7.3,formative_assessment,formative,d1_03_v5,n-a,1,"Solve separable differential equations by separating variables, integrating both sides, and managing constants of integration across equivalent solution forms.","I can separate variables correctly, integrate both sides, include constants, recognize possible lost equilibrium solutions, and compare equivalent implicit or explicit forms.",AP Topic 7.6,separation_notation_check,expression,,"Unit 7 Assessment Plan + AP Calculus AB Course Framework; supplied AP Topic scoring guides consulted for authentic representations and rigor only, with no published question wording copied.","Eligibility: after Section 7.3. Formative family 3, version 5."
U7-FA-D1-03-V6,MATH,7,7.3,formative_assessment,formative,d1_03_v6,n-a,1,"Solve separable differential equations by separating variables, integrating both sides, and managing constants of integration across equivalent solution forms.","I can separate variables correctly, integrate both sides, include constants, recognize possible lost equilibrium solutions, and compare equivalent implicit or explicit forms.",AP Topic 7.6,separation_notation_check,expression,,"Unit 7 Assessment Plan + AP Calculus AB Course Framework; supplied AP Topic scoring guides consulted for authentic representations and rigor only, with no published question wording copied.","Eligibility: after Section 7.3. Formative family 3, version 6."
U7-FA-D1-03-V7,MATH,7,7.3,formative_assessment,formative,d1_03_v7,n-a,1,"Solve separable differential equations by separating variables, integrating both sides, and managing constants of integration across equivalent solution forms.","I can separate variables correctly, integrate both sides, include constants, recognize possible lost equilibrium solutions, and compare equivalent implicit or explicit forms.",AP Topic 7.6,separation_notation_check,expression,,"Unit 7 Assessment Plan + AP Calculus AB Course Framework; supplied AP Topic scoring guides consulted for authentic representations and rigor only, with no published question wording copied.","Eligibility: after Section 7.3. Formative family 3, version 7."
U7-FA-D1-03-V8,MATH,7,7.3,formative_assessment,formative,d1_03_v8,n-a,1,"Solve separable differential equations by separating variables, integrating both sides, and managing constants of integration across equivalent solution forms.","I can separate variables correctly, integrate both sides, include constants, recognize possible lost equilibrium solutions, and compare equivalent implicit or explicit forms.",AP Topic 7.6,separation_notation_check,expression,,"Unit 7 Assessment Plan + AP Calculus AB Course Framework; supplied AP Topic scoring guides consulted for authentic representations and rigor only, with no published question wording copied.","Eligibility: after Section 7.3. Formative family 3, version 8."
U7-FA-D1-04-V1,MATH,7,7.4,formative_assessment,formative,d1_04_v1,n-a,1,Use initial conditions to determine constants and produce particular solutions to separable differential equations.,I can use an initial condition to select one member of a solution family and express the requested particular solution with an appropriate branch or form.,AP Topic 7.7,general_particular_check,text,,"Unit 7 Assessment Plan + AP Calculus AB Course Framework; supplied AP Topic scoring guides consulted for authentic representations and rigor only, with no published question wording copied.","Eligibility: after Section 7.4. Formative family 4, version 1."
U7-FA-D1-04-V2,MATH,7,7.4,formative_assessment,formative,d1_04_v2,n-a,1,Use initial conditions to determine constants and produce particular solutions to separable differential equations.,I can use an initial condition to select one member of a solution family and express the requested particular solution with an appropriate branch or form.,AP Topic 7.7,general_particular_check,text,,"Unit 7 Assessment Plan + AP Calculus AB Course Framework; supplied AP Topic scoring guides consulted for authentic representations and rigor only, with no published question wording copied.","Eligibility: after Section 7.4. Formative family 4, version 2."
U7-FA-D1-04-V3,MATH,7,7.4,formative_assessment,formative,d1_04_v3,n-a,1,Use initial conditions to determine constants and produce particular solutions to separable differential equations.,I can use an initial condition to select one member of a solution family and express the requested particular solution with an appropriate branch or form.,AP Topic 7.7,general_particular_check,text,,"Unit 7 Assessment Plan + AP Calculus AB Course Framework; supplied AP Topic scoring guides consulted for authentic representations and rigor only, with no published question wording copied.","Eligibility: after Section 7.4. Formative family 4, version 3."
U7-FA-D1-04-V4,MATH,7,7.4,formative_assessment,formative,d1_04_v4,n-a,1,Use initial conditions to determine constants and produce particular solutions to separable differential equations.,I can use an initial condition to select one member of a solution family and express the requested particular solution with an appropriate branch or form.,AP Topic 7.7,general_particular_check,text,,"Unit 7 Assessment Plan + AP Calculus AB Course Framework; supplied AP Topic scoring guides consulted for authentic representations and rigor only, with no published question wording copied.","Eligibility: after Section 7.4. Formative family 4, version 4."
U7-FA-D1-04-V5,MATH,7,7.4,formative_assessment,formative,d1_04_v5,n-a,1,Use initial conditions to determine constants and produce particular solutions to separable differential equations.,I can use an initial condition to select one member of a solution family and express the requested particular solution with an appropriate branch or form.,AP Topic 7.7,general_particular_check,text,,"Unit 7 Assessment Plan + AP Calculus AB Course Framework; supplied AP Topic scoring guides consulted for authentic representations and rigor only, with no published question wording copied.","Eligibility: after Section 7.4. Formative family 4, version 5."
U7-FA-D1-04-V6,MATH,7,7.4,formative_assessment,formative,d1_04_v6,n-a,1,Use initial conditions to determine constants and produce particular solutions to separable differential equations.,I can use an initial condition to select one member of a solution family and express the requested particular solution with an appropriate branch or form.,AP Topic 7.7,general_particular_check,text,,"Unit 7 Assessment Plan + AP Calculus AB Course Framework; supplied AP Topic scoring guides consulted for authentic representations and rigor only, with no published question wording copied.","Eligibility: after Section 7.4. Formative family 4, version 6."
U7-FA-D1-04-V7,MATH,7,7.4,formative_assessment,formative,d1_04_v7,n-a,1,Use initial conditions to determine constants and produce particular solutions to separable differential equations.,I can use an initial condition to select one member of a solution family and express the requested particular solution with an appropriate branch or form.,AP Topic 7.7,general_particular_check,text,,"Unit 7 Assessment Plan + AP Calculus AB Course Framework; supplied AP Topic scoring guides consulted for authentic representations and rigor only, with no published question wording copied.","Eligibility: after Section 7.4. Formative family 4, version 7."
U7-FA-D1-04-V8,MATH,7,7.4,formative_assessment,formative,d1_04_v8,n-a,1,Use initial conditions to determine constants and produce particular solutions to separable differential equations.,I can use an initial condition to select one member of a solution family and express the requested particular solution with an appropriate branch or form.,AP Topic 7.7,general_particular_check,text,,"Unit 7 Assessment Plan + AP Calculus AB Course Framework; supplied AP Topic scoring guides consulted for authentic representations and rigor only, with no published question wording copied.","Eligibility: after Section 7.4. Formative family 4, version 8."
U7-FA-D2-01-V1,MATH,7,7.1,formative_assessment,formative,d2_01_v1,n-a,2,Translate verbal rate relationships into differential equations and verify whether proposed functions satisfy a differential equation.,I can model verbal growth or change statements with differential equations and verify proposed solutions by checking the derivative relationship.,"AP Topics 7.1, 7.2",model_and_verify,constructed_response,,"Unit 7 Assessment Plan + AP Calculus AB Course Framework; supplied AP Topic scoring guides consulted for authentic representations and rigor only, with no published question wording copied.","Eligibility: after Section 7.1. Formative family 1, version 1."
U7-FA-D2-01-V2,MATH,7,7.1,formative_assessment,formative,d2_01_v2,n-a,2,Translate verbal rate relationships into differential equations and verify whether proposed functions satisfy a differential equation.,I can model verbal growth or change statements with differential equations and verify proposed solutions by checking the derivative relationship.,"AP Topics 7.1, 7.2",model_and_verify,constructed_response,,"Unit 7 Assessment Plan + AP Calculus AB Course Framework; supplied AP Topic scoring guides consulted for authentic representations and rigor only, with no published question wording copied.","Eligibility: after Section 7.1. Formative family 1, version 2."
U7-FA-D2-01-V3,MATH,7,7.1,formative_assessment,formative,d2_01_v3,n-a,2,Translate verbal rate relationships into differential equations and verify whether proposed functions satisfy a differential equation.,I can model verbal growth or change statements with differential equations and verify proposed solutions by checking the derivative relationship.,"AP Topics 7.1, 7.2",model_and_verify,constructed_response,,"Unit 7 Assessment Plan + AP Calculus AB Course Framework; supplied AP Topic scoring guides consulted for authentic representations and rigor only, with no published question wording copied.","Eligibility: after Section 7.1. Formative family 1, version 3."
U7-FA-D2-01-V4,MATH,7,7.1,formative_assessment,formative,d2_01_v4,n-a,2,Translate verbal rate relationships into differential equations and verify whether proposed functions satisfy a differential equation.,I can model verbal growth or change statements with differential equations and verify proposed solutions by checking the derivative relationship.,"AP Topics 7.1, 7.2",model_and_verify,constructed_response,,"Unit 7 Assessment Plan + AP Calculus AB Course Framework; supplied AP Topic scoring guides consulted for authentic representations and rigor only, with no published question wording copied.","Eligibility: after Section 7.1. Formative family 1, version 4."
U7-FA-D2-01-V5,MATH,7,7.1,formative_assessment,formative,d2_01_v5,n-a,2,Translate verbal rate relationships into differential equations and verify whether proposed functions satisfy a differential equation.,I can model verbal growth or change statements with differential equations and verify proposed solutions by checking the derivative relationship.,"AP Topics 7.1, 7.2",model_and_verify,constructed_response,,"Unit 7 Assessment Plan + AP Calculus AB Course Framework; supplied AP Topic scoring guides consulted for authentic representations and rigor only, with no published question wording copied.","Eligibility: after Section 7.1. Formative family 1, version 5."
U7-FA-D2-01-V6,MATH,7,7.1,formative_assessment,formative,d2_01_v6,n-a,2,Translate verbal rate relationships into differential equations and verify whether proposed functions satisfy a differential equation.,I can model verbal growth or change statements with differential equations and verify proposed solutions by checking the derivative relationship.,"AP Topics 7.1, 7.2",model_and_verify,constructed_response,,"Unit 7 Assessment Plan + AP Calculus AB Course Framework; supplied AP Topic scoring guides consulted for authentic representations and rigor only, with no published question wording copied.","Eligibility: after Section 7.1. Formative family 1, version 6."
U7-FA-D2-01-V7,MATH,7,7.1,formative_assessment,formative,d2_01_v7,n-a,2,Translate verbal rate relationships into differential equations and verify whether proposed functions satisfy a differential equation.,I can model verbal growth or change statements with differential equations and verify proposed solutions by checking the derivative relationship.,"AP Topics 7.1, 7.2",model_and_verify,constructed_response,,"Unit 7 Assessment Plan + AP Calculus AB Course Framework; supplied AP Topic scoring guides consulted for authentic representations and rigor only, with no published question wording copied.","Eligibility: after Section 7.1. Formative family 1, version 7."
U7-FA-D2-01-V8,MATH,7,7.1,formative_assessment,formative,d2_01_v8,n-a,2,Translate verbal rate relationships into differential equations and verify whether proposed functions satisfy a differential equation.,I can model verbal growth or change statements with differential equations and verify proposed solutions by checking the derivative relationship.,"AP Topics 7.1, 7.2",model_and_verify,constructed_response,,"Unit 7 Assessment Plan + AP Calculus AB Course Framework; supplied AP Topic scoring guides consulted for authentic representations and rigor only, with no published question wording copied.","Eligibility: after Section 7.1. Formative family 1, version 8."
U7-FA-D2-02-V1,MATH,7,7.2,formative_assessment,formative,d2_02_v1,n-a,2,"Sketch and interpret slope fields, connect local slope behavior to differential equations, and reason about solution curves graphically.","I can read local slopes from a slope field, match a field to a differential equation, and sketch or describe a solution curve through an initial point.","AP Topics 7.3, 7.4",slope_field_application,constructed_response,u7_fa_d2_02_v1_fa_field_apply.png,"Unit 7 Assessment Plan + AP Calculus AB Course Framework; supplied AP Topic scoring guides consulted for authentic representations and rigor only, with no published question wording copied.","Eligibility: after Section 7.2. Formative family 2, version 1."
U7-FA-D2-02-V2,MATH,7,7.2,formative_assessment,formative,d2_02_v2,n-a,2,"Sketch and interpret slope fields, connect local slope behavior to differential equations, and reason about solution curves graphically.","I can read local slopes from a slope field, match a field to a differential equation, and sketch or describe a solution curve through an initial point.","AP Topics 7.3, 7.4",slope_field_application,constructed_response,u7_fa_d2_02_v2_fa_field_apply.png,"Unit 7 Assessment Plan + AP Calculus AB Course Framework; supplied AP Topic scoring guides consulted for authentic representations and rigor only, with no published question wording copied.","Eligibility: after Section 7.2. Formative family 2, version 2."
U7-FA-D2-02-V3,MATH,7,7.2,formative_assessment,formative,d2_02_v3,n-a,2,"Sketch and interpret slope fields, connect local slope behavior to differential equations, and reason about solution curves graphically.","I can read local slopes from a slope field, match a field to a differential equation, and sketch or describe a solution curve through an initial point.","AP Topics 7.3, 7.4",slope_field_application,constructed_response,u7_fa_d2_02_v3_fa_field_apply.png,"Unit 7 Assessment Plan + AP Calculus AB Course Framework; supplied AP Topic scoring guides consulted for authentic representations and rigor only, with no published question wording copied.","Eligibility: after Section 7.2. Formative family 2, version 3."
U7-FA-D2-02-V4,MATH,7,7.2,formative_assessment,formative,d2_02_v4,n-a,2,"Sketch and interpret slope fields, connect local slope behavior to differential equations, and reason about solution curves graphically.","I can read local slopes from a slope field, match a field to a differential equation, and sketch or describe a solution curve through an initial point.","AP Topics 7.3, 7.4",slope_field_application,constructed_response,u7_fa_d2_02_v4_fa_field_apply.png,"Unit 7 Assessment Plan + AP Calculus AB Course Framework; supplied AP Topic scoring guides consulted for authentic representations and rigor only, with no published question wording copied.","Eligibility: after Section 7.2. Formative family 2, version 4."
U7-FA-D2-02-V5,MATH,7,7.2,formative_assessment,formative,d2_02_v5,n-a,2,"Sketch and interpret slope fields, connect local slope behavior to differential equations, and reason about solution curves graphically.","I can read local slopes from a slope field, match a field to a differential equation, and sketch or describe a solution curve through an initial point.","AP Topics 7.3, 7.4",slope_field_application,constructed_response,u7_fa_d2_02_v5_fa_field_apply.png,"Unit 7 Assessment Plan + AP Calculus AB Course Framework; supplied AP Topic scoring guides consulted for authentic representations and rigor only, with no published question wording copied.","Eligibility: after Section 7.2. Formative family 2, version 5."
U7-FA-D2-02-V6,MATH,7,7.2,formative_assessment,formative,d2_02_v6,n-a,2,"Sketch and interpret slope fields, connect local slope behavior to differential equations, and reason about solution curves graphically.","I can read local slopes from a slope field, match a field to a differential equation, and sketch or describe a solution curve through an initial point.","AP Topics 7.3, 7.4",slope_field_application,constructed_response,u7_fa_d2_02_v6_fa_field_apply.png,"Unit 7 Assessment Plan + AP Calculus AB Course Framework; supplied AP Topic scoring guides consulted for authentic representations and rigor only, with no published question wording copied.","Eligibility: after Section 7.2. Formative family 2, version 6."
U7-FA-D2-02-V7,MATH,7,7.2,formative_assessment,formative,d2_02_v7,n-a,2,"Sketch and interpret slope fields, connect local slope behavior to differential equations, and reason about solution curves graphically.","I can read local slopes from a slope field, match a field to a differential equation, and sketch or describe a solution curve through an initial point.","AP Topics 7.3, 7.4",slope_field_application,constructed_response,u7_fa_d2_02_v7_fa_field_apply.png,"Unit 7 Assessment Plan + AP Calculus AB Course Framework; supplied AP Topic scoring guides consulted for authentic representations and rigor only, with no published question wording copied.","Eligibility: after Section 7.2. Formative family 2, version 7."
U7-FA-D2-02-V8,MATH,7,7.2,formative_assessment,formative,d2_02_v8,n-a,2,"Sketch and interpret slope fields, connect local slope behavior to differential equations, and reason about solution curves graphically.","I can read local slopes from a slope field, match a field to a differential equation, and sketch or describe a solution curve through an initial point.","AP Topics 7.3, 7.4",slope_field_application,constructed_response,u7_fa_d2_02_v8_fa_field_apply.png,"Unit 7 Assessment Plan + AP Calculus AB Course Framework; supplied AP Topic scoring guides consulted for authentic representations and rigor only, with no published question wording copied.","Eligibility: after Section 7.2. Formative family 2, version 8."
U7-FA-D2-03-V1,MATH,7,7.3,formative_assessment,formative,d2_03_v1,n-a,2,"Solve separable differential equations by separating variables, integrating both sides, and managing constants of integration across equivalent solution forms.","I can separate variables correctly, integrate both sides, include constants, recognize possible lost equilibrium solutions, and compare equivalent implicit or explicit forms.",AP Topic 7.6,separable_equation_solve,expression,,"Unit 7 Assessment Plan + AP Calculus AB Course Framework; supplied AP Topic scoring guides consulted for authentic representations and rigor only, with no published question wording copied.","Eligibility: after Section 7.3. Formative family 3, version 1."
U7-FA-D2-03-V2,MATH,7,7.3,formative_assessment,formative,d2_03_v2,n-a,2,"Solve separable differential equations by separating variables, integrating both sides, and managing constants of integration across equivalent solution forms.","I can separate variables correctly, integrate both sides, include constants, recognize possible lost equilibrium solutions, and compare equivalent implicit or explicit forms.",AP Topic 7.6,separable_equation_solve,expression,,"Unit 7 Assessment Plan + AP Calculus AB Course Framework; supplied AP Topic scoring guides consulted for authentic representations and rigor only, with no published question wording copied.","Eligibility: after Section 7.3. Formative family 3, version 2."
U7-FA-D2-03-V3,MATH,7,7.3,formative_assessment,formative,d2_03_v3,n-a,2,"Solve separable differential equations by separating variables, integrating both sides, and managing constants of integration across equivalent solution forms.","I can separate variables correctly, integrate both sides, include constants, recognize possible lost equilibrium solutions, and compare equivalent implicit or explicit forms.",AP Topic 7.6,separable_equation_solve,expression,,"Unit 7 Assessment Plan + AP Calculus AB Course Framework; supplied AP Topic scoring guides consulted for authentic representations and rigor only, with no published question wording copied.","Eligibility: after Section 7.3. Formative family 3, version 3."
U7-FA-D2-03-V4,MATH,7,7.3,formative_assessment,formative,d2_03_v4,n-a,2,"Solve separable differential equations by separating variables, integrating both sides, and managing constants of integration across equivalent solution forms.","I can separate variables correctly, integrate both sides, include constants, recognize possible lost equilibrium solutions, and compare equivalent implicit or explicit forms.",AP Topic 7.6,separable_equation_solve,expression,,"Unit 7 Assessment Plan + AP Calculus AB Course Framework; supplied AP Topic scoring guides consulted for authentic representations and rigor only, with no published question wording copied.","Eligibility: after Section 7.3. Formative family 3, version 4."
U7-FA-D2-03-V5,MATH,7,7.3,formative_assessment,formative,d2_03_v5,n-a,2,"Solve separable differential equations by separating variables, integrating both sides, and managing constants of integration across equivalent solution forms.","I can separate variables correctly, integrate both sides, include constants, recognize possible lost equilibrium solutions, and compare equivalent implicit or explicit forms.",AP Topic 7.6,separable_equation_solve,expression,,"Unit 7 Assessment Plan + AP Calculus AB Course Framework; supplied AP Topic scoring guides consulted for authentic representations and rigor only, with no published question wording copied.","Eligibility: after Section 7.3. Formative family 3, version 5."
U7-FA-D2-03-V6,MATH,7,7.3,formative_assessment,formative,d2_03_v6,n-a,2,"Solve separable differential equations by separating variables, integrating both sides, and managing constants of integration across equivalent solution forms.","I can separate variables correctly, integrate both sides, include constants, recognize possible lost equilibrium solutions, and compare equivalent implicit or explicit forms.",AP Topic 7.6,separable_equation_solve,expression,,"Unit 7 Assessment Plan + AP Calculus AB Course Framework; supplied AP Topic scoring guides consulted for authentic representations and rigor only, with no published question wording copied.","Eligibility: after Section 7.3. Formative family 3, version 6."
U7-FA-D2-03-V7,MATH,7,7.3,formative_assessment,formative,d2_03_v7,n-a,2,"Solve separable differential equations by separating variables, integrating both sides, and managing constants of integration across equivalent solution forms.","I can separate variables correctly, integrate both sides, include constants, recognize possible lost equilibrium solutions, and compare equivalent implicit or explicit forms.",AP Topic 7.6,separable_equation_solve,expression,,"Unit 7 Assessment Plan + AP Calculus AB Course Framework; supplied AP Topic scoring guides consulted for authentic representations and rigor only, with no published question wording copied.","Eligibility: after Section 7.3. Formative family 3, version 7."
U7-FA-D2-03-V8,MATH,7,7.3,formative_assessment,formative,d2_03_v8,n-a,2,"Solve separable differential equations by separating variables, integrating both sides, and managing constants of integration across equivalent solution forms.","I can separate variables correctly, integrate both sides, include constants, recognize possible lost equilibrium solutions, and compare equivalent implicit or explicit forms.",AP Topic 7.6,separable_equation_solve,expression,,"Unit 7 Assessment Plan + AP Calculus AB Course Framework; supplied AP Topic scoring guides consulted for authentic representations and rigor only, with no published question wording copied.","Eligibility: after Section 7.3. Formative family 3, version 8."
U7-FA-D2-04-V1,MATH,7,7.5,formative_assessment,formative,d2_04_v1,n-a,2,Model and interpret exponential growth and decay from differential equations in contextual situations.,"I can build exponential growth or decay models from proportional-rate relationships and interpret the sign, units, parameters, and solution behavior in context.",AP Topic 7.8,particular_exponential_model,expression,,"Unit 7 Assessment Plan + AP Calculus AB Course Framework; supplied AP Topic scoring guides consulted for authentic representations and rigor only, with no published question wording copied.","Eligibility: after Section 7.5. Formative family 4, version 1."
U7-FA-D2-04-V2,MATH,7,7.5,formative_assessment,formative,d2_04_v2,n-a,2,Model and interpret exponential growth and decay from differential equations in contextual situations.,"I can build exponential growth or decay models from proportional-rate relationships and interpret the sign, units, parameters, and solution behavior in context.",AP Topic 7.8,particular_exponential_model,expression,,"Unit 7 Assessment Plan + AP Calculus AB Course Framework; supplied AP Topic scoring guides consulted for authentic representations and rigor only, with no published question wording copied.","Eligibility: after Section 7.5. Formative family 4, version 2."
U7-FA-D2-04-V3,MATH,7,7.5,formative_assessment,formative,d2_04_v3,n-a,2,Model and interpret exponential growth and decay from differential equations in contextual situations.,"I can build exponential growth or decay models from proportional-rate relationships and interpret the sign, units, parameters, and solution behavior in context.",AP Topic 7.8,particular_exponential_model,expression,,"Unit 7 Assessment Plan + AP Calculus AB Course Framework; supplied AP Topic scoring guides consulted for authentic representations and rigor only, with no published question wording copied.","Eligibility: after Section 7.5. Formative family 4, version 3."
U7-FA-D2-04-V4,MATH,7,7.5,formative_assessment,formative,d2_04_v4,n-a,2,Model and interpret exponential growth and decay from differential equations in contextual situations.,"I can build exponential growth or decay models from proportional-rate relationships and interpret the sign, units, parameters, and solution behavior in context.",AP Topic 7.8,particular_exponential_model,expression,,"Unit 7 Assessment Plan + AP Calculus AB Course Framework; supplied AP Topic scoring guides consulted for authentic representations and rigor only, with no published question wording copied.","Eligibility: after Section 7.5. Formative family 4, version 4."
U7-FA-D2-04-V5,MATH,7,7.5,formative_assessment,formative,d2_04_v5,n-a,2,Model and interpret exponential growth and decay from differential equations in contextual situations.,"I can build exponential growth or decay models from proportional-rate relationships and interpret the sign, units, parameters, and solution behavior in context.",AP Topic 7.8,particular_exponential_model,expression,,"Unit 7 Assessment Plan + AP Calculus AB Course Framework; supplied AP Topic scoring guides consulted for authentic representations and rigor only, with no published question wording copied.","Eligibility: after Section 7.5. Formative family 4, version 5."
U7-FA-D2-04-V6,MATH,7,7.5,formative_assessment,formative,d2_04_v6,n-a,2,Model and interpret exponential growth and decay from differential equations in contextual situations.,"I can build exponential growth or decay models from proportional-rate relationships and interpret the sign, units, parameters, and solution behavior in context.",AP Topic 7.8,particular_exponential_model,expression,,"Unit 7 Assessment Plan + AP Calculus AB Course Framework; supplied AP Topic scoring guides consulted for authentic representations and rigor only, with no published question wording copied.","Eligibility: after Section 7.5. Formative family 4, version 6."
U7-FA-D2-04-V7,MATH,7,7.5,formative_assessment,formative,d2_04_v7,n-a,2,Model and interpret exponential growth and decay from differential equations in contextual situations.,"I can build exponential growth or decay models from proportional-rate relationships and interpret the sign, units, parameters, and solution behavior in context.",AP Topic 7.8,particular_exponential_model,expression,,"Unit 7 Assessment Plan + AP Calculus AB Course Framework; supplied AP Topic scoring guides consulted for authentic representations and rigor only, with no published question wording copied.","Eligibility: after Section 7.5. Formative family 4, version 7."
U7-FA-D2-04-V8,MATH,7,7.5,formative_assessment,formative,d2_04_v8,n-a,2,Model and interpret exponential growth and decay from differential equations in contextual situations.,"I can build exponential growth or decay models from proportional-rate relationships and interpret the sign, units, parameters, and solution behavior in context.",AP Topic 7.8,particular_exponential_model,expression,,"Unit 7 Assessment Plan + AP Calculus AB Course Framework; supplied AP Topic scoring guides consulted for authentic representations and rigor only, with no published question wording copied.","Eligibility: after Section 7.5. Formative family 4, version 8."
U7-FA-D3-01-V1,MATH,7,7.1,formative_assessment,formative,d3_01_v1,n-a,3,Translate verbal rate relationships into differential equations and verify whether proposed functions satisfy a differential equation.,I can model verbal growth or change statements with differential equations and verify proposed solutions by checking the derivative relationship.,"AP Topics 7.1, 7.2",model_choice_critique,constructed_response,,"Unit 7 Assessment Plan + AP Calculus AB Course Framework; supplied AP Topic scoring guides consulted for authentic representations and rigor only, with no published question wording copied.","Eligibility: after Section 7.1. Formative family 1, version 1."
U7-FA-D3-01-V2,MATH,7,7.1,formative_assessment,formative,d3_01_v2,n-a,3,Translate verbal rate relationships into differential equations and verify whether proposed functions satisfy a differential equation.,I can model verbal growth or change statements with differential equations and verify proposed solutions by checking the derivative relationship.,"AP Topics 7.1, 7.2",model_choice_critique,constructed_response,,"Unit 7 Assessment Plan + AP Calculus AB Course Framework; supplied AP Topic scoring guides consulted for authentic representations and rigor only, with no published question wording copied.","Eligibility: after Section 7.1. Formative family 1, version 2."
U7-FA-D3-01-V3,MATH,7,7.1,formative_assessment,formative,d3_01_v3,n-a,3,Translate verbal rate relationships into differential equations and verify whether proposed functions satisfy a differential equation.,I can model verbal growth or change statements with differential equations and verify proposed solutions by checking the derivative relationship.,"AP Topics 7.1, 7.2",model_choice_critique,constructed_response,,"Unit 7 Assessment Plan + AP Calculus AB Course Framework; supplied AP Topic scoring guides consulted for authentic representations and rigor only, with no published question wording copied.","Eligibility: after Section 7.1. Formative family 1, version 3."
U7-FA-D3-01-V4,MATH,7,7.1,formative_assessment,formative,d3_01_v4,n-a,3,Translate verbal rate relationships into differential equations and verify whether proposed functions satisfy a differential equation.,I can model verbal growth or change statements with differential equations and verify proposed solutions by checking the derivative relationship.,"AP Topics 7.1, 7.2",model_choice_critique,constructed_response,,"Unit 7 Assessment Plan + AP Calculus AB Course Framework; supplied AP Topic scoring guides consulted for authentic representations and rigor only, with no published question wording copied.","Eligibility: after Section 7.1. Formative family 1, version 4."
U7-FA-D3-01-V5,MATH,7,7.1,formative_assessment,formative,d3_01_v5,n-a,3,Translate verbal rate relationships into differential equations and verify whether proposed functions satisfy a differential equation.,I can model verbal growth or change statements with differential equations and verify proposed solutions by checking the derivative relationship.,"AP Topics 7.1, 7.2",model_choice_critique,constructed_response,,"Unit 7 Assessment Plan + AP Calculus AB Course Framework; supplied AP Topic scoring guides consulted for authentic representations and rigor only, with no published question wording copied.","Eligibility: after Section 7.1. Formative family 1, version 5."
U7-FA-D3-01-V6,MATH,7,7.1,formative_assessment,formative,d3_01_v6,n-a,3,Translate verbal rate relationships into differential equations and verify whether proposed functions satisfy a differential equation.,I can model verbal growth or change statements with differential equations and verify proposed solutions by checking the derivative relationship.,"AP Topics 7.1, 7.2",model_choice_critique,constructed_response,,"Unit 7 Assessment Plan + AP Calculus AB Course Framework; supplied AP Topic scoring guides consulted for authentic representations and rigor only, with no published question wording copied.","Eligibility: after Section 7.1. Formative family 1, version 6."
U7-FA-D3-01-V7,MATH,7,7.1,formative_assessment,formative,d3_01_v7,n-a,3,Translate verbal rate relationships into differential equations and verify whether proposed functions satisfy a differential equation.,I can model verbal growth or change statements with differential equations and verify proposed solutions by checking the derivative relationship.,"AP Topics 7.1, 7.2",model_choice_critique,constructed_response,,"Unit 7 Assessment Plan + AP Calculus AB Course Framework; supplied AP Topic scoring guides consulted for authentic representations and rigor only, with no published question wording copied.","Eligibility: after Section 7.1. Formative family 1, version 7."
U7-FA-D3-01-V8,MATH,7,7.1,formative_assessment,formative,d3_01_v8,n-a,3,Translate verbal rate relationships into differential equations and verify whether proposed functions satisfy a differential equation.,I can model verbal growth or change statements with differential equations and verify proposed solutions by checking the derivative relationship.,"AP Topics 7.1, 7.2",model_choice_critique,constructed_response,,"Unit 7 Assessment Plan + AP Calculus AB Course Framework; supplied AP Topic scoring guides consulted for authentic representations and rigor only, with no published question wording copied.","Eligibility: after Section 7.1. Formative family 1, version 8."
U7-FA-D3-02-V1,MATH,7,7.2,formative_assessment,formative,d3_02_v1,n-a,3,"Sketch and interpret slope fields, connect local slope behavior to differential equations, and reason about solution curves graphically.","I can read local slopes from a slope field, match a field to a differential equation, and sketch or describe a solution curve through an initial point.","AP Topics 7.3, 7.4",slope_field_reasoning,constructed_response,u7_fa_d3_02_v1_fa_field_reason.png,"Unit 7 Assessment Plan + AP Calculus AB Course Framework; supplied AP Topic scoring guides consulted for authentic representations and rigor only, with no published question wording copied.","Eligibility: after Section 7.2. Formative family 2, version 1."
U7-FA-D3-02-V2,MATH,7,7.2,formative_assessment,formative,d3_02_v2,n-a,3,"Sketch and interpret slope fields, connect local slope behavior to differential equations, and reason about solution curves graphically.","I can read local slopes from a slope field, match a field to a differential equation, and sketch or describe a solution curve through an initial point.","AP Topics 7.3, 7.4",slope_field_reasoning,constructed_response,u7_fa_d3_02_v2_fa_field_reason.png,"Unit 7 Assessment Plan + AP Calculus AB Course Framework; supplied AP Topic scoring guides consulted for authentic representations and rigor only, with no published question wording copied.","Eligibility: after Section 7.2. Formative family 2, version 2."
U7-FA-D3-02-V3,MATH,7,7.2,formative_assessment,formative,d3_02_v3,n-a,3,"Sketch and interpret slope fields, connect local slope behavior to differential equations, and reason about solution curves graphically.","I can read local slopes from a slope field, match a field to a differential equation, and sketch or describe a solution curve through an initial point.","AP Topics 7.3, 7.4",slope_field_reasoning,constructed_response,u7_fa_d3_02_v3_fa_field_reason.png,"Unit 7 Assessment Plan + AP Calculus AB Course Framework; supplied AP Topic scoring guides consulted for authentic representations and rigor only, with no published question wording copied.","Eligibility: after Section 7.2. Formative family 2, version 3."
U7-FA-D3-02-V4,MATH,7,7.2,formative_assessment,formative,d3_02_v4,n-a,3,"Sketch and interpret slope fields, connect local slope behavior to differential equations, and reason about solution curves graphically.","I can read local slopes from a slope field, match a field to a differential equation, and sketch or describe a solution curve through an initial point.","AP Topics 7.3, 7.4",slope_field_reasoning,constructed_response,u7_fa_d3_02_v4_fa_field_reason.png,"Unit 7 Assessment Plan + AP Calculus AB Course Framework; supplied AP Topic scoring guides consulted for authentic representations and rigor only, with no published question wording copied.","Eligibility: after Section 7.2. Formative family 2, version 4."
U7-FA-D3-02-V5,MATH,7,7.2,formative_assessment,formative,d3_02_v5,n-a,3,"Sketch and interpret slope fields, connect local slope behavior to differential equations, and reason about solution curves graphically.","I can read local slopes from a slope field, match a field to a differential equation, and sketch or describe a solution curve through an initial point.","AP Topics 7.3, 7.4",slope_field_reasoning,constructed_response,u7_fa_d3_02_v5_fa_field_reason.png,"Unit 7 Assessment Plan + AP Calculus AB Course Framework; supplied AP Topic scoring guides consulted for authentic representations and rigor only, with no published question wording copied.","Eligibility: after Section 7.2. Formative family 2, version 5."
U7-FA-D3-02-V6,MATH,7,7.2,formative_assessment,formative,d3_02_v6,n-a,3,"Sketch and interpret slope fields, connect local slope behavior to differential equations, and reason about solution curves graphically.","I can read local slopes from a slope field, match a field to a differential equation, and sketch or describe a solution curve through an initial point.","AP Topics 7.3, 7.4",slope_field_reasoning,constructed_response,u7_fa_d3_02_v6_fa_field_reason.png,"Unit 7 Assessment Plan + AP Calculus AB Course Framework; supplied AP Topic scoring guides consulted for authentic representations and rigor only, with no published question wording copied.","Eligibility: after Section 7.2. Formative family 2, version 6."
U7-FA-D3-02-V7,MATH,7,7.2,formative_assessment,formative,d3_02_v7,n-a,3,"Sketch and interpret slope fields, connect local slope behavior to differential equations, and reason about solution curves graphically.","I can read local slopes from a slope field, match a field to a differential equation, and sketch or describe a solution curve through an initial point.","AP Topics 7.3, 7.4",slope_field_reasoning,constructed_response,u7_fa_d3_02_v7_fa_field_reason.png,"Unit 7 Assessment Plan + AP Calculus AB Course Framework; supplied AP Topic scoring guides consulted for authentic representations and rigor only, with no published question wording copied.","Eligibility: after Section 7.2. Formative family 2, version 7."
U7-FA-D3-02-V8,MATH,7,7.2,formative_assessment,formative,d3_02_v8,n-a,3,"Sketch and interpret slope fields, connect local slope behavior to differential equations, and reason about solution curves graphically.","I can read local slopes from a slope field, match a field to a differential equation, and sketch or describe a solution curve through an initial point.","AP Topics 7.3, 7.4",slope_field_reasoning,constructed_response,u7_fa_d3_02_v8_fa_field_reason.png,"Unit 7 Assessment Plan + AP Calculus AB Course Framework; supplied AP Topic scoring guides consulted for authentic representations and rigor only, with no published question wording copied.","Eligibility: after Section 7.2. Formative family 2, version 8."
U7-FA-D3-03-V1,MATH,7,7.3,formative_assessment,formative,d3_03_v1,n-a,3,"Solve separable differential equations by separating variables, integrating both sides, and managing constants of integration across equivalent solution forms.","I can separate variables correctly, integrate both sides, include constants, recognize possible lost equilibrium solutions, and compare equivalent implicit or explicit forms.",AP Topic 7.6,separation_solution_critique,constructed_response,,"Unit 7 Assessment Plan + AP Calculus AB Course Framework; supplied AP Topic scoring guides consulted for authentic representations and rigor only, with no published question wording copied.","Eligibility: after Section 7.3. Formative family 3, version 1."
U7-FA-D3-03-V2,MATH,7,7.3,formative_assessment,formative,d3_03_v2,n-a,3,"Solve separable differential equations by separating variables, integrating both sides, and managing constants of integration across equivalent solution forms.","I can separate variables correctly, integrate both sides, include constants, recognize possible lost equilibrium solutions, and compare equivalent implicit or explicit forms.",AP Topic 7.6,separation_solution_critique,constructed_response,,"Unit 7 Assessment Plan + AP Calculus AB Course Framework; supplied AP Topic scoring guides consulted for authentic representations and rigor only, with no published question wording copied.","Eligibility: after Section 7.3. Formative family 3, version 2."
U7-FA-D3-03-V3,MATH,7,7.3,formative_assessment,formative,d3_03_v3,n-a,3,"Solve separable differential equations by separating variables, integrating both sides, and managing constants of integration across equivalent solution forms.","I can separate variables correctly, integrate both sides, include constants, recognize possible lost equilibrium solutions, and compare equivalent implicit or explicit forms.",AP Topic 7.6,separation_solution_critique,constructed_response,,"Unit 7 Assessment Plan + AP Calculus AB Course Framework; supplied AP Topic scoring guides consulted for authentic representations and rigor only, with no published question wording copied.","Eligibility: after Section 7.3. Formative family 3, version 3."
U7-FA-D3-03-V4,MATH,7,7.3,formative_assessment,formative,d3_03_v4,n-a,3,"Solve separable differential equations by separating variables, integrating both sides, and managing constants of integration across equivalent solution forms.","I can separate variables correctly, integrate both sides, include constants, recognize possible lost equilibrium solutions, and compare equivalent implicit or explicit forms.",AP Topic 7.6,separation_solution_critique,constructed_response,,"Unit 7 Assessment Plan + AP Calculus AB Course Framework; supplied AP Topic scoring guides consulted for authentic representations and rigor only, with no published question wording copied.","Eligibility: after Section 7.3. Formative family 3, version 4."
U7-FA-D3-03-V5,MATH,7,7.3,formative_assessment,formative,d3_03_v5,n-a,3,"Solve separable differential equations by separating variables, integrating both sides, and managing constants of integration across equivalent solution forms.","I can separate variables correctly, integrate both sides, include constants, recognize possible lost equilibrium solutions, and compare equivalent implicit or explicit forms.",AP Topic 7.6,separation_solution_critique,constructed_response,,"Unit 7 Assessment Plan + AP Calculus AB Course Framework; supplied AP Topic scoring guides consulted for authentic representations and rigor only, with no published question wording copied.","Eligibility: after Section 7.3. Formative family 3, version 5."
U7-FA-D3-03-V6,MATH,7,7.3,formative_assessment,formative,d3_03_v6,n-a,3,"Solve separable differential equations by separating variables, integrating both sides, and managing constants of integration across equivalent solution forms.","I can separate variables correctly, integrate both sides, include constants, recognize possible lost equilibrium solutions, and compare equivalent implicit or explicit forms.",AP Topic 7.6,separation_solution_critique,constructed_response,,"Unit 7 Assessment Plan + AP Calculus AB Course Framework; supplied AP Topic scoring guides consulted for authentic representations and rigor only, with no published question wording copied.","Eligibility: after Section 7.3. Formative family 3, version 6."
U7-FA-D3-03-V7,MATH,7,7.3,formative_assessment,formative,d3_03_v7,n-a,3,"Solve separable differential equations by separating variables, integrating both sides, and managing constants of integration across equivalent solution forms.","I can separate variables correctly, integrate both sides, include constants, recognize possible lost equilibrium solutions, and compare equivalent implicit or explicit forms.",AP Topic 7.6,separation_solution_critique,constructed_response,,"Unit 7 Assessment Plan + AP Calculus AB Course Framework; supplied AP Topic scoring guides consulted for authentic representations and rigor only, with no published question wording copied.","Eligibility: after Section 7.3. Formative family 3, version 7."
U7-FA-D3-03-V8,MATH,7,7.3,formative_assessment,formative,d3_03_v8,n-a,3,"Solve separable differential equations by separating variables, integrating both sides, and managing constants of integration across equivalent solution forms.","I can separate variables correctly, integrate both sides, include constants, recognize possible lost equilibrium solutions, and compare equivalent implicit or explicit forms.",AP Topic 7.6,separation_solution_critique,constructed_response,,"Unit 7 Assessment Plan + AP Calculus AB Course Framework; supplied AP Topic scoring guides consulted for authentic representations and rigor only, with no published question wording copied.","Eligibility: after Section 7.3. Formative family 3, version 8."
U7-FA-D3-04-V1,MATH,7,7.4,formative_assessment,formative,d3_04_v1,n-a,3,Use initial conditions to determine constants and produce particular solutions to separable differential equations.,I can use an initial condition to select one member of a solution family and express the requested particular solution with an appropriate branch or form.,AP Topic 7.7,particular_solution_synthesis,constructed_response,,"Unit 7 Assessment Plan + AP Calculus AB Course Framework; supplied AP Topic scoring guides consulted for authentic representations and rigor only, with no published question wording copied.","Eligibility: after Section 7.4. Formative family 4, version 1."
U7-FA-D3-04-V2,MATH,7,7.4,formative_assessment,formative,d3_04_v2,n-a,3,Use initial conditions to determine constants and produce particular solutions to separable differential equations.,I can use an initial condition to select one member of a solution family and express the requested particular solution with an appropriate branch or form.,AP Topic 7.7,particular_solution_synthesis,constructed_response,,"Unit 7 Assessment Plan + AP Calculus AB Course Framework; supplied AP Topic scoring guides consulted for authentic representations and rigor only, with no published question wording copied.","Eligibility: after Section 7.4. Formative family 4, version 2."
U7-FA-D3-04-V3,MATH,7,7.4,formative_assessment,formative,d3_04_v3,n-a,3,Use initial conditions to determine constants and produce particular solutions to separable differential equations.,I can use an initial condition to select one member of a solution family and express the requested particular solution with an appropriate branch or form.,AP Topic 7.7,particular_solution_synthesis,constructed_response,,"Unit 7 Assessment Plan + AP Calculus AB Course Framework; supplied AP Topic scoring guides consulted for authentic representations and rigor only, with no published question wording copied.","Eligibility: after Section 7.4. Formative family 4, version 3."
U7-FA-D3-04-V4,MATH,7,7.4,formative_assessment,formative,d3_04_v4,n-a,3,Use initial conditions to determine constants and produce particular solutions to separable differential equations.,I can use an initial condition to select one member of a solution family and express the requested particular solution with an appropriate branch or form.,AP Topic 7.7,particular_solution_synthesis,constructed_response,,"Unit 7 Assessment Plan + AP Calculus AB Course Framework; supplied AP Topic scoring guides consulted for authentic representations and rigor only, with no published question wording copied.","Eligibility: after Section 7.4. Formative family 4, version 4."
U7-FA-D3-04-V5,MATH,7,7.4,formative_assessment,formative,d3_04_v5,n-a,3,Use initial conditions to determine constants and produce particular solutions to separable differential equations.,I can use an initial condition to select one member of a solution family and express the requested particular solution with an appropriate branch or form.,AP Topic 7.7,particular_solution_synthesis,constructed_response,,"Unit 7 Assessment Plan + AP Calculus AB Course Framework; supplied AP Topic scoring guides consulted for authentic representations and rigor only, with no published question wording copied.","Eligibility: after Section 7.4. Formative family 4, version 5."
U7-FA-D3-04-V6,MATH,7,7.4,formative_assessment,formative,d3_04_v6,n-a,3,Use initial conditions to determine constants and produce particular solutions to separable differential equations.,I can use an initial condition to select one member of a solution family and express the requested particular solution with an appropriate branch or form.,AP Topic 7.7,particular_solution_synthesis,constructed_response,,"Unit 7 Assessment Plan + AP Calculus AB Course Framework; supplied AP Topic scoring guides consulted for authentic representations and rigor only, with no published question wording copied.","Eligibility: after Section 7.4. Formative family 4, version 6."
U7-FA-D3-04-V7,MATH,7,7.4,formative_assessment,formative,d3_04_v7,n-a,3,Use initial conditions to determine constants and produce particular solutions to separable differential equations.,I can use an initial condition to select one member of a solution family and express the requested particular solution with an appropriate branch or form.,AP Topic 7.7,particular_solution_synthesis,constructed_response,,"Unit 7 Assessment Plan + AP Calculus AB Course Framework; supplied AP Topic scoring guides consulted for authentic representations and rigor only, with no published question wording copied.","Eligibility: after Section 7.4. Formative family 4, version 7."
U7-FA-D3-04-V8,MATH,7,7.4,formative_assessment,formative,d3_04_v8,n-a,3,Use initial conditions to determine constants and produce particular solutions to separable differential equations.,I can use an initial condition to select one member of a solution family and express the requested particular solution with an appropriate branch or form.,AP Topic 7.7,particular_solution_synthesis,constructed_response,,"Unit 7 Assessment Plan + AP Calculus AB Course Framework; supplied AP Topic scoring guides consulted for authentic representations and rigor only, with no published question wording copied.","Eligibility: after Section 7.4. Formative family 4, version 8."
U7-FA-D4-01-V1,MATH,7,7.2,formative_assessment,formative,d4_01_v1,performance,4,"Sketch and interpret slope fields, connect local slope behavior to differential equations, and reason about solution curves graphically.","I can read local slopes from a slope field, match a field to a differential equation, and sketch or describe a solution curve through an initial point.","AP Topics 7.3, 7.4",slope_field_investigation,performance,,"Unit 7 Assessment Plan + AP Calculus AB Course Framework; supplied AP Topic scoring guides consulted for authentic representations and rigor only, with no published question wording copied.","Eligibility: after Section 7.2. Formative family 1, version 1."
U7-FA-D4-01-V2,MATH,7,7.2,formative_assessment,formative,d4_01_v2,performance,4,"Sketch and interpret slope fields, connect local slope behavior to differential equations, and reason about solution curves graphically.","I can read local slopes from a slope field, match a field to a differential equation, and sketch or describe a solution curve through an initial point.","AP Topics 7.3, 7.4",slope_field_investigation,performance,,"Unit 7 Assessment Plan + AP Calculus AB Course Framework; supplied AP Topic scoring guides consulted for authentic representations and rigor only, with no published question wording copied.","Eligibility: after Section 7.2. Formative family 1, version 2."
U7-FA-D4-01-V3,MATH,7,7.2,formative_assessment,formative,d4_01_v3,performance,4,"Sketch and interpret slope fields, connect local slope behavior to differential equations, and reason about solution curves graphically.","I can read local slopes from a slope field, match a field to a differential equation, and sketch or describe a solution curve through an initial point.","AP Topics 7.3, 7.4",slope_field_investigation,performance,,"Unit 7 Assessment Plan + AP Calculus AB Course Framework; supplied AP Topic scoring guides consulted for authentic representations and rigor only, with no published question wording copied.","Eligibility: after Section 7.2. Formative family 1, version 3."
U7-FA-D4-01-V4,MATH,7,7.2,formative_assessment,formative,d4_01_v4,performance,4,"Sketch and interpret slope fields, connect local slope behavior to differential equations, and reason about solution curves graphically.","I can read local slopes from a slope field, match a field to a differential equation, and sketch or describe a solution curve through an initial point.","AP Topics 7.3, 7.4",slope_field_investigation,performance,,"Unit 7 Assessment Plan + AP Calculus AB Course Framework; supplied AP Topic scoring guides consulted for authentic representations and rigor only, with no published question wording copied.","Eligibility: after Section 7.2. Formative family 1, version 4."
U7-FA-D4-01-V5,MATH,7,7.2,formative_assessment,formative,d4_01_v5,performance,4,"Sketch and interpret slope fields, connect local slope behavior to differential equations, and reason about solution curves graphically.","I can read local slopes from a slope field, match a field to a differential equation, and sketch or describe a solution curve through an initial point.","AP Topics 7.3, 7.4",slope_field_investigation,performance,,"Unit 7 Assessment Plan + AP Calculus AB Course Framework; supplied AP Topic scoring guides consulted for authentic representations and rigor only, with no published question wording copied.","Eligibility: after Section 7.2. Formative family 1, version 5."
U7-FA-D4-01-V6,MATH,7,7.2,formative_assessment,formative,d4_01_v6,performance,4,"Sketch and interpret slope fields, connect local slope behavior to differential equations, and reason about solution curves graphically.","I can read local slopes from a slope field, match a field to a differential equation, and sketch or describe a solution curve through an initial point.","AP Topics 7.3, 7.4",slope_field_investigation,performance,,"Unit 7 Assessment Plan + AP Calculus AB Course Framework; supplied AP Topic scoring guides consulted for authentic representations and rigor only, with no published question wording copied.","Eligibility: after Section 7.2. Formative family 1, version 6."
U7-FA-D4-01-V7,MATH,7,7.2,formative_assessment,formative,d4_01_v7,performance,4,"Sketch and interpret slope fields, connect local slope behavior to differential equations, and reason about solution curves graphically.","I can read local slopes from a slope field, match a field to a differential equation, and sketch or describe a solution curve through an initial point.","AP Topics 7.3, 7.4",slope_field_investigation,performance,,"Unit 7 Assessment Plan + AP Calculus AB Course Framework; supplied AP Topic scoring guides consulted for authentic representations and rigor only, with no published question wording copied.","Eligibility: after Section 7.2. Formative family 1, version 7."
U7-FA-D4-01-V8,MATH,7,7.2,formative_assessment,formative,d4_01_v8,performance,4,"Sketch and interpret slope fields, connect local slope behavior to differential equations, and reason about solution curves graphically.","I can read local slopes from a slope field, match a field to a differential equation, and sketch or describe a solution curve through an initial point.","AP Topics 7.3, 7.4",slope_field_investigation,performance,,"Unit 7 Assessment Plan + AP Calculus AB Course Framework; supplied AP Topic scoring guides consulted for authentic representations and rigor only, with no published question wording copied.","Eligibility: after Section 7.2. Formative family 1, version 8."
U7-FA-D4-02-V1,MATH,7,7.5,formative_assessment,formative,d4_02_v1,performance,4,Model and interpret exponential growth and decay from differential equations in contextual situations.,"I can build exponential growth or decay models from proportional-rate relationships and interpret the sign, units, parameters, and solution behavior in context.",AP Topic 7.8,differential_model_performance,performance,,"Unit 7 Assessment Plan + AP Calculus AB Course Framework; supplied AP Topic scoring guides consulted for authentic representations and rigor only, with no published question wording copied.","Eligibility: after Section 7.5. Formative family 2, version 1."
U7-FA-D4-02-V2,MATH,7,7.5,formative_assessment,formative,d4_02_v2,performance,4,Model and interpret exponential growth and decay from differential equations in contextual situations.,"I can build exponential growth or decay models from proportional-rate relationships and interpret the sign, units, parameters, and solution behavior in context.",AP Topic 7.8,differential_model_performance,performance,,"Unit 7 Assessment Plan + AP Calculus AB Course Framework; supplied AP Topic scoring guides consulted for authentic representations and rigor only, with no published question wording copied.","Eligibility: after Section 7.5. Formative family 2, version 2."
U7-FA-D4-02-V3,MATH,7,7.5,formative_assessment,formative,d4_02_v3,performance,4,Model and interpret exponential growth and decay from differential equations in contextual situations.,"I can build exponential growth or decay models from proportional-rate relationships and interpret the sign, units, parameters, and solution behavior in context.",AP Topic 7.8,differential_model_performance,performance,,"Unit 7 Assessment Plan + AP Calculus AB Course Framework; supplied AP Topic scoring guides consulted for authentic representations and rigor only, with no published question wording copied.","Eligibility: after Section 7.5. Formative family 2, version 3."
U7-FA-D4-02-V4,MATH,7,7.5,formative_assessment,formative,d4_02_v4,performance,4,Model and interpret exponential growth and decay from differential equations in contextual situations.,"I can build exponential growth or decay models from proportional-rate relationships and interpret the sign, units, parameters, and solution behavior in context.",AP Topic 7.8,differential_model_performance,performance,,"Unit 7 Assessment Plan + AP Calculus AB Course Framework; supplied AP Topic scoring guides consulted for authentic representations and rigor only, with no published question wording copied.","Eligibility: after Section 7.5. Formative family 2, version 4."
U7-FA-D4-02-V5,MATH,7,7.5,formative_assessment,formative,d4_02_v5,performance,4,Model and interpret exponential growth and decay from differential equations in contextual situations.,"I can build exponential growth or decay models from proportional-rate relationships and interpret the sign, units, parameters, and solution behavior in context.",AP Topic 7.8,differential_model_performance,performance,,"Unit 7 Assessment Plan + AP Calculus AB Course Framework; supplied AP Topic scoring guides consulted for authentic representations and rigor only, with no published question wording copied.","Eligibility: after Section 7.5. Formative family 2, version 5."
U7-FA-D4-02-V6,MATH,7,7.5,formative_assessment,formative,d4_02_v6,performance,4,Model and interpret exponential growth and decay from differential equations in contextual situations.,"I can build exponential growth or decay models from proportional-rate relationships and interpret the sign, units, parameters, and solution behavior in context.",AP Topic 7.8,differential_model_performance,performance,,"Unit 7 Assessment Plan + AP Calculus AB Course Framework; supplied AP Topic scoring guides consulted for authentic representations and rigor only, with no published question wording copied.","Eligibility: after Section 7.5. Formative family 2, version 6."
U7-FA-D4-02-V7,MATH,7,7.5,formative_assessment,formative,d4_02_v7,performance,4,Model and interpret exponential growth and decay from differential equations in contextual situations.,"I can build exponential growth or decay models from proportional-rate relationships and interpret the sign, units, parameters, and solution behavior in context.",AP Topic 7.8,differential_model_performance,performance,,"Unit 7 Assessment Plan + AP Calculus AB Course Framework; supplied AP Topic scoring guides consulted for authentic representations and rigor only, with no published question wording copied.","Eligibility: after Section 7.5. Formative family 2, version 7."
U7-FA-D4-02-V8,MATH,7,7.5,formative_assessment,formative,d4_02_v8,performance,4,Model and interpret exponential growth and decay from differential equations in contextual situations.,"I can build exponential growth or decay models from proportional-rate relationships and interpret the sign, units, parameters, and solution behavior in context.",AP Topic 7.8,differential_model_performance,performance,,"Unit 7 Assessment Plan + AP Calculus AB Course Framework; supplied AP Topic scoring guides consulted for authentic representations and rigor only, with no published question wording copied.","Eligibility: after Section 7.5. Formative family 2, version 8."
U7-FA-D4-03-V1,MATH,7,7.4,formative_assessment,formative,d4_03_v1,performance,4,Use initial conditions to determine constants and produce particular solutions to separable differential equations.,I can use an initial condition to select one member of a solution family and express the requested particular solution with an appropriate branch or form.,AP Topic 7.7,solution_family_study,performance,,"Unit 7 Assessment Plan + AP Calculus AB Course Framework; supplied AP Topic scoring guides consulted for authentic representations and rigor only, with no published question wording copied.","Eligibility: after Section 7.4. Formative family 3, version 1."
U7-FA-D4-03-V2,MATH,7,7.4,formative_assessment,formative,d4_03_v2,performance,4,Use initial conditions to determine constants and produce particular solutions to separable differential equations.,I can use an initial condition to select one member of a solution family and express the requested particular solution with an appropriate branch or form.,AP Topic 7.7,solution_family_study,performance,,"Unit 7 Assessment Plan + AP Calculus AB Course Framework; supplied AP Topic scoring guides consulted for authentic representations and rigor only, with no published question wording copied.","Eligibility: after Section 7.4. Formative family 3, version 2."
U7-FA-D4-03-V3,MATH,7,7.4,formative_assessment,formative,d4_03_v3,performance,4,Use initial conditions to determine constants and produce particular solutions to separable differential equations.,I can use an initial condition to select one member of a solution family and express the requested particular solution with an appropriate branch or form.,AP Topic 7.7,solution_family_study,performance,,"Unit 7 Assessment Plan + AP Calculus AB Course Framework; supplied AP Topic scoring guides consulted for authentic representations and rigor only, with no published question wording copied.","Eligibility: after Section 7.4. Formative family 3, version 3."
U7-FA-D4-03-V4,MATH,7,7.4,formative_assessment,formative,d4_03_v4,performance,4,Use initial conditions to determine constants and produce particular solutions to separable differential equations.,I can use an initial condition to select one member of a solution family and express the requested particular solution with an appropriate branch or form.,AP Topic 7.7,solution_family_study,performance,,"Unit 7 Assessment Plan + AP Calculus AB Course Framework; supplied AP Topic scoring guides consulted for authentic representations and rigor only, with no published question wording copied.","Eligibility: after Section 7.4. Formative family 3, version 4."
U7-FA-D4-03-V5,MATH,7,7.4,formative_assessment,formative,d4_03_v5,performance,4,Use initial conditions to determine constants and produce particular solutions to separable differential equations.,I can use an initial condition to select one member of a solution family and express the requested particular solution with an appropriate branch or form.,AP Topic 7.7,solution_family_study,performance,,"Unit 7 Assessment Plan + AP Calculus AB Course Framework; supplied AP Topic scoring guides consulted for authentic representations and rigor only, with no published question wording copied.","Eligibility: after Section 7.4. Formative family 3, version 5."
U7-FA-D4-03-V6,MATH,7,7.4,formative_assessment,formative,d4_03_v6,performance,4,Use initial conditions to determine constants and produce particular solutions to separable differential equations.,I can use an initial condition to select one member of a solution family and express the requested particular solution with an appropriate branch or form.,AP Topic 7.7,solution_family_study,performance,,"Unit 7 Assessment Plan + AP Calculus AB Course Framework; supplied AP Topic scoring guides consulted for authentic representations and rigor only, with no published question wording copied.","Eligibility: after Section 7.4. Formative family 3, version 6."
U7-FA-D4-03-V7,MATH,7,7.4,formative_assessment,formative,d4_03_v7,performance,4,Use initial conditions to determine constants and produce particular solutions to separable differential equations.,I can use an initial condition to select one member of a solution family and express the requested particular solution with an appropriate branch or form.,AP Topic 7.7,solution_family_study,performance,,"Unit 7 Assessment Plan + AP Calculus AB Course Framework; supplied AP Topic scoring guides consulted for authentic representations and rigor only, with no published question wording copied.","Eligibility: after Section 7.4. Formative family 3, version 7."
U7-FA-D4-03-V8,MATH,7,7.4,formative_assessment,formative,d4_03_v8,performance,4,Use initial conditions to determine constants and produce particular solutions to separable differential equations.,I can use an initial condition to select one member of a solution family and express the requested particular solution with an appropriate branch or form.,AP Topic 7.7,solution_family_study,performance,,"Unit 7 Assessment Plan + AP Calculus AB Course Framework; supplied AP Topic scoring guides consulted for authentic representations and rigor only, with no published question wording copied.","Eligibility: after Section 7.4. Formative family 3, version 8."
U7-FA-D4-04-V1,MATH,7,7.5,formative_assessment,formative,d4_04_v1,performance,4,Model and interpret exponential growth and decay from differential equations in contextual situations.,"I can build exponential growth or decay models from proportional-rate relationships and interpret the sign, units, parameters, and solution behavior in context.",AP Topic 7.8,equation_field_solution_synthesis,performance,u7_fa_d4_04_v1_fa_synthesis_field.png,"Unit 7 Assessment Plan + AP Calculus AB Course Framework; supplied AP Topic scoring guides consulted for authentic representations and rigor only, with no published question wording copied.","Eligibility: after Section 7.5. Formative family 4, version 1."
U7-FA-D4-04-V2,MATH,7,7.5,formative_assessment,formative,d4_04_v2,performance,4,Model and interpret exponential growth and decay from differential equations in contextual situations.,"I can build exponential growth or decay models from proportional-rate relationships and interpret the sign, units, parameters, and solution behavior in context.",AP Topic 7.8,equation_field_solution_synthesis,performance,u7_fa_d4_04_v2_fa_synthesis_field.png,"Unit 7 Assessment Plan + AP Calculus AB Course Framework; supplied AP Topic scoring guides consulted for authentic representations and rigor only, with no published question wording copied.","Eligibility: after Section 7.5. Formative family 4, version 2."
U7-FA-D4-04-V3,MATH,7,7.5,formative_assessment,formative,d4_04_v3,performance,4,Model and interpret exponential growth and decay from differential equations in contextual situations.,"I can build exponential growth or decay models from proportional-rate relationships and interpret the sign, units, parameters, and solution behavior in context.",AP Topic 7.8,equation_field_solution_synthesis,performance,u7_fa_d4_04_v3_fa_synthesis_field.png,"Unit 7 Assessment Plan + AP Calculus AB Course Framework; supplied AP Topic scoring guides consulted for authentic representations and rigor only, with no published question wording copied.","Eligibility: after Section 7.5. Formative family 4, version 3."
U7-FA-D4-04-V4,MATH,7,7.5,formative_assessment,formative,d4_04_v4,performance,4,Model and interpret exponential growth and decay from differential equations in contextual situations.,"I can build exponential growth or decay models from proportional-rate relationships and interpret the sign, units, parameters, and solution behavior in context.",AP Topic 7.8,equation_field_solution_synthesis,performance,u7_fa_d4_04_v4_fa_synthesis_field.png,"Unit 7 Assessment Plan + AP Calculus AB Course Framework; supplied AP Topic scoring guides consulted for authentic representations and rigor only, with no published question wording copied.","Eligibility: after Section 7.5. Formative family 4, version 4."
U7-FA-D4-04-V5,MATH,7,7.5,formative_assessment,formative,d4_04_v5,performance,4,Model and interpret exponential growth and decay from differential equations in contextual situations.,"I can build exponential growth or decay models from proportional-rate relationships and interpret the sign, units, parameters, and solution behavior in context.",AP Topic 7.8,equation_field_solution_synthesis,performance,u7_fa_d4_04_v5_fa_synthesis_field.png,"Unit 7 Assessment Plan + AP Calculus AB Course Framework; supplied AP Topic scoring guides consulted for authentic representations and rigor only, with no published question wording copied.","Eligibility: after Section 7.5. Formative family 4, version 5."
U7-FA-D4-04-V6,MATH,7,7.5,formative_assessment,formative,d4_04_v6,performance,4,Model and interpret exponential growth and decay from differential equations in contextual situations.,"I can build exponential growth or decay models from proportional-rate relationships and interpret the sign, units, parameters, and solution behavior in context.",AP Topic 7.8,equation_field_solution_synthesis,performance,u7_fa_d4_04_v6_fa_synthesis_field.png,"Unit 7 Assessment Plan + AP Calculus AB Course Framework; supplied AP Topic scoring guides consulted for authentic representations and rigor only, with no published question wording copied.","Eligibility: after Section 7.5. Formative family 4, version 6."
U7-FA-D4-04-V7,MATH,7,7.5,formative_assessment,formative,d4_04_v7,performance,4,Model and interpret exponential growth and decay from differential equations in contextual situations.,"I can build exponential growth or decay models from proportional-rate relationships and interpret the sign, units, parameters, and solution behavior in context.",AP Topic 7.8,equation_field_solution_synthesis,performance,u7_fa_d4_04_v7_fa_synthesis_field.png,"Unit 7 Assessment Plan + AP Calculus AB Course Framework; supplied AP Topic scoring guides consulted for authentic representations and rigor only, with no published question wording copied.","Eligibility: after Section 7.5. Formative family 4, version 7."
U7-FA-D4-04-V8,MATH,7,7.5,formative_assessment,formative,d4_04_v8,performance,4,Model and interpret exponential growth and decay from differential equations in contextual situations.,"I can build exponential growth or decay models from proportional-rate relationships and interpret the sign, units, parameters, and solution behavior in context.",AP Topic 7.8,equation_field_solution_synthesis,performance,u7_fa_d4_04_v8_fa_synthesis_field.png,"Unit 7 Assessment Plan + AP Calculus AB Course Framework; supplied AP Topic scoring guides consulted for authentic representations and rigor only, with no published question wording copied.","Eligibility: after Section 7.5. Formative family 4, version 8."
U7-SUM-V1-Q01,MATH,7,7.1,summative_assessment,summative,v1_q01,unit-synthesis,1,Translate verbal rate relationships into differential equations and verify whether proposed functions satisfy a differential equation.,I can model verbal growth or change statements with differential equations and verify proposed solutions by checking the derivative relationship.,"AP Topics 7.1, 7.2",de_recognition_mc,multiple_choice,,"Unit 7 Assessment Plan + AP Calculus AB Course Framework; supplied AP Topic scoring guides consulted for authentic representations and rigor only, with no published question wording copied.",AP-style mixed selected/constructed response source; no published wording copied.
U7-SUM-V1-Q02,MATH,7,7.2,summative_assessment,summative,v1_q02,unit-synthesis,1,"Sketch and interpret slope fields, connect local slope behavior to differential equations, and reason about solution curves graphically.","I can read local slopes from a slope field, match a field to a differential equation, and sketch or describe a solution curve through an initial point.","AP Topics 7.3, 7.4",local_slope_mc,multiple_choice,,"Unit 7 Assessment Plan + AP Calculus AB Course Framework; supplied AP Topic scoring guides consulted for authentic representations and rigor only, with no published question wording copied.",AP-style mixed selected/constructed response source; no published wording copied.
U7-SUM-V1-Q03,MATH,7,7.3,summative_assessment,summative,v1_q03,unit-synthesis,1,"Solve separable differential equations by separating variables, integrating both sides, and managing constants of integration across equivalent solution forms.","I can separate variables correctly, integrate both sides, include constants, recognize possible lost equilibrium solutions, and compare equivalent implicit or explicit forms.",AP Topic 7.6,separation_step_mc,multiple_choice,,"Unit 7 Assessment Plan + AP Calculus AB Course Framework; supplied AP Topic scoring guides consulted for authentic representations and rigor only, with no published question wording copied.",AP-style mixed selected/constructed response source; no published wording copied.
U7-SUM-V1-Q04,MATH,7,7.4,summative_assessment,summative,v1_q04,unit-synthesis,1,Use initial conditions to determine constants and produce particular solutions to separable differential equations.,I can use an initial condition to select one member of a solution family and express the requested particular solution with an appropriate branch or form.,AP Topic 7.7,general_particular_mc,multiple_choice,,"Unit 7 Assessment Plan + AP Calculus AB Course Framework; supplied AP Topic scoring guides consulted for authentic representations and rigor only, with no published question wording copied.",AP-style mixed selected/constructed response source; no published wording copied.
U7-SUM-V1-Q05,MATH,7,7.5,summative_assessment,summative,v1_q05,unit-synthesis,1,Model and interpret exponential growth and decay from differential equations in contextual situations.,"I can build exponential growth or decay models from proportional-rate relationships and interpret the sign, units, parameters, and solution behavior in context.",AP Topic 7.8,growth_decay_mc,multiple_choice,,"Unit 7 Assessment Plan + AP Calculus AB Course Framework; supplied AP Topic scoring guides consulted for authentic representations and rigor only, with no published question wording copied.",AP-style mixed selected/constructed response source; no published wording copied.
U7-SUM-V1-Q06,MATH,7,7.1,summative_assessment,summative,v1_q06,unit-synthesis,2,Translate verbal rate relationships into differential equations and verify whether proposed functions satisfy a differential equation.,I can model verbal growth or change statements with differential equations and verify proposed solutions by checking the derivative relationship.,"AP Topics 7.1, 7.2",solution_verification_mc,multiple_choice,,"Unit 7 Assessment Plan + AP Calculus AB Course Framework; supplied AP Topic scoring guides consulted for authentic representations and rigor only, with no published question wording copied.",AP-style mixed selected/constructed response source; no published wording copied.
U7-SUM-V1-Q07,MATH,7,7.2,summative_assessment,summative,v1_q07,unit-synthesis,2,"Sketch and interpret slope fields, connect local slope behavior to differential equations, and reason about solution curves graphically.","I can read local slopes from a slope field, match a field to a differential equation, and sketch or describe a solution curve through an initial point.","AP Topics 7.3, 7.4",field_locus_mc,multiple_choice,u7_sum_v1_q07_sum_field_mc.png,"Unit 7 Assessment Plan + AP Calculus AB Course Framework; supplied AP Topic scoring guides consulted for authentic representations and rigor only, with no published question wording copied.",AP-style mixed selected/constructed response source; no published wording copied.
U7-SUM-V1-Q08,MATH,7,7.3,summative_assessment,summative,v1_q08,unit-synthesis,3,"Solve separable differential equations by separating variables, integrating both sides, and managing constants of integration across equivalent solution forms.","I can separate variables correctly, integrate both sides, include constants, recognize possible lost equilibrium solutions, and compare equivalent implicit or explicit forms.",AP Topic 7.6,lost_solution_mc,multiple_choice,,"Unit 7 Assessment Plan + AP Calculus AB Course Framework; supplied AP Topic scoring guides consulted for authentic representations and rigor only, with no published question wording copied.",AP-style mixed selected/constructed response source; no published wording copied.
U7-SUM-V1-Q09,MATH,7,7.4,summative_assessment,summative,v1_q09,unit-synthesis,1,Use initial conditions to determine constants and produce particular solutions to separable differential equations.,I can use an initial condition to select one member of a solution family and express the requested particular solution with an appropriate branch or form.,AP Topic 7.7,initial_constant_mc,multiple_choice,,"Unit 7 Assessment Plan + AP Calculus AB Course Framework; supplied AP Topic scoring guides consulted for authentic representations and rigor only, with no published question wording copied.",AP-style mixed selected/constructed response source; no published wording copied.
U7-SUM-V1-Q10,MATH,7,7.5,summative_assessment,summative,v1_q10,unit-synthesis,2,Model and interpret exponential growth and decay from differential equations in contextual situations.,"I can build exponential growth or decay models from proportional-rate relationships and interpret the sign, units, parameters, and solution behavior in context.",AP Topic 7.8,half_life_mc,multiple_choice,,"Unit 7 Assessment Plan + AP Calculus AB Course Framework; supplied AP Topic scoring guides consulted for authentic representations and rigor only, with no published question wording copied.",AP-style mixed selected/constructed response source; no published wording copied.
U7-SUM-V1-Q11,MATH,7,7.1,summative_assessment,summative,v1_q11,unit-synthesis,1,Translate verbal rate relationships into differential equations and verify whether proposed functions satisfy a differential equation.,I can model verbal growth or change statements with differential equations and verify proposed solutions by checking the derivative relationship.,"AP Topics 7.1, 7.2",de_model_mc,multiple_choice,,"Unit 7 Assessment Plan + AP Calculus AB Course Framework; supplied AP Topic scoring guides consulted for authentic representations and rigor only, with no published question wording copied.",AP-style mixed selected/constructed response source; no published wording copied.
U7-SUM-V1-Q12,MATH,7,7.2,summative_assessment,summative,v1_q12,unit-synthesis,2,"Sketch and interpret slope fields, connect local slope behavior to differential equations, and reason about solution curves graphically.","I can read local slopes from a slope field, match a field to a differential equation, and sketch or describe a solution curve through an initial point.","AP Topics 7.3, 7.4",field_match_mc,multiple_choice,,"Unit 7 Assessment Plan + AP Calculus AB Course Framework; supplied AP Topic scoring guides consulted for authentic representations and rigor only, with no published question wording copied.",AP-style mixed selected/constructed response source; no published wording copied.
U7-SUM-V1-Q13,MATH,7,7.3,summative_assessment,summative,v1_q13,unit-synthesis,2,"Solve separable differential equations by separating variables, integrating both sides, and managing constants of integration across equivalent solution forms.","I can separate variables correctly, integrate both sides, include constants, recognize possible lost equilibrium solutions, and compare equivalent implicit or explicit forms.",AP Topic 7.6,separation_frq,constructed_response,,"Unit 7 Assessment Plan + AP Calculus AB Course Framework; supplied AP Topic scoring guides consulted for authentic representations and rigor only, with no published question wording copied.",AP-style mixed selected/constructed response source; no published wording copied.
U7-SUM-V1-Q14,MATH,7,7.4,summative_assessment,summative,v1_q14,unit-synthesis,2,Use initial conditions to determine constants and produce particular solutions to separable differential equations.,I can use an initial condition to select one member of a solution family and express the requested particular solution with an appropriate branch or form.,AP Topic 7.7,particular_solution_frq,constructed_response,,"Unit 7 Assessment Plan + AP Calculus AB Course Framework; supplied AP Topic scoring guides consulted for authentic representations and rigor only, with no published question wording copied.",AP-style mixed selected/constructed response source; no published wording copied.
U7-SUM-V1-Q15,MATH,7,7.5,summative_assessment,summative,v1_q15,unit-synthesis,3,Model and interpret exponential growth and decay from differential equations in contextual situations.,"I can build exponential growth or decay models from proportional-rate relationships and interpret the sign, units, parameters, and solution behavior in context.",AP Topic 7.8,exponential_model_frq,constructed_response,,"Unit 7 Assessment Plan + AP Calculus AB Course Framework; supplied AP Topic scoring guides consulted for authentic representations and rigor only, with no published question wording copied.",AP-style mixed selected/constructed response source; no published wording copied.
U7-SUM-V1-Q16,MATH,7,7.1,summative_assessment,summative,v1_q16,unit-synthesis,2,Translate verbal rate relationships into differential equations and verify whether proposed functions satisfy a differential equation.,I can model verbal growth or change statements with differential equations and verify proposed solutions by checking the derivative relationship.,"AP Topics 7.1, 7.2",model_verify_frq,constructed_response,,"Unit 7 Assessment Plan + AP Calculus AB Course Framework; supplied AP Topic scoring guides consulted for authentic representations and rigor only, with no published question wording copied.",AP-style mixed selected/constructed response source; no published wording copied.
U7-SUM-V1-Q17,MATH,7,7.2,summative_assessment,summative,v1_q17,unit-synthesis,3,"Sketch and interpret slope fields, connect local slope behavior to differential equations, and reason about solution curves graphically.","I can read local slopes from a slope field, match a field to a differential equation, and sketch or describe a solution curve through an initial point.","AP Topics 7.3, 7.4",slope_field_frq,constructed_response,u7_sum_v1_q17_sum_field.png,"Unit 7 Assessment Plan + AP Calculus AB Course Framework; supplied AP Topic scoring guides consulted for authentic representations and rigor only, with no published question wording copied.",AP-style mixed selected/constructed response source; no published wording copied.
U7-SUM-V1-Q18,MATH,7,7.3,summative_assessment,summative,v1_q18,unit-synthesis,3,"Solve separable differential equations by separating variables, integrating both sides, and managing constants of integration across equivalent solution forms.","I can separate variables correctly, integrate both sides, include constants, recognize possible lost equilibrium solutions, and compare equivalent implicit or explicit forms.",AP Topic 7.6,separation_critique_frq,constructed_response,,"Unit 7 Assessment Plan + AP Calculus AB Course Framework; supplied AP Topic scoring guides consulted for authentic representations and rigor only, with no published question wording copied.",AP-style mixed selected/constructed response source; no published wording copied.
U7-SUM-V1-Q19,MATH,7,7.4,summative_assessment,summative,v1_q19,unit-synthesis,2,Use initial conditions to determine constants and produce particular solutions to separable differential equations.,I can use an initial condition to select one member of a solution family and express the requested particular solution with an appropriate branch or form.,AP Topic 7.7,particular_solution_frq,constructed_response,,"Unit 7 Assessment Plan + AP Calculus AB Course Framework; supplied AP Topic scoring guides consulted for authentic representations and rigor only, with no published question wording copied.",AP-style mixed selected/constructed response source; no published wording copied.
U7-SUM-V1-Q20,MATH,7,7.5,summative_assessment,summative,v1_q20,unit-synthesis,3,Model and interpret exponential growth and decay from differential equations in contextual situations.,"I can build exponential growth or decay models from proportional-rate relationships and interpret the sign, units, parameters, and solution behavior in context.",AP Topic 7.8,exponential_graph_frq,constructed_response,u7_sum_v1_q20_sum_exp_graph.png,"Unit 7 Assessment Plan + AP Calculus AB Course Framework; supplied AP Topic scoring guides consulted for authentic representations and rigor only, with no published question wording copied.",AP-style mixed selected/constructed response source; no published wording copied.
U7-SUM-V2-Q01,MATH,7,7.1,summative_assessment,summative,v2_q01,unit-synthesis,1,Translate verbal rate relationships into differential equations and verify whether proposed functions satisfy a differential equation.,I can model verbal growth or change statements with differential equations and verify proposed solutions by checking the derivative relationship.,"AP Topics 7.1, 7.2",de_model_mc,multiple_choice,,"Unit 7 Assessment Plan + AP Calculus AB Course Framework; supplied AP Topic scoring guides consulted for authentic representations and rigor only, with no published question wording copied.",AP-style mixed selected/constructed response source; no published wording copied.
U7-SUM-V2-Q02,MATH,7,7.2,summative_assessment,summative,v2_q02,unit-synthesis,2,"Sketch and interpret slope fields, connect local slope behavior to differential equations, and reason about solution curves graphically.","I can read local slopes from a slope field, match a field to a differential equation, and sketch or describe a solution curve through an initial point.","AP Topics 7.3, 7.4",field_match_mc,multiple_choice,,"Unit 7 Assessment Plan + AP Calculus AB Course Framework; supplied AP Topic scoring guides consulted for authentic representations and rigor only, with no published question wording copied.",AP-style mixed selected/constructed response source; no published wording copied.
U7-SUM-V2-Q03,MATH,7,7.3,summative_assessment,summative,v2_q03,unit-synthesis,3,"Solve separable differential equations by separating variables, integrating both sides, and managing constants of integration across equivalent solution forms.","I can separate variables correctly, integrate both sides, include constants, recognize possible lost equilibrium solutions, and compare equivalent implicit or explicit forms.",AP Topic 7.6,lost_solution_mc,multiple_choice,,"Unit 7 Assessment Plan + AP Calculus AB Course Framework; supplied AP Topic scoring guides consulted for authentic representations and rigor only, with no published question wording copied.",AP-style mixed selected/constructed response source; no published wording copied.
U7-SUM-V2-Q04,MATH,7,7.4,summative_assessment,summative,v2_q04,unit-synthesis,1,Use initial conditions to determine constants and produce particular solutions to separable differential equations.,I can use an initial condition to select one member of a solution family and express the requested particular solution with an appropriate branch or form.,AP Topic 7.7,initial_constant_mc,multiple_choice,,"Unit 7 Assessment Plan + AP Calculus AB Course Framework; supplied AP Topic scoring guides consulted for authentic representations and rigor only, with no published question wording copied.",AP-style mixed selected/constructed response source; no published wording copied.
U7-SUM-V2-Q05,MATH,7,7.5,summative_assessment,summative,v2_q05,unit-synthesis,2,Model and interpret exponential growth and decay from differential equations in contextual situations.,"I can build exponential growth or decay models from proportional-rate relationships and interpret the sign, units, parameters, and solution behavior in context.",AP Topic 7.8,half_life_mc,multiple_choice,,"Unit 7 Assessment Plan + AP Calculus AB Course Framework; supplied AP Topic scoring guides consulted for authentic representations and rigor only, with no published question wording copied.",AP-style mixed selected/constructed response source; no published wording copied.
U7-SUM-V2-Q06,MATH,7,7.1,summative_assessment,summative,v2_q06,unit-synthesis,1,Translate verbal rate relationships into differential equations and verify whether proposed functions satisfy a differential equation.,I can model verbal growth or change statements with differential equations and verify proposed solutions by checking the derivative relationship.,"AP Topics 7.1, 7.2",de_recognition_mc,multiple_choice,,"Unit 7 Assessment Plan + AP Calculus AB Course Framework; supplied AP Topic scoring guides consulted for authentic representations and rigor only, with no published question wording copied.",AP-style mixed selected/constructed response source; no published wording copied.
U7-SUM-V2-Q07,MATH,7,7.2,summative_assessment,summative,v2_q07,unit-synthesis,1,"Sketch and interpret slope fields, connect local slope behavior to differential equations, and reason about solution curves graphically.","I can read local slopes from a slope field, match a field to a differential equation, and sketch or describe a solution curve through an initial point.","AP Topics 7.3, 7.4",local_slope_mc,multiple_choice,,"Unit 7 Assessment Plan + AP Calculus AB Course Framework; supplied AP Topic scoring guides consulted for authentic representations and rigor only, with no published question wording copied.",AP-style mixed selected/constructed response source; no published wording copied.
U7-SUM-V2-Q08,MATH,7,7.3,summative_assessment,summative,v2_q08,unit-synthesis,1,"Solve separable differential equations by separating variables, integrating both sides, and managing constants of integration across equivalent solution forms.","I can separate variables correctly, integrate both sides, include constants, recognize possible lost equilibrium solutions, and compare equivalent implicit or explicit forms.",AP Topic 7.6,separation_step_mc,multiple_choice,,"Unit 7 Assessment Plan + AP Calculus AB Course Framework; supplied AP Topic scoring guides consulted for authentic representations and rigor only, with no published question wording copied.",AP-style mixed selected/constructed response source; no published wording copied.
U7-SUM-V2-Q09,MATH,7,7.4,summative_assessment,summative,v2_q09,unit-synthesis,1,Use initial conditions to determine constants and produce particular solutions to separable differential equations.,I can use an initial condition to select one member of a solution family and express the requested particular solution with an appropriate branch or form.,AP Topic 7.7,general_particular_mc,multiple_choice,,"Unit 7 Assessment Plan + AP Calculus AB Course Framework; supplied AP Topic scoring guides consulted for authentic representations and rigor only, with no published question wording copied.",AP-style mixed selected/constructed response source; no published wording copied.
U7-SUM-V2-Q10,MATH,7,7.5,summative_assessment,summative,v2_q10,unit-synthesis,1,Model and interpret exponential growth and decay from differential equations in contextual situations.,"I can build exponential growth or decay models from proportional-rate relationships and interpret the sign, units, parameters, and solution behavior in context.",AP Topic 7.8,growth_decay_mc,multiple_choice,,"Unit 7 Assessment Plan + AP Calculus AB Course Framework; supplied AP Topic scoring guides consulted for authentic representations and rigor only, with no published question wording copied.",AP-style mixed selected/constructed response source; no published wording copied.
U7-SUM-V2-Q11,MATH,7,7.1,summative_assessment,summative,v2_q11,unit-synthesis,2,Translate verbal rate relationships into differential equations and verify whether proposed functions satisfy a differential equation.,I can model verbal growth or change statements with differential equations and verify proposed solutions by checking the derivative relationship.,"AP Topics 7.1, 7.2",solution_verification_mc,multiple_choice,,"Unit 7 Assessment Plan + AP Calculus AB Course Framework; supplied AP Topic scoring guides consulted for authentic representations and rigor only, with no published question wording copied.",AP-style mixed selected/constructed response source; no published wording copied.
U7-SUM-V2-Q12,MATH,7,7.2,summative_assessment,summative,v2_q12,unit-synthesis,2,"Sketch and interpret slope fields, connect local slope behavior to differential equations, and reason about solution curves graphically.","I can read local slopes from a slope field, match a field to a differential equation, and sketch or describe a solution curve through an initial point.","AP Topics 7.3, 7.4",field_locus_mc,multiple_choice,u7_sum_v2_q12_sum_field_mc.png,"Unit 7 Assessment Plan + AP Calculus AB Course Framework; supplied AP Topic scoring guides consulted for authentic representations and rigor only, with no published question wording copied.",AP-style mixed selected/constructed response source; no published wording copied.
U7-SUM-V2-Q13,MATH,7,7.3,summative_assessment,summative,v2_q13,unit-synthesis,2,"Solve separable differential equations by separating variables, integrating both sides, and managing constants of integration across equivalent solution forms.","I can separate variables correctly, integrate both sides, include constants, recognize possible lost equilibrium solutions, and compare equivalent implicit or explicit forms.",AP Topic 7.6,separation_frq,constructed_response,,"Unit 7 Assessment Plan + AP Calculus AB Course Framework; supplied AP Topic scoring guides consulted for authentic representations and rigor only, with no published question wording copied.",AP-style mixed selected/constructed response source; no published wording copied.
U7-SUM-V2-Q14,MATH,7,7.4,summative_assessment,summative,v2_q14,unit-synthesis,2,Use initial conditions to determine constants and produce particular solutions to separable differential equations.,I can use an initial condition to select one member of a solution family and express the requested particular solution with an appropriate branch or form.,AP Topic 7.7,particular_solution_frq,constructed_response,,"Unit 7 Assessment Plan + AP Calculus AB Course Framework; supplied AP Topic scoring guides consulted for authentic representations and rigor only, with no published question wording copied.",AP-style mixed selected/constructed response source; no published wording copied.
U7-SUM-V2-Q15,MATH,7,7.5,summative_assessment,summative,v2_q15,unit-synthesis,3,Model and interpret exponential growth and decay from differential equations in contextual situations.,"I can build exponential growth or decay models from proportional-rate relationships and interpret the sign, units, parameters, and solution behavior in context.",AP Topic 7.8,exponential_model_frq,constructed_response,,"Unit 7 Assessment Plan + AP Calculus AB Course Framework; supplied AP Topic scoring guides consulted for authentic representations and rigor only, with no published question wording copied.",AP-style mixed selected/constructed response source; no published wording copied.
U7-SUM-V2-Q16,MATH,7,7.1,summative_assessment,summative,v2_q16,unit-synthesis,2,Translate verbal rate relationships into differential equations and verify whether proposed functions satisfy a differential equation.,I can model verbal growth or change statements with differential equations and verify proposed solutions by checking the derivative relationship.,"AP Topics 7.1, 7.2",model_verify_frq,constructed_response,,"Unit 7 Assessment Plan + AP Calculus AB Course Framework; supplied AP Topic scoring guides consulted for authentic representations and rigor only, with no published question wording copied.",AP-style mixed selected/constructed response source; no published wording copied.
U7-SUM-V2-Q17,MATH,7,7.2,summative_assessment,summative,v2_q17,unit-synthesis,3,"Sketch and interpret slope fields, connect local slope behavior to differential equations, and reason about solution curves graphically.","I can read local slopes from a slope field, match a field to a differential equation, and sketch or describe a solution curve through an initial point.","AP Topics 7.3, 7.4",slope_field_frq,constructed_response,u7_sum_v2_q17_sum_field.png,"Unit 7 Assessment Plan + AP Calculus AB Course Framework; supplied AP Topic scoring guides consulted for authentic representations and rigor only, with no published question wording copied.",AP-style mixed selected/constructed response source; no published wording copied.
U7-SUM-V2-Q18,MATH,7,7.3,summative_assessment,summative,v2_q18,unit-synthesis,3,"Solve separable differential equations by separating variables, integrating both sides, and managing constants of integration across equivalent solution forms.","I can separate variables correctly, integrate both sides, include constants, recognize possible lost equilibrium solutions, and compare equivalent implicit or explicit forms.",AP Topic 7.6,separation_critique_frq,constructed_response,,"Unit 7 Assessment Plan + AP Calculus AB Course Framework; supplied AP Topic scoring guides consulted for authentic representations and rigor only, with no published question wording copied.",AP-style mixed selected/constructed response source; no published wording copied.
U7-SUM-V2-Q19,MATH,7,7.4,summative_assessment,summative,v2_q19,unit-synthesis,2,Use initial conditions to determine constants and produce particular solutions to separable differential equations.,I can use an initial condition to select one member of a solution family and express the requested particular solution with an appropriate branch or form.,AP Topic 7.7,particular_solution_frq,constructed_response,,"Unit 7 Assessment Plan + AP Calculus AB Course Framework; supplied AP Topic scoring guides consulted for authentic representations and rigor only, with no published question wording copied.",AP-style mixed selected/constructed response source; no published wording copied.
U7-SUM-V2-Q20,MATH,7,7.5,summative_assessment,summative,v2_q20,unit-synthesis,3,Model and interpret exponential growth and decay from differential equations in contextual situations.,"I can build exponential growth or decay models from proportional-rate relationships and interpret the sign, units, parameters, and solution behavior in context.",AP Topic 7.8,exponential_graph_frq,constructed_response,u7_sum_v2_q20_sum_exp_graph.png,"Unit 7 Assessment Plan + AP Calculus AB Course Framework; supplied AP Topic scoring guides consulted for authentic representations and rigor only, with no published question wording copied.",AP-style mixed selected/constructed response source; no published wording copied.
U7-SUM-V3-Q01,MATH,7,7.1,summative_assessment,summative,v3_q01,unit-synthesis,2,Translate verbal rate relationships into differential equations and verify whether proposed functions satisfy a differential equation.,I can model verbal growth or change statements with differential equations and verify proposed solutions by checking the derivative relationship.,"AP Topics 7.1, 7.2",solution_verification_mc,multiple_choice,,"Unit 7 Assessment Plan + AP Calculus AB Course Framework; supplied AP Topic scoring guides consulted for authentic representations and rigor only, with no published question wording copied.",AP-style mixed selected/constructed response source; no published wording copied.
U7-SUM-V3-Q02,MATH,7,7.2,summative_assessment,summative,v3_q02,unit-synthesis,2,"Sketch and interpret slope fields, connect local slope behavior to differential equations, and reason about solution curves graphically.","I can read local slopes from a slope field, match a field to a differential equation, and sketch or describe a solution curve through an initial point.","AP Topics 7.3, 7.4",field_locus_mc,multiple_choice,u7_sum_v3_q02_sum_field_mc.png,"Unit 7 Assessment Plan + AP Calculus AB Course Framework; supplied AP Topic scoring guides consulted for authentic representations and rigor only, with no published question wording copied.",AP-style mixed selected/constructed response source; no published wording copied.
U7-SUM-V3-Q03,MATH,7,7.3,summative_assessment,summative,v3_q03,unit-synthesis,1,"Solve separable differential equations by separating variables, integrating both sides, and managing constants of integration across equivalent solution forms.","I can separate variables correctly, integrate both sides, include constants, recognize possible lost equilibrium solutions, and compare equivalent implicit or explicit forms.",AP Topic 7.6,separation_step_mc,multiple_choice,,"Unit 7 Assessment Plan + AP Calculus AB Course Framework; supplied AP Topic scoring guides consulted for authentic representations and rigor only, with no published question wording copied.",AP-style mixed selected/constructed response source; no published wording copied.
U7-SUM-V3-Q04,MATH,7,7.4,summative_assessment,summative,v3_q04,unit-synthesis,1,Use initial conditions to determine constants and produce particular solutions to separable differential equations.,I can use an initial condition to select one member of a solution family and express the requested particular solution with an appropriate branch or form.,AP Topic 7.7,general_particular_mc,multiple_choice,,"Unit 7 Assessment Plan + AP Calculus AB Course Framework; supplied AP Topic scoring guides consulted for authentic representations and rigor only, with no published question wording copied.",AP-style mixed selected/constructed response source; no published wording copied.
U7-SUM-V3-Q05,MATH,7,7.5,summative_assessment,summative,v3_q05,unit-synthesis,1,Model and interpret exponential growth and decay from differential equations in contextual situations.,"I can build exponential growth or decay models from proportional-rate relationships and interpret the sign, units, parameters, and solution behavior in context.",AP Topic 7.8,growth_decay_mc,multiple_choice,,"Unit 7 Assessment Plan + AP Calculus AB Course Framework; supplied AP Topic scoring guides consulted for authentic representations and rigor only, with no published question wording copied.",AP-style mixed selected/constructed response source; no published wording copied.
U7-SUM-V3-Q06,MATH,7,7.1,summative_assessment,summative,v3_q06,unit-synthesis,1,Translate verbal rate relationships into differential equations and verify whether proposed functions satisfy a differential equation.,I can model verbal growth or change statements with differential equations and verify proposed solutions by checking the derivative relationship.,"AP Topics 7.1, 7.2",de_model_mc,multiple_choice,,"Unit 7 Assessment Plan + AP Calculus AB Course Framework; supplied AP Topic scoring guides consulted for authentic representations and rigor only, with no published question wording copied.",AP-style mixed selected/constructed response source; no published wording copied.
U7-SUM-V3-Q07,MATH,7,7.2,summative_assessment,summative,v3_q07,unit-synthesis,2,"Sketch and interpret slope fields, connect local slope behavior to differential equations, and reason about solution curves graphically.","I can read local slopes from a slope field, match a field to a differential equation, and sketch or describe a solution curve through an initial point.","AP Topics 7.3, 7.4",field_match_mc,multiple_choice,,"Unit 7 Assessment Plan + AP Calculus AB Course Framework; supplied AP Topic scoring guides consulted for authentic representations and rigor only, with no published question wording copied.",AP-style mixed selected/constructed response source; no published wording copied.
U7-SUM-V3-Q08,MATH,7,7.3,summative_assessment,summative,v3_q08,unit-synthesis,3,"Solve separable differential equations by separating variables, integrating both sides, and managing constants of integration across equivalent solution forms.","I can separate variables correctly, integrate both sides, include constants, recognize possible lost equilibrium solutions, and compare equivalent implicit or explicit forms.",AP Topic 7.6,lost_solution_mc,multiple_choice,,"Unit 7 Assessment Plan + AP Calculus AB Course Framework; supplied AP Topic scoring guides consulted for authentic representations and rigor only, with no published question wording copied.",AP-style mixed selected/constructed response source; no published wording copied.
U7-SUM-V3-Q09,MATH,7,7.4,summative_assessment,summative,v3_q09,unit-synthesis,1,Use initial conditions to determine constants and produce particular solutions to separable differential equations.,I can use an initial condition to select one member of a solution family and express the requested particular solution with an appropriate branch or form.,AP Topic 7.7,initial_constant_mc,multiple_choice,,"Unit 7 Assessment Plan + AP Calculus AB Course Framework; supplied AP Topic scoring guides consulted for authentic representations and rigor only, with no published question wording copied.",AP-style mixed selected/constructed response source; no published wording copied.
U7-SUM-V3-Q10,MATH,7,7.5,summative_assessment,summative,v3_q10,unit-synthesis,2,Model and interpret exponential growth and decay from differential equations in contextual situations.,"I can build exponential growth or decay models from proportional-rate relationships and interpret the sign, units, parameters, and solution behavior in context.",AP Topic 7.8,half_life_mc,multiple_choice,,"Unit 7 Assessment Plan + AP Calculus AB Course Framework; supplied AP Topic scoring guides consulted for authentic representations and rigor only, with no published question wording copied.",AP-style mixed selected/constructed response source; no published wording copied.
U7-SUM-V3-Q11,MATH,7,7.1,summative_assessment,summative,v3_q11,unit-synthesis,1,Translate verbal rate relationships into differential equations and verify whether proposed functions satisfy a differential equation.,I can model verbal growth or change statements with differential equations and verify proposed solutions by checking the derivative relationship.,"AP Topics 7.1, 7.2",de_recognition_mc,multiple_choice,,"Unit 7 Assessment Plan + AP Calculus AB Course Framework; supplied AP Topic scoring guides consulted for authentic representations and rigor only, with no published question wording copied.",AP-style mixed selected/constructed response source; no published wording copied.
U7-SUM-V3-Q12,MATH,7,7.2,summative_assessment,summative,v3_q12,unit-synthesis,1,"Sketch and interpret slope fields, connect local slope behavior to differential equations, and reason about solution curves graphically.","I can read local slopes from a slope field, match a field to a differential equation, and sketch or describe a solution curve through an initial point.","AP Topics 7.3, 7.4",local_slope_mc,multiple_choice,,"Unit 7 Assessment Plan + AP Calculus AB Course Framework; supplied AP Topic scoring guides consulted for authentic representations and rigor only, with no published question wording copied.",AP-style mixed selected/constructed response source; no published wording copied.
U7-SUM-V3-Q13,MATH,7,7.3,summative_assessment,summative,v3_q13,unit-synthesis,2,"Solve separable differential equations by separating variables, integrating both sides, and managing constants of integration across equivalent solution forms.","I can separate variables correctly, integrate both sides, include constants, recognize possible lost equilibrium solutions, and compare equivalent implicit or explicit forms.",AP Topic 7.6,separation_frq,constructed_response,,"Unit 7 Assessment Plan + AP Calculus AB Course Framework; supplied AP Topic scoring guides consulted for authentic representations and rigor only, with no published question wording copied.",AP-style mixed selected/constructed response source; no published wording copied.
U7-SUM-V3-Q14,MATH,7,7.4,summative_assessment,summative,v3_q14,unit-synthesis,2,Use initial conditions to determine constants and produce particular solutions to separable differential equations.,I can use an initial condition to select one member of a solution family and express the requested particular solution with an appropriate branch or form.,AP Topic 7.7,particular_solution_frq,constructed_response,,"Unit 7 Assessment Plan + AP Calculus AB Course Framework; supplied AP Topic scoring guides consulted for authentic representations and rigor only, with no published question wording copied.",AP-style mixed selected/constructed response source; no published wording copied.
U7-SUM-V3-Q15,MATH,7,7.5,summative_assessment,summative,v3_q15,unit-synthesis,3,Model and interpret exponential growth and decay from differential equations in contextual situations.,"I can build exponential growth or decay models from proportional-rate relationships and interpret the sign, units, parameters, and solution behavior in context.",AP Topic 7.8,exponential_model_frq,constructed_response,,"Unit 7 Assessment Plan + AP Calculus AB Course Framework; supplied AP Topic scoring guides consulted for authentic representations and rigor only, with no published question wording copied.",AP-style mixed selected/constructed response source; no published wording copied.
U7-SUM-V3-Q16,MATH,7,7.1,summative_assessment,summative,v3_q16,unit-synthesis,2,Translate verbal rate relationships into differential equations and verify whether proposed functions satisfy a differential equation.,I can model verbal growth or change statements with differential equations and verify proposed solutions by checking the derivative relationship.,"AP Topics 7.1, 7.2",model_verify_frq,constructed_response,,"Unit 7 Assessment Plan + AP Calculus AB Course Framework; supplied AP Topic scoring guides consulted for authentic representations and rigor only, with no published question wording copied.",AP-style mixed selected/constructed response source; no published wording copied.
U7-SUM-V3-Q17,MATH,7,7.2,summative_assessment,summative,v3_q17,unit-synthesis,3,"Sketch and interpret slope fields, connect local slope behavior to differential equations, and reason about solution curves graphically.","I can read local slopes from a slope field, match a field to a differential equation, and sketch or describe a solution curve through an initial point.","AP Topics 7.3, 7.4",slope_field_frq,constructed_response,u7_sum_v3_q17_sum_field.png,"Unit 7 Assessment Plan + AP Calculus AB Course Framework; supplied AP Topic scoring guides consulted for authentic representations and rigor only, with no published question wording copied.",AP-style mixed selected/constructed response source; no published wording copied.
U7-SUM-V3-Q18,MATH,7,7.3,summative_assessment,summative,v3_q18,unit-synthesis,3,"Solve separable differential equations by separating variables, integrating both sides, and managing constants of integration across equivalent solution forms.","I can separate variables correctly, integrate both sides, include constants, recognize possible lost equilibrium solutions, and compare equivalent implicit or explicit forms.",AP Topic 7.6,separation_critique_frq,constructed_response,,"Unit 7 Assessment Plan + AP Calculus AB Course Framework; supplied AP Topic scoring guides consulted for authentic representations and rigor only, with no published question wording copied.",AP-style mixed selected/constructed response source; no published wording copied.
U7-SUM-V3-Q19,MATH,7,7.4,summative_assessment,summative,v3_q19,unit-synthesis,2,Use initial conditions to determine constants and produce particular solutions to separable differential equations.,I can use an initial condition to select one member of a solution family and express the requested particular solution with an appropriate branch or form.,AP Topic 7.7,particular_solution_frq,constructed_response,,"Unit 7 Assessment Plan + AP Calculus AB Course Framework; supplied AP Topic scoring guides consulted for authentic representations and rigor only, with no published question wording copied.",AP-style mixed selected/constructed response source; no published wording copied.
U7-SUM-V3-Q20,MATH,7,7.5,summative_assessment,summative,v3_q20,unit-synthesis,3,Model and interpret exponential growth and decay from differential equations in contextual situations.,"I can build exponential growth or decay models from proportional-rate relationships and interpret the sign, units, parameters, and solution behavior in context.",AP Topic 7.8,exponential_graph_frq,constructed_response,u7_sum_v3_q20_sum_exp_graph.png,"Unit 7 Assessment Plan + AP Calculus AB Course Framework; supplied AP Topic scoring guides consulted for authentic representations and rigor only, with no published question wording copied.",AP-style mixed selected/constructed response source; no published wording copied.
U7-SUM-V4-Q01,MATH,7,7.1,summative_assessment,summative,v4_q01,unit-synthesis,1,Translate verbal rate relationships into differential equations and verify whether proposed functions satisfy a differential equation.,I can model verbal growth or change statements with differential equations and verify proposed solutions by checking the derivative relationship.,"AP Topics 7.1, 7.2",de_recognition_mc,multiple_choice,,"Unit 7 Assessment Plan + AP Calculus AB Course Framework; supplied AP Topic scoring guides consulted for authentic representations and rigor only, with no published question wording copied.",AP-style mixed selected/constructed response source; no published wording copied.
U7-SUM-V4-Q02,MATH,7,7.2,summative_assessment,summative,v4_q02,unit-synthesis,1,"Sketch and interpret slope fields, connect local slope behavior to differential equations, and reason about solution curves graphically.","I can read local slopes from a slope field, match a field to a differential equation, and sketch or describe a solution curve through an initial point.","AP Topics 7.3, 7.4",local_slope_mc,multiple_choice,,"Unit 7 Assessment Plan + AP Calculus AB Course Framework; supplied AP Topic scoring guides consulted for authentic representations and rigor only, with no published question wording copied.",AP-style mixed selected/constructed response source; no published wording copied.
U7-SUM-V4-Q03,MATH,7,7.3,summative_assessment,summative,v4_q03,unit-synthesis,3,"Solve separable differential equations by separating variables, integrating both sides, and managing constants of integration across equivalent solution forms.","I can separate variables correctly, integrate both sides, include constants, recognize possible lost equilibrium solutions, and compare equivalent implicit or explicit forms.",AP Topic 7.6,lost_solution_mc,multiple_choice,,"Unit 7 Assessment Plan + AP Calculus AB Course Framework; supplied AP Topic scoring guides consulted for authentic representations and rigor only, with no published question wording copied.",AP-style mixed selected/constructed response source; no published wording copied.
U7-SUM-V4-Q04,MATH,7,7.4,summative_assessment,summative,v4_q04,unit-synthesis,1,Use initial conditions to determine constants and produce particular solutions to separable differential equations.,I can use an initial condition to select one member of a solution family and express the requested particular solution with an appropriate branch or form.,AP Topic 7.7,initial_constant_mc,multiple_choice,,"Unit 7 Assessment Plan + AP Calculus AB Course Framework; supplied AP Topic scoring guides consulted for authentic representations and rigor only, with no published question wording copied.",AP-style mixed selected/constructed response source; no published wording copied.
U7-SUM-V4-Q05,MATH,7,7.5,summative_assessment,summative,v4_q05,unit-synthesis,2,Model and interpret exponential growth and decay from differential equations in contextual situations.,"I can build exponential growth or decay models from proportional-rate relationships and interpret the sign, units, parameters, and solution behavior in context.",AP Topic 7.8,half_life_mc,multiple_choice,,"Unit 7 Assessment Plan + AP Calculus AB Course Framework; supplied AP Topic scoring guides consulted for authentic representations and rigor only, with no published question wording copied.",AP-style mixed selected/constructed response source; no published wording copied.
U7-SUM-V4-Q06,MATH,7,7.1,summative_assessment,summative,v4_q06,unit-synthesis,2,Translate verbal rate relationships into differential equations and verify whether proposed functions satisfy a differential equation.,I can model verbal growth or change statements with differential equations and verify proposed solutions by checking the derivative relationship.,"AP Topics 7.1, 7.2",solution_verification_mc,multiple_choice,,"Unit 7 Assessment Plan + AP Calculus AB Course Framework; supplied AP Topic scoring guides consulted for authentic representations and rigor only, with no published question wording copied.",AP-style mixed selected/constructed response source; no published wording copied.
U7-SUM-V4-Q07,MATH,7,7.2,summative_assessment,summative,v4_q07,unit-synthesis,2,"Sketch and interpret slope fields, connect local slope behavior to differential equations, and reason about solution curves graphically.","I can read local slopes from a slope field, match a field to a differential equation, and sketch or describe a solution curve through an initial point.","AP Topics 7.3, 7.4",field_locus_mc,multiple_choice,u7_sum_v4_q07_sum_field_mc.png,"Unit 7 Assessment Plan + AP Calculus AB Course Framework; supplied AP Topic scoring guides consulted for authentic representations and rigor only, with no published question wording copied.",AP-style mixed selected/constructed response source; no published wording copied.
U7-SUM-V4-Q08,MATH,7,7.3,summative_assessment,summative,v4_q08,unit-synthesis,1,"Solve separable differential equations by separating variables, integrating both sides, and managing constants of integration across equivalent solution forms.","I can separate variables correctly, integrate both sides, include constants, recognize possible lost equilibrium solutions, and compare equivalent implicit or explicit forms.",AP Topic 7.6,separation_step_mc,multiple_choice,,"Unit 7 Assessment Plan + AP Calculus AB Course Framework; supplied AP Topic scoring guides consulted for authentic representations and rigor only, with no published question wording copied.",AP-style mixed selected/constructed response source; no published wording copied.
U7-SUM-V4-Q09,MATH,7,7.4,summative_assessment,summative,v4_q09,unit-synthesis,1,Use initial conditions to determine constants and produce particular solutions to separable differential equations.,I can use an initial condition to select one member of a solution family and express the requested particular solution with an appropriate branch or form.,AP Topic 7.7,general_particular_mc,multiple_choice,,"Unit 7 Assessment Plan + AP Calculus AB Course Framework; supplied AP Topic scoring guides consulted for authentic representations and rigor only, with no published question wording copied.",AP-style mixed selected/constructed response source; no published wording copied.
U7-SUM-V4-Q10,MATH,7,7.5,summative_assessment,summative,v4_q10,unit-synthesis,1,Model and interpret exponential growth and decay from differential equations in contextual situations.,"I can build exponential growth or decay models from proportional-rate relationships and interpret the sign, units, parameters, and solution behavior in context.",AP Topic 7.8,growth_decay_mc,multiple_choice,,"Unit 7 Assessment Plan + AP Calculus AB Course Framework; supplied AP Topic scoring guides consulted for authentic representations and rigor only, with no published question wording copied.",AP-style mixed selected/constructed response source; no published wording copied.
U7-SUM-V4-Q11,MATH,7,7.1,summative_assessment,summative,v4_q11,unit-synthesis,1,Translate verbal rate relationships into differential equations and verify whether proposed functions satisfy a differential equation.,I can model verbal growth or change statements with differential equations and verify proposed solutions by checking the derivative relationship.,"AP Topics 7.1, 7.2",de_model_mc,multiple_choice,,"Unit 7 Assessment Plan + AP Calculus AB Course Framework; supplied AP Topic scoring guides consulted for authentic representations and rigor only, with no published question wording copied.",AP-style mixed selected/constructed response source; no published wording copied.
U7-SUM-V4-Q12,MATH,7,7.2,summative_assessment,summative,v4_q12,unit-synthesis,2,"Sketch and interpret slope fields, connect local slope behavior to differential equations, and reason about solution curves graphically.","I can read local slopes from a slope field, match a field to a differential equation, and sketch or describe a solution curve through an initial point.","AP Topics 7.3, 7.4",field_match_mc,multiple_choice,,"Unit 7 Assessment Plan + AP Calculus AB Course Framework; supplied AP Topic scoring guides consulted for authentic representations and rigor only, with no published question wording copied.",AP-style mixed selected/constructed response source; no published wording copied.
U7-SUM-V4-Q13,MATH,7,7.3,summative_assessment,summative,v4_q13,unit-synthesis,2,"Solve separable differential equations by separating variables, integrating both sides, and managing constants of integration across equivalent solution forms.","I can separate variables correctly, integrate both sides, include constants, recognize possible lost equilibrium solutions, and compare equivalent implicit or explicit forms.",AP Topic 7.6,separation_frq,constructed_response,,"Unit 7 Assessment Plan + AP Calculus AB Course Framework; supplied AP Topic scoring guides consulted for authentic representations and rigor only, with no published question wording copied.",AP-style mixed selected/constructed response source; no published wording copied.
U7-SUM-V4-Q14,MATH,7,7.4,summative_assessment,summative,v4_q14,unit-synthesis,2,Use initial conditions to determine constants and produce particular solutions to separable differential equations.,I can use an initial condition to select one member of a solution family and express the requested particular solution with an appropriate branch or form.,AP Topic 7.7,particular_solution_frq,constructed_response,,"Unit 7 Assessment Plan + AP Calculus AB Course Framework; supplied AP Topic scoring guides consulted for authentic representations and rigor only, with no published question wording copied.",AP-style mixed selected/constructed response source; no published wording copied.
U7-SUM-V4-Q15,MATH,7,7.5,summative_assessment,summative,v4_q15,unit-synthesis,3,Model and interpret exponential growth and decay from differential equations in contextual situations.,"I can build exponential growth or decay models from proportional-rate relationships and interpret the sign, units, parameters, and solution behavior in context.",AP Topic 7.8,exponential_model_frq,constructed_response,,"Unit 7 Assessment Plan + AP Calculus AB Course Framework; supplied AP Topic scoring guides consulted for authentic representations and rigor only, with no published question wording copied.",AP-style mixed selected/constructed response source; no published wording copied.
U7-SUM-V4-Q16,MATH,7,7.1,summative_assessment,summative,v4_q16,unit-synthesis,2,Translate verbal rate relationships into differential equations and verify whether proposed functions satisfy a differential equation.,I can model verbal growth or change statements with differential equations and verify proposed solutions by checking the derivative relationship.,"AP Topics 7.1, 7.2",model_verify_frq,constructed_response,,"Unit 7 Assessment Plan + AP Calculus AB Course Framework; supplied AP Topic scoring guides consulted for authentic representations and rigor only, with no published question wording copied.",AP-style mixed selected/constructed response source; no published wording copied.
U7-SUM-V4-Q17,MATH,7,7.2,summative_assessment,summative,v4_q17,unit-synthesis,3,"Sketch and interpret slope fields, connect local slope behavior to differential equations, and reason about solution curves graphically.","I can read local slopes from a slope field, match a field to a differential equation, and sketch or describe a solution curve through an initial point.","AP Topics 7.3, 7.4",slope_field_frq,constructed_response,u7_sum_v4_q17_sum_field.png,"Unit 7 Assessment Plan + AP Calculus AB Course Framework; supplied AP Topic scoring guides consulted for authentic representations and rigor only, with no published question wording copied.",AP-style mixed selected/constructed response source; no published wording copied.
U7-SUM-V4-Q18,MATH,7,7.3,summative_assessment,summative,v4_q18,unit-synthesis,3,"Solve separable differential equations by separating variables, integrating both sides, and managing constants of integration across equivalent solution forms.","I can separate variables correctly, integrate both sides, include constants, recognize possible lost equilibrium solutions, and compare equivalent implicit or explicit forms.",AP Topic 7.6,separation_critique_frq,constructed_response,,"Unit 7 Assessment Plan + AP Calculus AB Course Framework; supplied AP Topic scoring guides consulted for authentic representations and rigor only, with no published question wording copied.",AP-style mixed selected/constructed response source; no published wording copied.
U7-SUM-V4-Q19,MATH,7,7.4,summative_assessment,summative,v4_q19,unit-synthesis,2,Use initial conditions to determine constants and produce particular solutions to separable differential equations.,I can use an initial condition to select one member of a solution family and express the requested particular solution with an appropriate branch or form.,AP Topic 7.7,particular_solution_frq,constructed_response,,"Unit 7 Assessment Plan + AP Calculus AB Course Framework; supplied AP Topic scoring guides consulted for authentic representations and rigor only, with no published question wording copied.",AP-style mixed selected/constructed response source; no published wording copied.
U7-SUM-V4-Q20,MATH,7,7.5,summative_assessment,summative,v4_q20,unit-synthesis,3,Model and interpret exponential growth and decay from differential equations in contextual situations.,"I can build exponential growth or decay models from proportional-rate relationships and interpret the sign, units, parameters, and solution behavior in context.",AP Topic 7.8,exponential_graph_frq,constructed_response,u7_sum_v4_q20_sum_exp_graph.png,"Unit 7 Assessment Plan + AP Calculus AB Course Framework; supplied AP Topic scoring guides consulted for authentic representations and rigor only, with no published question wording copied.",AP-style mixed selected/constructed response source; no published wording copied.
U7-SUM-V5-Q01,MATH,7,7.1,summative_assessment,summative,v5_q01,unit-synthesis,1,Translate verbal rate relationships into differential equations and verify whether proposed functions satisfy a differential equation.,I can model verbal growth or change statements with differential equations and verify proposed solutions by checking the derivative relationship.,"AP Topics 7.1, 7.2",de_model_mc,multiple_choice,,"Unit 7 Assessment Plan + AP Calculus AB Course Framework; supplied AP Topic scoring guides consulted for authentic representations and rigor only, with no published question wording copied.",AP-style mixed selected/constructed response source; no published wording copied.
U7-SUM-V5-Q02,MATH,7,7.2,summative_assessment,summative,v5_q02,unit-synthesis,2,"Sketch and interpret slope fields, connect local slope behavior to differential equations, and reason about solution curves graphically.","I can read local slopes from a slope field, match a field to a differential equation, and sketch or describe a solution curve through an initial point.","AP Topics 7.3, 7.4",field_match_mc,multiple_choice,,"Unit 7 Assessment Plan + AP Calculus AB Course Framework; supplied AP Topic scoring guides consulted for authentic representations and rigor only, with no published question wording copied.",AP-style mixed selected/constructed response source; no published wording copied.
U7-SUM-V5-Q03,MATH,7,7.3,summative_assessment,summative,v5_q03,unit-synthesis,1,"Solve separable differential equations by separating variables, integrating both sides, and managing constants of integration across equivalent solution forms.","I can separate variables correctly, integrate both sides, include constants, recognize possible lost equilibrium solutions, and compare equivalent implicit or explicit forms.",AP Topic 7.6,separation_step_mc,multiple_choice,,"Unit 7 Assessment Plan + AP Calculus AB Course Framework; supplied AP Topic scoring guides consulted for authentic representations and rigor only, with no published question wording copied.",AP-style mixed selected/constructed response source; no published wording copied.
U7-SUM-V5-Q04,MATH,7,7.4,summative_assessment,summative,v5_q04,unit-synthesis,1,Use initial conditions to determine constants and produce particular solutions to separable differential equations.,I can use an initial condition to select one member of a solution family and express the requested particular solution with an appropriate branch or form.,AP Topic 7.7,general_particular_mc,multiple_choice,,"Unit 7 Assessment Plan + AP Calculus AB Course Framework; supplied AP Topic scoring guides consulted for authentic representations and rigor only, with no published question wording copied.",AP-style mixed selected/constructed response source; no published wording copied.
U7-SUM-V5-Q05,MATH,7,7.5,summative_assessment,summative,v5_q05,unit-synthesis,1,Model and interpret exponential growth and decay from differential equations in contextual situations.,"I can build exponential growth or decay models from proportional-rate relationships and interpret the sign, units, parameters, and solution behavior in context.",AP Topic 7.8,growth_decay_mc,multiple_choice,,"Unit 7 Assessment Plan + AP Calculus AB Course Framework; supplied AP Topic scoring guides consulted for authentic representations and rigor only, with no published question wording copied.",AP-style mixed selected/constructed response source; no published wording copied.
U7-SUM-V5-Q06,MATH,7,7.1,summative_assessment,summative,v5_q06,unit-synthesis,1,Translate verbal rate relationships into differential equations and verify whether proposed functions satisfy a differential equation.,I can model verbal growth or change statements with differential equations and verify proposed solutions by checking the derivative relationship.,"AP Topics 7.1, 7.2",de_recognition_mc,multiple_choice,,"Unit 7 Assessment Plan + AP Calculus AB Course Framework; supplied AP Topic scoring guides consulted for authentic representations and rigor only, with no published question wording copied.",AP-style mixed selected/constructed response source; no published wording copied.
U7-SUM-V5-Q07,MATH,7,7.2,summative_assessment,summative,v5_q07,unit-synthesis,1,"Sketch and interpret slope fields, connect local slope behavior to differential equations, and reason about solution curves graphically.","I can read local slopes from a slope field, match a field to a differential equation, and sketch or describe a solution curve through an initial point.","AP Topics 7.3, 7.4",local_slope_mc,multiple_choice,,"Unit 7 Assessment Plan + AP Calculus AB Course Framework; supplied AP Topic scoring guides consulted for authentic representations and rigor only, with no published question wording copied.",AP-style mixed selected/constructed response source; no published wording copied.
U7-SUM-V5-Q08,MATH,7,7.3,summative_assessment,summative,v5_q08,unit-synthesis,3,"Solve separable differential equations by separating variables, integrating both sides, and managing constants of integration across equivalent solution forms.","I can separate variables correctly, integrate both sides, include constants, recognize possible lost equilibrium solutions, and compare equivalent implicit or explicit forms.",AP Topic 7.6,lost_solution_mc,multiple_choice,,"Unit 7 Assessment Plan + AP Calculus AB Course Framework; supplied AP Topic scoring guides consulted for authentic representations and rigor only, with no published question wording copied.",AP-style mixed selected/constructed response source; no published wording copied.
U7-SUM-V5-Q09,MATH,7,7.4,summative_assessment,summative,v5_q09,unit-synthesis,1,Use initial conditions to determine constants and produce particular solutions to separable differential equations.,I can use an initial condition to select one member of a solution family and express the requested particular solution with an appropriate branch or form.,AP Topic 7.7,initial_constant_mc,multiple_choice,,"Unit 7 Assessment Plan + AP Calculus AB Course Framework; supplied AP Topic scoring guides consulted for authentic representations and rigor only, with no published question wording copied.",AP-style mixed selected/constructed response source; no published wording copied.
U7-SUM-V5-Q10,MATH,7,7.5,summative_assessment,summative,v5_q10,unit-synthesis,2,Model and interpret exponential growth and decay from differential equations in contextual situations.,"I can build exponential growth or decay models from proportional-rate relationships and interpret the sign, units, parameters, and solution behavior in context.",AP Topic 7.8,half_life_mc,multiple_choice,,"Unit 7 Assessment Plan + AP Calculus AB Course Framework; supplied AP Topic scoring guides consulted for authentic representations and rigor only, with no published question wording copied.",AP-style mixed selected/constructed response source; no published wording copied.
U7-SUM-V5-Q11,MATH,7,7.1,summative_assessment,summative,v5_q11,unit-synthesis,2,Translate verbal rate relationships into differential equations and verify whether proposed functions satisfy a differential equation.,I can model verbal growth or change statements with differential equations and verify proposed solutions by checking the derivative relationship.,"AP Topics 7.1, 7.2",solution_verification_mc,multiple_choice,,"Unit 7 Assessment Plan + AP Calculus AB Course Framework; supplied AP Topic scoring guides consulted for authentic representations and rigor only, with no published question wording copied.",AP-style mixed selected/constructed response source; no published wording copied.
U7-SUM-V5-Q12,MATH,7,7.2,summative_assessment,summative,v5_q12,unit-synthesis,2,"Sketch and interpret slope fields, connect local slope behavior to differential equations, and reason about solution curves graphically.","I can read local slopes from a slope field, match a field to a differential equation, and sketch or describe a solution curve through an initial point.","AP Topics 7.3, 7.4",field_locus_mc,multiple_choice,u7_sum_v5_q12_sum_field_mc.png,"Unit 7 Assessment Plan + AP Calculus AB Course Framework; supplied AP Topic scoring guides consulted for authentic representations and rigor only, with no published question wording copied.",AP-style mixed selected/constructed response source; no published wording copied.
U7-SUM-V5-Q13,MATH,7,7.3,summative_assessment,summative,v5_q13,unit-synthesis,2,"Solve separable differential equations by separating variables, integrating both sides, and managing constants of integration across equivalent solution forms.","I can separate variables correctly, integrate both sides, include constants, recognize possible lost equilibrium solutions, and compare equivalent implicit or explicit forms.",AP Topic 7.6,separation_frq,constructed_response,,"Unit 7 Assessment Plan + AP Calculus AB Course Framework; supplied AP Topic scoring guides consulted for authentic representations and rigor only, with no published question wording copied.",AP-style mixed selected/constructed response source; no published wording copied.
U7-SUM-V5-Q14,MATH,7,7.4,summative_assessment,summative,v5_q14,unit-synthesis,2,Use initial conditions to determine constants and produce particular solutions to separable differential equations.,I can use an initial condition to select one member of a solution family and express the requested particular solution with an appropriate branch or form.,AP Topic 7.7,particular_solution_frq,constructed_response,,"Unit 7 Assessment Plan + AP Calculus AB Course Framework; supplied AP Topic scoring guides consulted for authentic representations and rigor only, with no published question wording copied.",AP-style mixed selected/constructed response source; no published wording copied.
U7-SUM-V5-Q15,MATH,7,7.5,summative_assessment,summative,v5_q15,unit-synthesis,3,Model and interpret exponential growth and decay from differential equations in contextual situations.,"I can build exponential growth or decay models from proportional-rate relationships and interpret the sign, units, parameters, and solution behavior in context.",AP Topic 7.8,exponential_model_frq,constructed_response,,"Unit 7 Assessment Plan + AP Calculus AB Course Framework; supplied AP Topic scoring guides consulted for authentic representations and rigor only, with no published question wording copied.",AP-style mixed selected/constructed response source; no published wording copied.
U7-SUM-V5-Q16,MATH,7,7.1,summative_assessment,summative,v5_q16,unit-synthesis,2,Translate verbal rate relationships into differential equations and verify whether proposed functions satisfy a differential equation.,I can model verbal growth or change statements with differential equations and verify proposed solutions by checking the derivative relationship.,"AP Topics 7.1, 7.2",model_verify_frq,constructed_response,,"Unit 7 Assessment Plan + AP Calculus AB Course Framework; supplied AP Topic scoring guides consulted for authentic representations and rigor only, with no published question wording copied.",AP-style mixed selected/constructed response source; no published wording copied.
U7-SUM-V5-Q17,MATH,7,7.2,summative_assessment,summative,v5_q17,unit-synthesis,3,"Sketch and interpret slope fields, connect local slope behavior to differential equations, and reason about solution curves graphically.","I can read local slopes from a slope field, match a field to a differential equation, and sketch or describe a solution curve through an initial point.","AP Topics 7.3, 7.4",slope_field_frq,constructed_response,u7_sum_v5_q17_sum_field.png,"Unit 7 Assessment Plan + AP Calculus AB Course Framework; supplied AP Topic scoring guides consulted for authentic representations and rigor only, with no published question wording copied.",AP-style mixed selected/constructed response source; no published wording copied.
U7-SUM-V5-Q18,MATH,7,7.3,summative_assessment,summative,v5_q18,unit-synthesis,3,"Solve separable differential equations by separating variables, integrating both sides, and managing constants of integration across equivalent solution forms.","I can separate variables correctly, integrate both sides, include constants, recognize possible lost equilibrium solutions, and compare equivalent implicit or explicit forms.",AP Topic 7.6,separation_critique_frq,constructed_response,,"Unit 7 Assessment Plan + AP Calculus AB Course Framework; supplied AP Topic scoring guides consulted for authentic representations and rigor only, with no published question wording copied.",AP-style mixed selected/constructed response source; no published wording copied.
U7-SUM-V5-Q19,MATH,7,7.4,summative_assessment,summative,v5_q19,unit-synthesis,2,Use initial conditions to determine constants and produce particular solutions to separable differential equations.,I can use an initial condition to select one member of a solution family and express the requested particular solution with an appropriate branch or form.,AP Topic 7.7,particular_solution_frq,constructed_response,,"Unit 7 Assessment Plan + AP Calculus AB Course Framework; supplied AP Topic scoring guides consulted for authentic representations and rigor only, with no published question wording copied.",AP-style mixed selected/constructed response source; no published wording copied.
U7-SUM-V5-Q20,MATH,7,7.5,summative_assessment,summative,v5_q20,unit-synthesis,3,Model and interpret exponential growth and decay from differential equations in contextual situations.,"I can build exponential growth or decay models from proportional-rate relationships and interpret the sign, units, parameters, and solution behavior in context.",AP Topic 7.8,exponential_graph_frq,constructed_response,u7_sum_v5_q20_sum_exp_graph.png,"Unit 7 Assessment Plan + AP Calculus AB Course Framework; supplied AP Topic scoring guides consulted for authentic representations and rigor only, with no published question wording copied.",AP-style mixed selected/constructed response source; no published wording copied.
U7-SUM-V6-Q01,MATH,7,7.1,summative_assessment,summative,v6_q01,unit-synthesis,2,Translate verbal rate relationships into differential equations and verify whether proposed functions satisfy a differential equation.,I can model verbal growth or change statements with differential equations and verify proposed solutions by checking the derivative relationship.,"AP Topics 7.1, 7.2",solution_verification_mc,multiple_choice,,"Unit 7 Assessment Plan + AP Calculus AB Course Framework; supplied AP Topic scoring guides consulted for authentic representations and rigor only, with no published question wording copied.",AP-style mixed selected/constructed response source; no published wording copied.
U7-SUM-V6-Q02,MATH,7,7.2,summative_assessment,summative,v6_q02,unit-synthesis,2,"Sketch and interpret slope fields, connect local slope behavior to differential equations, and reason about solution curves graphically.","I can read local slopes from a slope field, match a field to a differential equation, and sketch or describe a solution curve through an initial point.","AP Topics 7.3, 7.4",field_locus_mc,multiple_choice,u7_sum_v6_q02_sum_field_mc.png,"Unit 7 Assessment Plan + AP Calculus AB Course Framework; supplied AP Topic scoring guides consulted for authentic representations and rigor only, with no published question wording copied.",AP-style mixed selected/constructed response source; no published wording copied.
U7-SUM-V6-Q03,MATH,7,7.3,summative_assessment,summative,v6_q03,unit-synthesis,3,"Solve separable differential equations by separating variables, integrating both sides, and managing constants of integration across equivalent solution forms.","I can separate variables correctly, integrate both sides, include constants, recognize possible lost equilibrium solutions, and compare equivalent implicit or explicit forms.",AP Topic 7.6,lost_solution_mc,multiple_choice,,"Unit 7 Assessment Plan + AP Calculus AB Course Framework; supplied AP Topic scoring guides consulted for authentic representations and rigor only, with no published question wording copied.",AP-style mixed selected/constructed response source; no published wording copied.
U7-SUM-V6-Q04,MATH,7,7.4,summative_assessment,summative,v6_q04,unit-synthesis,1,Use initial conditions to determine constants and produce particular solutions to separable differential equations.,I can use an initial condition to select one member of a solution family and express the requested particular solution with an appropriate branch or form.,AP Topic 7.7,initial_constant_mc,multiple_choice,,"Unit 7 Assessment Plan + AP Calculus AB Course Framework; supplied AP Topic scoring guides consulted for authentic representations and rigor only, with no published question wording copied.",AP-style mixed selected/constructed response source; no published wording copied.
U7-SUM-V6-Q05,MATH,7,7.5,summative_assessment,summative,v6_q05,unit-synthesis,2,Model and interpret exponential growth and decay from differential equations in contextual situations.,"I can build exponential growth or decay models from proportional-rate relationships and interpret the sign, units, parameters, and solution behavior in context.",AP Topic 7.8,half_life_mc,multiple_choice,,"Unit 7 Assessment Plan + AP Calculus AB Course Framework; supplied AP Topic scoring guides consulted for authentic representations and rigor only, with no published question wording copied.",AP-style mixed selected/constructed response source; no published wording copied.
U7-SUM-V6-Q06,MATH,7,7.1,summative_assessment,summative,v6_q06,unit-synthesis,1,Translate verbal rate relationships into differential equations and verify whether proposed functions satisfy a differential equation.,I can model verbal growth or change statements with differential equations and verify proposed solutions by checking the derivative relationship.,"AP Topics 7.1, 7.2",de_model_mc,multiple_choice,,"Unit 7 Assessment Plan + AP Calculus AB Course Framework; supplied AP Topic scoring guides consulted for authentic representations and rigor only, with no published question wording copied.",AP-style mixed selected/constructed response source; no published wording copied.
U7-SUM-V6-Q07,MATH,7,7.2,summative_assessment,summative,v6_q07,unit-synthesis,2,"Sketch and interpret slope fields, connect local slope behavior to differential equations, and reason about solution curves graphically.","I can read local slopes from a slope field, match a field to a differential equation, and sketch or describe a solution curve through an initial point.","AP Topics 7.3, 7.4",field_match_mc,multiple_choice,,"Unit 7 Assessment Plan + AP Calculus AB Course Framework; supplied AP Topic scoring guides consulted for authentic representations and rigor only, with no published question wording copied.",AP-style mixed selected/constructed response source; no published wording copied.
U7-SUM-V6-Q08,MATH,7,7.3,summative_assessment,summative,v6_q08,unit-synthesis,1,"Solve separable differential equations by separating variables, integrating both sides, and managing constants of integration across equivalent solution forms.","I can separate variables correctly, integrate both sides, include constants, recognize possible lost equilibrium solutions, and compare equivalent implicit or explicit forms.",AP Topic 7.6,separation_step_mc,multiple_choice,,"Unit 7 Assessment Plan + AP Calculus AB Course Framework; supplied AP Topic scoring guides consulted for authentic representations and rigor only, with no published question wording copied.",AP-style mixed selected/constructed response source; no published wording copied.
U7-SUM-V6-Q09,MATH,7,7.4,summative_assessment,summative,v6_q09,unit-synthesis,1,Use initial conditions to determine constants and produce particular solutions to separable differential equations.,I can use an initial condition to select one member of a solution family and express the requested particular solution with an appropriate branch or form.,AP Topic 7.7,general_particular_mc,multiple_choice,,"Unit 7 Assessment Plan + AP Calculus AB Course Framework; supplied AP Topic scoring guides consulted for authentic representations and rigor only, with no published question wording copied.",AP-style mixed selected/constructed response source; no published wording copied.
U7-SUM-V6-Q10,MATH,7,7.5,summative_assessment,summative,v6_q10,unit-synthesis,1,Model and interpret exponential growth and decay from differential equations in contextual situations.,"I can build exponential growth or decay models from proportional-rate relationships and interpret the sign, units, parameters, and solution behavior in context.",AP Topic 7.8,growth_decay_mc,multiple_choice,,"Unit 7 Assessment Plan + AP Calculus AB Course Framework; supplied AP Topic scoring guides consulted for authentic representations and rigor only, with no published question wording copied.",AP-style mixed selected/constructed response source; no published wording copied.
U7-SUM-V6-Q11,MATH,7,7.1,summative_assessment,summative,v6_q11,unit-synthesis,1,Translate verbal rate relationships into differential equations and verify whether proposed functions satisfy a differential equation.,I can model verbal growth or change statements with differential equations and verify proposed solutions by checking the derivative relationship.,"AP Topics 7.1, 7.2",de_recognition_mc,multiple_choice,,"Unit 7 Assessment Plan + AP Calculus AB Course Framework; supplied AP Topic scoring guides consulted for authentic representations and rigor only, with no published question wording copied.",AP-style mixed selected/constructed response source; no published wording copied.
U7-SUM-V6-Q12,MATH,7,7.2,summative_assessment,summative,v6_q12,unit-synthesis,1,"Sketch and interpret slope fields, connect local slope behavior to differential equations, and reason about solution curves graphically.","I can read local slopes from a slope field, match a field to a differential equation, and sketch or describe a solution curve through an initial point.","AP Topics 7.3, 7.4",local_slope_mc,multiple_choice,,"Unit 7 Assessment Plan + AP Calculus AB Course Framework; supplied AP Topic scoring guides consulted for authentic representations and rigor only, with no published question wording copied.",AP-style mixed selected/constructed response source; no published wording copied.
U7-SUM-V6-Q13,MATH,7,7.3,summative_assessment,summative,v6_q13,unit-synthesis,2,"Solve separable differential equations by separating variables, integrating both sides, and managing constants of integration across equivalent solution forms.","I can separate variables correctly, integrate both sides, include constants, recognize possible lost equilibrium solutions, and compare equivalent implicit or explicit forms.",AP Topic 7.6,separation_frq,constructed_response,,"Unit 7 Assessment Plan + AP Calculus AB Course Framework; supplied AP Topic scoring guides consulted for authentic representations and rigor only, with no published question wording copied.",AP-style mixed selected/constructed response source; no published wording copied.
U7-SUM-V6-Q14,MATH,7,7.4,summative_assessment,summative,v6_q14,unit-synthesis,2,Use initial conditions to determine constants and produce particular solutions to separable differential equations.,I can use an initial condition to select one member of a solution family and express the requested particular solution with an appropriate branch or form.,AP Topic 7.7,particular_solution_frq,constructed_response,,"Unit 7 Assessment Plan + AP Calculus AB Course Framework; supplied AP Topic scoring guides consulted for authentic representations and rigor only, with no published question wording copied.",AP-style mixed selected/constructed response source; no published wording copied.
U7-SUM-V6-Q15,MATH,7,7.5,summative_assessment,summative,v6_q15,unit-synthesis,3,Model and interpret exponential growth and decay from differential equations in contextual situations.,"I can build exponential growth or decay models from proportional-rate relationships and interpret the sign, units, parameters, and solution behavior in context.",AP Topic 7.8,exponential_model_frq,constructed_response,,"Unit 7 Assessment Plan + AP Calculus AB Course Framework; supplied AP Topic scoring guides consulted for authentic representations and rigor only, with no published question wording copied.",AP-style mixed selected/constructed response source; no published wording copied.
U7-SUM-V6-Q16,MATH,7,7.1,summative_assessment,summative,v6_q16,unit-synthesis,2,Translate verbal rate relationships into differential equations and verify whether proposed functions satisfy a differential equation.,I can model verbal growth or change statements with differential equations and verify proposed solutions by checking the derivative relationship.,"AP Topics 7.1, 7.2",model_verify_frq,constructed_response,,"Unit 7 Assessment Plan + AP Calculus AB Course Framework; supplied AP Topic scoring guides consulted for authentic representations and rigor only, with no published question wording copied.",AP-style mixed selected/constructed response source; no published wording copied.
U7-SUM-V6-Q17,MATH,7,7.2,summative_assessment,summative,v6_q17,unit-synthesis,3,"Sketch and interpret slope fields, connect local slope behavior to differential equations, and reason about solution curves graphically.","I can read local slopes from a slope field, match a field to a differential equation, and sketch or describe a solution curve through an initial point.","AP Topics 7.3, 7.4",slope_field_frq,constructed_response,u7_sum_v6_q17_sum_field.png,"Unit 7 Assessment Plan + AP Calculus AB Course Framework; supplied AP Topic scoring guides consulted for authentic representations and rigor only, with no published question wording copied.",AP-style mixed selected/constructed response source; no published wording copied.
U7-SUM-V6-Q18,MATH,7,7.3,summative_assessment,summative,v6_q18,unit-synthesis,3,"Solve separable differential equations by separating variables, integrating both sides, and managing constants of integration across equivalent solution forms.","I can separate variables correctly, integrate both sides, include constants, recognize possible lost equilibrium solutions, and compare equivalent implicit or explicit forms.",AP Topic 7.6,separation_critique_frq,constructed_response,,"Unit 7 Assessment Plan + AP Calculus AB Course Framework; supplied AP Topic scoring guides consulted for authentic representations and rigor only, with no published question wording copied.",AP-style mixed selected/constructed response source; no published wording copied.
U7-SUM-V6-Q19,MATH,7,7.4,summative_assessment,summative,v6_q19,unit-synthesis,2,Use initial conditions to determine constants and produce particular solutions to separable differential equations.,I can use an initial condition to select one member of a solution family and express the requested particular solution with an appropriate branch or form.,AP Topic 7.7,particular_solution_frq,constructed_response,,"Unit 7 Assessment Plan + AP Calculus AB Course Framework; supplied AP Topic scoring guides consulted for authentic representations and rigor only, with no published question wording copied.",AP-style mixed selected/constructed response source; no published wording copied.
U7-SUM-V6-Q20,MATH,7,7.5,summative_assessment,summative,v6_q20,unit-synthesis,3,Model and interpret exponential growth and decay from differential equations in contextual situations.,"I can build exponential growth or decay models from proportional-rate relationships and interpret the sign, units, parameters, and solution behavior in context.",AP Topic 7.8,exponential_graph_frq,constructed_response,u7_sum_v6_q20_sum_exp_graph.png,"Unit 7 Assessment Plan + AP Calculus AB Course Framework; supplied AP Topic scoring guides consulted for authentic representations and rigor only, with no published question wording copied.",AP-style mixed selected/constructed response source; no published wording copied.
U7-SUM-V7-Q01,MATH,7,7.1,summative_assessment,summative,v7_q01,unit-synthesis,1,Translate verbal rate relationships into differential equations and verify whether proposed functions satisfy a differential equation.,I can model verbal growth or change statements with differential equations and verify proposed solutions by checking the derivative relationship.,"AP Topics 7.1, 7.2",de_recognition_mc,multiple_choice,,"Unit 7 Assessment Plan + AP Calculus AB Course Framework; supplied AP Topic scoring guides consulted for authentic representations and rigor only, with no published question wording copied.",AP-style mixed selected/constructed response source; no published wording copied.
U7-SUM-V7-Q02,MATH,7,7.2,summative_assessment,summative,v7_q02,unit-synthesis,1,"Sketch and interpret slope fields, connect local slope behavior to differential equations, and reason about solution curves graphically.","I can read local slopes from a slope field, match a field to a differential equation, and sketch or describe a solution curve through an initial point.","AP Topics 7.3, 7.4",local_slope_mc,multiple_choice,,"Unit 7 Assessment Plan + AP Calculus AB Course Framework; supplied AP Topic scoring guides consulted for authentic representations and rigor only, with no published question wording copied.",AP-style mixed selected/constructed response source; no published wording copied.
U7-SUM-V7-Q03,MATH,7,7.3,summative_assessment,summative,v7_q03,unit-synthesis,1,"Solve separable differential equations by separating variables, integrating both sides, and managing constants of integration across equivalent solution forms.","I can separate variables correctly, integrate both sides, include constants, recognize possible lost equilibrium solutions, and compare equivalent implicit or explicit forms.",AP Topic 7.6,separation_step_mc,multiple_choice,,"Unit 7 Assessment Plan + AP Calculus AB Course Framework; supplied AP Topic scoring guides consulted for authentic representations and rigor only, with no published question wording copied.",AP-style mixed selected/constructed response source; no published wording copied.
U7-SUM-V7-Q04,MATH,7,7.4,summative_assessment,summative,v7_q04,unit-synthesis,1,Use initial conditions to determine constants and produce particular solutions to separable differential equations.,I can use an initial condition to select one member of a solution family and express the requested particular solution with an appropriate branch or form.,AP Topic 7.7,general_particular_mc,multiple_choice,,"Unit 7 Assessment Plan + AP Calculus AB Course Framework; supplied AP Topic scoring guides consulted for authentic representations and rigor only, with no published question wording copied.",AP-style mixed selected/constructed response source; no published wording copied.
U7-SUM-V7-Q05,MATH,7,7.5,summative_assessment,summative,v7_q05,unit-synthesis,1,Model and interpret exponential growth and decay from differential equations in contextual situations.,"I can build exponential growth or decay models from proportional-rate relationships and interpret the sign, units, parameters, and solution behavior in context.",AP Topic 7.8,growth_decay_mc,multiple_choice,,"Unit 7 Assessment Plan + AP Calculus AB Course Framework; supplied AP Topic scoring guides consulted for authentic representations and rigor only, with no published question wording copied.",AP-style mixed selected/constructed response source; no published wording copied.
U7-SUM-V7-Q06,MATH,7,7.1,summative_assessment,summative,v7_q06,unit-synthesis,2,Translate verbal rate relationships into differential equations and verify whether proposed functions satisfy a differential equation.,I can model verbal growth or change statements with differential equations and verify proposed solutions by checking the derivative relationship.,"AP Topics 7.1, 7.2",solution_verification_mc,multiple_choice,,"Unit 7 Assessment Plan + AP Calculus AB Course Framework; supplied AP Topic scoring guides consulted for authentic representations and rigor only, with no published question wording copied.",AP-style mixed selected/constructed response source; no published wording copied.
U7-SUM-V7-Q07,MATH,7,7.2,summative_assessment,summative,v7_q07,unit-synthesis,2,"Sketch and interpret slope fields, connect local slope behavior to differential equations, and reason about solution curves graphically.","I can read local slopes from a slope field, match a field to a differential equation, and sketch or describe a solution curve through an initial point.","AP Topics 7.3, 7.4",field_locus_mc,multiple_choice,u7_sum_v7_q07_sum_field_mc.png,"Unit 7 Assessment Plan + AP Calculus AB Course Framework; supplied AP Topic scoring guides consulted for authentic representations and rigor only, with no published question wording copied.",AP-style mixed selected/constructed response source; no published wording copied.
U7-SUM-V7-Q08,MATH,7,7.3,summative_assessment,summative,v7_q08,unit-synthesis,3,"Solve separable differential equations by separating variables, integrating both sides, and managing constants of integration across equivalent solution forms.","I can separate variables correctly, integrate both sides, include constants, recognize possible lost equilibrium solutions, and compare equivalent implicit or explicit forms.",AP Topic 7.6,lost_solution_mc,multiple_choice,,"Unit 7 Assessment Plan + AP Calculus AB Course Framework; supplied AP Topic scoring guides consulted for authentic representations and rigor only, with no published question wording copied.",AP-style mixed selected/constructed response source; no published wording copied.
U7-SUM-V7-Q09,MATH,7,7.4,summative_assessment,summative,v7_q09,unit-synthesis,1,Use initial conditions to determine constants and produce particular solutions to separable differential equations.,I can use an initial condition to select one member of a solution family and express the requested particular solution with an appropriate branch or form.,AP Topic 7.7,initial_constant_mc,multiple_choice,,"Unit 7 Assessment Plan + AP Calculus AB Course Framework; supplied AP Topic scoring guides consulted for authentic representations and rigor only, with no published question wording copied.",AP-style mixed selected/constructed response source; no published wording copied.
U7-SUM-V7-Q10,MATH,7,7.5,summative_assessment,summative,v7_q10,unit-synthesis,2,Model and interpret exponential growth and decay from differential equations in contextual situations.,"I can build exponential growth or decay models from proportional-rate relationships and interpret the sign, units, parameters, and solution behavior in context.",AP Topic 7.8,half_life_mc,multiple_choice,,"Unit 7 Assessment Plan + AP Calculus AB Course Framework; supplied AP Topic scoring guides consulted for authentic representations and rigor only, with no published question wording copied.",AP-style mixed selected/constructed response source; no published wording copied.
U7-SUM-V7-Q11,MATH,7,7.1,summative_assessment,summative,v7_q11,unit-synthesis,1,Translate verbal rate relationships into differential equations and verify whether proposed functions satisfy a differential equation.,I can model verbal growth or change statements with differential equations and verify proposed solutions by checking the derivative relationship.,"AP Topics 7.1, 7.2",de_model_mc,multiple_choice,,"Unit 7 Assessment Plan + AP Calculus AB Course Framework; supplied AP Topic scoring guides consulted for authentic representations and rigor only, with no published question wording copied.",AP-style mixed selected/constructed response source; no published wording copied.
U7-SUM-V7-Q12,MATH,7,7.2,summative_assessment,summative,v7_q12,unit-synthesis,2,"Sketch and interpret slope fields, connect local slope behavior to differential equations, and reason about solution curves graphically.","I can read local slopes from a slope field, match a field to a differential equation, and sketch or describe a solution curve through an initial point.","AP Topics 7.3, 7.4",field_match_mc,multiple_choice,,"Unit 7 Assessment Plan + AP Calculus AB Course Framework; supplied AP Topic scoring guides consulted for authentic representations and rigor only, with no published question wording copied.",AP-style mixed selected/constructed response source; no published wording copied.
U7-SUM-V7-Q13,MATH,7,7.3,summative_assessment,summative,v7_q13,unit-synthesis,2,"Solve separable differential equations by separating variables, integrating both sides, and managing constants of integration across equivalent solution forms.","I can separate variables correctly, integrate both sides, include constants, recognize possible lost equilibrium solutions, and compare equivalent implicit or explicit forms.",AP Topic 7.6,separation_frq,constructed_response,,"Unit 7 Assessment Plan + AP Calculus AB Course Framework; supplied AP Topic scoring guides consulted for authentic representations and rigor only, with no published question wording copied.",AP-style mixed selected/constructed response source; no published wording copied.
U7-SUM-V7-Q14,MATH,7,7.4,summative_assessment,summative,v7_q14,unit-synthesis,2,Use initial conditions to determine constants and produce particular solutions to separable differential equations.,I can use an initial condition to select one member of a solution family and express the requested particular solution with an appropriate branch or form.,AP Topic 7.7,particular_solution_frq,constructed_response,,"Unit 7 Assessment Plan + AP Calculus AB Course Framework; supplied AP Topic scoring guides consulted for authentic representations and rigor only, with no published question wording copied.",AP-style mixed selected/constructed response source; no published wording copied.
U7-SUM-V7-Q15,MATH,7,7.5,summative_assessment,summative,v7_q15,unit-synthesis,3,Model and interpret exponential growth and decay from differential equations in contextual situations.,"I can build exponential growth or decay models from proportional-rate relationships and interpret the sign, units, parameters, and solution behavior in context.",AP Topic 7.8,exponential_model_frq,constructed_response,,"Unit 7 Assessment Plan + AP Calculus AB Course Framework; supplied AP Topic scoring guides consulted for authentic representations and rigor only, with no published question wording copied.",AP-style mixed selected/constructed response source; no published wording copied.
U7-SUM-V7-Q16,MATH,7,7.1,summative_assessment,summative,v7_q16,unit-synthesis,2,Translate verbal rate relationships into differential equations and verify whether proposed functions satisfy a differential equation.,I can model verbal growth or change statements with differential equations and verify proposed solutions by checking the derivative relationship.,"AP Topics 7.1, 7.2",model_verify_frq,constructed_response,,"Unit 7 Assessment Plan + AP Calculus AB Course Framework; supplied AP Topic scoring guides consulted for authentic representations and rigor only, with no published question wording copied.",AP-style mixed selected/constructed response source; no published wording copied.
U7-SUM-V7-Q17,MATH,7,7.2,summative_assessment,summative,v7_q17,unit-synthesis,3,"Sketch and interpret slope fields, connect local slope behavior to differential equations, and reason about solution curves graphically.","I can read local slopes from a slope field, match a field to a differential equation, and sketch or describe a solution curve through an initial point.","AP Topics 7.3, 7.4",slope_field_frq,constructed_response,u7_sum_v7_q17_sum_field.png,"Unit 7 Assessment Plan + AP Calculus AB Course Framework; supplied AP Topic scoring guides consulted for authentic representations and rigor only, with no published question wording copied.",AP-style mixed selected/constructed response source; no published wording copied.
U7-SUM-V7-Q18,MATH,7,7.3,summative_assessment,summative,v7_q18,unit-synthesis,3,"Solve separable differential equations by separating variables, integrating both sides, and managing constants of integration across equivalent solution forms.","I can separate variables correctly, integrate both sides, include constants, recognize possible lost equilibrium solutions, and compare equivalent implicit or explicit forms.",AP Topic 7.6,separation_critique_frq,constructed_response,,"Unit 7 Assessment Plan + AP Calculus AB Course Framework; supplied AP Topic scoring guides consulted for authentic representations and rigor only, with no published question wording copied.",AP-style mixed selected/constructed response source; no published wording copied.
U7-SUM-V7-Q19,MATH,7,7.4,summative_assessment,summative,v7_q19,unit-synthesis,2,Use initial conditions to determine constants and produce particular solutions to separable differential equations.,I can use an initial condition to select one member of a solution family and express the requested particular solution with an appropriate branch or form.,AP Topic 7.7,particular_solution_frq,constructed_response,,"Unit 7 Assessment Plan + AP Calculus AB Course Framework; supplied AP Topic scoring guides consulted for authentic representations and rigor only, with no published question wording copied.",AP-style mixed selected/constructed response source; no published wording copied.
U7-SUM-V7-Q20,MATH,7,7.5,summative_assessment,summative,v7_q20,unit-synthesis,3,Model and interpret exponential growth and decay from differential equations in contextual situations.,"I can build exponential growth or decay models from proportional-rate relationships and interpret the sign, units, parameters, and solution behavior in context.",AP Topic 7.8,exponential_graph_frq,constructed_response,u7_sum_v7_q20_sum_exp_graph.png,"Unit 7 Assessment Plan + AP Calculus AB Course Framework; supplied AP Topic scoring guides consulted for authentic representations and rigor only, with no published question wording copied.",AP-style mixed selected/constructed response source; no published wording copied.
U7-SUM-V8-Q01,MATH,7,7.1,summative_assessment,summative,v8_q01,unit-synthesis,1,Translate verbal rate relationships into differential equations and verify whether proposed functions satisfy a differential equation.,I can model verbal growth or change statements with differential equations and verify proposed solutions by checking the derivative relationship.,"AP Topics 7.1, 7.2",de_model_mc,multiple_choice,,"Unit 7 Assessment Plan + AP Calculus AB Course Framework; supplied AP Topic scoring guides consulted for authentic representations and rigor only, with no published question wording copied.",AP-style mixed selected/constructed response source; no published wording copied.
U7-SUM-V8-Q02,MATH,7,7.2,summative_assessment,summative,v8_q02,unit-synthesis,2,"Sketch and interpret slope fields, connect local slope behavior to differential equations, and reason about solution curves graphically.","I can read local slopes from a slope field, match a field to a differential equation, and sketch or describe a solution curve through an initial point.","AP Topics 7.3, 7.4",field_match_mc,multiple_choice,,"Unit 7 Assessment Plan + AP Calculus AB Course Framework; supplied AP Topic scoring guides consulted for authentic representations and rigor only, with no published question wording copied.",AP-style mixed selected/constructed response source; no published wording copied.
U7-SUM-V8-Q03,MATH,7,7.3,summative_assessment,summative,v8_q03,unit-synthesis,3,"Solve separable differential equations by separating variables, integrating both sides, and managing constants of integration across equivalent solution forms.","I can separate variables correctly, integrate both sides, include constants, recognize possible lost equilibrium solutions, and compare equivalent implicit or explicit forms.",AP Topic 7.6,lost_solution_mc,multiple_choice,,"Unit 7 Assessment Plan + AP Calculus AB Course Framework; supplied AP Topic scoring guides consulted for authentic representations and rigor only, with no published question wording copied.",AP-style mixed selected/constructed response source; no published wording copied.
U7-SUM-V8-Q04,MATH,7,7.4,summative_assessment,summative,v8_q04,unit-synthesis,1,Use initial conditions to determine constants and produce particular solutions to separable differential equations.,I can use an initial condition to select one member of a solution family and express the requested particular solution with an appropriate branch or form.,AP Topic 7.7,initial_constant_mc,multiple_choice,,"Unit 7 Assessment Plan + AP Calculus AB Course Framework; supplied AP Topic scoring guides consulted for authentic representations and rigor only, with no published question wording copied.",AP-style mixed selected/constructed response source; no published wording copied.
U7-SUM-V8-Q05,MATH,7,7.5,summative_assessment,summative,v8_q05,unit-synthesis,2,Model and interpret exponential growth and decay from differential equations in contextual situations.,"I can build exponential growth or decay models from proportional-rate relationships and interpret the sign, units, parameters, and solution behavior in context.",AP Topic 7.8,half_life_mc,multiple_choice,,"Unit 7 Assessment Plan + AP Calculus AB Course Framework; supplied AP Topic scoring guides consulted for authentic representations and rigor only, with no published question wording copied.",AP-style mixed selected/constructed response source; no published wording copied.
U7-SUM-V8-Q06,MATH,7,7.1,summative_assessment,summative,v8_q06,unit-synthesis,1,Translate verbal rate relationships into differential equations and verify whether proposed functions satisfy a differential equation.,I can model verbal growth or change statements with differential equations and verify proposed solutions by checking the derivative relationship.,"AP Topics 7.1, 7.2",de_recognition_mc,multiple_choice,,"Unit 7 Assessment Plan + AP Calculus AB Course Framework; supplied AP Topic scoring guides consulted for authentic representations and rigor only, with no published question wording copied.",AP-style mixed selected/constructed response source; no published wording copied.
U7-SUM-V8-Q07,MATH,7,7.2,summative_assessment,summative,v8_q07,unit-synthesis,1,"Sketch and interpret slope fields, connect local slope behavior to differential equations, and reason about solution curves graphically.","I can read local slopes from a slope field, match a field to a differential equation, and sketch or describe a solution curve through an initial point.","AP Topics 7.3, 7.4",local_slope_mc,multiple_choice,,"Unit 7 Assessment Plan + AP Calculus AB Course Framework; supplied AP Topic scoring guides consulted for authentic representations and rigor only, with no published question wording copied.",AP-style mixed selected/constructed response source; no published wording copied.
U7-SUM-V8-Q08,MATH,7,7.3,summative_assessment,summative,v8_q08,unit-synthesis,1,"Solve separable differential equations by separating variables, integrating both sides, and managing constants of integration across equivalent solution forms.","I can separate variables correctly, integrate both sides, include constants, recognize possible lost equilibrium solutions, and compare equivalent implicit or explicit forms.",AP Topic 7.6,separation_step_mc,multiple_choice,,"Unit 7 Assessment Plan + AP Calculus AB Course Framework; supplied AP Topic scoring guides consulted for authentic representations and rigor only, with no published question wording copied.",AP-style mixed selected/constructed response source; no published wording copied.
U7-SUM-V8-Q09,MATH,7,7.4,summative_assessment,summative,v8_q09,unit-synthesis,1,Use initial conditions to determine constants and produce particular solutions to separable differential equations.,I can use an initial condition to select one member of a solution family and express the requested particular solution with an appropriate branch or form.,AP Topic 7.7,general_particular_mc,multiple_choice,,"Unit 7 Assessment Plan + AP Calculus AB Course Framework; supplied AP Topic scoring guides consulted for authentic representations and rigor only, with no published question wording copied.",AP-style mixed selected/constructed response source; no published wording copied.
U7-SUM-V8-Q10,MATH,7,7.5,summative_assessment,summative,v8_q10,unit-synthesis,1,Model and interpret exponential growth and decay from differential equations in contextual situations.,"I can build exponential growth or decay models from proportional-rate relationships and interpret the sign, units, parameters, and solution behavior in context.",AP Topic 7.8,growth_decay_mc,multiple_choice,,"Unit 7 Assessment Plan + AP Calculus AB Course Framework; supplied AP Topic scoring guides consulted for authentic representations and rigor only, with no published question wording copied.",AP-style mixed selected/constructed response source; no published wording copied.
U7-SUM-V8-Q11,MATH,7,7.1,summative_assessment,summative,v8_q11,unit-synthesis,2,Translate verbal rate relationships into differential equations and verify whether proposed functions satisfy a differential equation.,I can model verbal growth or change statements with differential equations and verify proposed solutions by checking the derivative relationship.,"AP Topics 7.1, 7.2",solution_verification_mc,multiple_choice,,"Unit 7 Assessment Plan + AP Calculus AB Course Framework; supplied AP Topic scoring guides consulted for authentic representations and rigor only, with no published question wording copied.",AP-style mixed selected/constructed response source; no published wording copied.
U7-SUM-V8-Q12,MATH,7,7.2,summative_assessment,summative,v8_q12,unit-synthesis,2,"Sketch and interpret slope fields, connect local slope behavior to differential equations, and reason about solution curves graphically.","I can read local slopes from a slope field, match a field to a differential equation, and sketch or describe a solution curve through an initial point.","AP Topics 7.3, 7.4",field_locus_mc,multiple_choice,u7_sum_v8_q12_sum_field_mc.png,"Unit 7 Assessment Plan + AP Calculus AB Course Framework; supplied AP Topic scoring guides consulted for authentic representations and rigor only, with no published question wording copied.",AP-style mixed selected/constructed response source; no published wording copied.
U7-SUM-V8-Q13,MATH,7,7.3,summative_assessment,summative,v8_q13,unit-synthesis,2,"Solve separable differential equations by separating variables, integrating both sides, and managing constants of integration across equivalent solution forms.","I can separate variables correctly, integrate both sides, include constants, recognize possible lost equilibrium solutions, and compare equivalent implicit or explicit forms.",AP Topic 7.6,separation_frq,constructed_response,,"Unit 7 Assessment Plan + AP Calculus AB Course Framework; supplied AP Topic scoring guides consulted for authentic representations and rigor only, with no published question wording copied.",AP-style mixed selected/constructed response source; no published wording copied.
U7-SUM-V8-Q14,MATH,7,7.4,summative_assessment,summative,v8_q14,unit-synthesis,2,Use initial conditions to determine constants and produce particular solutions to separable differential equations.,I can use an initial condition to select one member of a solution family and express the requested particular solution with an appropriate branch or form.,AP Topic 7.7,particular_solution_frq,constructed_response,,"Unit 7 Assessment Plan + AP Calculus AB Course Framework; supplied AP Topic scoring guides consulted for authentic representations and rigor only, with no published question wording copied.",AP-style mixed selected/constructed response source; no published wording copied.
U7-SUM-V8-Q15,MATH,7,7.5,summative_assessment,summative,v8_q15,unit-synthesis,3,Model and interpret exponential growth and decay from differential equations in contextual situations.,"I can build exponential growth or decay models from proportional-rate relationships and interpret the sign, units, parameters, and solution behavior in context.",AP Topic 7.8,exponential_model_frq,constructed_response,,"Unit 7 Assessment Plan + AP Calculus AB Course Framework; supplied AP Topic scoring guides consulted for authentic representations and rigor only, with no published question wording copied.",AP-style mixed selected/constructed response source; no published wording copied.
U7-SUM-V8-Q16,MATH,7,7.1,summative_assessment,summative,v8_q16,unit-synthesis,2,Translate verbal rate relationships into differential equations and verify whether proposed functions satisfy a differential equation.,I can model verbal growth or change statements with differential equations and verify proposed solutions by checking the derivative relationship.,"AP Topics 7.1, 7.2",model_verify_frq,constructed_response,,"Unit 7 Assessment Plan + AP Calculus AB Course Framework; supplied AP Topic scoring guides consulted for authentic representations and rigor only, with no published question wording copied.",AP-style mixed selected/constructed response source; no published wording copied.
U7-SUM-V8-Q17,MATH,7,7.2,summative_assessment,summative,v8_q17,unit-synthesis,3,"Sketch and interpret slope fields, connect local slope behavior to differential equations, and reason about solution curves graphically.","I can read local slopes from a slope field, match a field to a differential equation, and sketch or describe a solution curve through an initial point.","AP Topics 7.3, 7.4",slope_field_frq,constructed_response,u7_sum_v8_q17_sum_field.png,"Unit 7 Assessment Plan + AP Calculus AB Course Framework; supplied AP Topic scoring guides consulted for authentic representations and rigor only, with no published question wording copied.",AP-style mixed selected/constructed response source; no published wording copied.
U7-SUM-V8-Q18,MATH,7,7.3,summative_assessment,summative,v8_q18,unit-synthesis,3,"Solve separable differential equations by separating variables, integrating both sides, and managing constants of integration across equivalent solution forms.","I can separate variables correctly, integrate both sides, include constants, recognize possible lost equilibrium solutions, and compare equivalent implicit or explicit forms.",AP Topic 7.6,separation_critique_frq,constructed_response,,"Unit 7 Assessment Plan + AP Calculus AB Course Framework; supplied AP Topic scoring guides consulted for authentic representations and rigor only, with no published question wording copied.",AP-style mixed selected/constructed response source; no published wording copied.
U7-SUM-V8-Q19,MATH,7,7.4,summative_assessment,summative,v8_q19,unit-synthesis,2,Use initial conditions to determine constants and produce particular solutions to separable differential equations.,I can use an initial condition to select one member of a solution family and express the requested particular solution with an appropriate branch or form.,AP Topic 7.7,particular_solution_frq,constructed_response,,"Unit 7 Assessment Plan + AP Calculus AB Course Framework; supplied AP Topic scoring guides consulted for authentic representations and rigor only, with no published question wording copied.",AP-style mixed selected/constructed response source; no published wording copied.
U7-SUM-V8-Q20,MATH,7,7.5,summative_assessment,summative,v8_q20,unit-synthesis,3,Model and interpret exponential growth and decay from differential equations in contextual situations.,"I can build exponential growth or decay models from proportional-rate relationships and interpret the sign, units, parameters, and solution behavior in context.",AP Topic 7.8,exponential_graph_frq,constructed_response,u7_sum_v8_q20_sum_exp_graph.png,"Unit 7 Assessment Plan + AP Calculus AB Course Framework; supplied AP Topic scoring guides consulted for authentic representations and rigor only, with no published question wording copied.",AP-style mixed selected/constructed response source; no published wording copied.
