bank_id,course_family,unit,section,destination,destination_group,destination_slot,spiral_role,dok,learning_target,i_can,framework_alignment,item_type,answer_type,figure_files,source_basis,notes
U3-S1-NOTE-EX01,MATH,3,3.1,notes_example,notes,pair_1_ex,current,1,Differentiate composite functions by identifying outer and inner structure and applying the chain rule with accurate notation.,I can differentiate composite and nested functions by tracing outer/inner structure and multiplying by each required inner derivative.,AP Topic 3.1,chain_structure,short_response,,Assessment Plan + Course Framework; supplied AP Topic scoring guides consulted for representation/rigor only (no question wording copied).,Notes pair 1; EX.
U3-S1-NOTE-YTI01,MATH,3,3.1,notes_you_try_it,notes,pair_1_yti,current,1,Differentiate composite functions by identifying outer and inner structure and applying the chain rule with accurate notation.,I can differentiate composite and nested functions by tracing outer/inner structure and multiplying by each required inner derivative.,AP Topic 3.1,chain_structure,short_response,,Assessment Plan + Course Framework; supplied AP Topic scoring guides consulted for representation/rigor only (no question wording copied).,Notes pair 1; YTI.
U3-S1-NOTE-EX02,MATH,3,3.1,notes_example,notes,pair_2_ex,current,2,Differentiate composite functions by identifying outer and inner structure and applying the chain rule with accurate notation.,I can differentiate composite and nested functions by tracing outer/inner structure and multiplying by each required inner derivative.,AP Topic 3.1,chain_power,expression,,Assessment Plan + Course Framework; supplied AP Topic scoring guides consulted for representation/rigor only (no question wording copied).,Notes pair 2; EX.
U3-S1-NOTE-YTI02,MATH,3,3.1,notes_you_try_it,notes,pair_2_yti,current,2,Differentiate composite functions by identifying outer and inner structure and applying the chain rule with accurate notation.,I can differentiate composite and nested functions by tracing outer/inner structure and multiplying by each required inner derivative.,AP Topic 3.1,chain_power,expression,,Assessment Plan + Course Framework; supplied AP Topic scoring guides consulted for representation/rigor only (no question wording copied).,Notes pair 2; YTI.
U3-S1-NOTE-EX03,MATH,3,3.1,notes_example,notes,pair_3_ex,current,2,Differentiate composite functions by identifying outer and inner structure and applying the chain rule with accurate notation.,I can differentiate composite and nested functions by tracing outer/inner structure and multiplying by each required inner derivative.,AP Topic 3.1,chain_trig,expression,,Assessment Plan + Course Framework; supplied AP Topic scoring guides consulted for representation/rigor only (no question wording copied).,Notes pair 3; EX.
U3-S1-NOTE-YTI03,MATH,3,3.1,notes_you_try_it,notes,pair_3_yti,current,2,Differentiate composite functions by identifying outer and inner structure and applying the chain rule with accurate notation.,I can differentiate composite and nested functions by tracing outer/inner structure and multiplying by each required inner derivative.,AP Topic 3.1,chain_trig,expression,,Assessment Plan + Course Framework; supplied AP Topic scoring guides consulted for representation/rigor only (no question wording copied).,Notes pair 3; YTI.
U3-S1-NOTE-EX04,MATH,3,3.1,notes_example,notes,pair_4_ex,current,2,Differentiate composite functions by identifying outer and inner structure and applying the chain rule with accurate notation.,I can differentiate composite and nested functions by tracing outer/inner structure and multiplying by each required inner derivative.,AP Topic 3.1,chain_core,expression,,Assessment Plan + Course Framework; supplied AP Topic scoring guides consulted for representation/rigor only (no question wording copied).,Notes pair 4; EX.
U3-S1-NOTE-YTI04,MATH,3,3.1,notes_you_try_it,notes,pair_4_yti,current,2,Differentiate composite functions by identifying outer and inner structure and applying the chain rule with accurate notation.,I can differentiate composite and nested functions by tracing outer/inner structure and multiplying by each required inner derivative.,AP Topic 3.1,chain_core,expression,,Assessment Plan + Course Framework; supplied AP Topic scoring guides consulted for representation/rigor only (no question wording copied).,Notes pair 4; YTI.
U3-S2-NOTE-EX01,MATH,3,3.2,notes_example,notes,pair_1_ex,current,2,"Select and combine product, quotient, chain, and core derivative rules in mixed expressions and use higher-order derivative notation.",I can choose an efficient sequence of derivative rules for nested products or quotients and use first- and higher-order derivative notation precisely.,"AP Topics 3.5, 3.6",mixed_rule,expression,,Assessment Plan + Course Framework; supplied AP Topic scoring guides consulted for representation/rigor only (no question wording copied).,Notes pair 1; EX.
U3-S2-NOTE-YTI01,MATH,3,3.2,notes_you_try_it,notes,pair_1_yti,current,2,"Select and combine product, quotient, chain, and core derivative rules in mixed expressions and use higher-order derivative notation.",I can choose an efficient sequence of derivative rules for nested products or quotients and use first- and higher-order derivative notation precisely.,"AP Topics 3.5, 3.6",mixed_rule,expression,,Assessment Plan + Course Framework; supplied AP Topic scoring guides consulted for representation/rigor only (no question wording copied).,Notes pair 1; YTI.
U3-S2-NOTE-EX02,MATH,3,3.2,notes_example,notes,pair_2_ex,current,2,"Select and combine product, quotient, chain, and core derivative rules in mixed expressions and use higher-order derivative notation.",I can choose an efficient sequence of derivative rules for nested products or quotients and use first- and higher-order derivative notation precisely.,"AP Topics 3.5, 3.6",product_chain,expression,,Assessment Plan + Course Framework; supplied AP Topic scoring guides consulted for representation/rigor only (no question wording copied).,Notes pair 2; EX.
U3-S2-NOTE-YTI02,MATH,3,3.2,notes_you_try_it,notes,pair_2_yti,current,2,"Select and combine product, quotient, chain, and core derivative rules in mixed expressions and use higher-order derivative notation.",I can choose an efficient sequence of derivative rules for nested products or quotients and use first- and higher-order derivative notation precisely.,"AP Topics 3.5, 3.6",product_chain,expression,,Assessment Plan + Course Framework; supplied AP Topic scoring guides consulted for representation/rigor only (no question wording copied).,Notes pair 2; YTI.
U3-S2-NOTE-EX03,MATH,3,3.2,notes_example,notes,pair_3_ex,current,2,"Select and combine product, quotient, chain, and core derivative rules in mixed expressions and use higher-order derivative notation.",I can choose an efficient sequence of derivative rules for nested products or quotients and use first- and higher-order derivative notation precisely.,"AP Topics 3.5, 3.6",second_derivative,expression,,Assessment Plan + Course Framework; supplied AP Topic scoring guides consulted for representation/rigor only (no question wording copied).,Notes pair 3; EX.
U3-S2-NOTE-YTI03,MATH,3,3.2,notes_you_try_it,notes,pair_3_yti,current,2,"Select and combine product, quotient, chain, and core derivative rules in mixed expressions and use higher-order derivative notation.",I can choose an efficient sequence of derivative rules for nested products or quotients and use first- and higher-order derivative notation precisely.,"AP Topics 3.5, 3.6",second_derivative,expression,,Assessment Plan + Course Framework; supplied AP Topic scoring guides consulted for representation/rigor only (no question wording copied).,Notes pair 3; YTI.
U3-S2-NOTE-EX04,MATH,3,3.2,notes_example,notes,pair_4_ex,current,2,"Select and combine product, quotient, chain, and core derivative rules in mixed expressions and use higher-order derivative notation.",I can choose an efficient sequence of derivative rules for nested products or quotients and use first- and higher-order derivative notation precisely.,"AP Topics 3.5, 3.6",mixed_table,numeric,,Assessment Plan + Course Framework; supplied AP Topic scoring guides consulted for representation/rigor only (no question wording copied).,Notes pair 4; EX.
U3-S2-NOTE-YTI04,MATH,3,3.2,notes_you_try_it,notes,pair_4_yti,current,2,"Select and combine product, quotient, chain, and core derivative rules in mixed expressions and use higher-order derivative notation.",I can choose an efficient sequence of derivative rules for nested products or quotients and use first- and higher-order derivative notation precisely.,"AP Topics 3.5, 3.6",mixed_table,numeric,,Assessment Plan + Course Framework; supplied AP Topic scoring guides consulted for representation/rigor only (no question wording copied).,Notes pair 4; YTI.
U3-S3-NOTE-EX01,MATH,3,3.3,notes_example,notes,pair_1_ex,current,2,"Differentiate implicit relations, solve for $dy/dx$, and use the result in tangent-line situations.","I can include the required $dy/dx$ factors, solve an implicit derivative equation, and use it to find a tangent slope or tangent line.",AP Topic 3.2,implicit_basic,expression,,Assessment Plan + Course Framework; supplied AP Topic scoring guides consulted for representation/rigor only (no question wording copied).,Notes pair 1; EX.
U3-S3-NOTE-YTI01,MATH,3,3.3,notes_you_try_it,notes,pair_1_yti,current,2,"Differentiate implicit relations, solve for $dy/dx$, and use the result in tangent-line situations.","I can include the required $dy/dx$ factors, solve an implicit derivative equation, and use it to find a tangent slope or tangent line.",AP Topic 3.2,implicit_basic,expression,,Assessment Plan + Course Framework; supplied AP Topic scoring guides consulted for representation/rigor only (no question wording copied).,Notes pair 1; YTI.
U3-S3-NOTE-EX02,MATH,3,3.3,notes_example,notes,pair_2_ex,current,2,"Differentiate implicit relations, solve for $dy/dx$, and use the result in tangent-line situations.","I can include the required $dy/dx$ factors, solve an implicit derivative equation, and use it to find a tangent slope or tangent line.",AP Topic 3.2,implicit_product,expression,,Assessment Plan + Course Framework; supplied AP Topic scoring guides consulted for representation/rigor only (no question wording copied).,Notes pair 2; EX.
U3-S3-NOTE-YTI02,MATH,3,3.3,notes_you_try_it,notes,pair_2_yti,current,2,"Differentiate implicit relations, solve for $dy/dx$, and use the result in tangent-line situations.","I can include the required $dy/dx$ factors, solve an implicit derivative equation, and use it to find a tangent slope or tangent line.",AP Topic 3.2,implicit_product,expression,,Assessment Plan + Course Framework; supplied AP Topic scoring guides consulted for representation/rigor only (no question wording copied).,Notes pair 2; YTI.
U3-S3-NOTE-EX03,MATH,3,3.3,notes_example,notes,pair_3_ex,current,2,"Differentiate implicit relations, solve for $dy/dx$, and use the result in tangent-line situations.","I can include the required $dy/dx$ factors, solve an implicit derivative equation, and use it to find a tangent slope or tangent line.",AP Topic 3.2,implicit_tangent_slope,numeric,,Assessment Plan + Course Framework; supplied AP Topic scoring guides consulted for representation/rigor only (no question wording copied).,Notes pair 3; EX.
U3-S3-NOTE-YTI03,MATH,3,3.3,notes_you_try_it,notes,pair_3_yti,current,2,"Differentiate implicit relations, solve for $dy/dx$, and use the result in tangent-line situations.","I can include the required $dy/dx$ factors, solve an implicit derivative equation, and use it to find a tangent slope or tangent line.",AP Topic 3.2,implicit_tangent_slope,numeric,,Assessment Plan + Course Framework; supplied AP Topic scoring guides consulted for representation/rigor only (no question wording copied).,Notes pair 3; YTI.
U3-S3-NOTE-EX04,MATH,3,3.3,notes_example,notes,pair_4_ex,current,2,"Differentiate implicit relations, solve for $dy/dx$, and use the result in tangent-line situations.","I can include the required $dy/dx$ factors, solve an implicit derivative equation, and use it to find a tangent slope or tangent line.",AP Topic 3.2,implicit_tangent_line,equation,,Assessment Plan + Course Framework; supplied AP Topic scoring guides consulted for representation/rigor only (no question wording copied).,Notes pair 4; EX.
U3-S3-NOTE-YTI04,MATH,3,3.3,notes_you_try_it,notes,pair_4_yti,current,2,"Differentiate implicit relations, solve for $dy/dx$, and use the result in tangent-line situations.","I can include the required $dy/dx$ factors, solve an implicit derivative equation, and use it to find a tangent slope or tangent line.",AP Topic 3.2,implicit_tangent_line,equation,,Assessment Plan + Course Framework; supplied AP Topic scoring guides consulted for representation/rigor only (no question wording copied).,Notes pair 4; YTI.
U3-S4-NOTE-EX01,MATH,3,3.4,notes_example,notes,pair_1_ex,current,2,"Determine derivatives of inverse functions from equations, tables, and graphs, and apply inverse trigonometric derivative rules.","I can match corresponding function/inverse values, use reciprocal derivative relationships, and differentiate inverse-trigonometric compositions.","AP Topics 3.3, 3.4",inverse_table_relation,numeric,,Assessment Plan + Course Framework; supplied AP Topic scoring guides consulted for representation/rigor only (no question wording copied).,Notes pair 1; EX.
U3-S4-NOTE-YTI01,MATH,3,3.4,notes_you_try_it,notes,pair_1_yti,current,2,"Determine derivatives of inverse functions from equations, tables, and graphs, and apply inverse trigonometric derivative rules.","I can match corresponding function/inverse values, use reciprocal derivative relationships, and differentiate inverse-trigonometric compositions.","AP Topics 3.3, 3.4",inverse_table_relation,numeric,,Assessment Plan + Course Framework; supplied AP Topic scoring guides consulted for representation/rigor only (no question wording copied).,Notes pair 1; YTI.
U3-S4-NOTE-EX02,MATH,3,3.4,notes_example,notes,pair_2_ex,current,2,"Determine derivatives of inverse functions from equations, tables, and graphs, and apply inverse trigonometric derivative rules.","I can match corresponding function/inverse values, use reciprocal derivative relationships, and differentiate inverse-trigonometric compositions.","AP Topics 3.3, 3.4",inverse_equation,numeric,,Assessment Plan + Course Framework; supplied AP Topic scoring guides consulted for representation/rigor only (no question wording copied).,Notes pair 2; EX.
U3-S4-NOTE-YTI02,MATH,3,3.4,notes_you_try_it,notes,pair_2_yti,current,2,"Determine derivatives of inverse functions from equations, tables, and graphs, and apply inverse trigonometric derivative rules.","I can match corresponding function/inverse values, use reciprocal derivative relationships, and differentiate inverse-trigonometric compositions.","AP Topics 3.3, 3.4",inverse_equation,numeric,,Assessment Plan + Course Framework; supplied AP Topic scoring guides consulted for representation/rigor only (no question wording copied).,Notes pair 2; YTI.
U3-S4-NOTE-EX03,MATH,3,3.4,notes_example,notes,pair_3_ex,current,2,"Determine derivatives of inverse functions from equations, tables, and graphs, and apply inverse trigonometric derivative rules.","I can match corresponding function/inverse values, use reciprocal derivative relationships, and differentiate inverse-trigonometric compositions.","AP Topics 3.3, 3.4",inverse_trig_asin,expression,,Assessment Plan + Course Framework; supplied AP Topic scoring guides consulted for representation/rigor only (no question wording copied).,Notes pair 3; EX.
U3-S4-NOTE-YTI03,MATH,3,3.4,notes_you_try_it,notes,pair_3_yti,current,2,"Determine derivatives of inverse functions from equations, tables, and graphs, and apply inverse trigonometric derivative rules.","I can match corresponding function/inverse values, use reciprocal derivative relationships, and differentiate inverse-trigonometric compositions.","AP Topics 3.3, 3.4",inverse_trig_asin,expression,,Assessment Plan + Course Framework; supplied AP Topic scoring guides consulted for representation/rigor only (no question wording copied).,Notes pair 3; YTI.
U3-S4-NOTE-EX04,MATH,3,3.4,notes_example,notes,pair_4_ex,current,2,"Determine derivatives of inverse functions from equations, tables, and graphs, and apply inverse trigonometric derivative rules.","I can match corresponding function/inverse values, use reciprocal derivative relationships, and differentiate inverse-trigonometric compositions.","AP Topics 3.3, 3.4",inverse_trig_atan,expression,,Assessment Plan + Course Framework; supplied AP Topic scoring guides consulted for representation/rigor only (no question wording copied).,Notes pair 4; EX.
U3-S4-NOTE-YTI04,MATH,3,3.4,notes_you_try_it,notes,pair_4_yti,current,2,"Determine derivatives of inverse functions from equations, tables, and graphs, and apply inverse trigonometric derivative rules.","I can match corresponding function/inverse values, use reciprocal derivative relationships, and differentiate inverse-trigonometric compositions.","AP Topics 3.3, 3.4",inverse_trig_atan,expression,,Assessment Plan + Course Framework; supplied AP Topic scoring guides consulted for representation/rigor only (no question wording copied).,Notes pair 4; YTI.
U3-S5-NOTE-EX01,MATH,3,3.5,notes_example,notes,pair_1_ex,current,2,"Synthesize derivative rules, higher-order notation, procedure selection, and early motion connections to solve mixed derivative problems efficiently and accurately.","I can build and defend a derivative strategy for unfamiliar expressions, compute higher-order derivatives, and connect first and second derivatives to early motion meaning.",Unit 2-3 synthesis,higher_order,expression,,Assessment Plan + Course Framework; supplied AP Topic scoring guides consulted for representation/rigor only (no question wording copied).,Notes pair 1; EX.
U3-S5-NOTE-YTI01,MATH,3,3.5,notes_you_try_it,notes,pair_1_yti,current,2,"Synthesize derivative rules, higher-order notation, procedure selection, and early motion connections to solve mixed derivative problems efficiently and accurately.","I can build and defend a derivative strategy for unfamiliar expressions, compute higher-order derivatives, and connect first and second derivatives to early motion meaning.",Unit 2-3 synthesis,higher_order,expression,,Assessment Plan + Course Framework; supplied AP Topic scoring guides consulted for representation/rigor only (no question wording copied).,Notes pair 1; YTI.
U3-S5-NOTE-EX02,MATH,3,3.5,notes_example,notes,pair_2_ex,current,3,"Synthesize derivative rules, higher-order notation, procedure selection, and early motion connections to solve mixed derivative problems efficiently and accurately.","I can build and defend a derivative strategy for unfamiliar expressions, compute higher-order derivatives, and connect first and second derivatives to early motion meaning.",Unit 2-3 synthesis,strategy_sequence,constructed_response,,Assessment Plan + Course Framework; supplied AP Topic scoring guides consulted for representation/rigor only (no question wording copied).,Notes pair 2; EX.
U3-S5-NOTE-YTI02,MATH,3,3.5,notes_you_try_it,notes,pair_2_yti,current,3,"Synthesize derivative rules, higher-order notation, procedure selection, and early motion connections to solve mixed derivative problems efficiently and accurately.","I can build and defend a derivative strategy for unfamiliar expressions, compute higher-order derivatives, and connect first and second derivatives to early motion meaning.",Unit 2-3 synthesis,strategy_sequence,constructed_response,,Assessment Plan + Course Framework; supplied AP Topic scoring guides consulted for representation/rigor only (no question wording copied).,Notes pair 2; YTI.
U3-S5-NOTE-EX03,MATH,3,3.5,notes_example,notes,pair_3_ex,current,2,"Synthesize derivative rules, higher-order notation, procedure selection, and early motion connections to solve mixed derivative problems efficiently and accurately.","I can build and defend a derivative strategy for unfamiliar expressions, compute higher-order derivatives, and connect first and second derivatives to early motion meaning.",Unit 2-3 synthesis,motion_preview,numeric,,Assessment Plan + Course Framework; supplied AP Topic scoring guides consulted for representation/rigor only (no question wording copied).,Notes pair 3; EX.
U3-S5-NOTE-YTI03,MATH,3,3.5,notes_you_try_it,notes,pair_3_yti,current,2,"Synthesize derivative rules, higher-order notation, procedure selection, and early motion connections to solve mixed derivative problems efficiently and accurately.","I can build and defend a derivative strategy for unfamiliar expressions, compute higher-order derivatives, and connect first and second derivatives to early motion meaning.",Unit 2-3 synthesis,motion_preview,numeric,,Assessment Plan + Course Framework; supplied AP Topic scoring guides consulted for representation/rigor only (no question wording copied).,Notes pair 3; YTI.
U3-S5-NOTE-EX04,MATH,3,3.5,notes_example,notes,pair_4_ex,current,2,"Synthesize derivative rules, higher-order notation, procedure selection, and early motion connections to solve mixed derivative problems efficiently and accurately.","I can build and defend a derivative strategy for unfamiliar expressions, compute higher-order derivatives, and connect first and second derivatives to early motion meaning.",Unit 2-3 synthesis,higher_order_evaluation,numeric,,Assessment Plan + Course Framework; supplied AP Topic scoring guides consulted for representation/rigor only (no question wording copied).,Notes pair 4; EX.
U3-S5-NOTE-YTI04,MATH,3,3.5,notes_you_try_it,notes,pair_4_yti,current,2,"Synthesize derivative rules, higher-order notation, procedure selection, and early motion connections to solve mixed derivative problems efficiently and accurately.","I can build and defend a derivative strategy for unfamiliar expressions, compute higher-order derivatives, and connect first and second derivatives to early motion meaning.",Unit 2-3 synthesis,higher_order_evaluation,numeric,,Assessment Plan + Course Framework; supplied AP Topic scoring guides consulted for representation/rigor only (no question wording copied).,Notes pair 4; YTI.
U3-S1-PS1-C01,MATH,3,3.1,practice_set_1,practice,ps1_c01,current,1,Differentiate composite functions by identifying outer and inner structure and applying the chain rule with accurate notation.,I can differentiate composite and nested functions by tracing outer/inner structure and multiplying by each required inner derivative.,AP Topic 3.1,chain_structure,short_response,,Assessment Plan + Course Framework; supplied AP Topic scoring guides consulted for representation/rigor only (no question wording copied).,
U3-S1-PS1-C02,MATH,3,3.1,practice_set_1,practice,ps1_c02,current,2,Differentiate composite functions by identifying outer and inner structure and applying the chain rule with accurate notation.,I can differentiate composite and nested functions by tracing outer/inner structure and multiplying by each required inner derivative.,AP Topic 3.1,chain_power,expression,,Assessment Plan + Course Framework; supplied AP Topic scoring guides consulted for representation/rigor only (no question wording copied).,
U3-S1-PS1-C03,MATH,3,3.1,practice_set_1,practice,ps1_c03,current,2,Differentiate composite functions by identifying outer and inner structure and applying the chain rule with accurate notation.,I can differentiate composite and nested functions by tracing outer/inner structure and multiplying by each required inner derivative.,AP Topic 3.1,chain_trig,expression,,Assessment Plan + Course Framework; supplied AP Topic scoring guides consulted for representation/rigor only (no question wording copied).,
U3-S1-PS1-C04,MATH,3,3.1,practice_set_1,practice,ps1_c04,current,2,Differentiate composite functions by identifying outer and inner structure and applying the chain rule with accurate notation.,I can differentiate composite and nested functions by tracing outer/inner structure and multiplying by each required inner derivative.,AP Topic 3.1,chain_core,expression,,Assessment Plan + Course Framework; supplied AP Topic scoring guides consulted for representation/rigor only (no question wording copied).,
U3-S1-PS1-C05,MATH,3,3.1,practice_set_1,practice,ps1_c05,current,2,Differentiate composite functions by identifying outer and inner structure and applying the chain rule with accurate notation.,I can differentiate composite and nested functions by tracing outer/inner structure and multiplying by each required inner derivative.,AP Topic 3.1,nested_chain,expression,,Assessment Plan + Course Framework; supplied AP Topic scoring guides consulted for representation/rigor only (no question wording copied).,
U3-S1-PS1-L01,MATH,3,3.1,practice_set_1,practice,ps1_l01,last,1,"Differentiate products and quotients, select among core derivative rules, and apply derivatives to tangent-line situations.",Retrieve and apply the most recent prerequisite learning.,AP Topic 3.1,rule_recognition,expression,,Assessment Plan + Course Framework; supplied AP Topic scoring guides consulted for representation/rigor only (no question wording copied).,
U3-S1-PS1-L02,MATH,3,3.1,practice_set_1,practice,ps1_l02,last,1,"Differentiate products and quotients, select among core derivative rules, and apply derivatives to tangent-line situations.",Retrieve and apply the most recent prerequisite learning.,AP Topic 3.1,basic_derivative,expression,,Assessment Plan + Course Framework; supplied AP Topic scoring guides consulted for representation/rigor only (no question wording copied).,
U3-S1-PS1-L03,MATH,3,3.1,practice_set_1,practice,ps1_l03,last,2,"Differentiate products and quotients, select among core derivative rules, and apply derivatives to tangent-line situations.",Retrieve and apply the most recent prerequisite learning.,AP Topic 3.1,product_rule,expression,,Assessment Plan + Course Framework; supplied AP Topic scoring guides consulted for representation/rigor only (no question wording copied).,
U3-S1-PS1-L04,MATH,3,3.1,practice_set_1,practice,ps1_l04,last,2,"Differentiate products and quotients, select among core derivative rules, and apply derivatives to tangent-line situations.",Retrieve and apply the most recent prerequisite learning.,AP Topic 3.1,quotient_rule,expression,,Assessment Plan + Course Framework; supplied AP Topic scoring guides consulted for representation/rigor only (no question wording copied).,
U3-S1-PS1-L05,MATH,3,3.1,practice_set_1,practice,ps1_l05,last,2,"Differentiate products and quotients, select among core derivative rules, and apply derivatives to tangent-line situations.",Retrieve and apply the most recent prerequisite learning.,AP Topic 3.1,table_product,numeric,,Assessment Plan + Course Framework; supplied AP Topic scoring guides consulted for representation/rigor only (no question wording copied).,
U3-S1-PS1-M01,MATH,3,3.1,practice_set_1,practice,ps1_m01,mastery,2,Function notation and graph interpretation; algebraic manipulation; limit meaning and notation; rate-of-change reasoning.,Retrieve durable prerequisite learning that supports derivative reasoning.,AP Topic 3.1,average_rate,numeric,,Assessment Plan + Course Framework; supplied AP Topic scoring guides consulted for representation/rigor only (no question wording copied).,
U3-S1-PS1-M02,MATH,3,3.1,practice_set_1,practice,ps1_m02,mastery,1,Function notation and graph interpretation; algebraic manipulation; limit meaning and notation; rate-of-change reasoning.,Retrieve durable prerequisite learning that supports derivative reasoning.,AP Topic 3.1,slope,numeric,,Assessment Plan + Course Framework; supplied AP Topic scoring guides consulted for representation/rigor only (no question wording copied).,
U3-S1-PS1-M03,MATH,3,3.1,practice_set_1,practice,ps1_m03,mastery,2,Function notation and graph interpretation; algebraic manipulation; limit meaning and notation; rate-of-change reasoning.,Retrieve durable prerequisite learning that supports derivative reasoning.,AP Topic 3.1,continuity,numeric,,Assessment Plan + Course Framework; supplied AP Topic scoring guides consulted for representation/rigor only (no question wording copied).,
U3-S1-PS1-M04,MATH,3,3.1,practice_set_1,practice,ps1_m04,mastery,1,Function notation and graph interpretation; algebraic manipulation; limit meaning and notation; rate-of-change reasoning.,Retrieve durable prerequisite learning that supports derivative reasoning.,AP Topic 3.1,function_operations,numeric,,Assessment Plan + Course Framework; supplied AP Topic scoring guides consulted for representation/rigor only (no question wording copied).,
U3-S1-PS1-M05,MATH,3,3.1,practice_set_1,practice,ps1_m05,mastery,1,Function notation and graph interpretation; algebraic manipulation; limit meaning and notation; rate-of-change reasoning.,Retrieve durable prerequisite learning that supports derivative reasoning.,AP Topic 3.1,function_evaluation,numeric,,Assessment Plan + Course Framework; supplied AP Topic scoring guides consulted for representation/rigor only (no question wording copied).,
U3-S1-PS1-M06,MATH,3,3.1,practice_set_1,practice,ps1_m06,mastery,1,Function notation and graph interpretation; algebraic manipulation; limit meaning and notation; rate-of-change reasoning.,Retrieve durable prerequisite learning that supports derivative reasoning.,AP Topic 3.1,algebra,expression,,Assessment Plan + Course Framework; supplied AP Topic scoring guides consulted for representation/rigor only (no question wording copied).,
U3-S1-PS1-M07,MATH,3,3.1,practice_set_1,practice,ps1_m07,mastery,2,Function notation and graph interpretation; algebraic manipulation; limit meaning and notation; rate-of-change reasoning.,Retrieve durable prerequisite learning that supports derivative reasoning.,AP Topic 3.1,algebraic_limit,numeric,,Assessment Plan + Course Framework; supplied AP Topic scoring guides consulted for representation/rigor only (no question wording copied).,
U3-S1-PS1-M08,MATH,3,3.1,practice_set_1,practice,ps1_m08,mastery,2,Function notation and graph interpretation; algebraic manipulation; limit meaning and notation; rate-of-change reasoning.,Retrieve durable prerequisite learning that supports derivative reasoning.,AP Topic 3.1,average_rate,numeric,,Assessment Plan + Course Framework; supplied AP Topic scoring guides consulted for representation/rigor only (no question wording copied).,
U3-S1-PS1-M09,MATH,3,3.1,practice_set_1,practice,ps1_m09,mastery,1,Function notation and graph interpretation; algebraic manipulation; limit meaning and notation; rate-of-change reasoning.,Retrieve durable prerequisite learning that supports derivative reasoning.,AP Topic 3.1,slope,numeric,,Assessment Plan + Course Framework; supplied AP Topic scoring guides consulted for representation/rigor only (no question wording copied).,
U3-S1-PS1-M10,MATH,3,3.1,practice_set_1,practice,ps1_m10,mastery,2,Function notation and graph interpretation; algebraic manipulation; limit meaning and notation; rate-of-change reasoning.,Retrieve durable prerequisite learning that supports derivative reasoning.,AP Topic 3.1,continuity,numeric,,Assessment Plan + Course Framework; supplied AP Topic scoring guides consulted for representation/rigor only (no question wording copied).,
U3-S1-PS2-C01,MATH,3,3.1,practice_set_2,practice,ps2_c01,current,2,Differentiate composite functions by identifying outer and inner structure and applying the chain rule with accurate notation.,I can differentiate composite and nested functions by tracing outer/inner structure and multiplying by each required inner derivative.,AP Topic 3.1,chain_trig,expression,,Assessment Plan + Course Framework; supplied AP Topic scoring guides consulted for representation/rigor only (no question wording copied).,
U3-S1-PS2-C02,MATH,3,3.1,practice_set_2,practice,ps2_c02,current,2,Differentiate composite functions by identifying outer and inner structure and applying the chain rule with accurate notation.,I can differentiate composite and nested functions by tracing outer/inner structure and multiplying by each required inner derivative.,AP Topic 3.1,chain_core,expression,,Assessment Plan + Course Framework; supplied AP Topic scoring guides consulted for representation/rigor only (no question wording copied).,
U3-S1-PS2-C03,MATH,3,3.1,practice_set_2,practice,ps2_c03,current,2,Differentiate composite functions by identifying outer and inner structure and applying the chain rule with accurate notation.,I can differentiate composite and nested functions by tracing outer/inner structure and multiplying by each required inner derivative.,AP Topic 3.1,nested_chain,expression,,Assessment Plan + Course Framework; supplied AP Topic scoring guides consulted for representation/rigor only (no question wording copied).,
U3-S1-PS2-C04,MATH,3,3.1,practice_set_2,practice,ps2_c04,current,2,Differentiate composite functions by identifying outer and inner structure and applying the chain rule with accurate notation.,I can differentiate composite and nested functions by tracing outer/inner structure and multiplying by each required inner derivative.,AP Topic 3.1,chain_table,numeric,,Assessment Plan + Course Framework; supplied AP Topic scoring guides consulted for representation/rigor only (no question wording copied).,
U3-S1-PS2-C05,MATH,3,3.1,practice_set_2,practice,ps2_c05,current,1,Differentiate composite functions by identifying outer and inner structure and applying the chain rule with accurate notation.,I can differentiate composite and nested functions by tracing outer/inner structure and multiplying by each required inner derivative.,AP Topic 3.1,chain_structure,short_response,,Assessment Plan + Course Framework; supplied AP Topic scoring guides consulted for representation/rigor only (no question wording copied).,
U3-S1-PS2-L01,MATH,3,3.1,practice_set_2,practice,ps2_l01,last,2,"Differentiate products and quotients, select among core derivative rules, and apply derivatives to tangent-line situations.",Retrieve and apply the most recent prerequisite learning.,AP Topic 3.1,product_rule,expression,,Assessment Plan + Course Framework; supplied AP Topic scoring guides consulted for representation/rigor only (no question wording copied).,
U3-S1-PS2-L02,MATH,3,3.1,practice_set_2,practice,ps2_l02,last,2,"Differentiate products and quotients, select among core derivative rules, and apply derivatives to tangent-line situations.",Retrieve and apply the most recent prerequisite learning.,AP Topic 3.1,quotient_rule,expression,,Assessment Plan + Course Framework; supplied AP Topic scoring guides consulted for representation/rigor only (no question wording copied).,
U3-S1-PS2-L03,MATH,3,3.1,practice_set_2,practice,ps2_l03,last,2,"Differentiate products and quotients, select among core derivative rules, and apply derivatives to tangent-line situations.",Retrieve and apply the most recent prerequisite learning.,AP Topic 3.1,table_product,numeric,,Assessment Plan + Course Framework; supplied AP Topic scoring guides consulted for representation/rigor only (no question wording copied).,
U3-S1-PS2-L04,MATH,3,3.1,practice_set_2,practice,ps2_l04,last,2,"Differentiate products and quotients, select among core derivative rules, and apply derivatives to tangent-line situations.",Retrieve and apply the most recent prerequisite learning.,AP Topic 3.1,tangent_line,equation,,Assessment Plan + Course Framework; supplied AP Topic scoring guides consulted for representation/rigor only (no question wording copied).,
U3-S1-PS2-L05,MATH,3,3.1,practice_set_2,practice,ps2_l05,last,1,"Differentiate products and quotients, select among core derivative rules, and apply derivatives to tangent-line situations.",Retrieve and apply the most recent prerequisite learning.,AP Topic 3.1,rule_recognition,expression,,Assessment Plan + Course Framework; supplied AP Topic scoring guides consulted for representation/rigor only (no question wording copied).,
U3-S1-PS2-M01,MATH,3,3.1,practice_set_2,practice,ps2_m01,mastery,2,Function notation and graph interpretation; algebraic manipulation; limit meaning and notation; rate-of-change reasoning.,Retrieve durable prerequisite learning that supports derivative reasoning.,AP Topic 3.1,algebraic_limit,numeric,,Assessment Plan + Course Framework; supplied AP Topic scoring guides consulted for representation/rigor only (no question wording copied).,
U3-S1-PS2-M02,MATH,3,3.1,practice_set_2,practice,ps2_m02,mastery,2,Function notation and graph interpretation; algebraic manipulation; limit meaning and notation; rate-of-change reasoning.,Retrieve durable prerequisite learning that supports derivative reasoning.,AP Topic 3.1,average_rate,numeric,,Assessment Plan + Course Framework; supplied AP Topic scoring guides consulted for representation/rigor only (no question wording copied).,
U3-S1-PS2-M03,MATH,3,3.1,practice_set_2,practice,ps2_m03,mastery,1,Function notation and graph interpretation; algebraic manipulation; limit meaning and notation; rate-of-change reasoning.,Retrieve durable prerequisite learning that supports derivative reasoning.,AP Topic 3.1,slope,numeric,,Assessment Plan + Course Framework; supplied AP Topic scoring guides consulted for representation/rigor only (no question wording copied).,
U3-S1-PS2-M04,MATH,3,3.1,practice_set_2,practice,ps2_m04,mastery,2,Function notation and graph interpretation; algebraic manipulation; limit meaning and notation; rate-of-change reasoning.,Retrieve durable prerequisite learning that supports derivative reasoning.,AP Topic 3.1,continuity,numeric,,Assessment Plan + Course Framework; supplied AP Topic scoring guides consulted for representation/rigor only (no question wording copied).,
U3-S1-PS2-M05,MATH,3,3.1,practice_set_2,practice,ps2_m05,mastery,1,Function notation and graph interpretation; algebraic manipulation; limit meaning and notation; rate-of-change reasoning.,Retrieve durable prerequisite learning that supports derivative reasoning.,AP Topic 3.1,function_operations,numeric,,Assessment Plan + Course Framework; supplied AP Topic scoring guides consulted for representation/rigor only (no question wording copied).,
U3-S1-PS2-M06,MATH,3,3.1,practice_set_2,practice,ps2_m06,mastery,1,Function notation and graph interpretation; algebraic manipulation; limit meaning and notation; rate-of-change reasoning.,Retrieve durable prerequisite learning that supports derivative reasoning.,AP Topic 3.1,function_evaluation,numeric,,Assessment Plan + Course Framework; supplied AP Topic scoring guides consulted for representation/rigor only (no question wording copied).,
U3-S1-PS2-M07,MATH,3,3.1,practice_set_2,practice,ps2_m07,mastery,1,Function notation and graph interpretation; algebraic manipulation; limit meaning and notation; rate-of-change reasoning.,Retrieve durable prerequisite learning that supports derivative reasoning.,AP Topic 3.1,algebra,expression,,Assessment Plan + Course Framework; supplied AP Topic scoring guides consulted for representation/rigor only (no question wording copied).,
U3-S1-PS2-M08,MATH,3,3.1,practice_set_2,practice,ps2_m08,mastery,2,Function notation and graph interpretation; algebraic manipulation; limit meaning and notation; rate-of-change reasoning.,Retrieve durable prerequisite learning that supports derivative reasoning.,AP Topic 3.1,algebraic_limit,numeric,,Assessment Plan + Course Framework; supplied AP Topic scoring guides consulted for representation/rigor only (no question wording copied).,
U3-S1-PS2-M09,MATH,3,3.1,practice_set_2,practice,ps2_m09,mastery,2,Function notation and graph interpretation; algebraic manipulation; limit meaning and notation; rate-of-change reasoning.,Retrieve durable prerequisite learning that supports derivative reasoning.,AP Topic 3.1,average_rate,numeric,,Assessment Plan + Course Framework; supplied AP Topic scoring guides consulted for representation/rigor only (no question wording copied).,
U3-S1-PS2-M10,MATH,3,3.1,practice_set_2,practice,ps2_m10,mastery,1,Function notation and graph interpretation; algebraic manipulation; limit meaning and notation; rate-of-change reasoning.,Retrieve durable prerequisite learning that supports derivative reasoning.,AP Topic 3.1,slope,numeric,,Assessment Plan + Course Framework; supplied AP Topic scoring guides consulted for representation/rigor only (no question wording copied).,
U3-S1-PS3-C01,MATH,3,3.1,practice_set_3,practice,ps3_c01,current,2,Differentiate composite functions by identifying outer and inner structure and applying the chain rule with accurate notation.,I can differentiate composite and nested functions by tracing outer/inner structure and multiplying by each required inner derivative.,AP Topic 3.1,chain_rule,expression,,Assessment Plan + Course Framework; supplied AP Topic scoring guides consulted for representation/rigor only (no question wording copied).,Tarsia-friendly concise source.
U3-S1-PS3-C02,MATH,3,3.1,practice_set_3,practice,ps3_c02,current,2,Differentiate composite functions by identifying outer and inner structure and applying the chain rule with accurate notation.,I can differentiate composite and nested functions by tracing outer/inner structure and multiplying by each required inner derivative.,AP Topic 3.1,chain_rule,expression,,Assessment Plan + Course Framework; supplied AP Topic scoring guides consulted for representation/rigor only (no question wording copied).,Tarsia-friendly concise source.
U3-S1-PS3-C03,MATH,3,3.1,practice_set_3,practice,ps3_c03,current,2,Differentiate composite functions by identifying outer and inner structure and applying the chain rule with accurate notation.,I can differentiate composite and nested functions by tracing outer/inner structure and multiplying by each required inner derivative.,AP Topic 3.1,chain_rule,expression,,Assessment Plan + Course Framework; supplied AP Topic scoring guides consulted for representation/rigor only (no question wording copied).,Tarsia-friendly concise source.
U3-S1-PS3-C04,MATH,3,3.1,practice_set_3,practice,ps3_c04,current,2,Differentiate composite functions by identifying outer and inner structure and applying the chain rule with accurate notation.,I can differentiate composite and nested functions by tracing outer/inner structure and multiplying by each required inner derivative.,AP Topic 3.1,chain_rule,expression,,Assessment Plan + Course Framework; supplied AP Topic scoring guides consulted for representation/rigor only (no question wording copied).,Tarsia-friendly concise source.
U3-S1-PS3-C05,MATH,3,3.1,practice_set_3,practice,ps3_c05,current,2,Differentiate composite functions by identifying outer and inner structure and applying the chain rule with accurate notation.,I can differentiate composite and nested functions by tracing outer/inner structure and multiplying by each required inner derivative.,AP Topic 3.1,chain_rule,expression,,Assessment Plan + Course Framework; supplied AP Topic scoring guides consulted for representation/rigor only (no question wording copied).,Tarsia-friendly concise source.
U3-S1-PS3-L01,MATH,3,3.1,practice_set_3,practice,ps3_l01,last,1,"Differentiate products and quotients, select among core derivative rules, and apply derivatives to tangent-line situations.",Retrieve and apply the most recent prerequisite learning.,AP Topic 3.1,basic_derivative,expression,,Assessment Plan + Course Framework; supplied AP Topic scoring guides consulted for representation/rigor only (no question wording copied).,Tarsia-friendly concise source.
U3-S1-PS3-L02,MATH,3,3.1,practice_set_3,practice,ps3_l02,last,2,"Differentiate products and quotients, select among core derivative rules, and apply derivatives to tangent-line situations.",Retrieve and apply the most recent prerequisite learning.,AP Topic 3.1,product_rule,expression,,Assessment Plan + Course Framework; supplied AP Topic scoring guides consulted for representation/rigor only (no question wording copied).,Tarsia-friendly concise source.
U3-S1-PS3-L03,MATH,3,3.1,practice_set_3,practice,ps3_l03,last,2,"Differentiate products and quotients, select among core derivative rules, and apply derivatives to tangent-line situations.",Retrieve and apply the most recent prerequisite learning.,AP Topic 3.1,quotient_rule,expression,,Assessment Plan + Course Framework; supplied AP Topic scoring guides consulted for representation/rigor only (no question wording copied).,Tarsia-friendly concise source.
U3-S1-PS3-L04,MATH,3,3.1,practice_set_3,practice,ps3_l04,last,1,"Differentiate products and quotients, select among core derivative rules, and apply derivatives to tangent-line situations.",Retrieve and apply the most recent prerequisite learning.,AP Topic 3.1,basic_derivative,expression,,Assessment Plan + Course Framework; supplied AP Topic scoring guides consulted for representation/rigor only (no question wording copied).,Tarsia-friendly concise source.
U3-S1-PS3-L05,MATH,3,3.1,practice_set_3,practice,ps3_l05,last,2,"Differentiate products and quotients, select among core derivative rules, and apply derivatives to tangent-line situations.",Retrieve and apply the most recent prerequisite learning.,AP Topic 3.1,product_rule,expression,,Assessment Plan + Course Framework; supplied AP Topic scoring guides consulted for representation/rigor only (no question wording copied).,Tarsia-friendly concise source.
U3-S1-PS3-M01,MATH,3,3.1,practice_set_3,practice,ps3_m01,mastery,1,Function notation and graph interpretation; algebraic manipulation; limit meaning and notation; rate-of-change reasoning.,Retrieve durable prerequisite learning that supports derivative reasoning.,AP Topic 3.1,algebra,expression,,Assessment Plan + Course Framework; supplied AP Topic scoring guides consulted for representation/rigor only (no question wording copied).,Tarsia-friendly concise source.
U3-S1-PS3-M02,MATH,3,3.1,practice_set_3,practice,ps3_m02,mastery,2,Function notation and graph interpretation; algebraic manipulation; limit meaning and notation; rate-of-change reasoning.,Retrieve durable prerequisite learning that supports derivative reasoning.,AP Topic 3.1,algebraic_limit,numeric,,Assessment Plan + Course Framework; supplied AP Topic scoring guides consulted for representation/rigor only (no question wording copied).,Tarsia-friendly concise source.
U3-S1-PS3-M03,MATH,3,3.1,practice_set_3,practice,ps3_m03,mastery,2,Function notation and graph interpretation; algebraic manipulation; limit meaning and notation; rate-of-change reasoning.,Retrieve durable prerequisite learning that supports derivative reasoning.,AP Topic 3.1,average_rate,numeric,,Assessment Plan + Course Framework; supplied AP Topic scoring guides consulted for representation/rigor only (no question wording copied).,Tarsia-friendly concise source.
U3-S1-PS3-M04,MATH,3,3.1,practice_set_3,practice,ps3_m04,mastery,1,Function notation and graph interpretation; algebraic manipulation; limit meaning and notation; rate-of-change reasoning.,Retrieve durable prerequisite learning that supports derivative reasoning.,AP Topic 3.1,slope,numeric,,Assessment Plan + Course Framework; supplied AP Topic scoring guides consulted for representation/rigor only (no question wording copied).,Tarsia-friendly concise source.
U3-S1-PS3-M05,MATH,3,3.1,practice_set_3,practice,ps3_m05,mastery,2,Function notation and graph interpretation; algebraic manipulation; limit meaning and notation; rate-of-change reasoning.,Retrieve durable prerequisite learning that supports derivative reasoning.,AP Topic 3.1,continuity,numeric,,Assessment Plan + Course Framework; supplied AP Topic scoring guides consulted for representation/rigor only (no question wording copied).,Tarsia-friendly concise source.
U3-S1-PS3-M06,MATH,3,3.1,practice_set_3,practice,ps3_m06,mastery,1,Function notation and graph interpretation; algebraic manipulation; limit meaning and notation; rate-of-change reasoning.,Retrieve durable prerequisite learning that supports derivative reasoning.,AP Topic 3.1,function_operations,numeric,,Assessment Plan + Course Framework; supplied AP Topic scoring guides consulted for representation/rigor only (no question wording copied).,Tarsia-friendly concise source.
U3-S1-PS3-M07,MATH,3,3.1,practice_set_3,practice,ps3_m07,mastery,1,Function notation and graph interpretation; algebraic manipulation; limit meaning and notation; rate-of-change reasoning.,Retrieve durable prerequisite learning that supports derivative reasoning.,AP Topic 3.1,function_evaluation,numeric,,Assessment Plan + Course Framework; supplied AP Topic scoring guides consulted for representation/rigor only (no question wording copied).,Tarsia-friendly concise source.
U3-S1-PS3-M08,MATH,3,3.1,practice_set_3,practice,ps3_m08,mastery,1,Function notation and graph interpretation; algebraic manipulation; limit meaning and notation; rate-of-change reasoning.,Retrieve durable prerequisite learning that supports derivative reasoning.,AP Topic 3.1,algebra,expression,,Assessment Plan + Course Framework; supplied AP Topic scoring guides consulted for representation/rigor only (no question wording copied).,Tarsia-friendly concise source.
U3-S1-PS3-M09,MATH,3,3.1,practice_set_3,practice,ps3_m09,mastery,2,Function notation and graph interpretation; algebraic manipulation; limit meaning and notation; rate-of-change reasoning.,Retrieve durable prerequisite learning that supports derivative reasoning.,AP Topic 3.1,algebraic_limit,numeric,,Assessment Plan + Course Framework; supplied AP Topic scoring guides consulted for representation/rigor only (no question wording copied).,Tarsia-friendly concise source.
U3-S1-PS3-M10,MATH,3,3.1,practice_set_3,practice,ps3_m10,mastery,2,Function notation and graph interpretation; algebraic manipulation; limit meaning and notation; rate-of-change reasoning.,Retrieve durable prerequisite learning that supports derivative reasoning.,AP Topic 3.1,average_rate,numeric,,Assessment Plan + Course Framework; supplied AP Topic scoring guides consulted for representation/rigor only (no question wording copied).,Tarsia-friendly concise source.
U3-S1-XP-C01,MATH,3,3.1,extra_practice,practice,xp_c01,current,1,Differentiate composite functions by identifying outer and inner structure and applying the chain rule with accurate notation.,I can differentiate composite and nested functions by tracing outer/inner structure and multiplying by each required inner derivative.,AP Topic 3.1,chain_structure,short_response,,Assessment Plan + Course Framework; supplied AP Topic scoring guides consulted for representation/rigor only (no question wording copied).,
U3-S1-XP-C02,MATH,3,3.1,extra_practice,practice,xp_c02,current,2,Differentiate composite functions by identifying outer and inner structure and applying the chain rule with accurate notation.,I can differentiate composite and nested functions by tracing outer/inner structure and multiplying by each required inner derivative.,AP Topic 3.1,chain_power,expression,,Assessment Plan + Course Framework; supplied AP Topic scoring guides consulted for representation/rigor only (no question wording copied).,
U3-S1-XP-C03,MATH,3,3.1,extra_practice,practice,xp_c03,current,2,Differentiate composite functions by identifying outer and inner structure and applying the chain rule with accurate notation.,I can differentiate composite and nested functions by tracing outer/inner structure and multiplying by each required inner derivative.,AP Topic 3.1,chain_trig,expression,,Assessment Plan + Course Framework; supplied AP Topic scoring guides consulted for representation/rigor only (no question wording copied).,
U3-S1-XP-C04,MATH,3,3.1,extra_practice,practice,xp_c04,current,2,Differentiate composite functions by identifying outer and inner structure and applying the chain rule with accurate notation.,I can differentiate composite and nested functions by tracing outer/inner structure and multiplying by each required inner derivative.,AP Topic 3.1,chain_core,expression,,Assessment Plan + Course Framework; supplied AP Topic scoring guides consulted for representation/rigor only (no question wording copied).,
U3-S1-XP-C05,MATH,3,3.1,extra_practice,practice,xp_c05,current,2,Differentiate composite functions by identifying outer and inner structure and applying the chain rule with accurate notation.,I can differentiate composite and nested functions by tracing outer/inner structure and multiplying by each required inner derivative.,AP Topic 3.1,nested_chain,expression,,Assessment Plan + Course Framework; supplied AP Topic scoring guides consulted for representation/rigor only (no question wording copied).,
U3-S1-XP-L01,MATH,3,3.1,extra_practice,practice,xp_l01,last,1,"Differentiate products and quotients, select among core derivative rules, and apply derivatives to tangent-line situations.",Retrieve and apply the most recent prerequisite learning.,AP Topic 3.1,rule_recognition,expression,,Assessment Plan + Course Framework; supplied AP Topic scoring guides consulted for representation/rigor only (no question wording copied).,
U3-S1-XP-L02,MATH,3,3.1,extra_practice,practice,xp_l02,last,1,"Differentiate products and quotients, select among core derivative rules, and apply derivatives to tangent-line situations.",Retrieve and apply the most recent prerequisite learning.,AP Topic 3.1,basic_derivative,expression,,Assessment Plan + Course Framework; supplied AP Topic scoring guides consulted for representation/rigor only (no question wording copied).,
U3-S1-XP-L03,MATH,3,3.1,extra_practice,practice,xp_l03,last,2,"Differentiate products and quotients, select among core derivative rules, and apply derivatives to tangent-line situations.",Retrieve and apply the most recent prerequisite learning.,AP Topic 3.1,product_rule,expression,,Assessment Plan + Course Framework; supplied AP Topic scoring guides consulted for representation/rigor only (no question wording copied).,
U3-S1-XP-L04,MATH,3,3.1,extra_practice,practice,xp_l04,last,2,"Differentiate products and quotients, select among core derivative rules, and apply derivatives to tangent-line situations.",Retrieve and apply the most recent prerequisite learning.,AP Topic 3.1,quotient_rule,expression,,Assessment Plan + Course Framework; supplied AP Topic scoring guides consulted for representation/rigor only (no question wording copied).,
U3-S1-XP-L05,MATH,3,3.1,extra_practice,practice,xp_l05,last,2,"Differentiate products and quotients, select among core derivative rules, and apply derivatives to tangent-line situations.",Retrieve and apply the most recent prerequisite learning.,AP Topic 3.1,table_product,numeric,,Assessment Plan + Course Framework; supplied AP Topic scoring guides consulted for representation/rigor only (no question wording copied).,
U3-S1-XP-M01,MATH,3,3.1,extra_practice,practice,xp_m01,mastery,1,Function notation and graph interpretation; algebraic manipulation; limit meaning and notation; rate-of-change reasoning.,Retrieve durable prerequisite learning that supports derivative reasoning.,AP Topic 3.1,function_evaluation,numeric,,Assessment Plan + Course Framework; supplied AP Topic scoring guides consulted for representation/rigor only (no question wording copied).,
U3-S1-XP-M02,MATH,3,3.1,extra_practice,practice,xp_m02,mastery,1,Function notation and graph interpretation; algebraic manipulation; limit meaning and notation; rate-of-change reasoning.,Retrieve durable prerequisite learning that supports derivative reasoning.,AP Topic 3.1,algebra,expression,,Assessment Plan + Course Framework; supplied AP Topic scoring guides consulted for representation/rigor only (no question wording copied).,
U3-S1-XP-M03,MATH,3,3.1,extra_practice,practice,xp_m03,mastery,2,Function notation and graph interpretation; algebraic manipulation; limit meaning and notation; rate-of-change reasoning.,Retrieve durable prerequisite learning that supports derivative reasoning.,AP Topic 3.1,algebraic_limit,numeric,,Assessment Plan + Course Framework; supplied AP Topic scoring guides consulted for representation/rigor only (no question wording copied).,
U3-S1-XP-M04,MATH,3,3.1,extra_practice,practice,xp_m04,mastery,2,Function notation and graph interpretation; algebraic manipulation; limit meaning and notation; rate-of-change reasoning.,Retrieve durable prerequisite learning that supports derivative reasoning.,AP Topic 3.1,average_rate,numeric,,Assessment Plan + Course Framework; supplied AP Topic scoring guides consulted for representation/rigor only (no question wording copied).,
U3-S1-XP-M05,MATH,3,3.1,extra_practice,practice,xp_m05,mastery,1,Function notation and graph interpretation; algebraic manipulation; limit meaning and notation; rate-of-change reasoning.,Retrieve durable prerequisite learning that supports derivative reasoning.,AP Topic 3.1,slope,numeric,,Assessment Plan + Course Framework; supplied AP Topic scoring guides consulted for representation/rigor only (no question wording copied).,
U3-S1-XP-M06,MATH,3,3.1,extra_practice,practice,xp_m06,mastery,2,Function notation and graph interpretation; algebraic manipulation; limit meaning and notation; rate-of-change reasoning.,Retrieve durable prerequisite learning that supports derivative reasoning.,AP Topic 3.1,continuity,numeric,,Assessment Plan + Course Framework; supplied AP Topic scoring guides consulted for representation/rigor only (no question wording copied).,
U3-S1-XP-M07,MATH,3,3.1,extra_practice,practice,xp_m07,mastery,1,Function notation and graph interpretation; algebraic manipulation; limit meaning and notation; rate-of-change reasoning.,Retrieve durable prerequisite learning that supports derivative reasoning.,AP Topic 3.1,function_operations,numeric,,Assessment Plan + Course Framework; supplied AP Topic scoring guides consulted for representation/rigor only (no question wording copied).,
U3-S1-XP-M08,MATH,3,3.1,extra_practice,practice,xp_m08,mastery,1,Function notation and graph interpretation; algebraic manipulation; limit meaning and notation; rate-of-change reasoning.,Retrieve durable prerequisite learning that supports derivative reasoning.,AP Topic 3.1,function_evaluation,numeric,,Assessment Plan + Course Framework; supplied AP Topic scoring guides consulted for representation/rigor only (no question wording copied).,
U3-S1-XP-M09,MATH,3,3.1,extra_practice,practice,xp_m09,mastery,1,Function notation and graph interpretation; algebraic manipulation; limit meaning and notation; rate-of-change reasoning.,Retrieve durable prerequisite learning that supports derivative reasoning.,AP Topic 3.1,algebra,expression,,Assessment Plan + Course Framework; supplied AP Topic scoring guides consulted for representation/rigor only (no question wording copied).,
U3-S1-XP-M10,MATH,3,3.1,extra_practice,practice,xp_m10,mastery,2,Function notation and graph interpretation; algebraic manipulation; limit meaning and notation; rate-of-change reasoning.,Retrieve durable prerequisite learning that supports derivative reasoning.,AP Topic 3.1,algebraic_limit,numeric,,Assessment Plan + Course Framework; supplied AP Topic scoring guides consulted for representation/rigor only (no question wording copied).,
U3-S2-PS1-C01,MATH,3,3.2,practice_set_1,practice,ps1_c01,current,2,"Select and combine product, quotient, chain, and core derivative rules in mixed expressions and use higher-order derivative notation.",I can choose an efficient sequence of derivative rules for nested products or quotients and use first- and higher-order derivative notation precisely.,"AP Topics 3.5, 3.6",mixed_rule,expression,,Assessment Plan + Course Framework; supplied AP Topic scoring guides consulted for representation/rigor only (no question wording copied).,
U3-S2-PS1-C02,MATH,3,3.2,practice_set_1,practice,ps1_c02,current,2,"Select and combine product, quotient, chain, and core derivative rules in mixed expressions and use higher-order derivative notation.",I can choose an efficient sequence of derivative rules for nested products or quotients and use first- and higher-order derivative notation precisely.,"AP Topics 3.5, 3.6",product_chain,expression,,Assessment Plan + Course Framework; supplied AP Topic scoring guides consulted for representation/rigor only (no question wording copied).,
U3-S2-PS1-C03,MATH,3,3.2,practice_set_1,practice,ps1_c03,current,2,"Select and combine product, quotient, chain, and core derivative rules in mixed expressions and use higher-order derivative notation.",I can choose an efficient sequence of derivative rules for nested products or quotients and use first- and higher-order derivative notation precisely.,"AP Topics 3.5, 3.6",second_derivative,expression,,Assessment Plan + Course Framework; supplied AP Topic scoring guides consulted for representation/rigor only (no question wording copied).,
U3-S2-PS1-C04,MATH,3,3.2,practice_set_1,practice,ps1_c04,current,2,"Select and combine product, quotient, chain, and core derivative rules in mixed expressions and use higher-order derivative notation.",I can choose an efficient sequence of derivative rules for nested products or quotients and use first- and higher-order derivative notation precisely.,"AP Topics 3.5, 3.6",mixed_table,numeric,,Assessment Plan + Course Framework; supplied AP Topic scoring guides consulted for representation/rigor only (no question wording copied).,
U3-S2-PS1-C05,MATH,3,3.2,practice_set_1,practice,ps1_c05,current,3,"Select and combine product, quotient, chain, and core derivative rules in mixed expressions and use higher-order derivative notation.",I can choose an efficient sequence of derivative rules for nested products or quotients and use first- and higher-order derivative notation precisely.,"AP Topics 3.5, 3.6",strategy_selection,constructed_response,,Assessment Plan + Course Framework; supplied AP Topic scoring guides consulted for representation/rigor only (no question wording copied).,
U3-S2-PS1-L01,MATH,3,3.2,practice_set_1,practice,ps1_l01,last,2,Differentiate composite functions by identifying outer and inner structure and applying the chain rule with accurate notation.,Retrieve and apply the most recent prerequisite learning.,"AP Topics 3.5, 3.6",chain_table,numeric,,Assessment Plan + Course Framework; supplied AP Topic scoring guides consulted for representation/rigor only (no question wording copied).,
U3-S2-PS1-L02,MATH,3,3.2,practice_set_1,practice,ps1_l02,last,1,Differentiate composite functions by identifying outer and inner structure and applying the chain rule with accurate notation.,Retrieve and apply the most recent prerequisite learning.,"AP Topics 3.5, 3.6",chain_structure,short_response,,Assessment Plan + Course Framework; supplied AP Topic scoring guides consulted for representation/rigor only (no question wording copied).,
U3-S2-PS1-L03,MATH,3,3.2,practice_set_1,practice,ps1_l03,last,2,Differentiate composite functions by identifying outer and inner structure and applying the chain rule with accurate notation.,Retrieve and apply the most recent prerequisite learning.,"AP Topics 3.5, 3.6",chain_power,expression,,Assessment Plan + Course Framework; supplied AP Topic scoring guides consulted for representation/rigor only (no question wording copied).,
U3-S2-PS1-L04,MATH,3,3.2,practice_set_1,practice,ps1_l04,last,2,Differentiate composite functions by identifying outer and inner structure and applying the chain rule with accurate notation.,Retrieve and apply the most recent prerequisite learning.,"AP Topics 3.5, 3.6",chain_trig,expression,,Assessment Plan + Course Framework; supplied AP Topic scoring guides consulted for representation/rigor only (no question wording copied).,
U3-S2-PS1-L05,MATH,3,3.2,practice_set_1,practice,ps1_l05,last,2,Differentiate composite functions by identifying outer and inner structure and applying the chain rule with accurate notation.,Retrieve and apply the most recent prerequisite learning.,"AP Topics 3.5, 3.6",chain_core,expression,,Assessment Plan + Course Framework; supplied AP Topic scoring guides consulted for representation/rigor only (no question wording copied).,
U3-S2-PS1-M01,MATH,3,3.2,practice_set_1,practice,ps1_m01,mastery,2,Function notation and graph interpretation; algebraic manipulation; limit meaning and notation; rate-of-change reasoning.,Retrieve durable prerequisite learning that supports derivative reasoning.,"AP Topics 3.5, 3.6",average_rate,numeric,,Assessment Plan + Course Framework; supplied AP Topic scoring guides consulted for representation/rigor only (no question wording copied).,
U3-S2-PS1-M02,MATH,3,3.2,practice_set_1,practice,ps1_m02,mastery,1,Function notation and graph interpretation; algebraic manipulation; limit meaning and notation; rate-of-change reasoning.,Retrieve durable prerequisite learning that supports derivative reasoning.,"AP Topics 3.5, 3.6",slope,numeric,,Assessment Plan + Course Framework; supplied AP Topic scoring guides consulted for representation/rigor only (no question wording copied).,
U3-S2-PS1-M03,MATH,3,3.2,practice_set_1,practice,ps1_m03,mastery,2,Function notation and graph interpretation; algebraic manipulation; limit meaning and notation; rate-of-change reasoning.,Retrieve durable prerequisite learning that supports derivative reasoning.,"AP Topics 3.5, 3.6",continuity,numeric,,Assessment Plan + Course Framework; supplied AP Topic scoring guides consulted for representation/rigor only (no question wording copied).,
U3-S2-PS1-M04,MATH,3,3.2,practice_set_1,practice,ps1_m04,mastery,1,Function notation and graph interpretation; algebraic manipulation; limit meaning and notation; rate-of-change reasoning.,Retrieve durable prerequisite learning that supports derivative reasoning.,"AP Topics 3.5, 3.6",function_operations,numeric,,Assessment Plan + Course Framework; supplied AP Topic scoring guides consulted for representation/rigor only (no question wording copied).,
U3-S2-PS1-M05,MATH,3,3.2,practice_set_1,practice,ps1_m05,mastery,1,Function notation and graph interpretation; algebraic manipulation; limit meaning and notation; rate-of-change reasoning.,Retrieve durable prerequisite learning that supports derivative reasoning.,"AP Topics 3.5, 3.6",function_evaluation,numeric,,Assessment Plan + Course Framework; supplied AP Topic scoring guides consulted for representation/rigor only (no question wording copied).,
U3-S2-PS1-M06,MATH,3,3.2,practice_set_1,practice,ps1_m06,mastery,1,Function notation and graph interpretation; algebraic manipulation; limit meaning and notation; rate-of-change reasoning.,Retrieve durable prerequisite learning that supports derivative reasoning.,"AP Topics 3.5, 3.6",algebra,expression,,Assessment Plan + Course Framework; supplied AP Topic scoring guides consulted for representation/rigor only (no question wording copied).,
U3-S2-PS1-M07,MATH,3,3.2,practice_set_1,practice,ps1_m07,mastery,2,Function notation and graph interpretation; algebraic manipulation; limit meaning and notation; rate-of-change reasoning.,Retrieve durable prerequisite learning that supports derivative reasoning.,"AP Topics 3.5, 3.6",algebraic_limit,numeric,,Assessment Plan + Course Framework; supplied AP Topic scoring guides consulted for representation/rigor only (no question wording copied).,
U3-S2-PS1-M08,MATH,3,3.2,practice_set_1,practice,ps1_m08,mastery,2,Function notation and graph interpretation; algebraic manipulation; limit meaning and notation; rate-of-change reasoning.,Retrieve durable prerequisite learning that supports derivative reasoning.,"AP Topics 3.5, 3.6",average_rate,numeric,,Assessment Plan + Course Framework; supplied AP Topic scoring guides consulted for representation/rigor only (no question wording copied).,
U3-S2-PS1-M09,MATH,3,3.2,practice_set_1,practice,ps1_m09,mastery,1,Function notation and graph interpretation; algebraic manipulation; limit meaning and notation; rate-of-change reasoning.,Retrieve durable prerequisite learning that supports derivative reasoning.,"AP Topics 3.5, 3.6",slope,numeric,,Assessment Plan + Course Framework; supplied AP Topic scoring guides consulted for representation/rigor only (no question wording copied).,
U3-S2-PS1-M10,MATH,3,3.2,practice_set_1,practice,ps1_m10,mastery,2,Function notation and graph interpretation; algebraic manipulation; limit meaning and notation; rate-of-change reasoning.,Retrieve durable prerequisite learning that supports derivative reasoning.,"AP Topics 3.5, 3.6",continuity,numeric,,Assessment Plan + Course Framework; supplied AP Topic scoring guides consulted for representation/rigor only (no question wording copied).,
U3-S2-PS2-C01,MATH,3,3.2,practice_set_2,practice,ps2_c01,current,2,"Select and combine product, quotient, chain, and core derivative rules in mixed expressions and use higher-order derivative notation.",I can choose an efficient sequence of derivative rules for nested products or quotients and use first- and higher-order derivative notation precisely.,"AP Topics 3.5, 3.6",second_derivative,expression,,Assessment Plan + Course Framework; supplied AP Topic scoring guides consulted for representation/rigor only (no question wording copied).,
U3-S2-PS2-C02,MATH,3,3.2,practice_set_2,practice,ps2_c02,current,2,"Select and combine product, quotient, chain, and core derivative rules in mixed expressions and use higher-order derivative notation.",I can choose an efficient sequence of derivative rules for nested products or quotients and use first- and higher-order derivative notation precisely.,"AP Topics 3.5, 3.6",mixed_table,numeric,,Assessment Plan + Course Framework; supplied AP Topic scoring guides consulted for representation/rigor only (no question wording copied).,
U3-S2-PS2-C03,MATH,3,3.2,practice_set_2,practice,ps2_c03,current,3,"Select and combine product, quotient, chain, and core derivative rules in mixed expressions and use higher-order derivative notation.",I can choose an efficient sequence of derivative rules for nested products or quotients and use first- and higher-order derivative notation precisely.,"AP Topics 3.5, 3.6",strategy_selection,constructed_response,,Assessment Plan + Course Framework; supplied AP Topic scoring guides consulted for representation/rigor only (no question wording copied).,
U3-S2-PS2-C04,MATH,3,3.2,practice_set_2,practice,ps2_c04,current,2,"Select and combine product, quotient, chain, and core derivative rules in mixed expressions and use higher-order derivative notation.",I can choose an efficient sequence of derivative rules for nested products or quotients and use first- and higher-order derivative notation precisely.,"AP Topics 3.5, 3.6",higher_order_mixed,expression,,Assessment Plan + Course Framework; supplied AP Topic scoring guides consulted for representation/rigor only (no question wording copied).,
U3-S2-PS2-C05,MATH,3,3.2,practice_set_2,practice,ps2_c05,current,2,"Select and combine product, quotient, chain, and core derivative rules in mixed expressions and use higher-order derivative notation.",I can choose an efficient sequence of derivative rules for nested products or quotients and use first- and higher-order derivative notation precisely.,"AP Topics 3.5, 3.6",mixed_rule,expression,,Assessment Plan + Course Framework; supplied AP Topic scoring guides consulted for representation/rigor only (no question wording copied).,
U3-S2-PS2-L01,MATH,3,3.2,practice_set_2,practice,ps2_l01,last,2,Differentiate composite functions by identifying outer and inner structure and applying the chain rule with accurate notation.,Retrieve and apply the most recent prerequisite learning.,"AP Topics 3.5, 3.6",chain_power,expression,,Assessment Plan + Course Framework; supplied AP Topic scoring guides consulted for representation/rigor only (no question wording copied).,
U3-S2-PS2-L02,MATH,3,3.2,practice_set_2,practice,ps2_l02,last,2,Differentiate composite functions by identifying outer and inner structure and applying the chain rule with accurate notation.,Retrieve and apply the most recent prerequisite learning.,"AP Topics 3.5, 3.6",chain_trig,expression,,Assessment Plan + Course Framework; supplied AP Topic scoring guides consulted for representation/rigor only (no question wording copied).,
U3-S2-PS2-L03,MATH,3,3.2,practice_set_2,practice,ps2_l03,last,2,Differentiate composite functions by identifying outer and inner structure and applying the chain rule with accurate notation.,Retrieve and apply the most recent prerequisite learning.,"AP Topics 3.5, 3.6",chain_core,expression,,Assessment Plan + Course Framework; supplied AP Topic scoring guides consulted for representation/rigor only (no question wording copied).,
U3-S2-PS2-L04,MATH,3,3.2,practice_set_2,practice,ps2_l04,last,2,Differentiate composite functions by identifying outer and inner structure and applying the chain rule with accurate notation.,Retrieve and apply the most recent prerequisite learning.,"AP Topics 3.5, 3.6",nested_chain,expression,,Assessment Plan + Course Framework; supplied AP Topic scoring guides consulted for representation/rigor only (no question wording copied).,
U3-S2-PS2-L05,MATH,3,3.2,practice_set_2,practice,ps2_l05,last,2,Differentiate composite functions by identifying outer and inner structure and applying the chain rule with accurate notation.,Retrieve and apply the most recent prerequisite learning.,"AP Topics 3.5, 3.6",chain_table,numeric,,Assessment Plan + Course Framework; supplied AP Topic scoring guides consulted for representation/rigor only (no question wording copied).,
U3-S2-PS2-M01,MATH,3,3.2,practice_set_2,practice,ps2_m01,mastery,2,Function notation and graph interpretation; algebraic manipulation; limit meaning and notation; rate-of-change reasoning.,Retrieve durable prerequisite learning that supports derivative reasoning.,"AP Topics 3.5, 3.6",algebraic_limit,numeric,,Assessment Plan + Course Framework; supplied AP Topic scoring guides consulted for representation/rigor only (no question wording copied).,
U3-S2-PS2-M02,MATH,3,3.2,practice_set_2,practice,ps2_m02,mastery,2,Function notation and graph interpretation; algebraic manipulation; limit meaning and notation; rate-of-change reasoning.,Retrieve durable prerequisite learning that supports derivative reasoning.,"AP Topics 3.5, 3.6",average_rate,numeric,,Assessment Plan + Course Framework; supplied AP Topic scoring guides consulted for representation/rigor only (no question wording copied).,
U3-S2-PS2-M03,MATH,3,3.2,practice_set_2,practice,ps2_m03,mastery,1,Function notation and graph interpretation; algebraic manipulation; limit meaning and notation; rate-of-change reasoning.,Retrieve durable prerequisite learning that supports derivative reasoning.,"AP Topics 3.5, 3.6",slope,numeric,,Assessment Plan + Course Framework; supplied AP Topic scoring guides consulted for representation/rigor only (no question wording copied).,
U3-S2-PS2-M04,MATH,3,3.2,practice_set_2,practice,ps2_m04,mastery,2,Function notation and graph interpretation; algebraic manipulation; limit meaning and notation; rate-of-change reasoning.,Retrieve durable prerequisite learning that supports derivative reasoning.,"AP Topics 3.5, 3.6",continuity,numeric,,Assessment Plan + Course Framework; supplied AP Topic scoring guides consulted for representation/rigor only (no question wording copied).,
U3-S2-PS2-M05,MATH,3,3.2,practice_set_2,practice,ps2_m05,mastery,1,Function notation and graph interpretation; algebraic manipulation; limit meaning and notation; rate-of-change reasoning.,Retrieve durable prerequisite learning that supports derivative reasoning.,"AP Topics 3.5, 3.6",function_operations,numeric,,Assessment Plan + Course Framework; supplied AP Topic scoring guides consulted for representation/rigor only (no question wording copied).,
U3-S2-PS2-M06,MATH,3,3.2,practice_set_2,practice,ps2_m06,mastery,1,Function notation and graph interpretation; algebraic manipulation; limit meaning and notation; rate-of-change reasoning.,Retrieve durable prerequisite learning that supports derivative reasoning.,"AP Topics 3.5, 3.6",function_evaluation,numeric,,Assessment Plan + Course Framework; supplied AP Topic scoring guides consulted for representation/rigor only (no question wording copied).,
U3-S2-PS2-M07,MATH,3,3.2,practice_set_2,practice,ps2_m07,mastery,1,Function notation and graph interpretation; algebraic manipulation; limit meaning and notation; rate-of-change reasoning.,Retrieve durable prerequisite learning that supports derivative reasoning.,"AP Topics 3.5, 3.6",algebra,expression,,Assessment Plan + Course Framework; supplied AP Topic scoring guides consulted for representation/rigor only (no question wording copied).,
U3-S2-PS2-M08,MATH,3,3.2,practice_set_2,practice,ps2_m08,mastery,2,Function notation and graph interpretation; algebraic manipulation; limit meaning and notation; rate-of-change reasoning.,Retrieve durable prerequisite learning that supports derivative reasoning.,"AP Topics 3.5, 3.6",algebraic_limit,numeric,,Assessment Plan + Course Framework; supplied AP Topic scoring guides consulted for representation/rigor only (no question wording copied).,
U3-S2-PS2-M09,MATH,3,3.2,practice_set_2,practice,ps2_m09,mastery,2,Function notation and graph interpretation; algebraic manipulation; limit meaning and notation; rate-of-change reasoning.,Retrieve durable prerequisite learning that supports derivative reasoning.,"AP Topics 3.5, 3.6",average_rate,numeric,,Assessment Plan + Course Framework; supplied AP Topic scoring guides consulted for representation/rigor only (no question wording copied).,
U3-S2-PS2-M10,MATH,3,3.2,practice_set_2,practice,ps2_m10,mastery,1,Function notation and graph interpretation; algebraic manipulation; limit meaning and notation; rate-of-change reasoning.,Retrieve durable prerequisite learning that supports derivative reasoning.,"AP Topics 3.5, 3.6",slope,numeric,,Assessment Plan + Course Framework; supplied AP Topic scoring guides consulted for representation/rigor only (no question wording copied).,
U3-S2-PS3-C01,MATH,3,3.2,practice_set_3,practice,ps3_c01,current,2,"Select and combine product, quotient, chain, and core derivative rules in mixed expressions and use higher-order derivative notation.",I can choose an efficient sequence of derivative rules for nested products or quotients and use first- and higher-order derivative notation precisely.,"AP Topics 3.5, 3.6",mixed_rule,expression,,Assessment Plan + Course Framework; supplied AP Topic scoring guides consulted for representation/rigor only (no question wording copied).,Tarsia-friendly concise source.
U3-S2-PS3-C02,MATH,3,3.2,practice_set_3,practice,ps3_c02,current,2,"Select and combine product, quotient, chain, and core derivative rules in mixed expressions and use higher-order derivative notation.",I can choose an efficient sequence of derivative rules for nested products or quotients and use first- and higher-order derivative notation precisely.,"AP Topics 3.5, 3.6",mixed_rule,expression,,Assessment Plan + Course Framework; supplied AP Topic scoring guides consulted for representation/rigor only (no question wording copied).,Tarsia-friendly concise source.
U3-S2-PS3-C03,MATH,3,3.2,practice_set_3,practice,ps3_c03,current,2,"Select and combine product, quotient, chain, and core derivative rules in mixed expressions and use higher-order derivative notation.",I can choose an efficient sequence of derivative rules for nested products or quotients and use first- and higher-order derivative notation precisely.,"AP Topics 3.5, 3.6",mixed_rule,expression,,Assessment Plan + Course Framework; supplied AP Topic scoring guides consulted for representation/rigor only (no question wording copied).,Tarsia-friendly concise source.
U3-S2-PS3-C04,MATH,3,3.2,practice_set_3,practice,ps3_c04,current,2,"Select and combine product, quotient, chain, and core derivative rules in mixed expressions and use higher-order derivative notation.",I can choose an efficient sequence of derivative rules for nested products or quotients and use first- and higher-order derivative notation precisely.,"AP Topics 3.5, 3.6",mixed_rule,expression,,Assessment Plan + Course Framework; supplied AP Topic scoring guides consulted for representation/rigor only (no question wording copied).,Tarsia-friendly concise source.
U3-S2-PS3-C05,MATH,3,3.2,practice_set_3,practice,ps3_c05,current,2,"Select and combine product, quotient, chain, and core derivative rules in mixed expressions and use higher-order derivative notation.",I can choose an efficient sequence of derivative rules for nested products or quotients and use first- and higher-order derivative notation precisely.,"AP Topics 3.5, 3.6",mixed_rule,expression,,Assessment Plan + Course Framework; supplied AP Topic scoring guides consulted for representation/rigor only (no question wording copied).,Tarsia-friendly concise source.
U3-S2-PS3-L01,MATH,3,3.2,practice_set_3,practice,ps3_l01,last,2,Differentiate composite functions by identifying outer and inner structure and applying the chain rule with accurate notation.,Retrieve and apply the most recent prerequisite learning.,"AP Topics 3.5, 3.6",chain_rule,expression,,Assessment Plan + Course Framework; supplied AP Topic scoring guides consulted for representation/rigor only (no question wording copied).,Tarsia-friendly concise source.
U3-S2-PS3-L02,MATH,3,3.2,practice_set_3,practice,ps3_l02,last,2,Differentiate composite functions by identifying outer and inner structure and applying the chain rule with accurate notation.,Retrieve and apply the most recent prerequisite learning.,"AP Topics 3.5, 3.6",chain_rule,expression,,Assessment Plan + Course Framework; supplied AP Topic scoring guides consulted for representation/rigor only (no question wording copied).,Tarsia-friendly concise source.
U3-S2-PS3-L03,MATH,3,3.2,practice_set_3,practice,ps3_l03,last,2,Differentiate composite functions by identifying outer and inner structure and applying the chain rule with accurate notation.,Retrieve and apply the most recent prerequisite learning.,"AP Topics 3.5, 3.6",chain_rule,expression,,Assessment Plan + Course Framework; supplied AP Topic scoring guides consulted for representation/rigor only (no question wording copied).,Tarsia-friendly concise source.
U3-S2-PS3-L04,MATH,3,3.2,practice_set_3,practice,ps3_l04,last,2,Differentiate composite functions by identifying outer and inner structure and applying the chain rule with accurate notation.,Retrieve and apply the most recent prerequisite learning.,"AP Topics 3.5, 3.6",chain_rule,expression,,Assessment Plan + Course Framework; supplied AP Topic scoring guides consulted for representation/rigor only (no question wording copied).,Tarsia-friendly concise source.
U3-S2-PS3-L05,MATH,3,3.2,practice_set_3,practice,ps3_l05,last,2,Differentiate composite functions by identifying outer and inner structure and applying the chain rule with accurate notation.,Retrieve and apply the most recent prerequisite learning.,"AP Topics 3.5, 3.6",chain_rule,expression,,Assessment Plan + Course Framework; supplied AP Topic scoring guides consulted for representation/rigor only (no question wording copied).,Tarsia-friendly concise source.
U3-S2-PS3-M01,MATH,3,3.2,practice_set_3,practice,ps3_m01,mastery,1,Function notation and graph interpretation; algebraic manipulation; limit meaning and notation; rate-of-change reasoning.,Retrieve durable prerequisite learning that supports derivative reasoning.,"AP Topics 3.5, 3.6",algebra,expression,,Assessment Plan + Course Framework; supplied AP Topic scoring guides consulted for representation/rigor only (no question wording copied).,Tarsia-friendly concise source.
U3-S2-PS3-M02,MATH,3,3.2,practice_set_3,practice,ps3_m02,mastery,2,Function notation and graph interpretation; algebraic manipulation; limit meaning and notation; rate-of-change reasoning.,Retrieve durable prerequisite learning that supports derivative reasoning.,"AP Topics 3.5, 3.6",algebraic_limit,numeric,,Assessment Plan + Course Framework; supplied AP Topic scoring guides consulted for representation/rigor only (no question wording copied).,Tarsia-friendly concise source.
U3-S2-PS3-M03,MATH,3,3.2,practice_set_3,practice,ps3_m03,mastery,2,Function notation and graph interpretation; algebraic manipulation; limit meaning and notation; rate-of-change reasoning.,Retrieve durable prerequisite learning that supports derivative reasoning.,"AP Topics 3.5, 3.6",average_rate,numeric,,Assessment Plan + Course Framework; supplied AP Topic scoring guides consulted for representation/rigor only (no question wording copied).,Tarsia-friendly concise source.
U3-S2-PS3-M04,MATH,3,3.2,practice_set_3,practice,ps3_m04,mastery,1,Function notation and graph interpretation; algebraic manipulation; limit meaning and notation; rate-of-change reasoning.,Retrieve durable prerequisite learning that supports derivative reasoning.,"AP Topics 3.5, 3.6",slope,numeric,,Assessment Plan + Course Framework; supplied AP Topic scoring guides consulted for representation/rigor only (no question wording copied).,Tarsia-friendly concise source.
U3-S2-PS3-M05,MATH,3,3.2,practice_set_3,practice,ps3_m05,mastery,2,Function notation and graph interpretation; algebraic manipulation; limit meaning and notation; rate-of-change reasoning.,Retrieve durable prerequisite learning that supports derivative reasoning.,"AP Topics 3.5, 3.6",continuity,numeric,,Assessment Plan + Course Framework; supplied AP Topic scoring guides consulted for representation/rigor only (no question wording copied).,Tarsia-friendly concise source.
U3-S2-PS3-M06,MATH,3,3.2,practice_set_3,practice,ps3_m06,mastery,1,Function notation and graph interpretation; algebraic manipulation; limit meaning and notation; rate-of-change reasoning.,Retrieve durable prerequisite learning that supports derivative reasoning.,"AP Topics 3.5, 3.6",function_operations,numeric,,Assessment Plan + Course Framework; supplied AP Topic scoring guides consulted for representation/rigor only (no question wording copied).,Tarsia-friendly concise source.
U3-S2-PS3-M07,MATH,3,3.2,practice_set_3,practice,ps3_m07,mastery,1,Function notation and graph interpretation; algebraic manipulation; limit meaning and notation; rate-of-change reasoning.,Retrieve durable prerequisite learning that supports derivative reasoning.,"AP Topics 3.5, 3.6",function_evaluation,numeric,,Assessment Plan + Course Framework; supplied AP Topic scoring guides consulted for representation/rigor only (no question wording copied).,Tarsia-friendly concise source.
U3-S2-PS3-M08,MATH,3,3.2,practice_set_3,practice,ps3_m08,mastery,1,Function notation and graph interpretation; algebraic manipulation; limit meaning and notation; rate-of-change reasoning.,Retrieve durable prerequisite learning that supports derivative reasoning.,"AP Topics 3.5, 3.6",algebra,expression,,Assessment Plan + Course Framework; supplied AP Topic scoring guides consulted for representation/rigor only (no question wording copied).,Tarsia-friendly concise source.
U3-S2-PS3-M09,MATH,3,3.2,practice_set_3,practice,ps3_m09,mastery,2,Function notation and graph interpretation; algebraic manipulation; limit meaning and notation; rate-of-change reasoning.,Retrieve durable prerequisite learning that supports derivative reasoning.,"AP Topics 3.5, 3.6",algebraic_limit,numeric,,Assessment Plan + Course Framework; supplied AP Topic scoring guides consulted for representation/rigor only (no question wording copied).,Tarsia-friendly concise source.
U3-S2-PS3-M10,MATH,3,3.2,practice_set_3,practice,ps3_m10,mastery,2,Function notation and graph interpretation; algebraic manipulation; limit meaning and notation; rate-of-change reasoning.,Retrieve durable prerequisite learning that supports derivative reasoning.,"AP Topics 3.5, 3.6",average_rate,numeric,,Assessment Plan + Course Framework; supplied AP Topic scoring guides consulted for representation/rigor only (no question wording copied).,Tarsia-friendly concise source.
U3-S2-XP-C01,MATH,3,3.2,extra_practice,practice,xp_c01,current,2,"Select and combine product, quotient, chain, and core derivative rules in mixed expressions and use higher-order derivative notation.",I can choose an efficient sequence of derivative rules for nested products or quotients and use first- and higher-order derivative notation precisely.,"AP Topics 3.5, 3.6",mixed_rule,expression,,Assessment Plan + Course Framework; supplied AP Topic scoring guides consulted for representation/rigor only (no question wording copied).,
U3-S2-XP-C02,MATH,3,3.2,extra_practice,practice,xp_c02,current,2,"Select and combine product, quotient, chain, and core derivative rules in mixed expressions and use higher-order derivative notation.",I can choose an efficient sequence of derivative rules for nested products or quotients and use first- and higher-order derivative notation precisely.,"AP Topics 3.5, 3.6",product_chain,expression,,Assessment Plan + Course Framework; supplied AP Topic scoring guides consulted for representation/rigor only (no question wording copied).,
U3-S2-XP-C03,MATH,3,3.2,extra_practice,practice,xp_c03,current,2,"Select and combine product, quotient, chain, and core derivative rules in mixed expressions and use higher-order derivative notation.",I can choose an efficient sequence of derivative rules for nested products or quotients and use first- and higher-order derivative notation precisely.,"AP Topics 3.5, 3.6",second_derivative,expression,,Assessment Plan + Course Framework; supplied AP Topic scoring guides consulted for representation/rigor only (no question wording copied).,
U3-S2-XP-C04,MATH,3,3.2,extra_practice,practice,xp_c04,current,2,"Select and combine product, quotient, chain, and core derivative rules in mixed expressions and use higher-order derivative notation.",I can choose an efficient sequence of derivative rules for nested products or quotients and use first- and higher-order derivative notation precisely.,"AP Topics 3.5, 3.6",mixed_table,numeric,,Assessment Plan + Course Framework; supplied AP Topic scoring guides consulted for representation/rigor only (no question wording copied).,
U3-S2-XP-C05,MATH,3,3.2,extra_practice,practice,xp_c05,current,3,"Select and combine product, quotient, chain, and core derivative rules in mixed expressions and use higher-order derivative notation.",I can choose an efficient sequence of derivative rules for nested products or quotients and use first- and higher-order derivative notation precisely.,"AP Topics 3.5, 3.6",strategy_selection,constructed_response,,Assessment Plan + Course Framework; supplied AP Topic scoring guides consulted for representation/rigor only (no question wording copied).,
U3-S2-XP-L01,MATH,3,3.2,extra_practice,practice,xp_l01,last,2,Differentiate composite functions by identifying outer and inner structure and applying the chain rule with accurate notation.,Retrieve and apply the most recent prerequisite learning.,"AP Topics 3.5, 3.6",chain_table,numeric,,Assessment Plan + Course Framework; supplied AP Topic scoring guides consulted for representation/rigor only (no question wording copied).,
U3-S2-XP-L02,MATH,3,3.2,extra_practice,practice,xp_l02,last,1,Differentiate composite functions by identifying outer and inner structure and applying the chain rule with accurate notation.,Retrieve and apply the most recent prerequisite learning.,"AP Topics 3.5, 3.6",chain_structure,short_response,,Assessment Plan + Course Framework; supplied AP Topic scoring guides consulted for representation/rigor only (no question wording copied).,
U3-S2-XP-L03,MATH,3,3.2,extra_practice,practice,xp_l03,last,2,Differentiate composite functions by identifying outer and inner structure and applying the chain rule with accurate notation.,Retrieve and apply the most recent prerequisite learning.,"AP Topics 3.5, 3.6",chain_power,expression,,Assessment Plan + Course Framework; supplied AP Topic scoring guides consulted for representation/rigor only (no question wording copied).,
U3-S2-XP-L04,MATH,3,3.2,extra_practice,practice,xp_l04,last,2,Differentiate composite functions by identifying outer and inner structure and applying the chain rule with accurate notation.,Retrieve and apply the most recent prerequisite learning.,"AP Topics 3.5, 3.6",chain_trig,expression,,Assessment Plan + Course Framework; supplied AP Topic scoring guides consulted for representation/rigor only (no question wording copied).,
U3-S2-XP-L05,MATH,3,3.2,extra_practice,practice,xp_l05,last,2,Differentiate composite functions by identifying outer and inner structure and applying the chain rule with accurate notation.,Retrieve and apply the most recent prerequisite learning.,"AP Topics 3.5, 3.6",chain_core,expression,,Assessment Plan + Course Framework; supplied AP Topic scoring guides consulted for representation/rigor only (no question wording copied).,
U3-S2-XP-M01,MATH,3,3.2,extra_practice,practice,xp_m01,mastery,1,Function notation and graph interpretation; algebraic manipulation; limit meaning and notation; rate-of-change reasoning.,Retrieve durable prerequisite learning that supports derivative reasoning.,"AP Topics 3.5, 3.6",function_evaluation,numeric,,Assessment Plan + Course Framework; supplied AP Topic scoring guides consulted for representation/rigor only (no question wording copied).,
U3-S2-XP-M02,MATH,3,3.2,extra_practice,practice,xp_m02,mastery,1,Function notation and graph interpretation; algebraic manipulation; limit meaning and notation; rate-of-change reasoning.,Retrieve durable prerequisite learning that supports derivative reasoning.,"AP Topics 3.5, 3.6",algebra,expression,,Assessment Plan + Course Framework; supplied AP Topic scoring guides consulted for representation/rigor only (no question wording copied).,
U3-S2-XP-M03,MATH,3,3.2,extra_practice,practice,xp_m03,mastery,2,Function notation and graph interpretation; algebraic manipulation; limit meaning and notation; rate-of-change reasoning.,Retrieve durable prerequisite learning that supports derivative reasoning.,"AP Topics 3.5, 3.6",algebraic_limit,numeric,,Assessment Plan + Course Framework; supplied AP Topic scoring guides consulted for representation/rigor only (no question wording copied).,
U3-S2-XP-M04,MATH,3,3.2,extra_practice,practice,xp_m04,mastery,2,Function notation and graph interpretation; algebraic manipulation; limit meaning and notation; rate-of-change reasoning.,Retrieve durable prerequisite learning that supports derivative reasoning.,"AP Topics 3.5, 3.6",average_rate,numeric,,Assessment Plan + Course Framework; supplied AP Topic scoring guides consulted for representation/rigor only (no question wording copied).,
U3-S2-XP-M05,MATH,3,3.2,extra_practice,practice,xp_m05,mastery,1,Function notation and graph interpretation; algebraic manipulation; limit meaning and notation; rate-of-change reasoning.,Retrieve durable prerequisite learning that supports derivative reasoning.,"AP Topics 3.5, 3.6",slope,numeric,,Assessment Plan + Course Framework; supplied AP Topic scoring guides consulted for representation/rigor only (no question wording copied).,
U3-S2-XP-M06,MATH,3,3.2,extra_practice,practice,xp_m06,mastery,2,Function notation and graph interpretation; algebraic manipulation; limit meaning and notation; rate-of-change reasoning.,Retrieve durable prerequisite learning that supports derivative reasoning.,"AP Topics 3.5, 3.6",continuity,numeric,,Assessment Plan + Course Framework; supplied AP Topic scoring guides consulted for representation/rigor only (no question wording copied).,
U3-S2-XP-M07,MATH,3,3.2,extra_practice,practice,xp_m07,mastery,1,Function notation and graph interpretation; algebraic manipulation; limit meaning and notation; rate-of-change reasoning.,Retrieve durable prerequisite learning that supports derivative reasoning.,"AP Topics 3.5, 3.6",function_operations,numeric,,Assessment Plan + Course Framework; supplied AP Topic scoring guides consulted for representation/rigor only (no question wording copied).,
U3-S2-XP-M08,MATH,3,3.2,extra_practice,practice,xp_m08,mastery,1,Function notation and graph interpretation; algebraic manipulation; limit meaning and notation; rate-of-change reasoning.,Retrieve durable prerequisite learning that supports derivative reasoning.,"AP Topics 3.5, 3.6",function_evaluation,numeric,,Assessment Plan + Course Framework; supplied AP Topic scoring guides consulted for representation/rigor only (no question wording copied).,
U3-S2-XP-M09,MATH,3,3.2,extra_practice,practice,xp_m09,mastery,1,Function notation and graph interpretation; algebraic manipulation; limit meaning and notation; rate-of-change reasoning.,Retrieve durable prerequisite learning that supports derivative reasoning.,"AP Topics 3.5, 3.6",algebra,expression,,Assessment Plan + Course Framework; supplied AP Topic scoring guides consulted for representation/rigor only (no question wording copied).,
U3-S2-XP-M10,MATH,3,3.2,extra_practice,practice,xp_m10,mastery,2,Function notation and graph interpretation; algebraic manipulation; limit meaning and notation; rate-of-change reasoning.,Retrieve durable prerequisite learning that supports derivative reasoning.,"AP Topics 3.5, 3.6",algebraic_limit,numeric,,Assessment Plan + Course Framework; supplied AP Topic scoring guides consulted for representation/rigor only (no question wording copied).,
U3-S3-PS1-C01,MATH,3,3.3,practice_set_1,practice,ps1_c01,current,2,"Differentiate implicit relations, solve for $dy/dx$, and use the result in tangent-line situations.","I can include the required $dy/dx$ factors, solve an implicit derivative equation, and use it to find a tangent slope or tangent line.",AP Topic 3.2,implicit_basic,expression,,Assessment Plan + Course Framework; supplied AP Topic scoring guides consulted for representation/rigor only (no question wording copied).,
U3-S3-PS1-C02,MATH,3,3.3,practice_set_1,practice,ps1_c02,current,2,"Differentiate implicit relations, solve for $dy/dx$, and use the result in tangent-line situations.","I can include the required $dy/dx$ factors, solve an implicit derivative equation, and use it to find a tangent slope or tangent line.",AP Topic 3.2,implicit_product,expression,,Assessment Plan + Course Framework; supplied AP Topic scoring guides consulted for representation/rigor only (no question wording copied).,
U3-S3-PS1-C03,MATH,3,3.3,practice_set_1,practice,ps1_c03,current,2,"Differentiate implicit relations, solve for $dy/dx$, and use the result in tangent-line situations.","I can include the required $dy/dx$ factors, solve an implicit derivative equation, and use it to find a tangent slope or tangent line.",AP Topic 3.2,implicit_tangent_slope,numeric,,Assessment Plan + Course Framework; supplied AP Topic scoring guides consulted for representation/rigor only (no question wording copied).,
U3-S3-PS1-C04,MATH,3,3.3,practice_set_1,practice,ps1_c04,current,2,"Differentiate implicit relations, solve for $dy/dx$, and use the result in tangent-line situations.","I can include the required $dy/dx$ factors, solve an implicit derivative equation, and use it to find a tangent slope or tangent line.",AP Topic 3.2,implicit_tangent_line,equation,,Assessment Plan + Course Framework; supplied AP Topic scoring guides consulted for representation/rigor only (no question wording copied).,
U3-S3-PS1-C05,MATH,3,3.3,practice_set_1,practice,ps1_c05,current,1,"Differentiate implicit relations, solve for $dy/dx$, and use the result in tangent-line situations.","I can include the required $dy/dx$ factors, solve an implicit derivative equation, and use it to find a tangent slope or tangent line.",AP Topic 3.2,implicit_notation,short_response,,Assessment Plan + Course Framework; supplied AP Topic scoring guides consulted for representation/rigor only (no question wording copied).,
U3-S3-PS1-L01,MATH,3,3.3,practice_set_1,practice,ps1_l01,last,2,"Select and combine product, quotient, chain, and core derivative rules in mixed expressions and use higher-order derivative notation.",Retrieve and apply the most recent prerequisite learning.,AP Topic 3.2,higher_order_mixed,expression,,Assessment Plan + Course Framework; supplied AP Topic scoring guides consulted for representation/rigor only (no question wording copied).,
U3-S3-PS1-L02,MATH,3,3.3,practice_set_1,practice,ps1_l02,last,2,"Select and combine product, quotient, chain, and core derivative rules in mixed expressions and use higher-order derivative notation.",Retrieve and apply the most recent prerequisite learning.,AP Topic 3.2,mixed_rule,expression,,Assessment Plan + Course Framework; supplied AP Topic scoring guides consulted for representation/rigor only (no question wording copied).,
U3-S3-PS1-L03,MATH,3,3.3,practice_set_1,practice,ps1_l03,last,2,"Select and combine product, quotient, chain, and core derivative rules in mixed expressions and use higher-order derivative notation.",Retrieve and apply the most recent prerequisite learning.,AP Topic 3.2,product_chain,expression,,Assessment Plan + Course Framework; supplied AP Topic scoring guides consulted for representation/rigor only (no question wording copied).,
U3-S3-PS1-L04,MATH,3,3.3,practice_set_1,practice,ps1_l04,last,2,"Select and combine product, quotient, chain, and core derivative rules in mixed expressions and use higher-order derivative notation.",Retrieve and apply the most recent prerequisite learning.,AP Topic 3.2,second_derivative,expression,,Assessment Plan + Course Framework; supplied AP Topic scoring guides consulted for representation/rigor only (no question wording copied).,
U3-S3-PS1-L05,MATH,3,3.3,practice_set_1,practice,ps1_l05,last,2,"Select and combine product, quotient, chain, and core derivative rules in mixed expressions and use higher-order derivative notation.",Retrieve and apply the most recent prerequisite learning.,AP Topic 3.2,mixed_table,numeric,,Assessment Plan + Course Framework; supplied AP Topic scoring guides consulted for representation/rigor only (no question wording copied).,
U3-S3-PS1-M01,MATH,3,3.3,practice_set_1,practice,ps1_m01,mastery,2,Function notation and graph interpretation; algebraic manipulation; limit meaning and notation; rate-of-change reasoning.,Retrieve durable prerequisite learning that supports derivative reasoning.,AP Topic 3.2,average_rate,numeric,,Assessment Plan + Course Framework; supplied AP Topic scoring guides consulted for representation/rigor only (no question wording copied).,
U3-S3-PS1-M02,MATH,3,3.3,practice_set_1,practice,ps1_m02,mastery,1,Function notation and graph interpretation; algebraic manipulation; limit meaning and notation; rate-of-change reasoning.,Retrieve durable prerequisite learning that supports derivative reasoning.,AP Topic 3.2,slope,numeric,,Assessment Plan + Course Framework; supplied AP Topic scoring guides consulted for representation/rigor only (no question wording copied).,
U3-S3-PS1-M03,MATH,3,3.3,practice_set_1,practice,ps1_m03,mastery,2,Function notation and graph interpretation; algebraic manipulation; limit meaning and notation; rate-of-change reasoning.,Retrieve durable prerequisite learning that supports derivative reasoning.,AP Topic 3.2,continuity,numeric,,Assessment Plan + Course Framework; supplied AP Topic scoring guides consulted for representation/rigor only (no question wording copied).,
U3-S3-PS1-M04,MATH,3,3.3,practice_set_1,practice,ps1_m04,mastery,1,Function notation and graph interpretation; algebraic manipulation; limit meaning and notation; rate-of-change reasoning.,Retrieve durable prerequisite learning that supports derivative reasoning.,AP Topic 3.2,function_operations,numeric,,Assessment Plan + Course Framework; supplied AP Topic scoring guides consulted for representation/rigor only (no question wording copied).,
U3-S3-PS1-M05,MATH,3,3.3,practice_set_1,practice,ps1_m05,mastery,1,Function notation and graph interpretation; algebraic manipulation; limit meaning and notation; rate-of-change reasoning.,Retrieve durable prerequisite learning that supports derivative reasoning.,AP Topic 3.2,function_evaluation,numeric,,Assessment Plan + Course Framework; supplied AP Topic scoring guides consulted for representation/rigor only (no question wording copied).,
U3-S3-PS1-M06,MATH,3,3.3,practice_set_1,practice,ps1_m06,mastery,1,Function notation and graph interpretation; algebraic manipulation; limit meaning and notation; rate-of-change reasoning.,Retrieve durable prerequisite learning that supports derivative reasoning.,AP Topic 3.2,algebra,expression,,Assessment Plan + Course Framework; supplied AP Topic scoring guides consulted for representation/rigor only (no question wording copied).,
U3-S3-PS1-M07,MATH,3,3.3,practice_set_1,practice,ps1_m07,mastery,2,Function notation and graph interpretation; algebraic manipulation; limit meaning and notation; rate-of-change reasoning.,Retrieve durable prerequisite learning that supports derivative reasoning.,AP Topic 3.2,algebraic_limit,numeric,,Assessment Plan + Course Framework; supplied AP Topic scoring guides consulted for representation/rigor only (no question wording copied).,
U3-S3-PS1-M08,MATH,3,3.3,practice_set_1,practice,ps1_m08,mastery,2,Function notation and graph interpretation; algebraic manipulation; limit meaning and notation; rate-of-change reasoning.,Retrieve durable prerequisite learning that supports derivative reasoning.,AP Topic 3.2,average_rate,numeric,,Assessment Plan + Course Framework; supplied AP Topic scoring guides consulted for representation/rigor only (no question wording copied).,
U3-S3-PS1-M09,MATH,3,3.3,practice_set_1,practice,ps1_m09,mastery,1,Function notation and graph interpretation; algebraic manipulation; limit meaning and notation; rate-of-change reasoning.,Retrieve durable prerequisite learning that supports derivative reasoning.,AP Topic 3.2,slope,numeric,,Assessment Plan + Course Framework; supplied AP Topic scoring guides consulted for representation/rigor only (no question wording copied).,
U3-S3-PS1-M10,MATH,3,3.3,practice_set_1,practice,ps1_m10,mastery,2,Function notation and graph interpretation; algebraic manipulation; limit meaning and notation; rate-of-change reasoning.,Retrieve durable prerequisite learning that supports derivative reasoning.,AP Topic 3.2,continuity,numeric,,Assessment Plan + Course Framework; supplied AP Topic scoring guides consulted for representation/rigor only (no question wording copied).,
U3-S3-PS2-C01,MATH,3,3.3,practice_set_2,practice,ps2_c01,current,2,"Differentiate implicit relations, solve for $dy/dx$, and use the result in tangent-line situations.","I can include the required $dy/dx$ factors, solve an implicit derivative equation, and use it to find a tangent slope or tangent line.",AP Topic 3.2,implicit_tangent_slope,numeric,,Assessment Plan + Course Framework; supplied AP Topic scoring guides consulted for representation/rigor only (no question wording copied).,
U3-S3-PS2-C02,MATH,3,3.3,practice_set_2,practice,ps2_c02,current,2,"Differentiate implicit relations, solve for $dy/dx$, and use the result in tangent-line situations.","I can include the required $dy/dx$ factors, solve an implicit derivative equation, and use it to find a tangent slope or tangent line.",AP Topic 3.2,implicit_tangent_line,equation,,Assessment Plan + Course Framework; supplied AP Topic scoring guides consulted for representation/rigor only (no question wording copied).,
U3-S3-PS2-C03,MATH,3,3.3,practice_set_2,practice,ps2_c03,current,1,"Differentiate implicit relations, solve for $dy/dx$, and use the result in tangent-line situations.","I can include the required $dy/dx$ factors, solve an implicit derivative equation, and use it to find a tangent slope or tangent line.",AP Topic 3.2,implicit_notation,short_response,,Assessment Plan + Course Framework; supplied AP Topic scoring guides consulted for representation/rigor only (no question wording copied).,
U3-S3-PS2-C04,MATH,3,3.3,practice_set_2,practice,ps2_c04,current,3,"Differentiate implicit relations, solve for $dy/dx$, and use the result in tangent-line situations.","I can include the required $dy/dx$ factors, solve an implicit derivative equation, and use it to find a tangent slope or tangent line.",AP Topic 3.2,implicit_strategy,constructed_response,,Assessment Plan + Course Framework; supplied AP Topic scoring guides consulted for representation/rigor only (no question wording copied).,
U3-S3-PS2-C05,MATH,3,3.3,practice_set_2,practice,ps2_c05,current,2,"Differentiate implicit relations, solve for $dy/dx$, and use the result in tangent-line situations.","I can include the required $dy/dx$ factors, solve an implicit derivative equation, and use it to find a tangent slope or tangent line.",AP Topic 3.2,implicit_basic,expression,,Assessment Plan + Course Framework; supplied AP Topic scoring guides consulted for representation/rigor only (no question wording copied).,
U3-S3-PS2-L01,MATH,3,3.3,practice_set_2,practice,ps2_l01,last,2,"Select and combine product, quotient, chain, and core derivative rules in mixed expressions and use higher-order derivative notation.",Retrieve and apply the most recent prerequisite learning.,AP Topic 3.2,product_chain,expression,,Assessment Plan + Course Framework; supplied AP Topic scoring guides consulted for representation/rigor only (no question wording copied).,
U3-S3-PS2-L02,MATH,3,3.3,practice_set_2,practice,ps2_l02,last,2,"Select and combine product, quotient, chain, and core derivative rules in mixed expressions and use higher-order derivative notation.",Retrieve and apply the most recent prerequisite learning.,AP Topic 3.2,second_derivative,expression,,Assessment Plan + Course Framework; supplied AP Topic scoring guides consulted for representation/rigor only (no question wording copied).,
U3-S3-PS2-L03,MATH,3,3.3,practice_set_2,practice,ps2_l03,last,2,"Select and combine product, quotient, chain, and core derivative rules in mixed expressions and use higher-order derivative notation.",Retrieve and apply the most recent prerequisite learning.,AP Topic 3.2,mixed_table,numeric,,Assessment Plan + Course Framework; supplied AP Topic scoring guides consulted for representation/rigor only (no question wording copied).,
U3-S3-PS2-L04,MATH,3,3.3,practice_set_2,practice,ps2_l04,last,3,"Select and combine product, quotient, chain, and core derivative rules in mixed expressions and use higher-order derivative notation.",Retrieve and apply the most recent prerequisite learning.,AP Topic 3.2,strategy_selection,constructed_response,,Assessment Plan + Course Framework; supplied AP Topic scoring guides consulted for representation/rigor only (no question wording copied).,
U3-S3-PS2-L05,MATH,3,3.3,practice_set_2,practice,ps2_l05,last,2,"Select and combine product, quotient, chain, and core derivative rules in mixed expressions and use higher-order derivative notation.",Retrieve and apply the most recent prerequisite learning.,AP Topic 3.2,higher_order_mixed,expression,,Assessment Plan + Course Framework; supplied AP Topic scoring guides consulted for representation/rigor only (no question wording copied).,
U3-S3-PS2-M01,MATH,3,3.3,practice_set_2,practice,ps2_m01,mastery,2,Function notation and graph interpretation; algebraic manipulation; limit meaning and notation; rate-of-change reasoning.,Retrieve durable prerequisite learning that supports derivative reasoning.,AP Topic 3.2,algebraic_limit,numeric,,Assessment Plan + Course Framework; supplied AP Topic scoring guides consulted for representation/rigor only (no question wording copied).,
U3-S3-PS2-M02,MATH,3,3.3,practice_set_2,practice,ps2_m02,mastery,2,Function notation and graph interpretation; algebraic manipulation; limit meaning and notation; rate-of-change reasoning.,Retrieve durable prerequisite learning that supports derivative reasoning.,AP Topic 3.2,average_rate,numeric,,Assessment Plan + Course Framework; supplied AP Topic scoring guides consulted for representation/rigor only (no question wording copied).,
U3-S3-PS2-M03,MATH,3,3.3,practice_set_2,practice,ps2_m03,mastery,1,Function notation and graph interpretation; algebraic manipulation; limit meaning and notation; rate-of-change reasoning.,Retrieve durable prerequisite learning that supports derivative reasoning.,AP Topic 3.2,slope,numeric,,Assessment Plan + Course Framework; supplied AP Topic scoring guides consulted for representation/rigor only (no question wording copied).,
U3-S3-PS2-M04,MATH,3,3.3,practice_set_2,practice,ps2_m04,mastery,2,Function notation and graph interpretation; algebraic manipulation; limit meaning and notation; rate-of-change reasoning.,Retrieve durable prerequisite learning that supports derivative reasoning.,AP Topic 3.2,continuity,numeric,,Assessment Plan + Course Framework; supplied AP Topic scoring guides consulted for representation/rigor only (no question wording copied).,
U3-S3-PS2-M05,MATH,3,3.3,practice_set_2,practice,ps2_m05,mastery,1,Function notation and graph interpretation; algebraic manipulation; limit meaning and notation; rate-of-change reasoning.,Retrieve durable prerequisite learning that supports derivative reasoning.,AP Topic 3.2,function_operations,numeric,,Assessment Plan + Course Framework; supplied AP Topic scoring guides consulted for representation/rigor only (no question wording copied).,
U3-S3-PS2-M06,MATH,3,3.3,practice_set_2,practice,ps2_m06,mastery,1,Function notation and graph interpretation; algebraic manipulation; limit meaning and notation; rate-of-change reasoning.,Retrieve durable prerequisite learning that supports derivative reasoning.,AP Topic 3.2,function_evaluation,numeric,,Assessment Plan + Course Framework; supplied AP Topic scoring guides consulted for representation/rigor only (no question wording copied).,
U3-S3-PS2-M07,MATH,3,3.3,practice_set_2,practice,ps2_m07,mastery,1,Function notation and graph interpretation; algebraic manipulation; limit meaning and notation; rate-of-change reasoning.,Retrieve durable prerequisite learning that supports derivative reasoning.,AP Topic 3.2,algebra,expression,,Assessment Plan + Course Framework; supplied AP Topic scoring guides consulted for representation/rigor only (no question wording copied).,
U3-S3-PS2-M08,MATH,3,3.3,practice_set_2,practice,ps2_m08,mastery,2,Function notation and graph interpretation; algebraic manipulation; limit meaning and notation; rate-of-change reasoning.,Retrieve durable prerequisite learning that supports derivative reasoning.,AP Topic 3.2,algebraic_limit,numeric,,Assessment Plan + Course Framework; supplied AP Topic scoring guides consulted for representation/rigor only (no question wording copied).,
U3-S3-PS2-M09,MATH,3,3.3,practice_set_2,practice,ps2_m09,mastery,2,Function notation and graph interpretation; algebraic manipulation; limit meaning and notation; rate-of-change reasoning.,Retrieve durable prerequisite learning that supports derivative reasoning.,AP Topic 3.2,average_rate,numeric,,Assessment Plan + Course Framework; supplied AP Topic scoring guides consulted for representation/rigor only (no question wording copied).,
U3-S3-PS2-M10,MATH,3,3.3,practice_set_2,practice,ps2_m10,mastery,1,Function notation and graph interpretation; algebraic manipulation; limit meaning and notation; rate-of-change reasoning.,Retrieve durable prerequisite learning that supports derivative reasoning.,AP Topic 3.2,slope,numeric,,Assessment Plan + Course Framework; supplied AP Topic scoring guides consulted for representation/rigor only (no question wording copied).,
U3-S3-PS3-C01,MATH,3,3.3,practice_set_3,practice,ps3_c01,current,2,"Differentiate implicit relations, solve for $dy/dx$, and use the result in tangent-line situations.","I can include the required $dy/dx$ factors, solve an implicit derivative equation, and use it to find a tangent slope or tangent line.",AP Topic 3.2,implicit_basic,expression,,Assessment Plan + Course Framework; supplied AP Topic scoring guides consulted for representation/rigor only (no question wording copied).,Tarsia-friendly concise source.
U3-S3-PS3-C02,MATH,3,3.3,practice_set_3,practice,ps3_c02,current,2,"Differentiate implicit relations, solve for $dy/dx$, and use the result in tangent-line situations.","I can include the required $dy/dx$ factors, solve an implicit derivative equation, and use it to find a tangent slope or tangent line.",AP Topic 3.2,implicit_basic,expression,,Assessment Plan + Course Framework; supplied AP Topic scoring guides consulted for representation/rigor only (no question wording copied).,Tarsia-friendly concise source.
U3-S3-PS3-C03,MATH,3,3.3,practice_set_3,practice,ps3_c03,current,2,"Differentiate implicit relations, solve for $dy/dx$, and use the result in tangent-line situations.","I can include the required $dy/dx$ factors, solve an implicit derivative equation, and use it to find a tangent slope or tangent line.",AP Topic 3.2,implicit_basic,expression,,Assessment Plan + Course Framework; supplied AP Topic scoring guides consulted for representation/rigor only (no question wording copied).,Tarsia-friendly concise source.
U3-S3-PS3-C04,MATH,3,3.3,practice_set_3,practice,ps3_c04,current,2,"Differentiate implicit relations, solve for $dy/dx$, and use the result in tangent-line situations.","I can include the required $dy/dx$ factors, solve an implicit derivative equation, and use it to find a tangent slope or tangent line.",AP Topic 3.2,implicit_basic,expression,,Assessment Plan + Course Framework; supplied AP Topic scoring guides consulted for representation/rigor only (no question wording copied).,Tarsia-friendly concise source.
U3-S3-PS3-C05,MATH,3,3.3,practice_set_3,practice,ps3_c05,current,2,"Differentiate implicit relations, solve for $dy/dx$, and use the result in tangent-line situations.","I can include the required $dy/dx$ factors, solve an implicit derivative equation, and use it to find a tangent slope or tangent line.",AP Topic 3.2,implicit_basic,expression,,Assessment Plan + Course Framework; supplied AP Topic scoring guides consulted for representation/rigor only (no question wording copied).,Tarsia-friendly concise source.
U3-S3-PS3-L01,MATH,3,3.3,practice_set_3,practice,ps3_l01,last,2,"Select and combine product, quotient, chain, and core derivative rules in mixed expressions and use higher-order derivative notation.",Retrieve and apply the most recent prerequisite learning.,AP Topic 3.2,mixed_rule,expression,,Assessment Plan + Course Framework; supplied AP Topic scoring guides consulted for representation/rigor only (no question wording copied).,Tarsia-friendly concise source.
U3-S3-PS3-L02,MATH,3,3.3,practice_set_3,practice,ps3_l02,last,2,"Select and combine product, quotient, chain, and core derivative rules in mixed expressions and use higher-order derivative notation.",Retrieve and apply the most recent prerequisite learning.,AP Topic 3.2,mixed_rule,expression,,Assessment Plan + Course Framework; supplied AP Topic scoring guides consulted for representation/rigor only (no question wording copied).,Tarsia-friendly concise source.
U3-S3-PS3-L03,MATH,3,3.3,practice_set_3,practice,ps3_l03,last,2,"Select and combine product, quotient, chain, and core derivative rules in mixed expressions and use higher-order derivative notation.",Retrieve and apply the most recent prerequisite learning.,AP Topic 3.2,mixed_rule,expression,,Assessment Plan + Course Framework; supplied AP Topic scoring guides consulted for representation/rigor only (no question wording copied).,Tarsia-friendly concise source.
U3-S3-PS3-L04,MATH,3,3.3,practice_set_3,practice,ps3_l04,last,2,"Select and combine product, quotient, chain, and core derivative rules in mixed expressions and use higher-order derivative notation.",Retrieve and apply the most recent prerequisite learning.,AP Topic 3.2,mixed_rule,expression,,Assessment Plan + Course Framework; supplied AP Topic scoring guides consulted for representation/rigor only (no question wording copied).,Tarsia-friendly concise source.
U3-S3-PS3-L05,MATH,3,3.3,practice_set_3,practice,ps3_l05,last,2,"Select and combine product, quotient, chain, and core derivative rules in mixed expressions and use higher-order derivative notation.",Retrieve and apply the most recent prerequisite learning.,AP Topic 3.2,mixed_rule,expression,,Assessment Plan + Course Framework; supplied AP Topic scoring guides consulted for representation/rigor only (no question wording copied).,Tarsia-friendly concise source.
U3-S3-PS3-M01,MATH,3,3.3,practice_set_3,practice,ps3_m01,mastery,1,Function notation and graph interpretation; algebraic manipulation; limit meaning and notation; rate-of-change reasoning.,Retrieve durable prerequisite learning that supports derivative reasoning.,AP Topic 3.2,algebra,expression,,Assessment Plan + Course Framework; supplied AP Topic scoring guides consulted for representation/rigor only (no question wording copied).,Tarsia-friendly concise source.
U3-S3-PS3-M02,MATH,3,3.3,practice_set_3,practice,ps3_m02,mastery,2,Function notation and graph interpretation; algebraic manipulation; limit meaning and notation; rate-of-change reasoning.,Retrieve durable prerequisite learning that supports derivative reasoning.,AP Topic 3.2,algebraic_limit,numeric,,Assessment Plan + Course Framework; supplied AP Topic scoring guides consulted for representation/rigor only (no question wording copied).,Tarsia-friendly concise source.
U3-S3-PS3-M03,MATH,3,3.3,practice_set_3,practice,ps3_m03,mastery,2,Function notation and graph interpretation; algebraic manipulation; limit meaning and notation; rate-of-change reasoning.,Retrieve durable prerequisite learning that supports derivative reasoning.,AP Topic 3.2,average_rate,numeric,,Assessment Plan + Course Framework; supplied AP Topic scoring guides consulted for representation/rigor only (no question wording copied).,Tarsia-friendly concise source.
U3-S3-PS3-M04,MATH,3,3.3,practice_set_3,practice,ps3_m04,mastery,1,Function notation and graph interpretation; algebraic manipulation; limit meaning and notation; rate-of-change reasoning.,Retrieve durable prerequisite learning that supports derivative reasoning.,AP Topic 3.2,slope,numeric,,Assessment Plan + Course Framework; supplied AP Topic scoring guides consulted for representation/rigor only (no question wording copied).,Tarsia-friendly concise source.
U3-S3-PS3-M05,MATH,3,3.3,practice_set_3,practice,ps3_m05,mastery,2,Function notation and graph interpretation; algebraic manipulation; limit meaning and notation; rate-of-change reasoning.,Retrieve durable prerequisite learning that supports derivative reasoning.,AP Topic 3.2,continuity,numeric,,Assessment Plan + Course Framework; supplied AP Topic scoring guides consulted for representation/rigor only (no question wording copied).,Tarsia-friendly concise source.
U3-S3-PS3-M06,MATH,3,3.3,practice_set_3,practice,ps3_m06,mastery,1,Function notation and graph interpretation; algebraic manipulation; limit meaning and notation; rate-of-change reasoning.,Retrieve durable prerequisite learning that supports derivative reasoning.,AP Topic 3.2,function_operations,numeric,,Assessment Plan + Course Framework; supplied AP Topic scoring guides consulted for representation/rigor only (no question wording copied).,Tarsia-friendly concise source.
U3-S3-PS3-M07,MATH,3,3.3,practice_set_3,practice,ps3_m07,mastery,1,Function notation and graph interpretation; algebraic manipulation; limit meaning and notation; rate-of-change reasoning.,Retrieve durable prerequisite learning that supports derivative reasoning.,AP Topic 3.2,function_evaluation,numeric,,Assessment Plan + Course Framework; supplied AP Topic scoring guides consulted for representation/rigor only (no question wording copied).,Tarsia-friendly concise source.
U3-S3-PS3-M08,MATH,3,3.3,practice_set_3,practice,ps3_m08,mastery,1,Function notation and graph interpretation; algebraic manipulation; limit meaning and notation; rate-of-change reasoning.,Retrieve durable prerequisite learning that supports derivative reasoning.,AP Topic 3.2,algebra,expression,,Assessment Plan + Course Framework; supplied AP Topic scoring guides consulted for representation/rigor only (no question wording copied).,Tarsia-friendly concise source.
U3-S3-PS3-M09,MATH,3,3.3,practice_set_3,practice,ps3_m09,mastery,2,Function notation and graph interpretation; algebraic manipulation; limit meaning and notation; rate-of-change reasoning.,Retrieve durable prerequisite learning that supports derivative reasoning.,AP Topic 3.2,algebraic_limit,numeric,,Assessment Plan + Course Framework; supplied AP Topic scoring guides consulted for representation/rigor only (no question wording copied).,Tarsia-friendly concise source.
U3-S3-PS3-M10,MATH,3,3.3,practice_set_3,practice,ps3_m10,mastery,2,Function notation and graph interpretation; algebraic manipulation; limit meaning and notation; rate-of-change reasoning.,Retrieve durable prerequisite learning that supports derivative reasoning.,AP Topic 3.2,average_rate,numeric,,Assessment Plan + Course Framework; supplied AP Topic scoring guides consulted for representation/rigor only (no question wording copied).,Tarsia-friendly concise source.
U3-S3-XP-C01,MATH,3,3.3,extra_practice,practice,xp_c01,current,2,"Differentiate implicit relations, solve for $dy/dx$, and use the result in tangent-line situations.","I can include the required $dy/dx$ factors, solve an implicit derivative equation, and use it to find a tangent slope or tangent line.",AP Topic 3.2,implicit_basic,expression,,Assessment Plan + Course Framework; supplied AP Topic scoring guides consulted for representation/rigor only (no question wording copied).,
U3-S3-XP-C02,MATH,3,3.3,extra_practice,practice,xp_c02,current,2,"Differentiate implicit relations, solve for $dy/dx$, and use the result in tangent-line situations.","I can include the required $dy/dx$ factors, solve an implicit derivative equation, and use it to find a tangent slope or tangent line.",AP Topic 3.2,implicit_product,expression,,Assessment Plan + Course Framework; supplied AP Topic scoring guides consulted for representation/rigor only (no question wording copied).,
U3-S3-XP-C03,MATH,3,3.3,extra_practice,practice,xp_c03,current,2,"Differentiate implicit relations, solve for $dy/dx$, and use the result in tangent-line situations.","I can include the required $dy/dx$ factors, solve an implicit derivative equation, and use it to find a tangent slope or tangent line.",AP Topic 3.2,implicit_tangent_slope,numeric,,Assessment Plan + Course Framework; supplied AP Topic scoring guides consulted for representation/rigor only (no question wording copied).,
U3-S3-XP-C04,MATH,3,3.3,extra_practice,practice,xp_c04,current,2,"Differentiate implicit relations, solve for $dy/dx$, and use the result in tangent-line situations.","I can include the required $dy/dx$ factors, solve an implicit derivative equation, and use it to find a tangent slope or tangent line.",AP Topic 3.2,implicit_tangent_line,equation,,Assessment Plan + Course Framework; supplied AP Topic scoring guides consulted for representation/rigor only (no question wording copied).,
U3-S3-XP-C05,MATH,3,3.3,extra_practice,practice,xp_c05,current,1,"Differentiate implicit relations, solve for $dy/dx$, and use the result in tangent-line situations.","I can include the required $dy/dx$ factors, solve an implicit derivative equation, and use it to find a tangent slope or tangent line.",AP Topic 3.2,implicit_notation,short_response,,Assessment Plan + Course Framework; supplied AP Topic scoring guides consulted for representation/rigor only (no question wording copied).,
U3-S3-XP-L01,MATH,3,3.3,extra_practice,practice,xp_l01,last,2,"Select and combine product, quotient, chain, and core derivative rules in mixed expressions and use higher-order derivative notation.",Retrieve and apply the most recent prerequisite learning.,AP Topic 3.2,higher_order_mixed,expression,,Assessment Plan + Course Framework; supplied AP Topic scoring guides consulted for representation/rigor only (no question wording copied).,
U3-S3-XP-L02,MATH,3,3.3,extra_practice,practice,xp_l02,last,2,"Select and combine product, quotient, chain, and core derivative rules in mixed expressions and use higher-order derivative notation.",Retrieve and apply the most recent prerequisite learning.,AP Topic 3.2,mixed_rule,expression,,Assessment Plan + Course Framework; supplied AP Topic scoring guides consulted for representation/rigor only (no question wording copied).,
U3-S3-XP-L03,MATH,3,3.3,extra_practice,practice,xp_l03,last,2,"Select and combine product, quotient, chain, and core derivative rules in mixed expressions and use higher-order derivative notation.",Retrieve and apply the most recent prerequisite learning.,AP Topic 3.2,product_chain,expression,,Assessment Plan + Course Framework; supplied AP Topic scoring guides consulted for representation/rigor only (no question wording copied).,
U3-S3-XP-L04,MATH,3,3.3,extra_practice,practice,xp_l04,last,2,"Select and combine product, quotient, chain, and core derivative rules in mixed expressions and use higher-order derivative notation.",Retrieve and apply the most recent prerequisite learning.,AP Topic 3.2,second_derivative,expression,,Assessment Plan + Course Framework; supplied AP Topic scoring guides consulted for representation/rigor only (no question wording copied).,
U3-S3-XP-L05,MATH,3,3.3,extra_practice,practice,xp_l05,last,2,"Select and combine product, quotient, chain, and core derivative rules in mixed expressions and use higher-order derivative notation.",Retrieve and apply the most recent prerequisite learning.,AP Topic 3.2,mixed_table,numeric,,Assessment Plan + Course Framework; supplied AP Topic scoring guides consulted for representation/rigor only (no question wording copied).,
U3-S3-XP-M01,MATH,3,3.3,extra_practice,practice,xp_m01,mastery,1,Function notation and graph interpretation; algebraic manipulation; limit meaning and notation; rate-of-change reasoning.,Retrieve durable prerequisite learning that supports derivative reasoning.,AP Topic 3.2,function_evaluation,numeric,,Assessment Plan + Course Framework; supplied AP Topic scoring guides consulted for representation/rigor only (no question wording copied).,
U3-S3-XP-M02,MATH,3,3.3,extra_practice,practice,xp_m02,mastery,1,Function notation and graph interpretation; algebraic manipulation; limit meaning and notation; rate-of-change reasoning.,Retrieve durable prerequisite learning that supports derivative reasoning.,AP Topic 3.2,algebra,expression,,Assessment Plan + Course Framework; supplied AP Topic scoring guides consulted for representation/rigor only (no question wording copied).,
U3-S3-XP-M03,MATH,3,3.3,extra_practice,practice,xp_m03,mastery,2,Function notation and graph interpretation; algebraic manipulation; limit meaning and notation; rate-of-change reasoning.,Retrieve durable prerequisite learning that supports derivative reasoning.,AP Topic 3.2,algebraic_limit,numeric,,Assessment Plan + Course Framework; supplied AP Topic scoring guides consulted for representation/rigor only (no question wording copied).,
U3-S3-XP-M04,MATH,3,3.3,extra_practice,practice,xp_m04,mastery,2,Function notation and graph interpretation; algebraic manipulation; limit meaning and notation; rate-of-change reasoning.,Retrieve durable prerequisite learning that supports derivative reasoning.,AP Topic 3.2,average_rate,numeric,,Assessment Plan + Course Framework; supplied AP Topic scoring guides consulted for representation/rigor only (no question wording copied).,
U3-S3-XP-M05,MATH,3,3.3,extra_practice,practice,xp_m05,mastery,1,Function notation and graph interpretation; algebraic manipulation; limit meaning and notation; rate-of-change reasoning.,Retrieve durable prerequisite learning that supports derivative reasoning.,AP Topic 3.2,slope,numeric,,Assessment Plan + Course Framework; supplied AP Topic scoring guides consulted for representation/rigor only (no question wording copied).,
U3-S3-XP-M06,MATH,3,3.3,extra_practice,practice,xp_m06,mastery,2,Function notation and graph interpretation; algebraic manipulation; limit meaning and notation; rate-of-change reasoning.,Retrieve durable prerequisite learning that supports derivative reasoning.,AP Topic 3.2,continuity,numeric,,Assessment Plan + Course Framework; supplied AP Topic scoring guides consulted for representation/rigor only (no question wording copied).,
U3-S3-XP-M07,MATH,3,3.3,extra_practice,practice,xp_m07,mastery,1,Function notation and graph interpretation; algebraic manipulation; limit meaning and notation; rate-of-change reasoning.,Retrieve durable prerequisite learning that supports derivative reasoning.,AP Topic 3.2,function_operations,numeric,,Assessment Plan + Course Framework; supplied AP Topic scoring guides consulted for representation/rigor only (no question wording copied).,
U3-S3-XP-M08,MATH,3,3.3,extra_practice,practice,xp_m08,mastery,1,Function notation and graph interpretation; algebraic manipulation; limit meaning and notation; rate-of-change reasoning.,Retrieve durable prerequisite learning that supports derivative reasoning.,AP Topic 3.2,function_evaluation,numeric,,Assessment Plan + Course Framework; supplied AP Topic scoring guides consulted for representation/rigor only (no question wording copied).,
U3-S3-XP-M09,MATH,3,3.3,extra_practice,practice,xp_m09,mastery,1,Function notation and graph interpretation; algebraic manipulation; limit meaning and notation; rate-of-change reasoning.,Retrieve durable prerequisite learning that supports derivative reasoning.,AP Topic 3.2,algebra,expression,,Assessment Plan + Course Framework; supplied AP Topic scoring guides consulted for representation/rigor only (no question wording copied).,
U3-S3-XP-M10,MATH,3,3.3,extra_practice,practice,xp_m10,mastery,2,Function notation and graph interpretation; algebraic manipulation; limit meaning and notation; rate-of-change reasoning.,Retrieve durable prerequisite learning that supports derivative reasoning.,AP Topic 3.2,algebraic_limit,numeric,,Assessment Plan + Course Framework; supplied AP Topic scoring guides consulted for representation/rigor only (no question wording copied).,
U3-S4-PS1-C01,MATH,3,3.4,practice_set_1,practice,ps1_c01,current,2,"Determine derivatives of inverse functions from equations, tables, and graphs, and apply inverse trigonometric derivative rules.","I can match corresponding function/inverse values, use reciprocal derivative relationships, and differentiate inverse-trigonometric compositions.","AP Topics 3.3, 3.4",inverse_table_relation,numeric,,Assessment Plan + Course Framework; supplied AP Topic scoring guides consulted for representation/rigor only (no question wording copied).,
U3-S4-PS1-C02,MATH,3,3.4,practice_set_1,practice,ps1_c02,current,2,"Determine derivatives of inverse functions from equations, tables, and graphs, and apply inverse trigonometric derivative rules.","I can match corresponding function/inverse values, use reciprocal derivative relationships, and differentiate inverse-trigonometric compositions.","AP Topics 3.3, 3.4",inverse_equation,numeric,,Assessment Plan + Course Framework; supplied AP Topic scoring guides consulted for representation/rigor only (no question wording copied).,
U3-S4-PS1-C03,MATH,3,3.4,practice_set_1,practice,ps1_c03,current,2,"Determine derivatives of inverse functions from equations, tables, and graphs, and apply inverse trigonometric derivative rules.","I can match corresponding function/inverse values, use reciprocal derivative relationships, and differentiate inverse-trigonometric compositions.","AP Topics 3.3, 3.4",inverse_trig_asin,expression,,Assessment Plan + Course Framework; supplied AP Topic scoring guides consulted for representation/rigor only (no question wording copied).,
U3-S4-PS1-C04,MATH,3,3.4,practice_set_1,practice,ps1_c04,current,2,"Determine derivatives of inverse functions from equations, tables, and graphs, and apply inverse trigonometric derivative rules.","I can match corresponding function/inverse values, use reciprocal derivative relationships, and differentiate inverse-trigonometric compositions.","AP Topics 3.3, 3.4",inverse_trig_atan,expression,,Assessment Plan + Course Framework; supplied AP Topic scoring guides consulted for representation/rigor only (no question wording copied).,
U3-S4-PS1-C05,MATH,3,3.4,practice_set_1,practice,ps1_c05,current,2,"Determine derivatives of inverse functions from equations, tables, and graphs, and apply inverse trigonometric derivative rules.","I can match corresponding function/inverse values, use reciprocal derivative relationships, and differentiate inverse-trigonometric compositions.","AP Topics 3.3, 3.4",inverse_graph_relation,explanation,u3_s4_ps1_c05_inverse_pair.png,Assessment Plan + Course Framework; supplied AP Topic scoring guides consulted for representation/rigor only (no question wording copied).,
U3-S4-PS1-L01,MATH,3,3.4,practice_set_1,practice,ps1_l01,last,3,"Differentiate implicit relations, solve for $dy/dx$, and use the result in tangent-line situations.",Retrieve and apply the most recent prerequisite learning.,"AP Topics 3.3, 3.4",implicit_strategy,constructed_response,,Assessment Plan + Course Framework; supplied AP Topic scoring guides consulted for representation/rigor only (no question wording copied).,
U3-S4-PS1-L02,MATH,3,3.4,practice_set_1,practice,ps1_l02,last,2,"Differentiate implicit relations, solve for $dy/dx$, and use the result in tangent-line situations.",Retrieve and apply the most recent prerequisite learning.,"AP Topics 3.3, 3.4",implicit_basic,expression,,Assessment Plan + Course Framework; supplied AP Topic scoring guides consulted for representation/rigor only (no question wording copied).,
U3-S4-PS1-L03,MATH,3,3.4,practice_set_1,practice,ps1_l03,last,2,"Differentiate implicit relations, solve for $dy/dx$, and use the result in tangent-line situations.",Retrieve and apply the most recent prerequisite learning.,"AP Topics 3.3, 3.4",implicit_product,expression,,Assessment Plan + Course Framework; supplied AP Topic scoring guides consulted for representation/rigor only (no question wording copied).,
U3-S4-PS1-L04,MATH,3,3.4,practice_set_1,practice,ps1_l04,last,2,"Differentiate implicit relations, solve for $dy/dx$, and use the result in tangent-line situations.",Retrieve and apply the most recent prerequisite learning.,"AP Topics 3.3, 3.4",implicit_tangent_slope,numeric,,Assessment Plan + Course Framework; supplied AP Topic scoring guides consulted for representation/rigor only (no question wording copied).,
U3-S4-PS1-L05,MATH,3,3.4,practice_set_1,practice,ps1_l05,last,2,"Differentiate implicit relations, solve for $dy/dx$, and use the result in tangent-line situations.",Retrieve and apply the most recent prerequisite learning.,"AP Topics 3.3, 3.4",implicit_tangent_line,equation,,Assessment Plan + Course Framework; supplied AP Topic scoring guides consulted for representation/rigor only (no question wording copied).,
U3-S4-PS1-M01,MATH,3,3.4,practice_set_1,practice,ps1_m01,mastery,2,Function notation and graph interpretation; algebraic manipulation; limit meaning and notation; rate-of-change reasoning.,Retrieve durable prerequisite learning that supports derivative reasoning.,"AP Topics 3.3, 3.4",average_rate,numeric,,Assessment Plan + Course Framework; supplied AP Topic scoring guides consulted for representation/rigor only (no question wording copied).,
U3-S4-PS1-M02,MATH,3,3.4,practice_set_1,practice,ps1_m02,mastery,1,Function notation and graph interpretation; algebraic manipulation; limit meaning and notation; rate-of-change reasoning.,Retrieve durable prerequisite learning that supports derivative reasoning.,"AP Topics 3.3, 3.4",slope,numeric,,Assessment Plan + Course Framework; supplied AP Topic scoring guides consulted for representation/rigor only (no question wording copied).,
U3-S4-PS1-M03,MATH,3,3.4,practice_set_1,practice,ps1_m03,mastery,2,Function notation and graph interpretation; algebraic manipulation; limit meaning and notation; rate-of-change reasoning.,Retrieve durable prerequisite learning that supports derivative reasoning.,"AP Topics 3.3, 3.4",continuity,numeric,,Assessment Plan + Course Framework; supplied AP Topic scoring guides consulted for representation/rigor only (no question wording copied).,
U3-S4-PS1-M04,MATH,3,3.4,practice_set_1,practice,ps1_m04,mastery,1,Function notation and graph interpretation; algebraic manipulation; limit meaning and notation; rate-of-change reasoning.,Retrieve durable prerequisite learning that supports derivative reasoning.,"AP Topics 3.3, 3.4",function_operations,numeric,,Assessment Plan + Course Framework; supplied AP Topic scoring guides consulted for representation/rigor only (no question wording copied).,
U3-S4-PS1-M05,MATH,3,3.4,practice_set_1,practice,ps1_m05,mastery,1,Function notation and graph interpretation; algebraic manipulation; limit meaning and notation; rate-of-change reasoning.,Retrieve durable prerequisite learning that supports derivative reasoning.,"AP Topics 3.3, 3.4",function_evaluation,numeric,,Assessment Plan + Course Framework; supplied AP Topic scoring guides consulted for representation/rigor only (no question wording copied).,
U3-S4-PS1-M06,MATH,3,3.4,practice_set_1,practice,ps1_m06,mastery,1,Function notation and graph interpretation; algebraic manipulation; limit meaning and notation; rate-of-change reasoning.,Retrieve durable prerequisite learning that supports derivative reasoning.,"AP Topics 3.3, 3.4",algebra,expression,,Assessment Plan + Course Framework; supplied AP Topic scoring guides consulted for representation/rigor only (no question wording copied).,
U3-S4-PS1-M07,MATH,3,3.4,practice_set_1,practice,ps1_m07,mastery,2,Function notation and graph interpretation; algebraic manipulation; limit meaning and notation; rate-of-change reasoning.,Retrieve durable prerequisite learning that supports derivative reasoning.,"AP Topics 3.3, 3.4",algebraic_limit,numeric,,Assessment Plan + Course Framework; supplied AP Topic scoring guides consulted for representation/rigor only (no question wording copied).,
U3-S4-PS1-M08,MATH,3,3.4,practice_set_1,practice,ps1_m08,mastery,2,Function notation and graph interpretation; algebraic manipulation; limit meaning and notation; rate-of-change reasoning.,Retrieve durable prerequisite learning that supports derivative reasoning.,"AP Topics 3.3, 3.4",average_rate,numeric,,Assessment Plan + Course Framework; supplied AP Topic scoring guides consulted for representation/rigor only (no question wording copied).,
U3-S4-PS1-M09,MATH,3,3.4,practice_set_1,practice,ps1_m09,mastery,1,Function notation and graph interpretation; algebraic manipulation; limit meaning and notation; rate-of-change reasoning.,Retrieve durable prerequisite learning that supports derivative reasoning.,"AP Topics 3.3, 3.4",slope,numeric,,Assessment Plan + Course Framework; supplied AP Topic scoring guides consulted for representation/rigor only (no question wording copied).,
U3-S4-PS1-M10,MATH,3,3.4,practice_set_1,practice,ps1_m10,mastery,2,Function notation and graph interpretation; algebraic manipulation; limit meaning and notation; rate-of-change reasoning.,Retrieve durable prerequisite learning that supports derivative reasoning.,"AP Topics 3.3, 3.4",continuity,numeric,,Assessment Plan + Course Framework; supplied AP Topic scoring guides consulted for representation/rigor only (no question wording copied).,
U3-S4-PS2-C01,MATH,3,3.4,practice_set_2,practice,ps2_c01,current,2,"Determine derivatives of inverse functions from equations, tables, and graphs, and apply inverse trigonometric derivative rules.","I can match corresponding function/inverse values, use reciprocal derivative relationships, and differentiate inverse-trigonometric compositions.","AP Topics 3.3, 3.4",inverse_trig_asin,expression,,Assessment Plan + Course Framework; supplied AP Topic scoring guides consulted for representation/rigor only (no question wording copied).,
U3-S4-PS2-C02,MATH,3,3.4,practice_set_2,practice,ps2_c02,current,2,"Determine derivatives of inverse functions from equations, tables, and graphs, and apply inverse trigonometric derivative rules.","I can match corresponding function/inverse values, use reciprocal derivative relationships, and differentiate inverse-trigonometric compositions.","AP Topics 3.3, 3.4",inverse_trig_atan,expression,,Assessment Plan + Course Framework; supplied AP Topic scoring guides consulted for representation/rigor only (no question wording copied).,
U3-S4-PS2-C03,MATH,3,3.4,practice_set_2,practice,ps2_c03,current,2,"Determine derivatives of inverse functions from equations, tables, and graphs, and apply inverse trigonometric derivative rules.","I can match corresponding function/inverse values, use reciprocal derivative relationships, and differentiate inverse-trigonometric compositions.","AP Topics 3.3, 3.4",inverse_graph_relation,explanation,u3_s4_ps2_c03_inverse_pair.png,Assessment Plan + Course Framework; supplied AP Topic scoring guides consulted for representation/rigor only (no question wording copied).,
U3-S4-PS2-C04,MATH,3,3.4,practice_set_2,practice,ps2_c04,current,1,"Determine derivatives of inverse functions from equations, tables, and graphs, and apply inverse trigonometric derivative rules.","I can match corresponding function/inverse values, use reciprocal derivative relationships, and differentiate inverse-trigonometric compositions.","AP Topics 3.3, 3.4",inverse_notation,explanation,,Assessment Plan + Course Framework; supplied AP Topic scoring guides consulted for representation/rigor only (no question wording copied).,
U3-S4-PS2-C05,MATH,3,3.4,practice_set_2,practice,ps2_c05,current,2,"Determine derivatives of inverse functions from equations, tables, and graphs, and apply inverse trigonometric derivative rules.","I can match corresponding function/inverse values, use reciprocal derivative relationships, and differentiate inverse-trigonometric compositions.","AP Topics 3.3, 3.4",inverse_table_relation,numeric,,Assessment Plan + Course Framework; supplied AP Topic scoring guides consulted for representation/rigor only (no question wording copied).,
U3-S4-PS2-L01,MATH,3,3.4,practice_set_2,practice,ps2_l01,last,2,"Differentiate implicit relations, solve for $dy/dx$, and use the result in tangent-line situations.",Retrieve and apply the most recent prerequisite learning.,"AP Topics 3.3, 3.4",implicit_product,expression,,Assessment Plan + Course Framework; supplied AP Topic scoring guides consulted for representation/rigor only (no question wording copied).,
U3-S4-PS2-L02,MATH,3,3.4,practice_set_2,practice,ps2_l02,last,2,"Differentiate implicit relations, solve for $dy/dx$, and use the result in tangent-line situations.",Retrieve and apply the most recent prerequisite learning.,"AP Topics 3.3, 3.4",implicit_tangent_slope,numeric,,Assessment Plan + Course Framework; supplied AP Topic scoring guides consulted for representation/rigor only (no question wording copied).,
U3-S4-PS2-L03,MATH,3,3.4,practice_set_2,practice,ps2_l03,last,2,"Differentiate implicit relations, solve for $dy/dx$, and use the result in tangent-line situations.",Retrieve and apply the most recent prerequisite learning.,"AP Topics 3.3, 3.4",implicit_tangent_line,equation,,Assessment Plan + Course Framework; supplied AP Topic scoring guides consulted for representation/rigor only (no question wording copied).,
U3-S4-PS2-L04,MATH,3,3.4,practice_set_2,practice,ps2_l04,last,1,"Differentiate implicit relations, solve for $dy/dx$, and use the result in tangent-line situations.",Retrieve and apply the most recent prerequisite learning.,"AP Topics 3.3, 3.4",implicit_notation,short_response,,Assessment Plan + Course Framework; supplied AP Topic scoring guides consulted for representation/rigor only (no question wording copied).,
U3-S4-PS2-L05,MATH,3,3.4,practice_set_2,practice,ps2_l05,last,3,"Differentiate implicit relations, solve for $dy/dx$, and use the result in tangent-line situations.",Retrieve and apply the most recent prerequisite learning.,"AP Topics 3.3, 3.4",implicit_strategy,constructed_response,,Assessment Plan + Course Framework; supplied AP Topic scoring guides consulted for representation/rigor only (no question wording copied).,
U3-S4-PS2-M01,MATH,3,3.4,practice_set_2,practice,ps2_m01,mastery,2,Function notation and graph interpretation; algebraic manipulation; limit meaning and notation; rate-of-change reasoning.,Retrieve durable prerequisite learning that supports derivative reasoning.,"AP Topics 3.3, 3.4",algebraic_limit,numeric,,Assessment Plan + Course Framework; supplied AP Topic scoring guides consulted for representation/rigor only (no question wording copied).,
U3-S4-PS2-M02,MATH,3,3.4,practice_set_2,practice,ps2_m02,mastery,2,Function notation and graph interpretation; algebraic manipulation; limit meaning and notation; rate-of-change reasoning.,Retrieve durable prerequisite learning that supports derivative reasoning.,"AP Topics 3.3, 3.4",average_rate,numeric,,Assessment Plan + Course Framework; supplied AP Topic scoring guides consulted for representation/rigor only (no question wording copied).,
U3-S4-PS2-M03,MATH,3,3.4,practice_set_2,practice,ps2_m03,mastery,1,Function notation and graph interpretation; algebraic manipulation; limit meaning and notation; rate-of-change reasoning.,Retrieve durable prerequisite learning that supports derivative reasoning.,"AP Topics 3.3, 3.4",slope,numeric,,Assessment Plan + Course Framework; supplied AP Topic scoring guides consulted for representation/rigor only (no question wording copied).,
U3-S4-PS2-M04,MATH,3,3.4,practice_set_2,practice,ps2_m04,mastery,2,Function notation and graph interpretation; algebraic manipulation; limit meaning and notation; rate-of-change reasoning.,Retrieve durable prerequisite learning that supports derivative reasoning.,"AP Topics 3.3, 3.4",continuity,numeric,,Assessment Plan + Course Framework; supplied AP Topic scoring guides consulted for representation/rigor only (no question wording copied).,
U3-S4-PS2-M05,MATH,3,3.4,practice_set_2,practice,ps2_m05,mastery,1,Function notation and graph interpretation; algebraic manipulation; limit meaning and notation; rate-of-change reasoning.,Retrieve durable prerequisite learning that supports derivative reasoning.,"AP Topics 3.3, 3.4",function_operations,numeric,,Assessment Plan + Course Framework; supplied AP Topic scoring guides consulted for representation/rigor only (no question wording copied).,
U3-S4-PS2-M06,MATH,3,3.4,practice_set_2,practice,ps2_m06,mastery,1,Function notation and graph interpretation; algebraic manipulation; limit meaning and notation; rate-of-change reasoning.,Retrieve durable prerequisite learning that supports derivative reasoning.,"AP Topics 3.3, 3.4",function_evaluation,numeric,,Assessment Plan + Course Framework; supplied AP Topic scoring guides consulted for representation/rigor only (no question wording copied).,
U3-S4-PS2-M07,MATH,3,3.4,practice_set_2,practice,ps2_m07,mastery,1,Function notation and graph interpretation; algebraic manipulation; limit meaning and notation; rate-of-change reasoning.,Retrieve durable prerequisite learning that supports derivative reasoning.,"AP Topics 3.3, 3.4",algebra,expression,,Assessment Plan + Course Framework; supplied AP Topic scoring guides consulted for representation/rigor only (no question wording copied).,
U3-S4-PS2-M08,MATH,3,3.4,practice_set_2,practice,ps2_m08,mastery,2,Function notation and graph interpretation; algebraic manipulation; limit meaning and notation; rate-of-change reasoning.,Retrieve durable prerequisite learning that supports derivative reasoning.,"AP Topics 3.3, 3.4",algebraic_limit,numeric,,Assessment Plan + Course Framework; supplied AP Topic scoring guides consulted for representation/rigor only (no question wording copied).,
U3-S4-PS2-M09,MATH,3,3.4,practice_set_2,practice,ps2_m09,mastery,2,Function notation and graph interpretation; algebraic manipulation; limit meaning and notation; rate-of-change reasoning.,Retrieve durable prerequisite learning that supports derivative reasoning.,"AP Topics 3.3, 3.4",average_rate,numeric,,Assessment Plan + Course Framework; supplied AP Topic scoring guides consulted for representation/rigor only (no question wording copied).,
U3-S4-PS2-M10,MATH,3,3.4,practice_set_2,practice,ps2_m10,mastery,1,Function notation and graph interpretation; algebraic manipulation; limit meaning and notation; rate-of-change reasoning.,Retrieve durable prerequisite learning that supports derivative reasoning.,"AP Topics 3.3, 3.4",slope,numeric,,Assessment Plan + Course Framework; supplied AP Topic scoring guides consulted for representation/rigor only (no question wording copied).,
U3-S4-PS3-C01,MATH,3,3.4,practice_set_3,practice,ps3_c01,current,2,"Determine derivatives of inverse functions from equations, tables, and graphs, and apply inverse trigonometric derivative rules.","I can match corresponding function/inverse values, use reciprocal derivative relationships, and differentiate inverse-trigonometric compositions.","AP Topics 3.3, 3.4",inverse_derivative,numeric,,Assessment Plan + Course Framework; supplied AP Topic scoring guides consulted for representation/rigor only (no question wording copied).,Tarsia-friendly concise source.
U3-S4-PS3-C02,MATH,3,3.4,practice_set_3,practice,ps3_c02,current,2,"Determine derivatives of inverse functions from equations, tables, and graphs, and apply inverse trigonometric derivative rules.","I can match corresponding function/inverse values, use reciprocal derivative relationships, and differentiate inverse-trigonometric compositions.","AP Topics 3.3, 3.4",inverse_derivative,numeric,,Assessment Plan + Course Framework; supplied AP Topic scoring guides consulted for representation/rigor only (no question wording copied).,Tarsia-friendly concise source.
U3-S4-PS3-C03,MATH,3,3.4,practice_set_3,practice,ps3_c03,current,2,"Determine derivatives of inverse functions from equations, tables, and graphs, and apply inverse trigonometric derivative rules.","I can match corresponding function/inverse values, use reciprocal derivative relationships, and differentiate inverse-trigonometric compositions.","AP Topics 3.3, 3.4",inverse_derivative,numeric,,Assessment Plan + Course Framework; supplied AP Topic scoring guides consulted for representation/rigor only (no question wording copied).,Tarsia-friendly concise source.
U3-S4-PS3-C04,MATH,3,3.4,practice_set_3,practice,ps3_c04,current,2,"Determine derivatives of inverse functions from equations, tables, and graphs, and apply inverse trigonometric derivative rules.","I can match corresponding function/inverse values, use reciprocal derivative relationships, and differentiate inverse-trigonometric compositions.","AP Topics 3.3, 3.4",inverse_derivative,numeric,,Assessment Plan + Course Framework; supplied AP Topic scoring guides consulted for representation/rigor only (no question wording copied).,Tarsia-friendly concise source.
U3-S4-PS3-C05,MATH,3,3.4,practice_set_3,practice,ps3_c05,current,2,"Determine derivatives of inverse functions from equations, tables, and graphs, and apply inverse trigonometric derivative rules.","I can match corresponding function/inverse values, use reciprocal derivative relationships, and differentiate inverse-trigonometric compositions.","AP Topics 3.3, 3.4",inverse_derivative,numeric,,Assessment Plan + Course Framework; supplied AP Topic scoring guides consulted for representation/rigor only (no question wording copied).,Tarsia-friendly concise source.
U3-S4-PS3-L01,MATH,3,3.4,practice_set_3,practice,ps3_l01,last,2,"Differentiate implicit relations, solve for $dy/dx$, and use the result in tangent-line situations.",Retrieve and apply the most recent prerequisite learning.,"AP Topics 3.3, 3.4",implicit_basic,expression,,Assessment Plan + Course Framework; supplied AP Topic scoring guides consulted for representation/rigor only (no question wording copied).,Tarsia-friendly concise source.
U3-S4-PS3-L02,MATH,3,3.4,practice_set_3,practice,ps3_l02,last,2,"Differentiate implicit relations, solve for $dy/dx$, and use the result in tangent-line situations.",Retrieve and apply the most recent prerequisite learning.,"AP Topics 3.3, 3.4",implicit_basic,expression,,Assessment Plan + Course Framework; supplied AP Topic scoring guides consulted for representation/rigor only (no question wording copied).,Tarsia-friendly concise source.
U3-S4-PS3-L03,MATH,3,3.4,practice_set_3,practice,ps3_l03,last,2,"Differentiate implicit relations, solve for $dy/dx$, and use the result in tangent-line situations.",Retrieve and apply the most recent prerequisite learning.,"AP Topics 3.3, 3.4",implicit_basic,expression,,Assessment Plan + Course Framework; supplied AP Topic scoring guides consulted for representation/rigor only (no question wording copied).,Tarsia-friendly concise source.
U3-S4-PS3-L04,MATH,3,3.4,practice_set_3,practice,ps3_l04,last,2,"Differentiate implicit relations, solve for $dy/dx$, and use the result in tangent-line situations.",Retrieve and apply the most recent prerequisite learning.,"AP Topics 3.3, 3.4",implicit_basic,expression,,Assessment Plan + Course Framework; supplied AP Topic scoring guides consulted for representation/rigor only (no question wording copied).,Tarsia-friendly concise source.
U3-S4-PS3-L05,MATH,3,3.4,practice_set_3,practice,ps3_l05,last,2,"Differentiate implicit relations, solve for $dy/dx$, and use the result in tangent-line situations.",Retrieve and apply the most recent prerequisite learning.,"AP Topics 3.3, 3.4",implicit_basic,expression,,Assessment Plan + Course Framework; supplied AP Topic scoring guides consulted for representation/rigor only (no question wording copied).,Tarsia-friendly concise source.
U3-S4-PS3-M01,MATH,3,3.4,practice_set_3,practice,ps3_m01,mastery,1,Function notation and graph interpretation; algebraic manipulation; limit meaning and notation; rate-of-change reasoning.,Retrieve durable prerequisite learning that supports derivative reasoning.,"AP Topics 3.3, 3.4",algebra,expression,,Assessment Plan + Course Framework; supplied AP Topic scoring guides consulted for representation/rigor only (no question wording copied).,Tarsia-friendly concise source.
U3-S4-PS3-M02,MATH,3,3.4,practice_set_3,practice,ps3_m02,mastery,2,Function notation and graph interpretation; algebraic manipulation; limit meaning and notation; rate-of-change reasoning.,Retrieve durable prerequisite learning that supports derivative reasoning.,"AP Topics 3.3, 3.4",algebraic_limit,numeric,,Assessment Plan + Course Framework; supplied AP Topic scoring guides consulted for representation/rigor only (no question wording copied).,Tarsia-friendly concise source.
U3-S4-PS3-M03,MATH,3,3.4,practice_set_3,practice,ps3_m03,mastery,2,Function notation and graph interpretation; algebraic manipulation; limit meaning and notation; rate-of-change reasoning.,Retrieve durable prerequisite learning that supports derivative reasoning.,"AP Topics 3.3, 3.4",average_rate,numeric,,Assessment Plan + Course Framework; supplied AP Topic scoring guides consulted for representation/rigor only (no question wording copied).,Tarsia-friendly concise source.
U3-S4-PS3-M04,MATH,3,3.4,practice_set_3,practice,ps3_m04,mastery,1,Function notation and graph interpretation; algebraic manipulation; limit meaning and notation; rate-of-change reasoning.,Retrieve durable prerequisite learning that supports derivative reasoning.,"AP Topics 3.3, 3.4",slope,numeric,,Assessment Plan + Course Framework; supplied AP Topic scoring guides consulted for representation/rigor only (no question wording copied).,Tarsia-friendly concise source.
U3-S4-PS3-M05,MATH,3,3.4,practice_set_3,practice,ps3_m05,mastery,2,Function notation and graph interpretation; algebraic manipulation; limit meaning and notation; rate-of-change reasoning.,Retrieve durable prerequisite learning that supports derivative reasoning.,"AP Topics 3.3, 3.4",continuity,numeric,,Assessment Plan + Course Framework; supplied AP Topic scoring guides consulted for representation/rigor only (no question wording copied).,Tarsia-friendly concise source.
U3-S4-PS3-M06,MATH,3,3.4,practice_set_3,practice,ps3_m06,mastery,1,Function notation and graph interpretation; algebraic manipulation; limit meaning and notation; rate-of-change reasoning.,Retrieve durable prerequisite learning that supports derivative reasoning.,"AP Topics 3.3, 3.4",function_operations,numeric,,Assessment Plan + Course Framework; supplied AP Topic scoring guides consulted for representation/rigor only (no question wording copied).,Tarsia-friendly concise source.
U3-S4-PS3-M07,MATH,3,3.4,practice_set_3,practice,ps3_m07,mastery,1,Function notation and graph interpretation; algebraic manipulation; limit meaning and notation; rate-of-change reasoning.,Retrieve durable prerequisite learning that supports derivative reasoning.,"AP Topics 3.3, 3.4",function_evaluation,numeric,,Assessment Plan + Course Framework; supplied AP Topic scoring guides consulted for representation/rigor only (no question wording copied).,Tarsia-friendly concise source.
U3-S4-PS3-M08,MATH,3,3.4,practice_set_3,practice,ps3_m08,mastery,1,Function notation and graph interpretation; algebraic manipulation; limit meaning and notation; rate-of-change reasoning.,Retrieve durable prerequisite learning that supports derivative reasoning.,"AP Topics 3.3, 3.4",algebra,expression,,Assessment Plan + Course Framework; supplied AP Topic scoring guides consulted for representation/rigor only (no question wording copied).,Tarsia-friendly concise source.
U3-S4-PS3-M09,MATH,3,3.4,practice_set_3,practice,ps3_m09,mastery,2,Function notation and graph interpretation; algebraic manipulation; limit meaning and notation; rate-of-change reasoning.,Retrieve durable prerequisite learning that supports derivative reasoning.,"AP Topics 3.3, 3.4",algebraic_limit,numeric,,Assessment Plan + Course Framework; supplied AP Topic scoring guides consulted for representation/rigor only (no question wording copied).,Tarsia-friendly concise source.
U3-S4-PS3-M10,MATH,3,3.4,practice_set_3,practice,ps3_m10,mastery,2,Function notation and graph interpretation; algebraic manipulation; limit meaning and notation; rate-of-change reasoning.,Retrieve durable prerequisite learning that supports derivative reasoning.,"AP Topics 3.3, 3.4",average_rate,numeric,,Assessment Plan + Course Framework; supplied AP Topic scoring guides consulted for representation/rigor only (no question wording copied).,Tarsia-friendly concise source.
U3-S4-XP-C01,MATH,3,3.4,extra_practice,practice,xp_c01,current,2,"Determine derivatives of inverse functions from equations, tables, and graphs, and apply inverse trigonometric derivative rules.","I can match corresponding function/inverse values, use reciprocal derivative relationships, and differentiate inverse-trigonometric compositions.","AP Topics 3.3, 3.4",inverse_table_relation,numeric,,Assessment Plan + Course Framework; supplied AP Topic scoring guides consulted for representation/rigor only (no question wording copied).,
U3-S4-XP-C02,MATH,3,3.4,extra_practice,practice,xp_c02,current,2,"Determine derivatives of inverse functions from equations, tables, and graphs, and apply inverse trigonometric derivative rules.","I can match corresponding function/inverse values, use reciprocal derivative relationships, and differentiate inverse-trigonometric compositions.","AP Topics 3.3, 3.4",inverse_equation,numeric,,Assessment Plan + Course Framework; supplied AP Topic scoring guides consulted for representation/rigor only (no question wording copied).,
U3-S4-XP-C03,MATH,3,3.4,extra_practice,practice,xp_c03,current,2,"Determine derivatives of inverse functions from equations, tables, and graphs, and apply inverse trigonometric derivative rules.","I can match corresponding function/inverse values, use reciprocal derivative relationships, and differentiate inverse-trigonometric compositions.","AP Topics 3.3, 3.4",inverse_trig_asin,expression,,Assessment Plan + Course Framework; supplied AP Topic scoring guides consulted for representation/rigor only (no question wording copied).,
U3-S4-XP-C04,MATH,3,3.4,extra_practice,practice,xp_c04,current,2,"Determine derivatives of inverse functions from equations, tables, and graphs, and apply inverse trigonometric derivative rules.","I can match corresponding function/inverse values, use reciprocal derivative relationships, and differentiate inverse-trigonometric compositions.","AP Topics 3.3, 3.4",inverse_trig_atan,expression,,Assessment Plan + Course Framework; supplied AP Topic scoring guides consulted for representation/rigor only (no question wording copied).,
U3-S4-XP-C05,MATH,3,3.4,extra_practice,practice,xp_c05,current,2,"Determine derivatives of inverse functions from equations, tables, and graphs, and apply inverse trigonometric derivative rules.","I can match corresponding function/inverse values, use reciprocal derivative relationships, and differentiate inverse-trigonometric compositions.","AP Topics 3.3, 3.4",inverse_graph_relation,explanation,u3_s4_xp_c05_inverse_pair.png,Assessment Plan + Course Framework; supplied AP Topic scoring guides consulted for representation/rigor only (no question wording copied).,
U3-S4-XP-L01,MATH,3,3.4,extra_practice,practice,xp_l01,last,3,"Differentiate implicit relations, solve for $dy/dx$, and use the result in tangent-line situations.",Retrieve and apply the most recent prerequisite learning.,"AP Topics 3.3, 3.4",implicit_strategy,constructed_response,,Assessment Plan + Course Framework; supplied AP Topic scoring guides consulted for representation/rigor only (no question wording copied).,
U3-S4-XP-L02,MATH,3,3.4,extra_practice,practice,xp_l02,last,2,"Differentiate implicit relations, solve for $dy/dx$, and use the result in tangent-line situations.",Retrieve and apply the most recent prerequisite learning.,"AP Topics 3.3, 3.4",implicit_basic,expression,,Assessment Plan + Course Framework; supplied AP Topic scoring guides consulted for representation/rigor only (no question wording copied).,
U3-S4-XP-L03,MATH,3,3.4,extra_practice,practice,xp_l03,last,2,"Differentiate implicit relations, solve for $dy/dx$, and use the result in tangent-line situations.",Retrieve and apply the most recent prerequisite learning.,"AP Topics 3.3, 3.4",implicit_product,expression,,Assessment Plan + Course Framework; supplied AP Topic scoring guides consulted for representation/rigor only (no question wording copied).,
U3-S4-XP-L04,MATH,3,3.4,extra_practice,practice,xp_l04,last,2,"Differentiate implicit relations, solve for $dy/dx$, and use the result in tangent-line situations.",Retrieve and apply the most recent prerequisite learning.,"AP Topics 3.3, 3.4",implicit_tangent_slope,numeric,,Assessment Plan + Course Framework; supplied AP Topic scoring guides consulted for representation/rigor only (no question wording copied).,
U3-S4-XP-L05,MATH,3,3.4,extra_practice,practice,xp_l05,last,2,"Differentiate implicit relations, solve for $dy/dx$, and use the result in tangent-line situations.",Retrieve and apply the most recent prerequisite learning.,"AP Topics 3.3, 3.4",implicit_tangent_line,equation,,Assessment Plan + Course Framework; supplied AP Topic scoring guides consulted for representation/rigor only (no question wording copied).,
U3-S4-XP-M01,MATH,3,3.4,extra_practice,practice,xp_m01,mastery,1,Function notation and graph interpretation; algebraic manipulation; limit meaning and notation; rate-of-change reasoning.,Retrieve durable prerequisite learning that supports derivative reasoning.,"AP Topics 3.3, 3.4",function_evaluation,numeric,,Assessment Plan + Course Framework; supplied AP Topic scoring guides consulted for representation/rigor only (no question wording copied).,
U3-S4-XP-M02,MATH,3,3.4,extra_practice,practice,xp_m02,mastery,1,Function notation and graph interpretation; algebraic manipulation; limit meaning and notation; rate-of-change reasoning.,Retrieve durable prerequisite learning that supports derivative reasoning.,"AP Topics 3.3, 3.4",algebra,expression,,Assessment Plan + Course Framework; supplied AP Topic scoring guides consulted for representation/rigor only (no question wording copied).,
U3-S4-XP-M03,MATH,3,3.4,extra_practice,practice,xp_m03,mastery,2,Function notation and graph interpretation; algebraic manipulation; limit meaning and notation; rate-of-change reasoning.,Retrieve durable prerequisite learning that supports derivative reasoning.,"AP Topics 3.3, 3.4",algebraic_limit,numeric,,Assessment Plan + Course Framework; supplied AP Topic scoring guides consulted for representation/rigor only (no question wording copied).,
U3-S4-XP-M04,MATH,3,3.4,extra_practice,practice,xp_m04,mastery,2,Function notation and graph interpretation; algebraic manipulation; limit meaning and notation; rate-of-change reasoning.,Retrieve durable prerequisite learning that supports derivative reasoning.,"AP Topics 3.3, 3.4",average_rate,numeric,,Assessment Plan + Course Framework; supplied AP Topic scoring guides consulted for representation/rigor only (no question wording copied).,
U3-S4-XP-M05,MATH,3,3.4,extra_practice,practice,xp_m05,mastery,1,Function notation and graph interpretation; algebraic manipulation; limit meaning and notation; rate-of-change reasoning.,Retrieve durable prerequisite learning that supports derivative reasoning.,"AP Topics 3.3, 3.4",slope,numeric,,Assessment Plan + Course Framework; supplied AP Topic scoring guides consulted for representation/rigor only (no question wording copied).,
U3-S4-XP-M06,MATH,3,3.4,extra_practice,practice,xp_m06,mastery,2,Function notation and graph interpretation; algebraic manipulation; limit meaning and notation; rate-of-change reasoning.,Retrieve durable prerequisite learning that supports derivative reasoning.,"AP Topics 3.3, 3.4",continuity,numeric,,Assessment Plan + Course Framework; supplied AP Topic scoring guides consulted for representation/rigor only (no question wording copied).,
U3-S4-XP-M07,MATH,3,3.4,extra_practice,practice,xp_m07,mastery,1,Function notation and graph interpretation; algebraic manipulation; limit meaning and notation; rate-of-change reasoning.,Retrieve durable prerequisite learning that supports derivative reasoning.,"AP Topics 3.3, 3.4",function_operations,numeric,,Assessment Plan + Course Framework; supplied AP Topic scoring guides consulted for representation/rigor only (no question wording copied).,
U3-S4-XP-M08,MATH,3,3.4,extra_practice,practice,xp_m08,mastery,1,Function notation and graph interpretation; algebraic manipulation; limit meaning and notation; rate-of-change reasoning.,Retrieve durable prerequisite learning that supports derivative reasoning.,"AP Topics 3.3, 3.4",function_evaluation,numeric,,Assessment Plan + Course Framework; supplied AP Topic scoring guides consulted for representation/rigor only (no question wording copied).,
U3-S4-XP-M09,MATH,3,3.4,extra_practice,practice,xp_m09,mastery,1,Function notation and graph interpretation; algebraic manipulation; limit meaning and notation; rate-of-change reasoning.,Retrieve durable prerequisite learning that supports derivative reasoning.,"AP Topics 3.3, 3.4",algebra,expression,,Assessment Plan + Course Framework; supplied AP Topic scoring guides consulted for representation/rigor only (no question wording copied).,
U3-S4-XP-M10,MATH,3,3.4,extra_practice,practice,xp_m10,mastery,2,Function notation and graph interpretation; algebraic manipulation; limit meaning and notation; rate-of-change reasoning.,Retrieve durable prerequisite learning that supports derivative reasoning.,"AP Topics 3.3, 3.4",algebraic_limit,numeric,,Assessment Plan + Course Framework; supplied AP Topic scoring guides consulted for representation/rigor only (no question wording copied).,
U3-S5-PS1-C01,MATH,3,3.5,practice_set_1,practice,ps1_c01,current,2,"Synthesize derivative rules, higher-order notation, procedure selection, and early motion connections to solve mixed derivative problems efficiently and accurately.","I can build and defend a derivative strategy for unfamiliar expressions, compute higher-order derivatives, and connect first and second derivatives to early motion meaning.",Unit 2-3 synthesis,higher_order,expression,,Assessment Plan + Course Framework; supplied AP Topic scoring guides consulted for representation/rigor only (no question wording copied).,
U3-S5-PS1-C02,MATH,3,3.5,practice_set_1,practice,ps1_c02,current,3,"Synthesize derivative rules, higher-order notation, procedure selection, and early motion connections to solve mixed derivative problems efficiently and accurately.","I can build and defend a derivative strategy for unfamiliar expressions, compute higher-order derivatives, and connect first and second derivatives to early motion meaning.",Unit 2-3 synthesis,strategy_sequence,constructed_response,,Assessment Plan + Course Framework; supplied AP Topic scoring guides consulted for representation/rigor only (no question wording copied).,
U3-S5-PS1-C03,MATH,3,3.5,practice_set_1,practice,ps1_c03,current,2,"Synthesize derivative rules, higher-order notation, procedure selection, and early motion connections to solve mixed derivative problems efficiently and accurately.","I can build and defend a derivative strategy for unfamiliar expressions, compute higher-order derivatives, and connect first and second derivatives to early motion meaning.",Unit 2-3 synthesis,motion_preview,numeric,,Assessment Plan + Course Framework; supplied AP Topic scoring guides consulted for representation/rigor only (no question wording copied).,
U3-S5-PS1-C04,MATH,3,3.5,practice_set_1,practice,ps1_c04,current,2,"Synthesize derivative rules, higher-order notation, procedure selection, and early motion connections to solve mixed derivative problems efficiently and accurately.","I can build and defend a derivative strategy for unfamiliar expressions, compute higher-order derivatives, and connect first and second derivatives to early motion meaning.",Unit 2-3 synthesis,higher_order_evaluation,numeric,,Assessment Plan + Course Framework; supplied AP Topic scoring guides consulted for representation/rigor only (no question wording copied).,
U3-S5-PS1-C05,MATH,3,3.5,practice_set_1,practice,ps1_c05,current,3,"Synthesize derivative rules, higher-order notation, procedure selection, and early motion connections to solve mixed derivative problems efficiently and accurately.","I can build and defend a derivative strategy for unfamiliar expressions, compute higher-order derivatives, and connect first and second derivatives to early motion meaning.",Unit 2-3 synthesis,strategy_critique,constructed_response,,Assessment Plan + Course Framework; supplied AP Topic scoring guides consulted for representation/rigor only (no question wording copied).,
U3-S5-PS1-L01,MATH,3,3.5,practice_set_1,practice,ps1_l01,last,1,"Determine derivatives of inverse functions from equations, tables, and graphs, and apply inverse trigonometric derivative rules.",Retrieve and apply the most recent prerequisite learning.,Unit 2-3 synthesis,inverse_notation,explanation,,Assessment Plan + Course Framework; supplied AP Topic scoring guides consulted for representation/rigor only (no question wording copied).,
U3-S5-PS1-L02,MATH,3,3.5,practice_set_1,practice,ps1_l02,last,2,"Determine derivatives of inverse functions from equations, tables, and graphs, and apply inverse trigonometric derivative rules.",Retrieve and apply the most recent prerequisite learning.,Unit 2-3 synthesis,inverse_table_relation,numeric,,Assessment Plan + Course Framework; supplied AP Topic scoring guides consulted for representation/rigor only (no question wording copied).,
U3-S5-PS1-L03,MATH,3,3.5,practice_set_1,practice,ps1_l03,last,2,"Determine derivatives of inverse functions from equations, tables, and graphs, and apply inverse trigonometric derivative rules.",Retrieve and apply the most recent prerequisite learning.,Unit 2-3 synthesis,inverse_equation,numeric,,Assessment Plan + Course Framework; supplied AP Topic scoring guides consulted for representation/rigor only (no question wording copied).,
U3-S5-PS1-L04,MATH,3,3.5,practice_set_1,practice,ps1_l04,last,2,"Determine derivatives of inverse functions from equations, tables, and graphs, and apply inverse trigonometric derivative rules.",Retrieve and apply the most recent prerequisite learning.,Unit 2-3 synthesis,inverse_trig_asin,expression,,Assessment Plan + Course Framework; supplied AP Topic scoring guides consulted for representation/rigor only (no question wording copied).,
U3-S5-PS1-L05,MATH,3,3.5,practice_set_1,practice,ps1_l05,last,2,"Determine derivatives of inverse functions from equations, tables, and graphs, and apply inverse trigonometric derivative rules.",Retrieve and apply the most recent prerequisite learning.,Unit 2-3 synthesis,inverse_trig_atan,expression,,Assessment Plan + Course Framework; supplied AP Topic scoring guides consulted for representation/rigor only (no question wording copied).,
U3-S5-PS1-M01,MATH,3,3.5,practice_set_1,practice,ps1_m01,mastery,2,Function notation and graph interpretation; algebraic manipulation; limit meaning and notation; rate-of-change reasoning.,Retrieve durable prerequisite learning that supports derivative reasoning.,Unit 2-3 synthesis,average_rate,numeric,,Assessment Plan + Course Framework; supplied AP Topic scoring guides consulted for representation/rigor only (no question wording copied).,
U3-S5-PS1-M02,MATH,3,3.5,practice_set_1,practice,ps1_m02,mastery,1,Function notation and graph interpretation; algebraic manipulation; limit meaning and notation; rate-of-change reasoning.,Retrieve durable prerequisite learning that supports derivative reasoning.,Unit 2-3 synthesis,slope,numeric,,Assessment Plan + Course Framework; supplied AP Topic scoring guides consulted for representation/rigor only (no question wording copied).,
U3-S5-PS1-M03,MATH,3,3.5,practice_set_1,practice,ps1_m03,mastery,2,Function notation and graph interpretation; algebraic manipulation; limit meaning and notation; rate-of-change reasoning.,Retrieve durable prerequisite learning that supports derivative reasoning.,Unit 2-3 synthesis,continuity,numeric,,Assessment Plan + Course Framework; supplied AP Topic scoring guides consulted for representation/rigor only (no question wording copied).,
U3-S5-PS1-M04,MATH,3,3.5,practice_set_1,practice,ps1_m04,mastery,1,Function notation and graph interpretation; algebraic manipulation; limit meaning and notation; rate-of-change reasoning.,Retrieve durable prerequisite learning that supports derivative reasoning.,Unit 2-3 synthesis,function_operations,numeric,,Assessment Plan + Course Framework; supplied AP Topic scoring guides consulted for representation/rigor only (no question wording copied).,
U3-S5-PS1-M05,MATH,3,3.5,practice_set_1,practice,ps1_m05,mastery,1,Function notation and graph interpretation; algebraic manipulation; limit meaning and notation; rate-of-change reasoning.,Retrieve durable prerequisite learning that supports derivative reasoning.,Unit 2-3 synthesis,function_evaluation,numeric,,Assessment Plan + Course Framework; supplied AP Topic scoring guides consulted for representation/rigor only (no question wording copied).,
U3-S5-PS1-M06,MATH,3,3.5,practice_set_1,practice,ps1_m06,mastery,1,Function notation and graph interpretation; algebraic manipulation; limit meaning and notation; rate-of-change reasoning.,Retrieve durable prerequisite learning that supports derivative reasoning.,Unit 2-3 synthesis,algebra,expression,,Assessment Plan + Course Framework; supplied AP Topic scoring guides consulted for representation/rigor only (no question wording copied).,
U3-S5-PS1-M07,MATH,3,3.5,practice_set_1,practice,ps1_m07,mastery,2,Function notation and graph interpretation; algebraic manipulation; limit meaning and notation; rate-of-change reasoning.,Retrieve durable prerequisite learning that supports derivative reasoning.,Unit 2-3 synthesis,algebraic_limit,numeric,,Assessment Plan + Course Framework; supplied AP Topic scoring guides consulted for representation/rigor only (no question wording copied).,
U3-S5-PS1-M08,MATH,3,3.5,practice_set_1,practice,ps1_m08,mastery,2,Function notation and graph interpretation; algebraic manipulation; limit meaning and notation; rate-of-change reasoning.,Retrieve durable prerequisite learning that supports derivative reasoning.,Unit 2-3 synthesis,average_rate,numeric,,Assessment Plan + Course Framework; supplied AP Topic scoring guides consulted for representation/rigor only (no question wording copied).,
U3-S5-PS1-M09,MATH,3,3.5,practice_set_1,practice,ps1_m09,mastery,1,Function notation and graph interpretation; algebraic manipulation; limit meaning and notation; rate-of-change reasoning.,Retrieve durable prerequisite learning that supports derivative reasoning.,Unit 2-3 synthesis,slope,numeric,,Assessment Plan + Course Framework; supplied AP Topic scoring guides consulted for representation/rigor only (no question wording copied).,
U3-S5-PS1-M10,MATH,3,3.5,practice_set_1,practice,ps1_m10,mastery,2,Function notation and graph interpretation; algebraic manipulation; limit meaning and notation; rate-of-change reasoning.,Retrieve durable prerequisite learning that supports derivative reasoning.,Unit 2-3 synthesis,continuity,numeric,,Assessment Plan + Course Framework; supplied AP Topic scoring guides consulted for representation/rigor only (no question wording copied).,
U3-S5-PS2-C01,MATH,3,3.5,practice_set_2,practice,ps2_c01,current,2,"Synthesize derivative rules, higher-order notation, procedure selection, and early motion connections to solve mixed derivative problems efficiently and accurately.","I can build and defend a derivative strategy for unfamiliar expressions, compute higher-order derivatives, and connect first and second derivatives to early motion meaning.",Unit 2-3 synthesis,motion_preview,numeric,,Assessment Plan + Course Framework; supplied AP Topic scoring guides consulted for representation/rigor only (no question wording copied).,
U3-S5-PS2-C02,MATH,3,3.5,practice_set_2,practice,ps2_c02,current,2,"Synthesize derivative rules, higher-order notation, procedure selection, and early motion connections to solve mixed derivative problems efficiently and accurately.","I can build and defend a derivative strategy for unfamiliar expressions, compute higher-order derivatives, and connect first and second derivatives to early motion meaning.",Unit 2-3 synthesis,higher_order_evaluation,numeric,,Assessment Plan + Course Framework; supplied AP Topic scoring guides consulted for representation/rigor only (no question wording copied).,
U3-S5-PS2-C03,MATH,3,3.5,practice_set_2,practice,ps2_c03,current,3,"Synthesize derivative rules, higher-order notation, procedure selection, and early motion connections to solve mixed derivative problems efficiently and accurately.","I can build and defend a derivative strategy for unfamiliar expressions, compute higher-order derivatives, and connect first and second derivatives to early motion meaning.",Unit 2-3 synthesis,strategy_critique,constructed_response,,Assessment Plan + Course Framework; supplied AP Topic scoring guides consulted for representation/rigor only (no question wording copied).,
U3-S5-PS2-C04,MATH,3,3.5,practice_set_2,practice,ps2_c04,current,1,"Synthesize derivative rules, higher-order notation, procedure selection, and early motion connections to solve mixed derivative problems efficiently and accurately.","I can build and defend a derivative strategy for unfamiliar expressions, compute higher-order derivatives, and connect first and second derivatives to early motion meaning.",Unit 2-3 synthesis,procedure_selection,multiple_choice,,Assessment Plan + Course Framework; supplied AP Topic scoring guides consulted for representation/rigor only (no question wording copied).,
U3-S5-PS2-C05,MATH,3,3.5,practice_set_2,practice,ps2_c05,current,2,"Synthesize derivative rules, higher-order notation, procedure selection, and early motion connections to solve mixed derivative problems efficiently and accurately.","I can build and defend a derivative strategy for unfamiliar expressions, compute higher-order derivatives, and connect first and second derivatives to early motion meaning.",Unit 2-3 synthesis,higher_order,expression,,Assessment Plan + Course Framework; supplied AP Topic scoring guides consulted for representation/rigor only (no question wording copied).,
U3-S5-PS2-L01,MATH,3,3.5,practice_set_2,practice,ps2_l01,last,2,"Determine derivatives of inverse functions from equations, tables, and graphs, and apply inverse trigonometric derivative rules.",Retrieve and apply the most recent prerequisite learning.,Unit 2-3 synthesis,inverse_equation,numeric,,Assessment Plan + Course Framework; supplied AP Topic scoring guides consulted for representation/rigor only (no question wording copied).,
U3-S5-PS2-L02,MATH,3,3.5,practice_set_2,practice,ps2_l02,last,2,"Determine derivatives of inverse functions from equations, tables, and graphs, and apply inverse trigonometric derivative rules.",Retrieve and apply the most recent prerequisite learning.,Unit 2-3 synthesis,inverse_trig_asin,expression,,Assessment Plan + Course Framework; supplied AP Topic scoring guides consulted for representation/rigor only (no question wording copied).,
U3-S5-PS2-L03,MATH,3,3.5,practice_set_2,practice,ps2_l03,last,2,"Determine derivatives of inverse functions from equations, tables, and graphs, and apply inverse trigonometric derivative rules.",Retrieve and apply the most recent prerequisite learning.,Unit 2-3 synthesis,inverse_trig_atan,expression,,Assessment Plan + Course Framework; supplied AP Topic scoring guides consulted for representation/rigor only (no question wording copied).,
U3-S5-PS2-L04,MATH,3,3.5,practice_set_2,practice,ps2_l04,last,2,"Determine derivatives of inverse functions from equations, tables, and graphs, and apply inverse trigonometric derivative rules.",Retrieve and apply the most recent prerequisite learning.,Unit 2-3 synthesis,inverse_graph_relation,explanation,u3_s5_ps2_l04_inverse_pair.png,Assessment Plan + Course Framework; supplied AP Topic scoring guides consulted for representation/rigor only (no question wording copied).,
U3-S5-PS2-L05,MATH,3,3.5,practice_set_2,practice,ps2_l05,last,1,"Determine derivatives of inverse functions from equations, tables, and graphs, and apply inverse trigonometric derivative rules.",Retrieve and apply the most recent prerequisite learning.,Unit 2-3 synthesis,inverse_notation,explanation,,Assessment Plan + Course Framework; supplied AP Topic scoring guides consulted for representation/rigor only (no question wording copied).,
U3-S5-PS2-M01,MATH,3,3.5,practice_set_2,practice,ps2_m01,mastery,2,Function notation and graph interpretation; algebraic manipulation; limit meaning and notation; rate-of-change reasoning.,Retrieve durable prerequisite learning that supports derivative reasoning.,Unit 2-3 synthesis,algebraic_limit,numeric,,Assessment Plan + Course Framework; supplied AP Topic scoring guides consulted for representation/rigor only (no question wording copied).,
U3-S5-PS2-M02,MATH,3,3.5,practice_set_2,practice,ps2_m02,mastery,2,Function notation and graph interpretation; algebraic manipulation; limit meaning and notation; rate-of-change reasoning.,Retrieve durable prerequisite learning that supports derivative reasoning.,Unit 2-3 synthesis,average_rate,numeric,,Assessment Plan + Course Framework; supplied AP Topic scoring guides consulted for representation/rigor only (no question wording copied).,
U3-S5-PS2-M03,MATH,3,3.5,practice_set_2,practice,ps2_m03,mastery,1,Function notation and graph interpretation; algebraic manipulation; limit meaning and notation; rate-of-change reasoning.,Retrieve durable prerequisite learning that supports derivative reasoning.,Unit 2-3 synthesis,slope,numeric,,Assessment Plan + Course Framework; supplied AP Topic scoring guides consulted for representation/rigor only (no question wording copied).,
U3-S5-PS2-M04,MATH,3,3.5,practice_set_2,practice,ps2_m04,mastery,2,Function notation and graph interpretation; algebraic manipulation; limit meaning and notation; rate-of-change reasoning.,Retrieve durable prerequisite learning that supports derivative reasoning.,Unit 2-3 synthesis,continuity,numeric,,Assessment Plan + Course Framework; supplied AP Topic scoring guides consulted for representation/rigor only (no question wording copied).,
U3-S5-PS2-M05,MATH,3,3.5,practice_set_2,practice,ps2_m05,mastery,1,Function notation and graph interpretation; algebraic manipulation; limit meaning and notation; rate-of-change reasoning.,Retrieve durable prerequisite learning that supports derivative reasoning.,Unit 2-3 synthesis,function_operations,numeric,,Assessment Plan + Course Framework; supplied AP Topic scoring guides consulted for representation/rigor only (no question wording copied).,
U3-S5-PS2-M06,MATH,3,3.5,practice_set_2,practice,ps2_m06,mastery,1,Function notation and graph interpretation; algebraic manipulation; limit meaning and notation; rate-of-change reasoning.,Retrieve durable prerequisite learning that supports derivative reasoning.,Unit 2-3 synthesis,function_evaluation,numeric,,Assessment Plan + Course Framework; supplied AP Topic scoring guides consulted for representation/rigor only (no question wording copied).,
U3-S5-PS2-M07,MATH,3,3.5,practice_set_2,practice,ps2_m07,mastery,1,Function notation and graph interpretation; algebraic manipulation; limit meaning and notation; rate-of-change reasoning.,Retrieve durable prerequisite learning that supports derivative reasoning.,Unit 2-3 synthesis,algebra,expression,,Assessment Plan + Course Framework; supplied AP Topic scoring guides consulted for representation/rigor only (no question wording copied).,
U3-S5-PS2-M08,MATH,3,3.5,practice_set_2,practice,ps2_m08,mastery,2,Function notation and graph interpretation; algebraic manipulation; limit meaning and notation; rate-of-change reasoning.,Retrieve durable prerequisite learning that supports derivative reasoning.,Unit 2-3 synthesis,algebraic_limit,numeric,,Assessment Plan + Course Framework; supplied AP Topic scoring guides consulted for representation/rigor only (no question wording copied).,
U3-S5-PS2-M09,MATH,3,3.5,practice_set_2,practice,ps2_m09,mastery,2,Function notation and graph interpretation; algebraic manipulation; limit meaning and notation; rate-of-change reasoning.,Retrieve durable prerequisite learning that supports derivative reasoning.,Unit 2-3 synthesis,average_rate,numeric,,Assessment Plan + Course Framework; supplied AP Topic scoring guides consulted for representation/rigor only (no question wording copied).,
U3-S5-PS2-M10,MATH,3,3.5,practice_set_2,practice,ps2_m10,mastery,1,Function notation and graph interpretation; algebraic manipulation; limit meaning and notation; rate-of-change reasoning.,Retrieve durable prerequisite learning that supports derivative reasoning.,Unit 2-3 synthesis,slope,numeric,,Assessment Plan + Course Framework; supplied AP Topic scoring guides consulted for representation/rigor only (no question wording copied).,
U3-S5-PS3-C01,MATH,3,3.5,practice_set_3,practice,ps3_c01,current,2,"Synthesize derivative rules, higher-order notation, procedure selection, and early motion connections to solve mixed derivative problems efficiently and accurately.","I can build and defend a derivative strategy for unfamiliar expressions, compute higher-order derivatives, and connect first and second derivatives to early motion meaning.",Unit 2-3 synthesis,higher_order,expression,,Assessment Plan + Course Framework; supplied AP Topic scoring guides consulted for representation/rigor only (no question wording copied).,Tarsia-friendly concise source.
U3-S5-PS3-C02,MATH,3,3.5,practice_set_3,practice,ps3_c02,current,2,"Synthesize derivative rules, higher-order notation, procedure selection, and early motion connections to solve mixed derivative problems efficiently and accurately.","I can build and defend a derivative strategy for unfamiliar expressions, compute higher-order derivatives, and connect first and second derivatives to early motion meaning.",Unit 2-3 synthesis,higher_order,expression,,Assessment Plan + Course Framework; supplied AP Topic scoring guides consulted for representation/rigor only (no question wording copied).,Tarsia-friendly concise source.
U3-S5-PS3-C03,MATH,3,3.5,practice_set_3,practice,ps3_c03,current,2,"Synthesize derivative rules, higher-order notation, procedure selection, and early motion connections to solve mixed derivative problems efficiently and accurately.","I can build and defend a derivative strategy for unfamiliar expressions, compute higher-order derivatives, and connect first and second derivatives to early motion meaning.",Unit 2-3 synthesis,higher_order,expression,,Assessment Plan + Course Framework; supplied AP Topic scoring guides consulted for representation/rigor only (no question wording copied).,Tarsia-friendly concise source.
U3-S5-PS3-C04,MATH,3,3.5,practice_set_3,practice,ps3_c04,current,2,"Synthesize derivative rules, higher-order notation, procedure selection, and early motion connections to solve mixed derivative problems efficiently and accurately.","I can build and defend a derivative strategy for unfamiliar expressions, compute higher-order derivatives, and connect first and second derivatives to early motion meaning.",Unit 2-3 synthesis,higher_order,expression,,Assessment Plan + Course Framework; supplied AP Topic scoring guides consulted for representation/rigor only (no question wording copied).,Tarsia-friendly concise source.
U3-S5-PS3-C05,MATH,3,3.5,practice_set_3,practice,ps3_c05,current,2,"Synthesize derivative rules, higher-order notation, procedure selection, and early motion connections to solve mixed derivative problems efficiently and accurately.","I can build and defend a derivative strategy for unfamiliar expressions, compute higher-order derivatives, and connect first and second derivatives to early motion meaning.",Unit 2-3 synthesis,higher_order,expression,,Assessment Plan + Course Framework; supplied AP Topic scoring guides consulted for representation/rigor only (no question wording copied).,Tarsia-friendly concise source.
U3-S5-PS3-L01,MATH,3,3.5,practice_set_3,practice,ps3_l01,last,2,"Determine derivatives of inverse functions from equations, tables, and graphs, and apply inverse trigonometric derivative rules.",Retrieve and apply the most recent prerequisite learning.,Unit 2-3 synthesis,inverse_derivative,numeric,,Assessment Plan + Course Framework; supplied AP Topic scoring guides consulted for representation/rigor only (no question wording copied).,Tarsia-friendly concise source.
U3-S5-PS3-L02,MATH,3,3.5,practice_set_3,practice,ps3_l02,last,2,"Determine derivatives of inverse functions from equations, tables, and graphs, and apply inverse trigonometric derivative rules.",Retrieve and apply the most recent prerequisite learning.,Unit 2-3 synthesis,inverse_derivative,numeric,,Assessment Plan + Course Framework; supplied AP Topic scoring guides consulted for representation/rigor only (no question wording copied).,Tarsia-friendly concise source.
U3-S5-PS3-L03,MATH,3,3.5,practice_set_3,practice,ps3_l03,last,2,"Determine derivatives of inverse functions from equations, tables, and graphs, and apply inverse trigonometric derivative rules.",Retrieve and apply the most recent prerequisite learning.,Unit 2-3 synthesis,inverse_derivative,numeric,,Assessment Plan + Course Framework; supplied AP Topic scoring guides consulted for representation/rigor only (no question wording copied).,Tarsia-friendly concise source.
U3-S5-PS3-L04,MATH,3,3.5,practice_set_3,practice,ps3_l04,last,2,"Determine derivatives of inverse functions from equations, tables, and graphs, and apply inverse trigonometric derivative rules.",Retrieve and apply the most recent prerequisite learning.,Unit 2-3 synthesis,inverse_derivative,numeric,,Assessment Plan + Course Framework; supplied AP Topic scoring guides consulted for representation/rigor only (no question wording copied).,Tarsia-friendly concise source.
U3-S5-PS3-L05,MATH,3,3.5,practice_set_3,practice,ps3_l05,last,2,"Determine derivatives of inverse functions from equations, tables, and graphs, and apply inverse trigonometric derivative rules.",Retrieve and apply the most recent prerequisite learning.,Unit 2-3 synthesis,inverse_derivative,numeric,,Assessment Plan + Course Framework; supplied AP Topic scoring guides consulted for representation/rigor only (no question wording copied).,Tarsia-friendly concise source.
U3-S5-PS3-M01,MATH,3,3.5,practice_set_3,practice,ps3_m01,mastery,1,Function notation and graph interpretation; algebraic manipulation; limit meaning and notation; rate-of-change reasoning.,Retrieve durable prerequisite learning that supports derivative reasoning.,Unit 2-3 synthesis,algebra,expression,,Assessment Plan + Course Framework; supplied AP Topic scoring guides consulted for representation/rigor only (no question wording copied).,Tarsia-friendly concise source.
U3-S5-PS3-M02,MATH,3,3.5,practice_set_3,practice,ps3_m02,mastery,2,Function notation and graph interpretation; algebraic manipulation; limit meaning and notation; rate-of-change reasoning.,Retrieve durable prerequisite learning that supports derivative reasoning.,Unit 2-3 synthesis,algebraic_limit,numeric,,Assessment Plan + Course Framework; supplied AP Topic scoring guides consulted for representation/rigor only (no question wording copied).,Tarsia-friendly concise source.
U3-S5-PS3-M03,MATH,3,3.5,practice_set_3,practice,ps3_m03,mastery,2,Function notation and graph interpretation; algebraic manipulation; limit meaning and notation; rate-of-change reasoning.,Retrieve durable prerequisite learning that supports derivative reasoning.,Unit 2-3 synthesis,average_rate,numeric,,Assessment Plan + Course Framework; supplied AP Topic scoring guides consulted for representation/rigor only (no question wording copied).,Tarsia-friendly concise source.
U3-S5-PS3-M04,MATH,3,3.5,practice_set_3,practice,ps3_m04,mastery,1,Function notation and graph interpretation; algebraic manipulation; limit meaning and notation; rate-of-change reasoning.,Retrieve durable prerequisite learning that supports derivative reasoning.,Unit 2-3 synthesis,slope,numeric,,Assessment Plan + Course Framework; supplied AP Topic scoring guides consulted for representation/rigor only (no question wording copied).,Tarsia-friendly concise source.
U3-S5-PS3-M05,MATH,3,3.5,practice_set_3,practice,ps3_m05,mastery,2,Function notation and graph interpretation; algebraic manipulation; limit meaning and notation; rate-of-change reasoning.,Retrieve durable prerequisite learning that supports derivative reasoning.,Unit 2-3 synthesis,continuity,numeric,,Assessment Plan + Course Framework; supplied AP Topic scoring guides consulted for representation/rigor only (no question wording copied).,Tarsia-friendly concise source.
U3-S5-PS3-M06,MATH,3,3.5,practice_set_3,practice,ps3_m06,mastery,1,Function notation and graph interpretation; algebraic manipulation; limit meaning and notation; rate-of-change reasoning.,Retrieve durable prerequisite learning that supports derivative reasoning.,Unit 2-3 synthesis,function_operations,numeric,,Assessment Plan + Course Framework; supplied AP Topic scoring guides consulted for representation/rigor only (no question wording copied).,Tarsia-friendly concise source.
U3-S5-PS3-M07,MATH,3,3.5,practice_set_3,practice,ps3_m07,mastery,1,Function notation and graph interpretation; algebraic manipulation; limit meaning and notation; rate-of-change reasoning.,Retrieve durable prerequisite learning that supports derivative reasoning.,Unit 2-3 synthesis,function_evaluation,numeric,,Assessment Plan + Course Framework; supplied AP Topic scoring guides consulted for representation/rigor only (no question wording copied).,Tarsia-friendly concise source.
U3-S5-PS3-M08,MATH,3,3.5,practice_set_3,practice,ps3_m08,mastery,1,Function notation and graph interpretation; algebraic manipulation; limit meaning and notation; rate-of-change reasoning.,Retrieve durable prerequisite learning that supports derivative reasoning.,Unit 2-3 synthesis,algebra,expression,,Assessment Plan + Course Framework; supplied AP Topic scoring guides consulted for representation/rigor only (no question wording copied).,Tarsia-friendly concise source.
U3-S5-PS3-M09,MATH,3,3.5,practice_set_3,practice,ps3_m09,mastery,2,Function notation and graph interpretation; algebraic manipulation; limit meaning and notation; rate-of-change reasoning.,Retrieve durable prerequisite learning that supports derivative reasoning.,Unit 2-3 synthesis,algebraic_limit,numeric,,Assessment Plan + Course Framework; supplied AP Topic scoring guides consulted for representation/rigor only (no question wording copied).,Tarsia-friendly concise source.
U3-S5-PS3-M10,MATH,3,3.5,practice_set_3,practice,ps3_m10,mastery,2,Function notation and graph interpretation; algebraic manipulation; limit meaning and notation; rate-of-change reasoning.,Retrieve durable prerequisite learning that supports derivative reasoning.,Unit 2-3 synthesis,average_rate,numeric,,Assessment Plan + Course Framework; supplied AP Topic scoring guides consulted for representation/rigor only (no question wording copied).,Tarsia-friendly concise source.
U3-S5-XP-C01,MATH,3,3.5,extra_practice,practice,xp_c01,current,2,"Synthesize derivative rules, higher-order notation, procedure selection, and early motion connections to solve mixed derivative problems efficiently and accurately.","I can build and defend a derivative strategy for unfamiliar expressions, compute higher-order derivatives, and connect first and second derivatives to early motion meaning.",Unit 2-3 synthesis,higher_order,expression,,Assessment Plan + Course Framework; supplied AP Topic scoring guides consulted for representation/rigor only (no question wording copied).,
U3-S5-XP-C02,MATH,3,3.5,extra_practice,practice,xp_c02,current,3,"Synthesize derivative rules, higher-order notation, procedure selection, and early motion connections to solve mixed derivative problems efficiently and accurately.","I can build and defend a derivative strategy for unfamiliar expressions, compute higher-order derivatives, and connect first and second derivatives to early motion meaning.",Unit 2-3 synthesis,strategy_sequence,constructed_response,,Assessment Plan + Course Framework; supplied AP Topic scoring guides consulted for representation/rigor only (no question wording copied).,
U3-S5-XP-C03,MATH,3,3.5,extra_practice,practice,xp_c03,current,2,"Synthesize derivative rules, higher-order notation, procedure selection, and early motion connections to solve mixed derivative problems efficiently and accurately.","I can build and defend a derivative strategy for unfamiliar expressions, compute higher-order derivatives, and connect first and second derivatives to early motion meaning.",Unit 2-3 synthesis,motion_preview,numeric,,Assessment Plan + Course Framework; supplied AP Topic scoring guides consulted for representation/rigor only (no question wording copied).,
U3-S5-XP-C04,MATH,3,3.5,extra_practice,practice,xp_c04,current,2,"Synthesize derivative rules, higher-order notation, procedure selection, and early motion connections to solve mixed derivative problems efficiently and accurately.","I can build and defend a derivative strategy for unfamiliar expressions, compute higher-order derivatives, and connect first and second derivatives to early motion meaning.",Unit 2-3 synthesis,higher_order_evaluation,numeric,,Assessment Plan + Course Framework; supplied AP Topic scoring guides consulted for representation/rigor only (no question wording copied).,
U3-S5-XP-C05,MATH,3,3.5,extra_practice,practice,xp_c05,current,3,"Synthesize derivative rules, higher-order notation, procedure selection, and early motion connections to solve mixed derivative problems efficiently and accurately.","I can build and defend a derivative strategy for unfamiliar expressions, compute higher-order derivatives, and connect first and second derivatives to early motion meaning.",Unit 2-3 synthesis,strategy_critique,constructed_response,,Assessment Plan + Course Framework; supplied AP Topic scoring guides consulted for representation/rigor only (no question wording copied).,
U3-S5-XP-L01,MATH,3,3.5,extra_practice,practice,xp_l01,last,1,"Determine derivatives of inverse functions from equations, tables, and graphs, and apply inverse trigonometric derivative rules.",Retrieve and apply the most recent prerequisite learning.,Unit 2-3 synthesis,inverse_notation,explanation,,Assessment Plan + Course Framework; supplied AP Topic scoring guides consulted for representation/rigor only (no question wording copied).,
U3-S5-XP-L02,MATH,3,3.5,extra_practice,practice,xp_l02,last,2,"Determine derivatives of inverse functions from equations, tables, and graphs, and apply inverse trigonometric derivative rules.",Retrieve and apply the most recent prerequisite learning.,Unit 2-3 synthesis,inverse_table_relation,numeric,,Assessment Plan + Course Framework; supplied AP Topic scoring guides consulted for representation/rigor only (no question wording copied).,
U3-S5-XP-L03,MATH,3,3.5,extra_practice,practice,xp_l03,last,2,"Determine derivatives of inverse functions from equations, tables, and graphs, and apply inverse trigonometric derivative rules.",Retrieve and apply the most recent prerequisite learning.,Unit 2-3 synthesis,inverse_equation,numeric,,Assessment Plan + Course Framework; supplied AP Topic scoring guides consulted for representation/rigor only (no question wording copied).,
U3-S5-XP-L04,MATH,3,3.5,extra_practice,practice,xp_l04,last,2,"Determine derivatives of inverse functions from equations, tables, and graphs, and apply inverse trigonometric derivative rules.",Retrieve and apply the most recent prerequisite learning.,Unit 2-3 synthesis,inverse_trig_asin,expression,,Assessment Plan + Course Framework; supplied AP Topic scoring guides consulted for representation/rigor only (no question wording copied).,
U3-S5-XP-L05,MATH,3,3.5,extra_practice,practice,xp_l05,last,2,"Determine derivatives of inverse functions from equations, tables, and graphs, and apply inverse trigonometric derivative rules.",Retrieve and apply the most recent prerequisite learning.,Unit 2-3 synthesis,inverse_trig_atan,expression,,Assessment Plan + Course Framework; supplied AP Topic scoring guides consulted for representation/rigor only (no question wording copied).,
U3-S5-XP-M01,MATH,3,3.5,extra_practice,practice,xp_m01,mastery,1,Function notation and graph interpretation; algebraic manipulation; limit meaning and notation; rate-of-change reasoning.,Retrieve durable prerequisite learning that supports derivative reasoning.,Unit 2-3 synthesis,function_evaluation,numeric,,Assessment Plan + Course Framework; supplied AP Topic scoring guides consulted for representation/rigor only (no question wording copied).,
U3-S5-XP-M02,MATH,3,3.5,extra_practice,practice,xp_m02,mastery,1,Function notation and graph interpretation; algebraic manipulation; limit meaning and notation; rate-of-change reasoning.,Retrieve durable prerequisite learning that supports derivative reasoning.,Unit 2-3 synthesis,algebra,expression,,Assessment Plan + Course Framework; supplied AP Topic scoring guides consulted for representation/rigor only (no question wording copied).,
U3-S5-XP-M03,MATH,3,3.5,extra_practice,practice,xp_m03,mastery,2,Function notation and graph interpretation; algebraic manipulation; limit meaning and notation; rate-of-change reasoning.,Retrieve durable prerequisite learning that supports derivative reasoning.,Unit 2-3 synthesis,algebraic_limit,numeric,,Assessment Plan + Course Framework; supplied AP Topic scoring guides consulted for representation/rigor only (no question wording copied).,
U3-S5-XP-M04,MATH,3,3.5,extra_practice,practice,xp_m04,mastery,2,Function notation and graph interpretation; algebraic manipulation; limit meaning and notation; rate-of-change reasoning.,Retrieve durable prerequisite learning that supports derivative reasoning.,Unit 2-3 synthesis,average_rate,numeric,,Assessment Plan + Course Framework; supplied AP Topic scoring guides consulted for representation/rigor only (no question wording copied).,
U3-S5-XP-M05,MATH,3,3.5,extra_practice,practice,xp_m05,mastery,1,Function notation and graph interpretation; algebraic manipulation; limit meaning and notation; rate-of-change reasoning.,Retrieve durable prerequisite learning that supports derivative reasoning.,Unit 2-3 synthesis,slope,numeric,,Assessment Plan + Course Framework; supplied AP Topic scoring guides consulted for representation/rigor only (no question wording copied).,
U3-S5-XP-M06,MATH,3,3.5,extra_practice,practice,xp_m06,mastery,2,Function notation and graph interpretation; algebraic manipulation; limit meaning and notation; rate-of-change reasoning.,Retrieve durable prerequisite learning that supports derivative reasoning.,Unit 2-3 synthesis,continuity,numeric,,Assessment Plan + Course Framework; supplied AP Topic scoring guides consulted for representation/rigor only (no question wording copied).,
U3-S5-XP-M07,MATH,3,3.5,extra_practice,practice,xp_m07,mastery,1,Function notation and graph interpretation; algebraic manipulation; limit meaning and notation; rate-of-change reasoning.,Retrieve durable prerequisite learning that supports derivative reasoning.,Unit 2-3 synthesis,function_operations,numeric,,Assessment Plan + Course Framework; supplied AP Topic scoring guides consulted for representation/rigor only (no question wording copied).,
U3-S5-XP-M08,MATH,3,3.5,extra_practice,practice,xp_m08,mastery,1,Function notation and graph interpretation; algebraic manipulation; limit meaning and notation; rate-of-change reasoning.,Retrieve durable prerequisite learning that supports derivative reasoning.,Unit 2-3 synthesis,function_evaluation,numeric,,Assessment Plan + Course Framework; supplied AP Topic scoring guides consulted for representation/rigor only (no question wording copied).,
U3-S5-XP-M09,MATH,3,3.5,extra_practice,practice,xp_m09,mastery,1,Function notation and graph interpretation; algebraic manipulation; limit meaning and notation; rate-of-change reasoning.,Retrieve durable prerequisite learning that supports derivative reasoning.,Unit 2-3 synthesis,algebra,expression,,Assessment Plan + Course Framework; supplied AP Topic scoring guides consulted for representation/rigor only (no question wording copied).,
U3-S5-XP-M10,MATH,3,3.5,extra_practice,practice,xp_m10,mastery,2,Function notation and graph interpretation; algebraic manipulation; limit meaning and notation; rate-of-change reasoning.,Retrieve durable prerequisite learning that supports derivative reasoning.,Unit 2-3 synthesis,algebraic_limit,numeric,,Assessment Plan + Course Framework; supplied AP Topic scoring guides consulted for representation/rigor only (no question wording copied).,
U3-S1-CYU-C01,MATH,3,3.1,cyu,cyu,c01,current,2,Differentiate composite functions by identifying outer and inner structure and applying the chain rule with accurate notation.,I can differentiate composite and nested functions by tracing outer/inner structure and multiplying by each required inner derivative.,AP Topic 3.1,chain_core,expression,,Assessment Plan + Course Framework; supplied AP Topic scoring guides consulted for representation/rigor only (no question wording copied).,
U3-S1-CYU-C02,MATH,3,3.1,cyu,cyu,c02,current,2,Differentiate composite functions by identifying outer and inner structure and applying the chain rule with accurate notation.,I can differentiate composite and nested functions by tracing outer/inner structure and multiplying by each required inner derivative.,AP Topic 3.1,nested_chain,expression,,Assessment Plan + Course Framework; supplied AP Topic scoring guides consulted for representation/rigor only (no question wording copied).,
U3-S1-CYU-L01,MATH,3,3.1,cyu,cyu,l01,last,2,"Differentiate products and quotients, select among core derivative rules, and apply derivatives to tangent-line situations.",Retrieve recent learning.,AP Topic 3.1,product_rule,expression,,Assessment Plan + Course Framework; supplied AP Topic scoring guides consulted for representation/rigor only (no question wording copied).,
U3-S1-CYU-L02,MATH,3,3.1,cyu,cyu,l02,last,2,"Differentiate products and quotients, select among core derivative rules, and apply derivatives to tangent-line situations.",Retrieve recent learning.,AP Topic 3.1,quotient_rule,expression,,Assessment Plan + Course Framework; supplied AP Topic scoring guides consulted for representation/rigor only (no question wording copied).,
U3-S1-CYU-M01,MATH,3,3.1,cyu,cyu,m01,mastery,2,Function notation and graph interpretation; algebraic manipulation; limit meaning and notation; rate-of-change reasoning.,Retrieve durable prerequisite learning.,AP Topic 3.1,continuity,numeric,,Assessment Plan + Course Framework; supplied AP Topic scoring guides consulted for representation/rigor only (no question wording copied).,
U3-S1-CYU-M02,MATH,3,3.1,cyu,cyu,m02,mastery,1,Function notation and graph interpretation; algebraic manipulation; limit meaning and notation; rate-of-change reasoning.,Retrieve durable prerequisite learning.,AP Topic 3.1,function_operations,numeric,,Assessment Plan + Course Framework; supplied AP Topic scoring guides consulted for representation/rigor only (no question wording copied).,
U3-S1-WU1-C01,MATH,3,3.1,warm_up_1,warm_up,wu1_c01,current,2,Differentiate composite functions by identifying outer and inner structure and applying the chain rule with accurate notation.,I can differentiate composite and nested functions by tracing outer/inner structure and multiplying by each required inner derivative.,AP Topic 3.1,chain_table,numeric,,Assessment Plan + Course Framework; supplied AP Topic scoring guides consulted for representation/rigor only (no question wording copied).,
U3-S1-WU1-L01,MATH,3,3.1,warm_up_1,warm_up,wu1_l01,last,2,"Differentiate products and quotients, select among core derivative rules, and apply derivatives to tangent-line situations.",Retrieve recent learning.,AP Topic 3.1,table_product,numeric,,Assessment Plan + Course Framework; supplied AP Topic scoring guides consulted for representation/rigor only (no question wording copied).,
U3-S1-WU1-M01,MATH,3,3.1,warm_up_1,warm_up,wu1_m01,mastery,1,Function notation and graph interpretation; algebraic manipulation; limit meaning and notation; rate-of-change reasoning.,Retrieve durable prerequisite learning.,AP Topic 3.1,slope,numeric,,Assessment Plan + Course Framework; supplied AP Topic scoring guides consulted for representation/rigor only (no question wording copied).,
U3-S1-WU2-C01,MATH,3,3.1,warm_up_2,warm_up,wu2_c01,current,1,Differentiate composite functions by identifying outer and inner structure and applying the chain rule with accurate notation.,I can differentiate composite and nested functions by tracing outer/inner structure and multiplying by each required inner derivative.,AP Topic 3.1,chain_structure,short_response,,Assessment Plan + Course Framework; supplied AP Topic scoring guides consulted for representation/rigor only (no question wording copied).,
U3-S1-WU2-L01,MATH,3,3.1,warm_up_2,warm_up,wu2_l01,last,2,"Differentiate products and quotients, select among core derivative rules, and apply derivatives to tangent-line situations.",Retrieve recent learning.,AP Topic 3.1,tangent_line,equation,,Assessment Plan + Course Framework; supplied AP Topic scoring guides consulted for representation/rigor only (no question wording copied).,
U3-S1-WU2-M01,MATH,3,3.1,warm_up_2,warm_up,wu2_m01,mastery,2,Function notation and graph interpretation; algebraic manipulation; limit meaning and notation; rate-of-change reasoning.,Retrieve durable prerequisite learning.,AP Topic 3.1,continuity,numeric,,Assessment Plan + Course Framework; supplied AP Topic scoring guides consulted for representation/rigor only (no question wording copied).,
U3-S1-WU3-C01,MATH,3,3.1,warm_up_3,warm_up,wu3_c01,current,2,Differentiate composite functions by identifying outer and inner structure and applying the chain rule with accurate notation.,I can differentiate composite and nested functions by tracing outer/inner structure and multiplying by each required inner derivative.,AP Topic 3.1,chain_power,expression,,Assessment Plan + Course Framework; supplied AP Topic scoring guides consulted for representation/rigor only (no question wording copied).,
U3-S1-WU3-L01,MATH,3,3.1,warm_up_3,warm_up,wu3_l01,last,1,"Differentiate products and quotients, select among core derivative rules, and apply derivatives to tangent-line situations.",Retrieve recent learning.,AP Topic 3.1,rule_recognition,expression,,Assessment Plan + Course Framework; supplied AP Topic scoring guides consulted for representation/rigor only (no question wording copied).,
U3-S1-WU3-M01,MATH,3,3.1,warm_up_3,warm_up,wu3_m01,mastery,1,Function notation and graph interpretation; algebraic manipulation; limit meaning and notation; rate-of-change reasoning.,Retrieve durable prerequisite learning.,AP Topic 3.1,function_operations,numeric,,Assessment Plan + Course Framework; supplied AP Topic scoring guides consulted for representation/rigor only (no question wording copied).,
U3-S1-ET-A-C01,MATH,3,3.1,exit_ticket_a,exit_ticket,et_a_c01,current,2,Differentiate composite functions by identifying outer and inner structure and applying the chain rule with accurate notation.,I can differentiate composite and nested functions by tracing outer/inner structure and multiplying by each required inner derivative.,AP Topic 3.1,nested_chain,expression,,Assessment Plan + Course Framework; supplied AP Topic scoring guides consulted for representation/rigor only (no question wording copied).,
U3-S1-ET-A-C02,MATH,3,3.1,exit_ticket_a,exit_ticket,et_a_c02,current,2,Differentiate composite functions by identifying outer and inner structure and applying the chain rule with accurate notation.,I can differentiate composite and nested functions by tracing outer/inner structure and multiplying by each required inner derivative.,AP Topic 3.1,chain_table,numeric,,Assessment Plan + Course Framework; supplied AP Topic scoring guides consulted for representation/rigor only (no question wording copied).,
U3-S1-ET-A-L01,MATH,3,3.1,exit_ticket_a,exit_ticket,et_a_l01,last,1,"Differentiate products and quotients, select among core derivative rules, and apply derivatives to tangent-line situations.",Retrieve recent learning.,AP Topic 3.1,basic_derivative,expression,,Assessment Plan + Course Framework; supplied AP Topic scoring guides consulted for representation/rigor only (no question wording copied).,
U3-S1-ET-A-M01,MATH,3,3.1,exit_ticket_a,exit_ticket,et_a_m01,mastery,2,Function notation and graph interpretation; algebraic manipulation; limit meaning and notation; rate-of-change reasoning.,Retrieve durable prerequisite learning.,AP Topic 3.1,algebraic_limit,numeric,,Assessment Plan + Course Framework; supplied AP Topic scoring guides consulted for representation/rigor only (no question wording copied).,
U3-S1-ET-B-C01,MATH,3,3.1,exit_ticket_b,exit_ticket,et_b_c01,current,2,Differentiate composite functions by identifying outer and inner structure and applying the chain rule with accurate notation.,I can differentiate composite and nested functions by tracing outer/inner structure and multiplying by each required inner derivative.,AP Topic 3.1,chain_table,numeric,,Assessment Plan + Course Framework; supplied AP Topic scoring guides consulted for representation/rigor only (no question wording copied).,
U3-S1-ET-B-C02,MATH,3,3.1,exit_ticket_b,exit_ticket,et_b_c02,current,1,Differentiate composite functions by identifying outer and inner structure and applying the chain rule with accurate notation.,I can differentiate composite and nested functions by tracing outer/inner structure and multiplying by each required inner derivative.,AP Topic 3.1,chain_structure,short_response,,Assessment Plan + Course Framework; supplied AP Topic scoring guides consulted for representation/rigor only (no question wording copied).,
U3-S1-ET-B-L01,MATH,3,3.1,exit_ticket_b,exit_ticket,et_b_l01,last,2,"Differentiate products and quotients, select among core derivative rules, and apply derivatives to tangent-line situations.",Retrieve recent learning.,AP Topic 3.1,product_rule,expression,,Assessment Plan + Course Framework; supplied AP Topic scoring guides consulted for representation/rigor only (no question wording copied).,
U3-S1-ET-B-M01,MATH,3,3.1,exit_ticket_b,exit_ticket,et_b_m01,mastery,2,Function notation and graph interpretation; algebraic manipulation; limit meaning and notation; rate-of-change reasoning.,Retrieve durable prerequisite learning.,AP Topic 3.1,algebraic_limit,numeric,,Assessment Plan + Course Framework; supplied AP Topic scoring guides consulted for representation/rigor only (no question wording copied).,
U3-S1-ET-C-C01,MATH,3,3.1,exit_ticket_c,exit_ticket,et_c_c01,current,1,Differentiate composite functions by identifying outer and inner structure and applying the chain rule with accurate notation.,I can differentiate composite and nested functions by tracing outer/inner structure and multiplying by each required inner derivative.,AP Topic 3.1,chain_structure,short_response,,Assessment Plan + Course Framework; supplied AP Topic scoring guides consulted for representation/rigor only (no question wording copied).,
U3-S1-ET-C-C02,MATH,3,3.1,exit_ticket_c,exit_ticket,et_c_c02,current,2,Differentiate composite functions by identifying outer and inner structure and applying the chain rule with accurate notation.,I can differentiate composite and nested functions by tracing outer/inner structure and multiplying by each required inner derivative.,AP Topic 3.1,chain_power,expression,,Assessment Plan + Course Framework; supplied AP Topic scoring guides consulted for representation/rigor only (no question wording copied).,
U3-S1-ET-C-L01,MATH,3,3.1,exit_ticket_c,exit_ticket,et_c_l01,last,2,"Differentiate products and quotients, select among core derivative rules, and apply derivatives to tangent-line situations.",Retrieve recent learning.,AP Topic 3.1,quotient_rule,expression,,Assessment Plan + Course Framework; supplied AP Topic scoring guides consulted for representation/rigor only (no question wording copied).,
U3-S1-ET-C-M01,MATH,3,3.1,exit_ticket_c,exit_ticket,et_c_m01,mastery,2,Function notation and graph interpretation; algebraic manipulation; limit meaning and notation; rate-of-change reasoning.,Retrieve durable prerequisite learning.,AP Topic 3.1,algebraic_limit,numeric,,Assessment Plan + Course Framework; supplied AP Topic scoring guides consulted for representation/rigor only (no question wording copied).,
U3-S2-CYU-C01,MATH,3,3.2,cyu,cyu,c01,current,2,"Select and combine product, quotient, chain, and core derivative rules in mixed expressions and use higher-order derivative notation.",I can choose an efficient sequence of derivative rules for nested products or quotients and use first- and higher-order derivative notation precisely.,"AP Topics 3.5, 3.6",mixed_table,numeric,,Assessment Plan + Course Framework; supplied AP Topic scoring guides consulted for representation/rigor only (no question wording copied).,
U3-S2-CYU-C02,MATH,3,3.2,cyu,cyu,c02,current,3,"Select and combine product, quotient, chain, and core derivative rules in mixed expressions and use higher-order derivative notation.",I can choose an efficient sequence of derivative rules for nested products or quotients and use first- and higher-order derivative notation precisely.,"AP Topics 3.5, 3.6",strategy_selection,constructed_response,,Assessment Plan + Course Framework; supplied AP Topic scoring guides consulted for representation/rigor only (no question wording copied).,
U3-S2-CYU-L01,MATH,3,3.2,cyu,cyu,l01,last,2,Differentiate composite functions by identifying outer and inner structure and applying the chain rule with accurate notation.,Retrieve recent learning.,"AP Topics 3.5, 3.6",chain_power,expression,,Assessment Plan + Course Framework; supplied AP Topic scoring guides consulted for representation/rigor only (no question wording copied).,
U3-S2-CYU-L02,MATH,3,3.2,cyu,cyu,l02,last,2,Differentiate composite functions by identifying outer and inner structure and applying the chain rule with accurate notation.,Retrieve recent learning.,"AP Topics 3.5, 3.6",chain_trig,expression,,Assessment Plan + Course Framework; supplied AP Topic scoring guides consulted for representation/rigor only (no question wording copied).,
U3-S2-CYU-M01,MATH,3,3.2,cyu,cyu,m01,mastery,2,Function notation and graph interpretation; algebraic manipulation; limit meaning and notation; rate-of-change reasoning.,Retrieve durable prerequisite learning.,"AP Topics 3.5, 3.6",continuity,numeric,,Assessment Plan + Course Framework; supplied AP Topic scoring guides consulted for representation/rigor only (no question wording copied).,
U3-S2-CYU-M02,MATH,3,3.2,cyu,cyu,m02,mastery,1,Function notation and graph interpretation; algebraic manipulation; limit meaning and notation; rate-of-change reasoning.,Retrieve durable prerequisite learning.,"AP Topics 3.5, 3.6",function_operations,numeric,,Assessment Plan + Course Framework; supplied AP Topic scoring guides consulted for representation/rigor only (no question wording copied).,
U3-S2-WU1-C01,MATH,3,3.2,warm_up_1,warm_up,wu1_c01,current,2,"Select and combine product, quotient, chain, and core derivative rules in mixed expressions and use higher-order derivative notation.",I can choose an efficient sequence of derivative rules for nested products or quotients and use first- and higher-order derivative notation precisely.,"AP Topics 3.5, 3.6",higher_order_mixed,expression,,Assessment Plan + Course Framework; supplied AP Topic scoring guides consulted for representation/rigor only (no question wording copied).,
U3-S2-WU1-L01,MATH,3,3.2,warm_up_1,warm_up,wu1_l01,last,2,Differentiate composite functions by identifying outer and inner structure and applying the chain rule with accurate notation.,Retrieve recent learning.,"AP Topics 3.5, 3.6",chain_core,expression,,Assessment Plan + Course Framework; supplied AP Topic scoring guides consulted for representation/rigor only (no question wording copied).,
U3-S2-WU1-M01,MATH,3,3.2,warm_up_1,warm_up,wu1_m01,mastery,1,Function notation and graph interpretation; algebraic manipulation; limit meaning and notation; rate-of-change reasoning.,Retrieve durable prerequisite learning.,"AP Topics 3.5, 3.6",slope,numeric,,Assessment Plan + Course Framework; supplied AP Topic scoring guides consulted for representation/rigor only (no question wording copied).,
U3-S2-WU2-C01,MATH,3,3.2,warm_up_2,warm_up,wu2_c01,current,2,"Select and combine product, quotient, chain, and core derivative rules in mixed expressions and use higher-order derivative notation.",I can choose an efficient sequence of derivative rules for nested products or quotients and use first- and higher-order derivative notation precisely.,"AP Topics 3.5, 3.6",mixed_rule,expression,,Assessment Plan + Course Framework; supplied AP Topic scoring guides consulted for representation/rigor only (no question wording copied).,
U3-S2-WU2-L01,MATH,3,3.2,warm_up_2,warm_up,wu2_l01,last,2,Differentiate composite functions by identifying outer and inner structure and applying the chain rule with accurate notation.,Retrieve recent learning.,"AP Topics 3.5, 3.6",nested_chain,expression,,Assessment Plan + Course Framework; supplied AP Topic scoring guides consulted for representation/rigor only (no question wording copied).,
U3-S2-WU2-M01,MATH,3,3.2,warm_up_2,warm_up,wu2_m01,mastery,2,Function notation and graph interpretation; algebraic manipulation; limit meaning and notation; rate-of-change reasoning.,Retrieve durable prerequisite learning.,"AP Topics 3.5, 3.6",continuity,numeric,,Assessment Plan + Course Framework; supplied AP Topic scoring guides consulted for representation/rigor only (no question wording copied).,
U3-S2-WU3-C01,MATH,3,3.2,warm_up_3,warm_up,wu3_c01,current,2,"Select and combine product, quotient, chain, and core derivative rules in mixed expressions and use higher-order derivative notation.",I can choose an efficient sequence of derivative rules for nested products or quotients and use first- and higher-order derivative notation precisely.,"AP Topics 3.5, 3.6",product_chain,expression,,Assessment Plan + Course Framework; supplied AP Topic scoring guides consulted for representation/rigor only (no question wording copied).,
U3-S2-WU3-L01,MATH,3,3.2,warm_up_3,warm_up,wu3_l01,last,2,Differentiate composite functions by identifying outer and inner structure and applying the chain rule with accurate notation.,Retrieve recent learning.,"AP Topics 3.5, 3.6",chain_table,numeric,,Assessment Plan + Course Framework; supplied AP Topic scoring guides consulted for representation/rigor only (no question wording copied).,
U3-S2-WU3-M01,MATH,3,3.2,warm_up_3,warm_up,wu3_m01,mastery,1,Function notation and graph interpretation; algebraic manipulation; limit meaning and notation; rate-of-change reasoning.,Retrieve durable prerequisite learning.,"AP Topics 3.5, 3.6",function_operations,numeric,,Assessment Plan + Course Framework; supplied AP Topic scoring guides consulted for representation/rigor only (no question wording copied).,
U3-S2-ET-A-C01,MATH,3,3.2,exit_ticket_a,exit_ticket,et_a_c01,current,3,"Select and combine product, quotient, chain, and core derivative rules in mixed expressions and use higher-order derivative notation.",I can choose an efficient sequence of derivative rules for nested products or quotients and use first- and higher-order derivative notation precisely.,"AP Topics 3.5, 3.6",strategy_selection,constructed_response,,Assessment Plan + Course Framework; supplied AP Topic scoring guides consulted for representation/rigor only (no question wording copied).,
U3-S2-ET-A-C02,MATH,3,3.2,exit_ticket_a,exit_ticket,et_a_c02,current,2,"Select and combine product, quotient, chain, and core derivative rules in mixed expressions and use higher-order derivative notation.",I can choose an efficient sequence of derivative rules for nested products or quotients and use first- and higher-order derivative notation precisely.,"AP Topics 3.5, 3.6",higher_order_mixed,expression,,Assessment Plan + Course Framework; supplied AP Topic scoring guides consulted for representation/rigor only (no question wording copied).,
U3-S2-ET-A-L01,MATH,3,3.2,exit_ticket_a,exit_ticket,et_a_l01,last,1,Differentiate composite functions by identifying outer and inner structure and applying the chain rule with accurate notation.,Retrieve recent learning.,"AP Topics 3.5, 3.6",chain_structure,short_response,,Assessment Plan + Course Framework; supplied AP Topic scoring guides consulted for representation/rigor only (no question wording copied).,
U3-S2-ET-A-M01,MATH,3,3.2,exit_ticket_a,exit_ticket,et_a_m01,mastery,2,Function notation and graph interpretation; algebraic manipulation; limit meaning and notation; rate-of-change reasoning.,Retrieve durable prerequisite learning.,"AP Topics 3.5, 3.6",algebraic_limit,numeric,,Assessment Plan + Course Framework; supplied AP Topic scoring guides consulted for representation/rigor only (no question wording copied).,
U3-S2-ET-B-C01,MATH,3,3.2,exit_ticket_b,exit_ticket,et_b_c01,current,2,"Select and combine product, quotient, chain, and core derivative rules in mixed expressions and use higher-order derivative notation.",I can choose an efficient sequence of derivative rules for nested products or quotients and use first- and higher-order derivative notation precisely.,"AP Topics 3.5, 3.6",higher_order_mixed,expression,,Assessment Plan + Course Framework; supplied AP Topic scoring guides consulted for representation/rigor only (no question wording copied).,
U3-S2-ET-B-C02,MATH,3,3.2,exit_ticket_b,exit_ticket,et_b_c02,current,2,"Select and combine product, quotient, chain, and core derivative rules in mixed expressions and use higher-order derivative notation.",I can choose an efficient sequence of derivative rules for nested products or quotients and use first- and higher-order derivative notation precisely.,"AP Topics 3.5, 3.6",mixed_rule,expression,,Assessment Plan + Course Framework; supplied AP Topic scoring guides consulted for representation/rigor only (no question wording copied).,
U3-S2-ET-B-L01,MATH,3,3.2,exit_ticket_b,exit_ticket,et_b_l01,last,2,Differentiate composite functions by identifying outer and inner structure and applying the chain rule with accurate notation.,Retrieve recent learning.,"AP Topics 3.5, 3.6",chain_power,expression,,Assessment Plan + Course Framework; supplied AP Topic scoring guides consulted for representation/rigor only (no question wording copied).,
U3-S2-ET-B-M01,MATH,3,3.2,exit_ticket_b,exit_ticket,et_b_m01,mastery,2,Function notation and graph interpretation; algebraic manipulation; limit meaning and notation; rate-of-change reasoning.,Retrieve durable prerequisite learning.,"AP Topics 3.5, 3.6",algebraic_limit,numeric,,Assessment Plan + Course Framework; supplied AP Topic scoring guides consulted for representation/rigor only (no question wording copied).,
U3-S2-ET-C-C01,MATH,3,3.2,exit_ticket_c,exit_ticket,et_c_c01,current,2,"Select and combine product, quotient, chain, and core derivative rules in mixed expressions and use higher-order derivative notation.",I can choose an efficient sequence of derivative rules for nested products or quotients and use first- and higher-order derivative notation precisely.,"AP Topics 3.5, 3.6",mixed_rule,expression,,Assessment Plan + Course Framework; supplied AP Topic scoring guides consulted for representation/rigor only (no question wording copied).,
U3-S2-ET-C-C02,MATH,3,3.2,exit_ticket_c,exit_ticket,et_c_c02,current,2,"Select and combine product, quotient, chain, and core derivative rules in mixed expressions and use higher-order derivative notation.",I can choose an efficient sequence of derivative rules for nested products or quotients and use first- and higher-order derivative notation precisely.,"AP Topics 3.5, 3.6",product_chain,expression,,Assessment Plan + Course Framework; supplied AP Topic scoring guides consulted for representation/rigor only (no question wording copied).,
U3-S2-ET-C-L01,MATH,3,3.2,exit_ticket_c,exit_ticket,et_c_l01,last,2,Differentiate composite functions by identifying outer and inner structure and applying the chain rule with accurate notation.,Retrieve recent learning.,"AP Topics 3.5, 3.6",chain_trig,expression,,Assessment Plan + Course Framework; supplied AP Topic scoring guides consulted for representation/rigor only (no question wording copied).,
U3-S2-ET-C-M01,MATH,3,3.2,exit_ticket_c,exit_ticket,et_c_m01,mastery,2,Function notation and graph interpretation; algebraic manipulation; limit meaning and notation; rate-of-change reasoning.,Retrieve durable prerequisite learning.,"AP Topics 3.5, 3.6",algebraic_limit,numeric,,Assessment Plan + Course Framework; supplied AP Topic scoring guides consulted for representation/rigor only (no question wording copied).,
U3-S3-CYU-C01,MATH,3,3.3,cyu,cyu,c01,current,2,"Differentiate implicit relations, solve for $dy/dx$, and use the result in tangent-line situations.","I can include the required $dy/dx$ factors, solve an implicit derivative equation, and use it to find a tangent slope or tangent line.",AP Topic 3.2,implicit_tangent_line,equation,,Assessment Plan + Course Framework; supplied AP Topic scoring guides consulted for representation/rigor only (no question wording copied).,
U3-S3-CYU-C02,MATH,3,3.3,cyu,cyu,c02,current,1,"Differentiate implicit relations, solve for $dy/dx$, and use the result in tangent-line situations.","I can include the required $dy/dx$ factors, solve an implicit derivative equation, and use it to find a tangent slope or tangent line.",AP Topic 3.2,implicit_notation,short_response,,Assessment Plan + Course Framework; supplied AP Topic scoring guides consulted for representation/rigor only (no question wording copied).,
U3-S3-CYU-L01,MATH,3,3.3,cyu,cyu,l01,last,2,"Select and combine product, quotient, chain, and core derivative rules in mixed expressions and use higher-order derivative notation.",Retrieve recent learning.,AP Topic 3.2,product_chain,expression,,Assessment Plan + Course Framework; supplied AP Topic scoring guides consulted for representation/rigor only (no question wording copied).,
U3-S3-CYU-L02,MATH,3,3.3,cyu,cyu,l02,last,2,"Select and combine product, quotient, chain, and core derivative rules in mixed expressions and use higher-order derivative notation.",Retrieve recent learning.,AP Topic 3.2,second_derivative,expression,,Assessment Plan + Course Framework; supplied AP Topic scoring guides consulted for representation/rigor only (no question wording copied).,
U3-S3-CYU-M01,MATH,3,3.3,cyu,cyu,m01,mastery,2,Function notation and graph interpretation; algebraic manipulation; limit meaning and notation; rate-of-change reasoning.,Retrieve durable prerequisite learning.,AP Topic 3.2,continuity,numeric,,Assessment Plan + Course Framework; supplied AP Topic scoring guides consulted for representation/rigor only (no question wording copied).,
U3-S3-CYU-M02,MATH,3,3.3,cyu,cyu,m02,mastery,1,Function notation and graph interpretation; algebraic manipulation; limit meaning and notation; rate-of-change reasoning.,Retrieve durable prerequisite learning.,AP Topic 3.2,function_operations,numeric,,Assessment Plan + Course Framework; supplied AP Topic scoring guides consulted for representation/rigor only (no question wording copied).,
U3-S3-WU1-C01,MATH,3,3.3,warm_up_1,warm_up,wu1_c01,current,3,"Differentiate implicit relations, solve for $dy/dx$, and use the result in tangent-line situations.","I can include the required $dy/dx$ factors, solve an implicit derivative equation, and use it to find a tangent slope or tangent line.",AP Topic 3.2,implicit_strategy,constructed_response,,Assessment Plan + Course Framework; supplied AP Topic scoring guides consulted for representation/rigor only (no question wording copied).,
U3-S3-WU1-L01,MATH,3,3.3,warm_up_1,warm_up,wu1_l01,last,2,"Select and combine product, quotient, chain, and core derivative rules in mixed expressions and use higher-order derivative notation.",Retrieve recent learning.,AP Topic 3.2,mixed_table,numeric,,Assessment Plan + Course Framework; supplied AP Topic scoring guides consulted for representation/rigor only (no question wording copied).,
U3-S3-WU1-M01,MATH,3,3.3,warm_up_1,warm_up,wu1_m01,mastery,1,Function notation and graph interpretation; algebraic manipulation; limit meaning and notation; rate-of-change reasoning.,Retrieve durable prerequisite learning.,AP Topic 3.2,slope,numeric,,Assessment Plan + Course Framework; supplied AP Topic scoring guides consulted for representation/rigor only (no question wording copied).,
U3-S3-WU2-C01,MATH,3,3.3,warm_up_2,warm_up,wu2_c01,current,2,"Differentiate implicit relations, solve for $dy/dx$, and use the result in tangent-line situations.","I can include the required $dy/dx$ factors, solve an implicit derivative equation, and use it to find a tangent slope or tangent line.",AP Topic 3.2,implicit_basic,expression,,Assessment Plan + Course Framework; supplied AP Topic scoring guides consulted for representation/rigor only (no question wording copied).,
U3-S3-WU2-L01,MATH,3,3.3,warm_up_2,warm_up,wu2_l01,last,3,"Select and combine product, quotient, chain, and core derivative rules in mixed expressions and use higher-order derivative notation.",Retrieve recent learning.,AP Topic 3.2,strategy_selection,constructed_response,,Assessment Plan + Course Framework; supplied AP Topic scoring guides consulted for representation/rigor only (no question wording copied).,
U3-S3-WU2-M01,MATH,3,3.3,warm_up_2,warm_up,wu2_m01,mastery,2,Function notation and graph interpretation; algebraic manipulation; limit meaning and notation; rate-of-change reasoning.,Retrieve durable prerequisite learning.,AP Topic 3.2,continuity,numeric,,Assessment Plan + Course Framework; supplied AP Topic scoring guides consulted for representation/rigor only (no question wording copied).,
U3-S3-WU3-C01,MATH,3,3.3,warm_up_3,warm_up,wu3_c01,current,2,"Differentiate implicit relations, solve for $dy/dx$, and use the result in tangent-line situations.","I can include the required $dy/dx$ factors, solve an implicit derivative equation, and use it to find a tangent slope or tangent line.",AP Topic 3.2,implicit_product,expression,,Assessment Plan + Course Framework; supplied AP Topic scoring guides consulted for representation/rigor only (no question wording copied).,
U3-S3-WU3-L01,MATH,3,3.3,warm_up_3,warm_up,wu3_l01,last,2,"Select and combine product, quotient, chain, and core derivative rules in mixed expressions and use higher-order derivative notation.",Retrieve recent learning.,AP Topic 3.2,higher_order_mixed,expression,,Assessment Plan + Course Framework; supplied AP Topic scoring guides consulted for representation/rigor only (no question wording copied).,
U3-S3-WU3-M01,MATH,3,3.3,warm_up_3,warm_up,wu3_m01,mastery,1,Function notation and graph interpretation; algebraic manipulation; limit meaning and notation; rate-of-change reasoning.,Retrieve durable prerequisite learning.,AP Topic 3.2,function_operations,numeric,,Assessment Plan + Course Framework; supplied AP Topic scoring guides consulted for representation/rigor only (no question wording copied).,
U3-S3-ET-A-C01,MATH,3,3.3,exit_ticket_a,exit_ticket,et_a_c01,current,1,"Differentiate implicit relations, solve for $dy/dx$, and use the result in tangent-line situations.","I can include the required $dy/dx$ factors, solve an implicit derivative equation, and use it to find a tangent slope or tangent line.",AP Topic 3.2,implicit_notation,short_response,,Assessment Plan + Course Framework; supplied AP Topic scoring guides consulted for representation/rigor only (no question wording copied).,
U3-S3-ET-A-C02,MATH,3,3.3,exit_ticket_a,exit_ticket,et_a_c02,current,3,"Differentiate implicit relations, solve for $dy/dx$, and use the result in tangent-line situations.","I can include the required $dy/dx$ factors, solve an implicit derivative equation, and use it to find a tangent slope or tangent line.",AP Topic 3.2,implicit_strategy,constructed_response,,Assessment Plan + Course Framework; supplied AP Topic scoring guides consulted for representation/rigor only (no question wording copied).,
U3-S3-ET-A-L01,MATH,3,3.3,exit_ticket_a,exit_ticket,et_a_l01,last,2,"Select and combine product, quotient, chain, and core derivative rules in mixed expressions and use higher-order derivative notation.",Retrieve recent learning.,AP Topic 3.2,mixed_rule,expression,,Assessment Plan + Course Framework; supplied AP Topic scoring guides consulted for representation/rigor only (no question wording copied).,
U3-S3-ET-A-M01,MATH,3,3.3,exit_ticket_a,exit_ticket,et_a_m01,mastery,2,Function notation and graph interpretation; algebraic manipulation; limit meaning and notation; rate-of-change reasoning.,Retrieve durable prerequisite learning.,AP Topic 3.2,algebraic_limit,numeric,,Assessment Plan + Course Framework; supplied AP Topic scoring guides consulted for representation/rigor only (no question wording copied).,
U3-S3-ET-B-C01,MATH,3,3.3,exit_ticket_b,exit_ticket,et_b_c01,current,3,"Differentiate implicit relations, solve for $dy/dx$, and use the result in tangent-line situations.","I can include the required $dy/dx$ factors, solve an implicit derivative equation, and use it to find a tangent slope or tangent line.",AP Topic 3.2,implicit_strategy,constructed_response,,Assessment Plan + Course Framework; supplied AP Topic scoring guides consulted for representation/rigor only (no question wording copied).,
U3-S3-ET-B-C02,MATH,3,3.3,exit_ticket_b,exit_ticket,et_b_c02,current,2,"Differentiate implicit relations, solve for $dy/dx$, and use the result in tangent-line situations.","I can include the required $dy/dx$ factors, solve an implicit derivative equation, and use it to find a tangent slope or tangent line.",AP Topic 3.2,implicit_basic,expression,,Assessment Plan + Course Framework; supplied AP Topic scoring guides consulted for representation/rigor only (no question wording copied).,
U3-S3-ET-B-L01,MATH,3,3.3,exit_ticket_b,exit_ticket,et_b_l01,last,2,"Select and combine product, quotient, chain, and core derivative rules in mixed expressions and use higher-order derivative notation.",Retrieve recent learning.,AP Topic 3.2,product_chain,expression,,Assessment Plan + Course Framework; supplied AP Topic scoring guides consulted for representation/rigor only (no question wording copied).,
U3-S3-ET-B-M01,MATH,3,3.3,exit_ticket_b,exit_ticket,et_b_m01,mastery,2,Function notation and graph interpretation; algebraic manipulation; limit meaning and notation; rate-of-change reasoning.,Retrieve durable prerequisite learning.,AP Topic 3.2,algebraic_limit,numeric,,Assessment Plan + Course Framework; supplied AP Topic scoring guides consulted for representation/rigor only (no question wording copied).,
U3-S3-ET-C-C01,MATH,3,3.3,exit_ticket_c,exit_ticket,et_c_c01,current,2,"Differentiate implicit relations, solve for $dy/dx$, and use the result in tangent-line situations.","I can include the required $dy/dx$ factors, solve an implicit derivative equation, and use it to find a tangent slope or tangent line.",AP Topic 3.2,implicit_basic,expression,,Assessment Plan + Course Framework; supplied AP Topic scoring guides consulted for representation/rigor only (no question wording copied).,
U3-S3-ET-C-C02,MATH,3,3.3,exit_ticket_c,exit_ticket,et_c_c02,current,2,"Differentiate implicit relations, solve for $dy/dx$, and use the result in tangent-line situations.","I can include the required $dy/dx$ factors, solve an implicit derivative equation, and use it to find a tangent slope or tangent line.",AP Topic 3.2,implicit_product,expression,,Assessment Plan + Course Framework; supplied AP Topic scoring guides consulted for representation/rigor only (no question wording copied).,
U3-S3-ET-C-L01,MATH,3,3.3,exit_ticket_c,exit_ticket,et_c_l01,last,2,"Select and combine product, quotient, chain, and core derivative rules in mixed expressions and use higher-order derivative notation.",Retrieve recent learning.,AP Topic 3.2,second_derivative,expression,,Assessment Plan + Course Framework; supplied AP Topic scoring guides consulted for representation/rigor only (no question wording copied).,
U3-S3-ET-C-M01,MATH,3,3.3,exit_ticket_c,exit_ticket,et_c_m01,mastery,2,Function notation and graph interpretation; algebraic manipulation; limit meaning and notation; rate-of-change reasoning.,Retrieve durable prerequisite learning.,AP Topic 3.2,algebraic_limit,numeric,,Assessment Plan + Course Framework; supplied AP Topic scoring guides consulted for representation/rigor only (no question wording copied).,
U3-S4-CYU-C01,MATH,3,3.4,cyu,cyu,c01,current,2,"Determine derivatives of inverse functions from equations, tables, and graphs, and apply inverse trigonometric derivative rules.","I can match corresponding function/inverse values, use reciprocal derivative relationships, and differentiate inverse-trigonometric compositions.","AP Topics 3.3, 3.4",inverse_trig_atan,expression,,Assessment Plan + Course Framework; supplied AP Topic scoring guides consulted for representation/rigor only (no question wording copied).,
U3-S4-CYU-C02,MATH,3,3.4,cyu,cyu,c02,current,2,"Determine derivatives of inverse functions from equations, tables, and graphs, and apply inverse trigonometric derivative rules.","I can match corresponding function/inverse values, use reciprocal derivative relationships, and differentiate inverse-trigonometric compositions.","AP Topics 3.3, 3.4",inverse_graph_relation,explanation,u3_s4_cyu_c02_inverse_pair.png,Assessment Plan + Course Framework; supplied AP Topic scoring guides consulted for representation/rigor only (no question wording copied).,
U3-S4-CYU-L01,MATH,3,3.4,cyu,cyu,l01,last,2,"Differentiate implicit relations, solve for $dy/dx$, and use the result in tangent-line situations.",Retrieve recent learning.,"AP Topics 3.3, 3.4",implicit_product,expression,,Assessment Plan + Course Framework; supplied AP Topic scoring guides consulted for representation/rigor only (no question wording copied).,
U3-S4-CYU-L02,MATH,3,3.4,cyu,cyu,l02,last,2,"Differentiate implicit relations, solve for $dy/dx$, and use the result in tangent-line situations.",Retrieve recent learning.,"AP Topics 3.3, 3.4",implicit_tangent_slope,numeric,,Assessment Plan + Course Framework; supplied AP Topic scoring guides consulted for representation/rigor only (no question wording copied).,
U3-S4-CYU-M01,MATH,3,3.4,cyu,cyu,m01,mastery,2,Function notation and graph interpretation; algebraic manipulation; limit meaning and notation; rate-of-change reasoning.,Retrieve durable prerequisite learning.,"AP Topics 3.3, 3.4",continuity,numeric,,Assessment Plan + Course Framework; supplied AP Topic scoring guides consulted for representation/rigor only (no question wording copied).,
U3-S4-CYU-M02,MATH,3,3.4,cyu,cyu,m02,mastery,1,Function notation and graph interpretation; algebraic manipulation; limit meaning and notation; rate-of-change reasoning.,Retrieve durable prerequisite learning.,"AP Topics 3.3, 3.4",function_operations,numeric,,Assessment Plan + Course Framework; supplied AP Topic scoring guides consulted for representation/rigor only (no question wording copied).,
U3-S4-WU1-C01,MATH,3,3.4,warm_up_1,warm_up,wu1_c01,current,1,"Determine derivatives of inverse functions from equations, tables, and graphs, and apply inverse trigonometric derivative rules.","I can match corresponding function/inverse values, use reciprocal derivative relationships, and differentiate inverse-trigonometric compositions.","AP Topics 3.3, 3.4",inverse_notation,explanation,,Assessment Plan + Course Framework; supplied AP Topic scoring guides consulted for representation/rigor only (no question wording copied).,
U3-S4-WU1-L01,MATH,3,3.4,warm_up_1,warm_up,wu1_l01,last,2,"Differentiate implicit relations, solve for $dy/dx$, and use the result in tangent-line situations.",Retrieve recent learning.,"AP Topics 3.3, 3.4",implicit_tangent_line,equation,,Assessment Plan + Course Framework; supplied AP Topic scoring guides consulted for representation/rigor only (no question wording copied).,
U3-S4-WU1-M01,MATH,3,3.4,warm_up_1,warm_up,wu1_m01,mastery,1,Function notation and graph interpretation; algebraic manipulation; limit meaning and notation; rate-of-change reasoning.,Retrieve durable prerequisite learning.,"AP Topics 3.3, 3.4",slope,numeric,,Assessment Plan + Course Framework; supplied AP Topic scoring guides consulted for representation/rigor only (no question wording copied).,
U3-S4-WU2-C01,MATH,3,3.4,warm_up_2,warm_up,wu2_c01,current,2,"Determine derivatives of inverse functions from equations, tables, and graphs, and apply inverse trigonometric derivative rules.","I can match corresponding function/inverse values, use reciprocal derivative relationships, and differentiate inverse-trigonometric compositions.","AP Topics 3.3, 3.4",inverse_table_relation,numeric,,Assessment Plan + Course Framework; supplied AP Topic scoring guides consulted for representation/rigor only (no question wording copied).,
U3-S4-WU2-L01,MATH,3,3.4,warm_up_2,warm_up,wu2_l01,last,1,"Differentiate implicit relations, solve for $dy/dx$, and use the result in tangent-line situations.",Retrieve recent learning.,"AP Topics 3.3, 3.4",implicit_notation,short_response,,Assessment Plan + Course Framework; supplied AP Topic scoring guides consulted for representation/rigor only (no question wording copied).,
U3-S4-WU2-M01,MATH,3,3.4,warm_up_2,warm_up,wu2_m01,mastery,2,Function notation and graph interpretation; algebraic manipulation; limit meaning and notation; rate-of-change reasoning.,Retrieve durable prerequisite learning.,"AP Topics 3.3, 3.4",continuity,numeric,,Assessment Plan + Course Framework; supplied AP Topic scoring guides consulted for representation/rigor only (no question wording copied).,
U3-S4-WU3-C01,MATH,3,3.4,warm_up_3,warm_up,wu3_c01,current,2,"Determine derivatives of inverse functions from equations, tables, and graphs, and apply inverse trigonometric derivative rules.","I can match corresponding function/inverse values, use reciprocal derivative relationships, and differentiate inverse-trigonometric compositions.","AP Topics 3.3, 3.4",inverse_equation,numeric,,Assessment Plan + Course Framework; supplied AP Topic scoring guides consulted for representation/rigor only (no question wording copied).,
U3-S4-WU3-L01,MATH,3,3.4,warm_up_3,warm_up,wu3_l01,last,3,"Differentiate implicit relations, solve for $dy/dx$, and use the result in tangent-line situations.",Retrieve recent learning.,"AP Topics 3.3, 3.4",implicit_strategy,constructed_response,,Assessment Plan + Course Framework; supplied AP Topic scoring guides consulted for representation/rigor only (no question wording copied).,
U3-S4-WU3-M01,MATH,3,3.4,warm_up_3,warm_up,wu3_m01,mastery,1,Function notation and graph interpretation; algebraic manipulation; limit meaning and notation; rate-of-change reasoning.,Retrieve durable prerequisite learning.,"AP Topics 3.3, 3.4",function_operations,numeric,,Assessment Plan + Course Framework; supplied AP Topic scoring guides consulted for representation/rigor only (no question wording copied).,
U3-S4-ET-A-C01,MATH,3,3.4,exit_ticket_a,exit_ticket,et_a_c01,current,2,"Determine derivatives of inverse functions from equations, tables, and graphs, and apply inverse trigonometric derivative rules.","I can match corresponding function/inverse values, use reciprocal derivative relationships, and differentiate inverse-trigonometric compositions.","AP Topics 3.3, 3.4",inverse_graph_relation,explanation,u3_s4_et_a_c01_inverse_pair.png,Assessment Plan + Course Framework; supplied AP Topic scoring guides consulted for representation/rigor only (no question wording copied).,
U3-S4-ET-A-C02,MATH,3,3.4,exit_ticket_a,exit_ticket,et_a_c02,current,1,"Determine derivatives of inverse functions from equations, tables, and graphs, and apply inverse trigonometric derivative rules.","I can match corresponding function/inverse values, use reciprocal derivative relationships, and differentiate inverse-trigonometric compositions.","AP Topics 3.3, 3.4",inverse_notation,explanation,,Assessment Plan + Course Framework; supplied AP Topic scoring guides consulted for representation/rigor only (no question wording copied).,
U3-S4-ET-A-L01,MATH,3,3.4,exit_ticket_a,exit_ticket,et_a_l01,last,2,"Differentiate implicit relations, solve for $dy/dx$, and use the result in tangent-line situations.",Retrieve recent learning.,"AP Topics 3.3, 3.4",implicit_basic,expression,,Assessment Plan + Course Framework; supplied AP Topic scoring guides consulted for representation/rigor only (no question wording copied).,
U3-S4-ET-A-M01,MATH,3,3.4,exit_ticket_a,exit_ticket,et_a_m01,mastery,2,Function notation and graph interpretation; algebraic manipulation; limit meaning and notation; rate-of-change reasoning.,Retrieve durable prerequisite learning.,"AP Topics 3.3, 3.4",algebraic_limit,numeric,,Assessment Plan + Course Framework; supplied AP Topic scoring guides consulted for representation/rigor only (no question wording copied).,
U3-S4-ET-B-C01,MATH,3,3.4,exit_ticket_b,exit_ticket,et_b_c01,current,1,"Determine derivatives of inverse functions from equations, tables, and graphs, and apply inverse trigonometric derivative rules.","I can match corresponding function/inverse values, use reciprocal derivative relationships, and differentiate inverse-trigonometric compositions.","AP Topics 3.3, 3.4",inverse_notation,explanation,,Assessment Plan + Course Framework; supplied AP Topic scoring guides consulted for representation/rigor only (no question wording copied).,
U3-S4-ET-B-C02,MATH,3,3.4,exit_ticket_b,exit_ticket,et_b_c02,current,2,"Determine derivatives of inverse functions from equations, tables, and graphs, and apply inverse trigonometric derivative rules.","I can match corresponding function/inverse values, use reciprocal derivative relationships, and differentiate inverse-trigonometric compositions.","AP Topics 3.3, 3.4",inverse_table_relation,numeric,,Assessment Plan + Course Framework; supplied AP Topic scoring guides consulted for representation/rigor only (no question wording copied).,
U3-S4-ET-B-L01,MATH,3,3.4,exit_ticket_b,exit_ticket,et_b_l01,last,2,"Differentiate implicit relations, solve for $dy/dx$, and use the result in tangent-line situations.",Retrieve recent learning.,"AP Topics 3.3, 3.4",implicit_product,expression,,Assessment Plan + Course Framework; supplied AP Topic scoring guides consulted for representation/rigor only (no question wording copied).,
U3-S4-ET-B-M01,MATH,3,3.4,exit_ticket_b,exit_ticket,et_b_m01,mastery,2,Function notation and graph interpretation; algebraic manipulation; limit meaning and notation; rate-of-change reasoning.,Retrieve durable prerequisite learning.,"AP Topics 3.3, 3.4",algebraic_limit,numeric,,Assessment Plan + Course Framework; supplied AP Topic scoring guides consulted for representation/rigor only (no question wording copied).,
U3-S4-ET-C-C01,MATH,3,3.4,exit_ticket_c,exit_ticket,et_c_c01,current,2,"Determine derivatives of inverse functions from equations, tables, and graphs, and apply inverse trigonometric derivative rules.","I can match corresponding function/inverse values, use reciprocal derivative relationships, and differentiate inverse-trigonometric compositions.","AP Topics 3.3, 3.4",inverse_table_relation,numeric,,Assessment Plan + Course Framework; supplied AP Topic scoring guides consulted for representation/rigor only (no question wording copied).,
U3-S4-ET-C-C02,MATH,3,3.4,exit_ticket_c,exit_ticket,et_c_c02,current,2,"Determine derivatives of inverse functions from equations, tables, and graphs, and apply inverse trigonometric derivative rules.","I can match corresponding function/inverse values, use reciprocal derivative relationships, and differentiate inverse-trigonometric compositions.","AP Topics 3.3, 3.4",inverse_equation,numeric,,Assessment Plan + Course Framework; supplied AP Topic scoring guides consulted for representation/rigor only (no question wording copied).,
U3-S4-ET-C-L01,MATH,3,3.4,exit_ticket_c,exit_ticket,et_c_l01,last,2,"Differentiate implicit relations, solve for $dy/dx$, and use the result in tangent-line situations.",Retrieve recent learning.,"AP Topics 3.3, 3.4",implicit_tangent_slope,numeric,,Assessment Plan + Course Framework; supplied AP Topic scoring guides consulted for representation/rigor only (no question wording copied).,
U3-S4-ET-C-M01,MATH,3,3.4,exit_ticket_c,exit_ticket,et_c_m01,mastery,2,Function notation and graph interpretation; algebraic manipulation; limit meaning and notation; rate-of-change reasoning.,Retrieve durable prerequisite learning.,"AP Topics 3.3, 3.4",algebraic_limit,numeric,,Assessment Plan + Course Framework; supplied AP Topic scoring guides consulted for representation/rigor only (no question wording copied).,
U3-S5-CYU-C01,MATH,3,3.5,cyu,cyu,c01,current,2,"Synthesize derivative rules, higher-order notation, procedure selection, and early motion connections to solve mixed derivative problems efficiently and accurately.","I can build and defend a derivative strategy for unfamiliar expressions, compute higher-order derivatives, and connect first and second derivatives to early motion meaning.",Unit 2-3 synthesis,higher_order_evaluation,numeric,,Assessment Plan + Course Framework; supplied AP Topic scoring guides consulted for representation/rigor only (no question wording copied).,
U3-S5-CYU-C02,MATH,3,3.5,cyu,cyu,c02,current,3,"Synthesize derivative rules, higher-order notation, procedure selection, and early motion connections to solve mixed derivative problems efficiently and accurately.","I can build and defend a derivative strategy for unfamiliar expressions, compute higher-order derivatives, and connect first and second derivatives to early motion meaning.",Unit 2-3 synthesis,strategy_critique,constructed_response,,Assessment Plan + Course Framework; supplied AP Topic scoring guides consulted for representation/rigor only (no question wording copied).,
U3-S5-CYU-L01,MATH,3,3.5,cyu,cyu,l01,last,2,"Determine derivatives of inverse functions from equations, tables, and graphs, and apply inverse trigonometric derivative rules.",Retrieve recent learning.,Unit 2-3 synthesis,inverse_equation,numeric,,Assessment Plan + Course Framework; supplied AP Topic scoring guides consulted for representation/rigor only (no question wording copied).,
U3-S5-CYU-L02,MATH,3,3.5,cyu,cyu,l02,last,2,"Determine derivatives of inverse functions from equations, tables, and graphs, and apply inverse trigonometric derivative rules.",Retrieve recent learning.,Unit 2-3 synthesis,inverse_trig_asin,expression,,Assessment Plan + Course Framework; supplied AP Topic scoring guides consulted for representation/rigor only (no question wording copied).,
U3-S5-CYU-M01,MATH,3,3.5,cyu,cyu,m01,mastery,2,Function notation and graph interpretation; algebraic manipulation; limit meaning and notation; rate-of-change reasoning.,Retrieve durable prerequisite learning.,Unit 2-3 synthesis,continuity,numeric,,Assessment Plan + Course Framework; supplied AP Topic scoring guides consulted for representation/rigor only (no question wording copied).,
U3-S5-CYU-M02,MATH,3,3.5,cyu,cyu,m02,mastery,1,Function notation and graph interpretation; algebraic manipulation; limit meaning and notation; rate-of-change reasoning.,Retrieve durable prerequisite learning.,Unit 2-3 synthesis,function_operations,numeric,,Assessment Plan + Course Framework; supplied AP Topic scoring guides consulted for representation/rigor only (no question wording copied).,
U3-S5-WU1-C01,MATH,3,3.5,warm_up_1,warm_up,wu1_c01,current,1,"Synthesize derivative rules, higher-order notation, procedure selection, and early motion connections to solve mixed derivative problems efficiently and accurately.","I can build and defend a derivative strategy for unfamiliar expressions, compute higher-order derivatives, and connect first and second derivatives to early motion meaning.",Unit 2-3 synthesis,procedure_selection,multiple_choice,,Assessment Plan + Course Framework; supplied AP Topic scoring guides consulted for representation/rigor only (no question wording copied).,
U3-S5-WU1-L01,MATH,3,3.5,warm_up_1,warm_up,wu1_l01,last,2,"Determine derivatives of inverse functions from equations, tables, and graphs, and apply inverse trigonometric derivative rules.",Retrieve recent learning.,Unit 2-3 synthesis,inverse_trig_atan,expression,,Assessment Plan + Course Framework; supplied AP Topic scoring guides consulted for representation/rigor only (no question wording copied).,
U3-S5-WU1-M01,MATH,3,3.5,warm_up_1,warm_up,wu1_m01,mastery,1,Function notation and graph interpretation; algebraic manipulation; limit meaning and notation; rate-of-change reasoning.,Retrieve durable prerequisite learning.,Unit 2-3 synthesis,slope,numeric,,Assessment Plan + Course Framework; supplied AP Topic scoring guides consulted for representation/rigor only (no question wording copied).,
U3-S5-WU2-C01,MATH,3,3.5,warm_up_2,warm_up,wu2_c01,current,2,"Synthesize derivative rules, higher-order notation, procedure selection, and early motion connections to solve mixed derivative problems efficiently and accurately.","I can build and defend a derivative strategy for unfamiliar expressions, compute higher-order derivatives, and connect first and second derivatives to early motion meaning.",Unit 2-3 synthesis,higher_order,expression,,Assessment Plan + Course Framework; supplied AP Topic scoring guides consulted for representation/rigor only (no question wording copied).,
U3-S5-WU2-L01,MATH,3,3.5,warm_up_2,warm_up,wu2_l01,last,2,"Determine derivatives of inverse functions from equations, tables, and graphs, and apply inverse trigonometric derivative rules.",Retrieve recent learning.,Unit 2-3 synthesis,inverse_graph_relation,explanation,u3_s5_wu2_l01_inverse_pair.png,Assessment Plan + Course Framework; supplied AP Topic scoring guides consulted for representation/rigor only (no question wording copied).,
U3-S5-WU2-M01,MATH,3,3.5,warm_up_2,warm_up,wu2_m01,mastery,2,Function notation and graph interpretation; algebraic manipulation; limit meaning and notation; rate-of-change reasoning.,Retrieve durable prerequisite learning.,Unit 2-3 synthesis,continuity,numeric,,Assessment Plan + Course Framework; supplied AP Topic scoring guides consulted for representation/rigor only (no question wording copied).,
U3-S5-WU3-C01,MATH,3,3.5,warm_up_3,warm_up,wu3_c01,current,3,"Synthesize derivative rules, higher-order notation, procedure selection, and early motion connections to solve mixed derivative problems efficiently and accurately.","I can build and defend a derivative strategy for unfamiliar expressions, compute higher-order derivatives, and connect first and second derivatives to early motion meaning.",Unit 2-3 synthesis,strategy_sequence,constructed_response,,Assessment Plan + Course Framework; supplied AP Topic scoring guides consulted for representation/rigor only (no question wording copied).,
U3-S5-WU3-L01,MATH,3,3.5,warm_up_3,warm_up,wu3_l01,last,1,"Determine derivatives of inverse functions from equations, tables, and graphs, and apply inverse trigonometric derivative rules.",Retrieve recent learning.,Unit 2-3 synthesis,inverse_notation,explanation,,Assessment Plan + Course Framework; supplied AP Topic scoring guides consulted for representation/rigor only (no question wording copied).,
U3-S5-WU3-M01,MATH,3,3.5,warm_up_3,warm_up,wu3_m01,mastery,1,Function notation and graph interpretation; algebraic manipulation; limit meaning and notation; rate-of-change reasoning.,Retrieve durable prerequisite learning.,Unit 2-3 synthesis,function_operations,numeric,,Assessment Plan + Course Framework; supplied AP Topic scoring guides consulted for representation/rigor only (no question wording copied).,
U3-S5-ET-A-C01,MATH,3,3.5,exit_ticket_a,exit_ticket,et_a_c01,current,3,"Synthesize derivative rules, higher-order notation, procedure selection, and early motion connections to solve mixed derivative problems efficiently and accurately.","I can build and defend a derivative strategy for unfamiliar expressions, compute higher-order derivatives, and connect first and second derivatives to early motion meaning.",Unit 2-3 synthesis,strategy_critique,constructed_response,,Assessment Plan + Course Framework; supplied AP Topic scoring guides consulted for representation/rigor only (no question wording copied).,
U3-S5-ET-A-C02,MATH,3,3.5,exit_ticket_a,exit_ticket,et_a_c02,current,1,"Synthesize derivative rules, higher-order notation, procedure selection, and early motion connections to solve mixed derivative problems efficiently and accurately.","I can build and defend a derivative strategy for unfamiliar expressions, compute higher-order derivatives, and connect first and second derivatives to early motion meaning.",Unit 2-3 synthesis,procedure_selection,multiple_choice,,Assessment Plan + Course Framework; supplied AP Topic scoring guides consulted for representation/rigor only (no question wording copied).,
U3-S5-ET-A-L01,MATH,3,3.5,exit_ticket_a,exit_ticket,et_a_l01,last,2,"Determine derivatives of inverse functions from equations, tables, and graphs, and apply inverse trigonometric derivative rules.",Retrieve recent learning.,Unit 2-3 synthesis,inverse_table_relation,numeric,,Assessment Plan + Course Framework; supplied AP Topic scoring guides consulted for representation/rigor only (no question wording copied).,
U3-S5-ET-A-M01,MATH,3,3.5,exit_ticket_a,exit_ticket,et_a_m01,mastery,2,Function notation and graph interpretation; algebraic manipulation; limit meaning and notation; rate-of-change reasoning.,Retrieve durable prerequisite learning.,Unit 2-3 synthesis,algebraic_limit,numeric,,Assessment Plan + Course Framework; supplied AP Topic scoring guides consulted for representation/rigor only (no question wording copied).,
U3-S5-ET-B-C01,MATH,3,3.5,exit_ticket_b,exit_ticket,et_b_c01,current,1,"Synthesize derivative rules, higher-order notation, procedure selection, and early motion connections to solve mixed derivative problems efficiently and accurately.","I can build and defend a derivative strategy for unfamiliar expressions, compute higher-order derivatives, and connect first and second derivatives to early motion meaning.",Unit 2-3 synthesis,procedure_selection,multiple_choice,,Assessment Plan + Course Framework; supplied AP Topic scoring guides consulted for representation/rigor only (no question wording copied).,
U3-S5-ET-B-C02,MATH,3,3.5,exit_ticket_b,exit_ticket,et_b_c02,current,2,"Synthesize derivative rules, higher-order notation, procedure selection, and early motion connections to solve mixed derivative problems efficiently and accurately.","I can build and defend a derivative strategy for unfamiliar expressions, compute higher-order derivatives, and connect first and second derivatives to early motion meaning.",Unit 2-3 synthesis,higher_order,expression,,Assessment Plan + Course Framework; supplied AP Topic scoring guides consulted for representation/rigor only (no question wording copied).,
U3-S5-ET-B-L01,MATH,3,3.5,exit_ticket_b,exit_ticket,et_b_l01,last,2,"Determine derivatives of inverse functions from equations, tables, and graphs, and apply inverse trigonometric derivative rules.",Retrieve recent learning.,Unit 2-3 synthesis,inverse_equation,numeric,,Assessment Plan + Course Framework; supplied AP Topic scoring guides consulted for representation/rigor only (no question wording copied).,
U3-S5-ET-B-M01,MATH,3,3.5,exit_ticket_b,exit_ticket,et_b_m01,mastery,2,Function notation and graph interpretation; algebraic manipulation; limit meaning and notation; rate-of-change reasoning.,Retrieve durable prerequisite learning.,Unit 2-3 synthesis,algebraic_limit,numeric,,Assessment Plan + Course Framework; supplied AP Topic scoring guides consulted for representation/rigor only (no question wording copied).,
U3-S5-ET-C-C01,MATH,3,3.5,exit_ticket_c,exit_ticket,et_c_c01,current,2,"Synthesize derivative rules, higher-order notation, procedure selection, and early motion connections to solve mixed derivative problems efficiently and accurately.","I can build and defend a derivative strategy for unfamiliar expressions, compute higher-order derivatives, and connect first and second derivatives to early motion meaning.",Unit 2-3 synthesis,higher_order,expression,,Assessment Plan + Course Framework; supplied AP Topic scoring guides consulted for representation/rigor only (no question wording copied).,
U3-S5-ET-C-C02,MATH,3,3.5,exit_ticket_c,exit_ticket,et_c_c02,current,3,"Synthesize derivative rules, higher-order notation, procedure selection, and early motion connections to solve mixed derivative problems efficiently and accurately.","I can build and defend a derivative strategy for unfamiliar expressions, compute higher-order derivatives, and connect first and second derivatives to early motion meaning.",Unit 2-3 synthesis,strategy_sequence,constructed_response,,Assessment Plan + Course Framework; supplied AP Topic scoring guides consulted for representation/rigor only (no question wording copied).,
U3-S5-ET-C-L01,MATH,3,3.5,exit_ticket_c,exit_ticket,et_c_l01,last,2,"Determine derivatives of inverse functions from equations, tables, and graphs, and apply inverse trigonometric derivative rules.",Retrieve recent learning.,Unit 2-3 synthesis,inverse_trig_asin,expression,,Assessment Plan + Course Framework; supplied AP Topic scoring guides consulted for representation/rigor only (no question wording copied).,
U3-S5-ET-C-M01,MATH,3,3.5,exit_ticket_c,exit_ticket,et_c_m01,mastery,2,Function notation and graph interpretation; algebraic manipulation; limit meaning and notation; rate-of-change reasoning.,Retrieve durable prerequisite learning.,Unit 2-3 synthesis,algebraic_limit,numeric,,Assessment Plan + Course Framework; supplied AP Topic scoring guides consulted for representation/rigor only (no question wording copied).,
U3-S1-PERF01,MATH,3,3.1,performance_future_task,performance,perf01,performance,3,Differentiate composite functions by identifying outer and inner structure and applying the chain rule with accurate notation.,I can differentiate composite and nested functions by tracing outer/inner structure and multiplying by each required inner derivative.,AP Topic 3.1,chain_structure_transfer,performance_response,,Assessment Plan + Course Framework; supplied AP Topic scoring guides consulted for representation/rigor only (no question wording copied).,Performance-oriented evidence aligned to Unit 3 assessment-plan opportunities.
U3-S2-PERF01,MATH,3,3.2,performance_future_task,performance,perf01,performance,3,"Select and combine product, quotient, chain, and core derivative rules in mixed expressions and use higher-order derivative notation.",I can choose an efficient sequence of derivative rules for nested products or quotients and use first- and higher-order derivative notation precisely.,"AP Topics 3.5, 3.6",mixed_strategy_comparison,performance_response,,Assessment Plan + Course Framework; supplied AP Topic scoring guides consulted for representation/rigor only (no question wording copied).,Performance-oriented evidence aligned to Unit 3 assessment-plan opportunities.
U3-S3-PERF01,MATH,3,3.3,performance_future_task,performance,perf01,performance,4,"Differentiate implicit relations, solve for $dy/dx$, and use the result in tangent-line situations.","I can include the required $dy/dx$ factors, solve an implicit derivative equation, and use it to find a tangent slope or tangent line.",AP Topic 3.2,implicit_curve_investigation,performance_response,,Assessment Plan + Course Framework; supplied AP Topic scoring guides consulted for representation/rigor only (no question wording copied).,Performance-oriented evidence aligned to Unit 3 assessment-plan opportunities.
U3-S4-PERF01,MATH,3,3.4,performance_future_task,performance,perf01,performance,4,"Determine derivatives of inverse functions from equations, tables, and graphs, and apply inverse trigonometric derivative rules.","I can match corresponding function/inverse values, use reciprocal derivative relationships, and differentiate inverse-trigonometric compositions.","AP Topics 3.3, 3.4",inverse_relationship_model,performance_response,u3_s4_perf01_inverse_model.png,Assessment Plan + Course Framework; supplied AP Topic scoring guides consulted for representation/rigor only (no question wording copied).,Performance-oriented evidence aligned to Unit 3 assessment-plan opportunities.
U3-S5-PERF01,MATH,3,3.5,performance_future_task,performance,perf01,performance,4,"Synthesize derivative rules, higher-order notation, procedure selection, and early motion connections to solve mixed derivative problems efficiently and accurately.","I can build and defend a derivative strategy for unfamiliar expressions, compute higher-order derivatives, and connect first and second derivatives to early motion meaning.",Unit 2-3 synthesis,rule_selection_performance,performance_response,,Assessment Plan + Course Framework; supplied AP Topic scoring guides consulted for representation/rigor only (no question wording copied).,Performance-oriented evidence aligned to Unit 3 assessment-plan opportunities.
U3-FA-D1-01-V1,MATH,3,3.1,formative_assessment,formative,d1_01_v1,n-a,1,Differentiate composite functions by identifying outer and inner structure and applying the chain rule with accurate notation.,I can differentiate composite and nested functions by tracing outer/inner structure and multiplying by each required inner derivative.,AP Topic 3.1,chain_structure,short_response,,Assessment Plan + Course Framework; supplied AP Topic scoring guides consulted for representation/rigor only (no question wording copied).,Assessment-plan family: Chain Structure Check; eligible after Section 3.1; version 1. 
U3-FA-D1-01-V2,MATH,3,3.1,formative_assessment,formative,d1_01_v2,n-a,1,Differentiate composite functions by identifying outer and inner structure and applying the chain rule with accurate notation.,I can differentiate composite and nested functions by tracing outer/inner structure and multiplying by each required inner derivative.,AP Topic 3.1,chain_structure,short_response,,Assessment Plan + Course Framework; supplied AP Topic scoring guides consulted for representation/rigor only (no question wording copied).,Assessment-plan family: Chain Structure Check; eligible after Section 3.1; version 2. 
U3-FA-D1-01-V3,MATH,3,3.1,formative_assessment,formative,d1_01_v3,n-a,1,Differentiate composite functions by identifying outer and inner structure and applying the chain rule with accurate notation.,I can differentiate composite and nested functions by tracing outer/inner structure and multiplying by each required inner derivative.,AP Topic 3.1,chain_structure,short_response,,Assessment Plan + Course Framework; supplied AP Topic scoring guides consulted for representation/rigor only (no question wording copied).,Assessment-plan family: Chain Structure Check; eligible after Section 3.1; version 3. 
U3-FA-D1-01-V4,MATH,3,3.1,formative_assessment,formative,d1_01_v4,n-a,1,Differentiate composite functions by identifying outer and inner structure and applying the chain rule with accurate notation.,I can differentiate composite and nested functions by tracing outer/inner structure and multiplying by each required inner derivative.,AP Topic 3.1,chain_structure,short_response,,Assessment Plan + Course Framework; supplied AP Topic scoring guides consulted for representation/rigor only (no question wording copied).,Assessment-plan family: Chain Structure Check; eligible after Section 3.1; version 4. 
U3-FA-D1-01-V5,MATH,3,3.1,formative_assessment,formative,d1_01_v5,n-a,1,Differentiate composite functions by identifying outer and inner structure and applying the chain rule with accurate notation.,I can differentiate composite and nested functions by tracing outer/inner structure and multiplying by each required inner derivative.,AP Topic 3.1,chain_structure,short_response,,Assessment Plan + Course Framework; supplied AP Topic scoring guides consulted for representation/rigor only (no question wording copied).,Assessment-plan family: Chain Structure Check; eligible after Section 3.1; version 5. 
U3-FA-D1-01-V6,MATH,3,3.1,formative_assessment,formative,d1_01_v6,n-a,1,Differentiate composite functions by identifying outer and inner structure and applying the chain rule with accurate notation.,I can differentiate composite and nested functions by tracing outer/inner structure and multiplying by each required inner derivative.,AP Topic 3.1,chain_structure,short_response,,Assessment Plan + Course Framework; supplied AP Topic scoring guides consulted for representation/rigor only (no question wording copied).,Assessment-plan family: Chain Structure Check; eligible after Section 3.1; version 6. 
U3-FA-D1-01-V7,MATH,3,3.1,formative_assessment,formative,d1_01_v7,n-a,1,Differentiate composite functions by identifying outer and inner structure and applying the chain rule with accurate notation.,I can differentiate composite and nested functions by tracing outer/inner structure and multiplying by each required inner derivative.,AP Topic 3.1,chain_structure,short_response,,Assessment Plan + Course Framework; supplied AP Topic scoring guides consulted for representation/rigor only (no question wording copied).,Assessment-plan family: Chain Structure Check; eligible after Section 3.1; version 7. 
U3-FA-D1-01-V8,MATH,3,3.1,formative_assessment,formative,d1_01_v8,n-a,1,Differentiate composite functions by identifying outer and inner structure and applying the chain rule with accurate notation.,I can differentiate composite and nested functions by tracing outer/inner structure and multiplying by each required inner derivative.,AP Topic 3.1,chain_structure,short_response,,Assessment Plan + Course Framework; supplied AP Topic scoring guides consulted for representation/rigor only (no question wording copied).,Assessment-plan family: Chain Structure Check; eligible after Section 3.1; version 8. 
U3-FA-D1-02-V1,MATH,3,3.2,formative_assessment,formative,d1_02_v1,n-a,1,"Select and combine product, quotient, chain, and core derivative rules in mixed expressions and use higher-order derivative notation.",I can choose an efficient sequence of derivative rules for nested products or quotients and use first- and higher-order derivative notation precisely.,"AP Topics 3.5, 3.6",rule_identification,matching,,Assessment Plan + Course Framework; supplied AP Topic scoring guides consulted for representation/rigor only (no question wording copied).,Assessment-plan family: Mixed Rule Identification; eligible after Section 3.2; version 1. 
U3-FA-D1-02-V2,MATH,3,3.2,formative_assessment,formative,d1_02_v2,n-a,1,"Select and combine product, quotient, chain, and core derivative rules in mixed expressions and use higher-order derivative notation.",I can choose an efficient sequence of derivative rules for nested products or quotients and use first- and higher-order derivative notation precisely.,"AP Topics 3.5, 3.6",rule_identification,matching,,Assessment Plan + Course Framework; supplied AP Topic scoring guides consulted for representation/rigor only (no question wording copied).,Assessment-plan family: Mixed Rule Identification; eligible after Section 3.2; version 2. 
U3-FA-D1-02-V3,MATH,3,3.2,formative_assessment,formative,d1_02_v3,n-a,1,"Select and combine product, quotient, chain, and core derivative rules in mixed expressions and use higher-order derivative notation.",I can choose an efficient sequence of derivative rules for nested products or quotients and use first- and higher-order derivative notation precisely.,"AP Topics 3.5, 3.6",rule_identification,matching,,Assessment Plan + Course Framework; supplied AP Topic scoring guides consulted for representation/rigor only (no question wording copied).,Assessment-plan family: Mixed Rule Identification; eligible after Section 3.2; version 3. 
U3-FA-D1-02-V4,MATH,3,3.2,formative_assessment,formative,d1_02_v4,n-a,1,"Select and combine product, quotient, chain, and core derivative rules in mixed expressions and use higher-order derivative notation.",I can choose an efficient sequence of derivative rules for nested products or quotients and use first- and higher-order derivative notation precisely.,"AP Topics 3.5, 3.6",rule_identification,matching,,Assessment Plan + Course Framework; supplied AP Topic scoring guides consulted for representation/rigor only (no question wording copied).,Assessment-plan family: Mixed Rule Identification; eligible after Section 3.2; version 4. 
U3-FA-D1-02-V5,MATH,3,3.2,formative_assessment,formative,d1_02_v5,n-a,1,"Select and combine product, quotient, chain, and core derivative rules in mixed expressions and use higher-order derivative notation.",I can choose an efficient sequence of derivative rules for nested products or quotients and use first- and higher-order derivative notation precisely.,"AP Topics 3.5, 3.6",rule_identification,matching,,Assessment Plan + Course Framework; supplied AP Topic scoring guides consulted for representation/rigor only (no question wording copied).,Assessment-plan family: Mixed Rule Identification; eligible after Section 3.2; version 5. 
U3-FA-D1-02-V6,MATH,3,3.2,formative_assessment,formative,d1_02_v6,n-a,1,"Select and combine product, quotient, chain, and core derivative rules in mixed expressions and use higher-order derivative notation.",I can choose an efficient sequence of derivative rules for nested products or quotients and use first- and higher-order derivative notation precisely.,"AP Topics 3.5, 3.6",rule_identification,matching,,Assessment Plan + Course Framework; supplied AP Topic scoring guides consulted for representation/rigor only (no question wording copied).,Assessment-plan family: Mixed Rule Identification; eligible after Section 3.2; version 6. 
U3-FA-D1-02-V7,MATH,3,3.2,formative_assessment,formative,d1_02_v7,n-a,1,"Select and combine product, quotient, chain, and core derivative rules in mixed expressions and use higher-order derivative notation.",I can choose an efficient sequence of derivative rules for nested products or quotients and use first- and higher-order derivative notation precisely.,"AP Topics 3.5, 3.6",rule_identification,matching,,Assessment Plan + Course Framework; supplied AP Topic scoring guides consulted for representation/rigor only (no question wording copied).,Assessment-plan family: Mixed Rule Identification; eligible after Section 3.2; version 7. 
U3-FA-D1-02-V8,MATH,3,3.2,formative_assessment,formative,d1_02_v8,n-a,1,"Select and combine product, quotient, chain, and core derivative rules in mixed expressions and use higher-order derivative notation.",I can choose an efficient sequence of derivative rules for nested products or quotients and use first- and higher-order derivative notation precisely.,"AP Topics 3.5, 3.6",rule_identification,matching,,Assessment Plan + Course Framework; supplied AP Topic scoring guides consulted for representation/rigor only (no question wording copied).,Assessment-plan family: Mixed Rule Identification; eligible after Section 3.2; version 8. 
U3-FA-D1-03-V1,MATH,3,3.3,formative_assessment,formative,d1_03_v1,n-a,1,"Differentiate implicit relations, solve for $dy/dx$, and use the result in tangent-line situations.","I can include the required $dy/dx$ factors, solve an implicit derivative equation, and use it to find a tangent slope or tangent line.",AP Topic 3.2,implicit_notation,short_response,,Assessment Plan + Course Framework; supplied AP Topic scoring guides consulted for representation/rigor only (no question wording copied).,Assessment-plan family: Implicit Notation Check; eligible after Section 3.3; version 1. 
U3-FA-D1-03-V2,MATH,3,3.3,formative_assessment,formative,d1_03_v2,n-a,1,"Differentiate implicit relations, solve for $dy/dx$, and use the result in tangent-line situations.","I can include the required $dy/dx$ factors, solve an implicit derivative equation, and use it to find a tangent slope or tangent line.",AP Topic 3.2,implicit_notation,short_response,,Assessment Plan + Course Framework; supplied AP Topic scoring guides consulted for representation/rigor only (no question wording copied).,Assessment-plan family: Implicit Notation Check; eligible after Section 3.3; version 2. 
U3-FA-D1-03-V3,MATH,3,3.3,formative_assessment,formative,d1_03_v3,n-a,1,"Differentiate implicit relations, solve for $dy/dx$, and use the result in tangent-line situations.","I can include the required $dy/dx$ factors, solve an implicit derivative equation, and use it to find a tangent slope or tangent line.",AP Topic 3.2,implicit_notation,short_response,,Assessment Plan + Course Framework; supplied AP Topic scoring guides consulted for representation/rigor only (no question wording copied).,Assessment-plan family: Implicit Notation Check; eligible after Section 3.3; version 3. 
U3-FA-D1-03-V4,MATH,3,3.3,formative_assessment,formative,d1_03_v4,n-a,1,"Differentiate implicit relations, solve for $dy/dx$, and use the result in tangent-line situations.","I can include the required $dy/dx$ factors, solve an implicit derivative equation, and use it to find a tangent slope or tangent line.",AP Topic 3.2,implicit_notation,short_response,,Assessment Plan + Course Framework; supplied AP Topic scoring guides consulted for representation/rigor only (no question wording copied).,Assessment-plan family: Implicit Notation Check; eligible after Section 3.3; version 4. 
U3-FA-D1-03-V5,MATH,3,3.3,formative_assessment,formative,d1_03_v5,n-a,1,"Differentiate implicit relations, solve for $dy/dx$, and use the result in tangent-line situations.","I can include the required $dy/dx$ factors, solve an implicit derivative equation, and use it to find a tangent slope or tangent line.",AP Topic 3.2,implicit_notation,short_response,,Assessment Plan + Course Framework; supplied AP Topic scoring guides consulted for representation/rigor only (no question wording copied).,Assessment-plan family: Implicit Notation Check; eligible after Section 3.3; version 5. 
U3-FA-D1-03-V6,MATH,3,3.3,formative_assessment,formative,d1_03_v6,n-a,1,"Differentiate implicit relations, solve for $dy/dx$, and use the result in tangent-line situations.","I can include the required $dy/dx$ factors, solve an implicit derivative equation, and use it to find a tangent slope or tangent line.",AP Topic 3.2,implicit_notation,short_response,,Assessment Plan + Course Framework; supplied AP Topic scoring guides consulted for representation/rigor only (no question wording copied).,Assessment-plan family: Implicit Notation Check; eligible after Section 3.3; version 6. 
U3-FA-D1-03-V7,MATH,3,3.3,formative_assessment,formative,d1_03_v7,n-a,1,"Differentiate implicit relations, solve for $dy/dx$, and use the result in tangent-line situations.","I can include the required $dy/dx$ factors, solve an implicit derivative equation, and use it to find a tangent slope or tangent line.",AP Topic 3.2,implicit_notation,short_response,,Assessment Plan + Course Framework; supplied AP Topic scoring guides consulted for representation/rigor only (no question wording copied).,Assessment-plan family: Implicit Notation Check; eligible after Section 3.3; version 7. 
U3-FA-D1-03-V8,MATH,3,3.3,formative_assessment,formative,d1_03_v8,n-a,1,"Differentiate implicit relations, solve for $dy/dx$, and use the result in tangent-line situations.","I can include the required $dy/dx$ factors, solve an implicit derivative equation, and use it to find a tangent slope or tangent line.",AP Topic 3.2,implicit_notation,short_response,,Assessment Plan + Course Framework; supplied AP Topic scoring guides consulted for representation/rigor only (no question wording copied).,Assessment-plan family: Implicit Notation Check; eligible after Section 3.3; version 8. 
U3-FA-D1-04-V1,MATH,3,3.4,formative_assessment,formative,d1_04_v1,n-a,1,"Determine derivatives of inverse functions from equations, tables, and graphs, and apply inverse trigonometric derivative rules.","I can match corresponding function/inverse values, use reciprocal derivative relationships, and differentiate inverse-trigonometric compositions.","AP Topics 3.3, 3.4",inverse_recognition,multiple_choice,,Assessment Plan + Course Framework; supplied AP Topic scoring guides consulted for representation/rigor only (no question wording copied).,Assessment-plan family: Inverse Derivative Recognition; eligible after Section 3.4; version 1. 
U3-FA-D1-04-V2,MATH,3,3.4,formative_assessment,formative,d1_04_v2,n-a,1,"Determine derivatives of inverse functions from equations, tables, and graphs, and apply inverse trigonometric derivative rules.","I can match corresponding function/inverse values, use reciprocal derivative relationships, and differentiate inverse-trigonometric compositions.","AP Topics 3.3, 3.4",inverse_recognition,multiple_choice,,Assessment Plan + Course Framework; supplied AP Topic scoring guides consulted for representation/rigor only (no question wording copied).,Assessment-plan family: Inverse Derivative Recognition; eligible after Section 3.4; version 2. 
U3-FA-D1-04-V3,MATH,3,3.4,formative_assessment,formative,d1_04_v3,n-a,1,"Determine derivatives of inverse functions from equations, tables, and graphs, and apply inverse trigonometric derivative rules.","I can match corresponding function/inverse values, use reciprocal derivative relationships, and differentiate inverse-trigonometric compositions.","AP Topics 3.3, 3.4",inverse_recognition,multiple_choice,,Assessment Plan + Course Framework; supplied AP Topic scoring guides consulted for representation/rigor only (no question wording copied).,Assessment-plan family: Inverse Derivative Recognition; eligible after Section 3.4; version 3. 
U3-FA-D1-04-V4,MATH,3,3.4,formative_assessment,formative,d1_04_v4,n-a,1,"Determine derivatives of inverse functions from equations, tables, and graphs, and apply inverse trigonometric derivative rules.","I can match corresponding function/inverse values, use reciprocal derivative relationships, and differentiate inverse-trigonometric compositions.","AP Topics 3.3, 3.4",inverse_recognition,multiple_choice,,Assessment Plan + Course Framework; supplied AP Topic scoring guides consulted for representation/rigor only (no question wording copied).,Assessment-plan family: Inverse Derivative Recognition; eligible after Section 3.4; version 4. 
U3-FA-D1-04-V5,MATH,3,3.4,formative_assessment,formative,d1_04_v5,n-a,1,"Determine derivatives of inverse functions from equations, tables, and graphs, and apply inverse trigonometric derivative rules.","I can match corresponding function/inverse values, use reciprocal derivative relationships, and differentiate inverse-trigonometric compositions.","AP Topics 3.3, 3.4",inverse_recognition,multiple_choice,,Assessment Plan + Course Framework; supplied AP Topic scoring guides consulted for representation/rigor only (no question wording copied).,Assessment-plan family: Inverse Derivative Recognition; eligible after Section 3.4; version 5. 
U3-FA-D1-04-V6,MATH,3,3.4,formative_assessment,formative,d1_04_v6,n-a,1,"Determine derivatives of inverse functions from equations, tables, and graphs, and apply inverse trigonometric derivative rules.","I can match corresponding function/inverse values, use reciprocal derivative relationships, and differentiate inverse-trigonometric compositions.","AP Topics 3.3, 3.4",inverse_recognition,multiple_choice,,Assessment Plan + Course Framework; supplied AP Topic scoring guides consulted for representation/rigor only (no question wording copied).,Assessment-plan family: Inverse Derivative Recognition; eligible after Section 3.4; version 6. 
U3-FA-D1-04-V7,MATH,3,3.4,formative_assessment,formative,d1_04_v7,n-a,1,"Determine derivatives of inverse functions from equations, tables, and graphs, and apply inverse trigonometric derivative rules.","I can match corresponding function/inverse values, use reciprocal derivative relationships, and differentiate inverse-trigonometric compositions.","AP Topics 3.3, 3.4",inverse_recognition,multiple_choice,,Assessment Plan + Course Framework; supplied AP Topic scoring guides consulted for representation/rigor only (no question wording copied).,Assessment-plan family: Inverse Derivative Recognition; eligible after Section 3.4; version 7. 
U3-FA-D1-04-V8,MATH,3,3.4,formative_assessment,formative,d1_04_v8,n-a,1,"Determine derivatives of inverse functions from equations, tables, and graphs, and apply inverse trigonometric derivative rules.","I can match corresponding function/inverse values, use reciprocal derivative relationships, and differentiate inverse-trigonometric compositions.","AP Topics 3.3, 3.4",inverse_recognition,multiple_choice,,Assessment Plan + Course Framework; supplied AP Topic scoring guides consulted for representation/rigor only (no question wording copied).,Assessment-plan family: Inverse Derivative Recognition; eligible after Section 3.4; version 8. 
U3-FA-D2-01-V1,MATH,3,3.1,formative_assessment,formative,d2_01_v1,n-a,2,Differentiate composite functions by identifying outer and inner structure and applying the chain rule with accurate notation.,I can differentiate composite and nested functions by tracing outer/inner structure and multiplying by each required inner derivative.,AP Topic 3.1,chain_application,expression,,Assessment Plan + Course Framework; supplied AP Topic scoring guides consulted for representation/rigor only (no question wording copied).,Assessment-plan family: Chain Rule Application; eligible after Section 3.1; version 1. 
U3-FA-D2-01-V2,MATH,3,3.1,formative_assessment,formative,d2_01_v2,n-a,2,Differentiate composite functions by identifying outer and inner structure and applying the chain rule with accurate notation.,I can differentiate composite and nested functions by tracing outer/inner structure and multiplying by each required inner derivative.,AP Topic 3.1,chain_application,expression,,Assessment Plan + Course Framework; supplied AP Topic scoring guides consulted for representation/rigor only (no question wording copied).,Assessment-plan family: Chain Rule Application; eligible after Section 3.1; version 2. 
U3-FA-D2-01-V3,MATH,3,3.1,formative_assessment,formative,d2_01_v3,n-a,2,Differentiate composite functions by identifying outer and inner structure and applying the chain rule with accurate notation.,I can differentiate composite and nested functions by tracing outer/inner structure and multiplying by each required inner derivative.,AP Topic 3.1,chain_application,expression,,Assessment Plan + Course Framework; supplied AP Topic scoring guides consulted for representation/rigor only (no question wording copied).,Assessment-plan family: Chain Rule Application; eligible after Section 3.1; version 3. 
U3-FA-D2-01-V4,MATH,3,3.1,formative_assessment,formative,d2_01_v4,n-a,2,Differentiate composite functions by identifying outer and inner structure and applying the chain rule with accurate notation.,I can differentiate composite and nested functions by tracing outer/inner structure and multiplying by each required inner derivative.,AP Topic 3.1,chain_application,expression,,Assessment Plan + Course Framework; supplied AP Topic scoring guides consulted for representation/rigor only (no question wording copied).,Assessment-plan family: Chain Rule Application; eligible after Section 3.1; version 4. 
U3-FA-D2-01-V5,MATH,3,3.1,formative_assessment,formative,d2_01_v5,n-a,2,Differentiate composite functions by identifying outer and inner structure and applying the chain rule with accurate notation.,I can differentiate composite and nested functions by tracing outer/inner structure and multiplying by each required inner derivative.,AP Topic 3.1,chain_application,expression,,Assessment Plan + Course Framework; supplied AP Topic scoring guides consulted for representation/rigor only (no question wording copied).,Assessment-plan family: Chain Rule Application; eligible after Section 3.1; version 5. 
U3-FA-D2-01-V6,MATH,3,3.1,formative_assessment,formative,d2_01_v6,n-a,2,Differentiate composite functions by identifying outer and inner structure and applying the chain rule with accurate notation.,I can differentiate composite and nested functions by tracing outer/inner structure and multiplying by each required inner derivative.,AP Topic 3.1,chain_application,expression,,Assessment Plan + Course Framework; supplied AP Topic scoring guides consulted for representation/rigor only (no question wording copied).,Assessment-plan family: Chain Rule Application; eligible after Section 3.1; version 6. 
U3-FA-D2-01-V7,MATH,3,3.1,formative_assessment,formative,d2_01_v7,n-a,2,Differentiate composite functions by identifying outer and inner structure and applying the chain rule with accurate notation.,I can differentiate composite and nested functions by tracing outer/inner structure and multiplying by each required inner derivative.,AP Topic 3.1,chain_application,expression,,Assessment Plan + Course Framework; supplied AP Topic scoring guides consulted for representation/rigor only (no question wording copied).,Assessment-plan family: Chain Rule Application; eligible after Section 3.1; version 7. 
U3-FA-D2-01-V8,MATH,3,3.1,formative_assessment,formative,d2_01_v8,n-a,2,Differentiate composite functions by identifying outer and inner structure and applying the chain rule with accurate notation.,I can differentiate composite and nested functions by tracing outer/inner structure and multiplying by each required inner derivative.,AP Topic 3.1,chain_application,expression,,Assessment Plan + Course Framework; supplied AP Topic scoring guides consulted for representation/rigor only (no question wording copied).,Assessment-plan family: Chain Rule Application; eligible after Section 3.1; version 8. 
U3-FA-D2-02-V1,MATH,3,3.2,formative_assessment,formative,d2_02_v1,n-a,2,"Select and combine product, quotient, chain, and core derivative rules in mixed expressions and use higher-order derivative notation.",I can choose an efficient sequence of derivative rules for nested products or quotients and use first- and higher-order derivative notation precisely.,"AP Topics 3.5, 3.6",mixed_procedure,expression,,Assessment Plan + Course Framework; supplied AP Topic scoring guides consulted for representation/rigor only (no question wording copied).,Assessment-plan family: Mixed Derivative Procedure; eligible after Section 3.2; version 1. 
U3-FA-D2-02-V2,MATH,3,3.2,formative_assessment,formative,d2_02_v2,n-a,2,"Select and combine product, quotient, chain, and core derivative rules in mixed expressions and use higher-order derivative notation.",I can choose an efficient sequence of derivative rules for nested products or quotients and use first- and higher-order derivative notation precisely.,"AP Topics 3.5, 3.6",mixed_procedure,expression,,Assessment Plan + Course Framework; supplied AP Topic scoring guides consulted for representation/rigor only (no question wording copied).,Assessment-plan family: Mixed Derivative Procedure; eligible after Section 3.2; version 2. 
U3-FA-D2-02-V3,MATH,3,3.2,formative_assessment,formative,d2_02_v3,n-a,2,"Select and combine product, quotient, chain, and core derivative rules in mixed expressions and use higher-order derivative notation.",I can choose an efficient sequence of derivative rules for nested products or quotients and use first- and higher-order derivative notation precisely.,"AP Topics 3.5, 3.6",mixed_procedure,expression,,Assessment Plan + Course Framework; supplied AP Topic scoring guides consulted for representation/rigor only (no question wording copied).,Assessment-plan family: Mixed Derivative Procedure; eligible after Section 3.2; version 3. 
U3-FA-D2-02-V4,MATH,3,3.2,formative_assessment,formative,d2_02_v4,n-a,2,"Select and combine product, quotient, chain, and core derivative rules in mixed expressions and use higher-order derivative notation.",I can choose an efficient sequence of derivative rules for nested products or quotients and use first- and higher-order derivative notation precisely.,"AP Topics 3.5, 3.6",mixed_procedure,expression,,Assessment Plan + Course Framework; supplied AP Topic scoring guides consulted for representation/rigor only (no question wording copied).,Assessment-plan family: Mixed Derivative Procedure; eligible after Section 3.2; version 4. 
U3-FA-D2-02-V5,MATH,3,3.2,formative_assessment,formative,d2_02_v5,n-a,2,"Select and combine product, quotient, chain, and core derivative rules in mixed expressions and use higher-order derivative notation.",I can choose an efficient sequence of derivative rules for nested products or quotients and use first- and higher-order derivative notation precisely.,"AP Topics 3.5, 3.6",mixed_procedure,expression,,Assessment Plan + Course Framework; supplied AP Topic scoring guides consulted for representation/rigor only (no question wording copied).,Assessment-plan family: Mixed Derivative Procedure; eligible after Section 3.2; version 5. 
U3-FA-D2-02-V6,MATH,3,3.2,formative_assessment,formative,d2_02_v6,n-a,2,"Select and combine product, quotient, chain, and core derivative rules in mixed expressions and use higher-order derivative notation.",I can choose an efficient sequence of derivative rules for nested products or quotients and use first- and higher-order derivative notation precisely.,"AP Topics 3.5, 3.6",mixed_procedure,expression,,Assessment Plan + Course Framework; supplied AP Topic scoring guides consulted for representation/rigor only (no question wording copied).,Assessment-plan family: Mixed Derivative Procedure; eligible after Section 3.2; version 6. 
U3-FA-D2-02-V7,MATH,3,3.2,formative_assessment,formative,d2_02_v7,n-a,2,"Select and combine product, quotient, chain, and core derivative rules in mixed expressions and use higher-order derivative notation.",I can choose an efficient sequence of derivative rules for nested products or quotients and use first- and higher-order derivative notation precisely.,"AP Topics 3.5, 3.6",mixed_procedure,expression,,Assessment Plan + Course Framework; supplied AP Topic scoring guides consulted for representation/rigor only (no question wording copied).,Assessment-plan family: Mixed Derivative Procedure; eligible after Section 3.2; version 7. 
U3-FA-D2-02-V8,MATH,3,3.2,formative_assessment,formative,d2_02_v8,n-a,2,"Select and combine product, quotient, chain, and core derivative rules in mixed expressions and use higher-order derivative notation.",I can choose an efficient sequence of derivative rules for nested products or quotients and use first- and higher-order derivative notation precisely.,"AP Topics 3.5, 3.6",mixed_procedure,expression,,Assessment Plan + Course Framework; supplied AP Topic scoring guides consulted for representation/rigor only (no question wording copied).,Assessment-plan family: Mixed Derivative Procedure; eligible after Section 3.2; version 8. 
U3-FA-D2-03-V1,MATH,3,3.3,formative_assessment,formative,d2_03_v1,n-a,2,"Differentiate implicit relations, solve for $dy/dx$, and use the result in tangent-line situations.","I can include the required $dy/dx$ factors, solve an implicit derivative equation, and use it to find a tangent slope or tangent line.",AP Topic 3.2,implicit_tangent,numeric,,Assessment Plan + Course Framework; supplied AP Topic scoring guides consulted for representation/rigor only (no question wording copied).,Assessment-plan family: Implicit Tangent Application; eligible after Section 3.3; version 1. 
U3-FA-D2-03-V2,MATH,3,3.3,formative_assessment,formative,d2_03_v2,n-a,2,"Differentiate implicit relations, solve for $dy/dx$, and use the result in tangent-line situations.","I can include the required $dy/dx$ factors, solve an implicit derivative equation, and use it to find a tangent slope or tangent line.",AP Topic 3.2,implicit_tangent,numeric,,Assessment Plan + Course Framework; supplied AP Topic scoring guides consulted for representation/rigor only (no question wording copied).,Assessment-plan family: Implicit Tangent Application; eligible after Section 3.3; version 2. 
U3-FA-D2-03-V3,MATH,3,3.3,formative_assessment,formative,d2_03_v3,n-a,2,"Differentiate implicit relations, solve for $dy/dx$, and use the result in tangent-line situations.","I can include the required $dy/dx$ factors, solve an implicit derivative equation, and use it to find a tangent slope or tangent line.",AP Topic 3.2,implicit_tangent,numeric,,Assessment Plan + Course Framework; supplied AP Topic scoring guides consulted for representation/rigor only (no question wording copied).,Assessment-plan family: Implicit Tangent Application; eligible after Section 3.3; version 3. 
U3-FA-D2-03-V4,MATH,3,3.3,formative_assessment,formative,d2_03_v4,n-a,2,"Differentiate implicit relations, solve for $dy/dx$, and use the result in tangent-line situations.","I can include the required $dy/dx$ factors, solve an implicit derivative equation, and use it to find a tangent slope or tangent line.",AP Topic 3.2,implicit_tangent,numeric,,Assessment Plan + Course Framework; supplied AP Topic scoring guides consulted for representation/rigor only (no question wording copied).,Assessment-plan family: Implicit Tangent Application; eligible after Section 3.3; version 4. 
U3-FA-D2-03-V5,MATH,3,3.3,formative_assessment,formative,d2_03_v5,n-a,2,"Differentiate implicit relations, solve for $dy/dx$, and use the result in tangent-line situations.","I can include the required $dy/dx$ factors, solve an implicit derivative equation, and use it to find a tangent slope or tangent line.",AP Topic 3.2,implicit_tangent,numeric,,Assessment Plan + Course Framework; supplied AP Topic scoring guides consulted for representation/rigor only (no question wording copied).,Assessment-plan family: Implicit Tangent Application; eligible after Section 3.3; version 5. 
U3-FA-D2-03-V6,MATH,3,3.3,formative_assessment,formative,d2_03_v6,n-a,2,"Differentiate implicit relations, solve for $dy/dx$, and use the result in tangent-line situations.","I can include the required $dy/dx$ factors, solve an implicit derivative equation, and use it to find a tangent slope or tangent line.",AP Topic 3.2,implicit_tangent,numeric,,Assessment Plan + Course Framework; supplied AP Topic scoring guides consulted for representation/rigor only (no question wording copied).,Assessment-plan family: Implicit Tangent Application; eligible after Section 3.3; version 6. 
U3-FA-D2-03-V7,MATH,3,3.3,formative_assessment,formative,d2_03_v7,n-a,2,"Differentiate implicit relations, solve for $dy/dx$, and use the result in tangent-line situations.","I can include the required $dy/dx$ factors, solve an implicit derivative equation, and use it to find a tangent slope or tangent line.",AP Topic 3.2,implicit_tangent,numeric,,Assessment Plan + Course Framework; supplied AP Topic scoring guides consulted for representation/rigor only (no question wording copied).,Assessment-plan family: Implicit Tangent Application; eligible after Section 3.3; version 7. 
U3-FA-D2-03-V8,MATH,3,3.3,formative_assessment,formative,d2_03_v8,n-a,2,"Differentiate implicit relations, solve for $dy/dx$, and use the result in tangent-line situations.","I can include the required $dy/dx$ factors, solve an implicit derivative equation, and use it to find a tangent slope or tangent line.",AP Topic 3.2,implicit_tangent,numeric,,Assessment Plan + Course Framework; supplied AP Topic scoring guides consulted for representation/rigor only (no question wording copied).,Assessment-plan family: Implicit Tangent Application; eligible after Section 3.3; version 8. 
U3-FA-D2-04-V1,MATH,3,3.4,formative_assessment,formative,d2_04_v1,n-a,2,"Determine derivatives of inverse functions from equations, tables, and graphs, and apply inverse trigonometric derivative rules.","I can match corresponding function/inverse values, use reciprocal derivative relationships, and differentiate inverse-trigonometric compositions.","AP Topics 3.3, 3.4",inverse_data,numeric,,Assessment Plan + Course Framework; supplied AP Topic scoring guides consulted for representation/rigor only (no question wording copied).,Assessment-plan family: Inverse Derivative from Data; eligible after Section 3.4; version 1. 
U3-FA-D2-04-V2,MATH,3,3.4,formative_assessment,formative,d2_04_v2,n-a,2,"Determine derivatives of inverse functions from equations, tables, and graphs, and apply inverse trigonometric derivative rules.","I can match corresponding function/inverse values, use reciprocal derivative relationships, and differentiate inverse-trigonometric compositions.","AP Topics 3.3, 3.4",inverse_data,numeric,,Assessment Plan + Course Framework; supplied AP Topic scoring guides consulted for representation/rigor only (no question wording copied).,Assessment-plan family: Inverse Derivative from Data; eligible after Section 3.4; version 2. 
U3-FA-D2-04-V3,MATH,3,3.4,formative_assessment,formative,d2_04_v3,n-a,2,"Determine derivatives of inverse functions from equations, tables, and graphs, and apply inverse trigonometric derivative rules.","I can match corresponding function/inverse values, use reciprocal derivative relationships, and differentiate inverse-trigonometric compositions.","AP Topics 3.3, 3.4",inverse_data,numeric,,Assessment Plan + Course Framework; supplied AP Topic scoring guides consulted for representation/rigor only (no question wording copied).,Assessment-plan family: Inverse Derivative from Data; eligible after Section 3.4; version 3. 
U3-FA-D2-04-V4,MATH,3,3.4,formative_assessment,formative,d2_04_v4,n-a,2,"Determine derivatives of inverse functions from equations, tables, and graphs, and apply inverse trigonometric derivative rules.","I can match corresponding function/inverse values, use reciprocal derivative relationships, and differentiate inverse-trigonometric compositions.","AP Topics 3.3, 3.4",inverse_data,numeric,,Assessment Plan + Course Framework; supplied AP Topic scoring guides consulted for representation/rigor only (no question wording copied).,Assessment-plan family: Inverse Derivative from Data; eligible after Section 3.4; version 4. 
U3-FA-D2-04-V5,MATH,3,3.4,formative_assessment,formative,d2_04_v5,n-a,2,"Determine derivatives of inverse functions from equations, tables, and graphs, and apply inverse trigonometric derivative rules.","I can match corresponding function/inverse values, use reciprocal derivative relationships, and differentiate inverse-trigonometric compositions.","AP Topics 3.3, 3.4",inverse_data,numeric,,Assessment Plan + Course Framework; supplied AP Topic scoring guides consulted for representation/rigor only (no question wording copied).,Assessment-plan family: Inverse Derivative from Data; eligible after Section 3.4; version 5. 
U3-FA-D2-04-V6,MATH,3,3.4,formative_assessment,formative,d2_04_v6,n-a,2,"Determine derivatives of inverse functions from equations, tables, and graphs, and apply inverse trigonometric derivative rules.","I can match corresponding function/inverse values, use reciprocal derivative relationships, and differentiate inverse-trigonometric compositions.","AP Topics 3.3, 3.4",inverse_data,numeric,,Assessment Plan + Course Framework; supplied AP Topic scoring guides consulted for representation/rigor only (no question wording copied).,Assessment-plan family: Inverse Derivative from Data; eligible after Section 3.4; version 6. 
U3-FA-D2-04-V7,MATH,3,3.4,formative_assessment,formative,d2_04_v7,n-a,2,"Determine derivatives of inverse functions from equations, tables, and graphs, and apply inverse trigonometric derivative rules.","I can match corresponding function/inverse values, use reciprocal derivative relationships, and differentiate inverse-trigonometric compositions.","AP Topics 3.3, 3.4",inverse_data,numeric,,Assessment Plan + Course Framework; supplied AP Topic scoring guides consulted for representation/rigor only (no question wording copied).,Assessment-plan family: Inverse Derivative from Data; eligible after Section 3.4; version 7. 
U3-FA-D2-04-V8,MATH,3,3.4,formative_assessment,formative,d2_04_v8,n-a,2,"Determine derivatives of inverse functions from equations, tables, and graphs, and apply inverse trigonometric derivative rules.","I can match corresponding function/inverse values, use reciprocal derivative relationships, and differentiate inverse-trigonometric compositions.","AP Topics 3.3, 3.4",inverse_data,numeric,,Assessment Plan + Course Framework; supplied AP Topic scoring guides consulted for representation/rigor only (no question wording copied).,Assessment-plan family: Inverse Derivative from Data; eligible after Section 3.4; version 8. 
U3-FA-D3-01-V1,MATH,3,3.5,formative_assessment,formative,d3_01_v1,n-a,3,"Synthesize derivative rules, higher-order notation, procedure selection, and early motion connections to solve mixed derivative problems efficiently and accurately.","I can build and defend a derivative strategy for unfamiliar expressions, compute higher-order derivatives, and connect first and second derivatives to early motion meaning.",Unit 2-3 synthesis,strategy_defense,constructed_response,,Assessment Plan + Course Framework; supplied AP Topic scoring guides consulted for representation/rigor only (no question wording copied).,Assessment-plan family: Derivative Strategy Defense; eligible after Section 3.5; version 1. Requires efficiency justification.
U3-FA-D3-01-V2,MATH,3,3.5,formative_assessment,formative,d3_01_v2,n-a,3,"Synthesize derivative rules, higher-order notation, procedure selection, and early motion connections to solve mixed derivative problems efficiently and accurately.","I can build and defend a derivative strategy for unfamiliar expressions, compute higher-order derivatives, and connect first and second derivatives to early motion meaning.",Unit 2-3 synthesis,strategy_defense,constructed_response,,Assessment Plan + Course Framework; supplied AP Topic scoring guides consulted for representation/rigor only (no question wording copied).,Assessment-plan family: Derivative Strategy Defense; eligible after Section 3.5; version 2. Requires efficiency justification.
U3-FA-D3-01-V3,MATH,3,3.5,formative_assessment,formative,d3_01_v3,n-a,3,"Synthesize derivative rules, higher-order notation, procedure selection, and early motion connections to solve mixed derivative problems efficiently and accurately.","I can build and defend a derivative strategy for unfamiliar expressions, compute higher-order derivatives, and connect first and second derivatives to early motion meaning.",Unit 2-3 synthesis,strategy_defense,constructed_response,,Assessment Plan + Course Framework; supplied AP Topic scoring guides consulted for representation/rigor only (no question wording copied).,Assessment-plan family: Derivative Strategy Defense; eligible after Section 3.5; version 3. Requires efficiency justification.
U3-FA-D3-01-V4,MATH,3,3.5,formative_assessment,formative,d3_01_v4,n-a,3,"Synthesize derivative rules, higher-order notation, procedure selection, and early motion connections to solve mixed derivative problems efficiently and accurately.","I can build and defend a derivative strategy for unfamiliar expressions, compute higher-order derivatives, and connect first and second derivatives to early motion meaning.",Unit 2-3 synthesis,strategy_defense,constructed_response,,Assessment Plan + Course Framework; supplied AP Topic scoring guides consulted for representation/rigor only (no question wording copied).,Assessment-plan family: Derivative Strategy Defense; eligible after Section 3.5; version 4. Requires efficiency justification.
U3-FA-D3-01-V5,MATH,3,3.5,formative_assessment,formative,d3_01_v5,n-a,3,"Synthesize derivative rules, higher-order notation, procedure selection, and early motion connections to solve mixed derivative problems efficiently and accurately.","I can build and defend a derivative strategy for unfamiliar expressions, compute higher-order derivatives, and connect first and second derivatives to early motion meaning.",Unit 2-3 synthesis,strategy_defense,constructed_response,,Assessment Plan + Course Framework; supplied AP Topic scoring guides consulted for representation/rigor only (no question wording copied).,Assessment-plan family: Derivative Strategy Defense; eligible after Section 3.5; version 5. Requires efficiency justification.
U3-FA-D3-01-V6,MATH,3,3.5,formative_assessment,formative,d3_01_v6,n-a,3,"Synthesize derivative rules, higher-order notation, procedure selection, and early motion connections to solve mixed derivative problems efficiently and accurately.","I can build and defend a derivative strategy for unfamiliar expressions, compute higher-order derivatives, and connect first and second derivatives to early motion meaning.",Unit 2-3 synthesis,strategy_defense,constructed_response,,Assessment Plan + Course Framework; supplied AP Topic scoring guides consulted for representation/rigor only (no question wording copied).,Assessment-plan family: Derivative Strategy Defense; eligible after Section 3.5; version 6. Requires efficiency justification.
U3-FA-D3-01-V7,MATH,3,3.5,formative_assessment,formative,d3_01_v7,n-a,3,"Synthesize derivative rules, higher-order notation, procedure selection, and early motion connections to solve mixed derivative problems efficiently and accurately.","I can build and defend a derivative strategy for unfamiliar expressions, compute higher-order derivatives, and connect first and second derivatives to early motion meaning.",Unit 2-3 synthesis,strategy_defense,constructed_response,,Assessment Plan + Course Framework; supplied AP Topic scoring guides consulted for representation/rigor only (no question wording copied).,Assessment-plan family: Derivative Strategy Defense; eligible after Section 3.5; version 7. Requires efficiency justification.
U3-FA-D3-01-V8,MATH,3,3.5,formative_assessment,formative,d3_01_v8,n-a,3,"Synthesize derivative rules, higher-order notation, procedure selection, and early motion connections to solve mixed derivative problems efficiently and accurately.","I can build and defend a derivative strategy for unfamiliar expressions, compute higher-order derivatives, and connect first and second derivatives to early motion meaning.",Unit 2-3 synthesis,strategy_defense,constructed_response,,Assessment Plan + Course Framework; supplied AP Topic scoring guides consulted for representation/rigor only (no question wording copied).,Assessment-plan family: Derivative Strategy Defense; eligible after Section 3.5; version 8. Requires efficiency justification.
U3-FA-D3-02-V1,MATH,3,3.3,formative_assessment,formative,d3_02_v1,n-a,3,"Differentiate implicit relations, solve for $dy/dx$, and use the result in tangent-line situations.","I can include the required $dy/dx$ factors, solve an implicit derivative equation, and use it to find a tangent slope or tangent line.",AP Topic 3.2,implicit_critique,constructed_response,,Assessment Plan + Course Framework; supplied AP Topic scoring guides consulted for representation/rigor only (no question wording copied).,Assessment-plan family: Implicit Solution Critique; eligible after Section 3.3; version 1. Requires repair and justification.
U3-FA-D3-02-V2,MATH,3,3.3,formative_assessment,formative,d3_02_v2,n-a,3,"Differentiate implicit relations, solve for $dy/dx$, and use the result in tangent-line situations.","I can include the required $dy/dx$ factors, solve an implicit derivative equation, and use it to find a tangent slope or tangent line.",AP Topic 3.2,implicit_critique,constructed_response,,Assessment Plan + Course Framework; supplied AP Topic scoring guides consulted for representation/rigor only (no question wording copied).,Assessment-plan family: Implicit Solution Critique; eligible after Section 3.3; version 2. Requires repair and justification.
U3-FA-D3-02-V3,MATH,3,3.3,formative_assessment,formative,d3_02_v3,n-a,3,"Differentiate implicit relations, solve for $dy/dx$, and use the result in tangent-line situations.","I can include the required $dy/dx$ factors, solve an implicit derivative equation, and use it to find a tangent slope or tangent line.",AP Topic 3.2,implicit_critique,constructed_response,,Assessment Plan + Course Framework; supplied AP Topic scoring guides consulted for representation/rigor only (no question wording copied).,Assessment-plan family: Implicit Solution Critique; eligible after Section 3.3; version 3. Requires repair and justification.
U3-FA-D3-02-V4,MATH,3,3.3,formative_assessment,formative,d3_02_v4,n-a,3,"Differentiate implicit relations, solve for $dy/dx$, and use the result in tangent-line situations.","I can include the required $dy/dx$ factors, solve an implicit derivative equation, and use it to find a tangent slope or tangent line.",AP Topic 3.2,implicit_critique,constructed_response,,Assessment Plan + Course Framework; supplied AP Topic scoring guides consulted for representation/rigor only (no question wording copied).,Assessment-plan family: Implicit Solution Critique; eligible after Section 3.3; version 4. Requires repair and justification.
U3-FA-D3-02-V5,MATH,3,3.3,formative_assessment,formative,d3_02_v5,n-a,3,"Differentiate implicit relations, solve for $dy/dx$, and use the result in tangent-line situations.","I can include the required $dy/dx$ factors, solve an implicit derivative equation, and use it to find a tangent slope or tangent line.",AP Topic 3.2,implicit_critique,constructed_response,,Assessment Plan + Course Framework; supplied AP Topic scoring guides consulted for representation/rigor only (no question wording copied).,Assessment-plan family: Implicit Solution Critique; eligible after Section 3.3; version 5. Requires repair and justification.
U3-FA-D3-02-V6,MATH,3,3.3,formative_assessment,formative,d3_02_v6,n-a,3,"Differentiate implicit relations, solve for $dy/dx$, and use the result in tangent-line situations.","I can include the required $dy/dx$ factors, solve an implicit derivative equation, and use it to find a tangent slope or tangent line.",AP Topic 3.2,implicit_critique,constructed_response,,Assessment Plan + Course Framework; supplied AP Topic scoring guides consulted for representation/rigor only (no question wording copied).,Assessment-plan family: Implicit Solution Critique; eligible after Section 3.3; version 6. Requires repair and justification.
U3-FA-D3-02-V7,MATH,3,3.3,formative_assessment,formative,d3_02_v7,n-a,3,"Differentiate implicit relations, solve for $dy/dx$, and use the result in tangent-line situations.","I can include the required $dy/dx$ factors, solve an implicit derivative equation, and use it to find a tangent slope or tangent line.",AP Topic 3.2,implicit_critique,constructed_response,,Assessment Plan + Course Framework; supplied AP Topic scoring guides consulted for representation/rigor only (no question wording copied).,Assessment-plan family: Implicit Solution Critique; eligible after Section 3.3; version 7. Requires repair and justification.
U3-FA-D3-02-V8,MATH,3,3.3,formative_assessment,formative,d3_02_v8,n-a,3,"Differentiate implicit relations, solve for $dy/dx$, and use the result in tangent-line situations.","I can include the required $dy/dx$ factors, solve an implicit derivative equation, and use it to find a tangent slope or tangent line.",AP Topic 3.2,implicit_critique,constructed_response,,Assessment Plan + Course Framework; supplied AP Topic scoring guides consulted for representation/rigor only (no question wording copied).,Assessment-plan family: Implicit Solution Critique; eligible after Section 3.3; version 8. Requires repair and justification.
U3-FA-D3-03-V1,MATH,3,3.4,formative_assessment,formative,d3_03_v1,n-a,3,"Determine derivatives of inverse functions from equations, tables, and graphs, and apply inverse trigonometric derivative rules.","I can match corresponding function/inverse values, use reciprocal derivative relationships, and differentiate inverse-trigonometric compositions.","AP Topics 3.3, 3.4",inverse_synthesis,constructed_response,u3_fa_d3_03_v1_formative_inverse.png,Assessment Plan + Course Framework; supplied AP Topic scoring guides consulted for representation/rigor only (no question wording copied).,Assessment-plan family: Inverse Representation Synthesis; eligible after Section 3.4; version 1. Requires synthesis across representations.
U3-FA-D3-03-V2,MATH,3,3.4,formative_assessment,formative,d3_03_v2,n-a,3,"Determine derivatives of inverse functions from equations, tables, and graphs, and apply inverse trigonometric derivative rules.","I can match corresponding function/inverse values, use reciprocal derivative relationships, and differentiate inverse-trigonometric compositions.","AP Topics 3.3, 3.4",inverse_synthesis,constructed_response,u3_fa_d3_03_v2_formative_inverse.png,Assessment Plan + Course Framework; supplied AP Topic scoring guides consulted for representation/rigor only (no question wording copied).,Assessment-plan family: Inverse Representation Synthesis; eligible after Section 3.4; version 2. Requires synthesis across representations.
U3-FA-D3-03-V3,MATH,3,3.4,formative_assessment,formative,d3_03_v3,n-a,3,"Determine derivatives of inverse functions from equations, tables, and graphs, and apply inverse trigonometric derivative rules.","I can match corresponding function/inverse values, use reciprocal derivative relationships, and differentiate inverse-trigonometric compositions.","AP Topics 3.3, 3.4",inverse_synthesis,constructed_response,u3_fa_d3_03_v3_formative_inverse.png,Assessment Plan + Course Framework; supplied AP Topic scoring guides consulted for representation/rigor only (no question wording copied).,Assessment-plan family: Inverse Representation Synthesis; eligible after Section 3.4; version 3. Requires synthesis across representations.
U3-FA-D3-03-V4,MATH,3,3.4,formative_assessment,formative,d3_03_v4,n-a,3,"Determine derivatives of inverse functions from equations, tables, and graphs, and apply inverse trigonometric derivative rules.","I can match corresponding function/inverse values, use reciprocal derivative relationships, and differentiate inverse-trigonometric compositions.","AP Topics 3.3, 3.4",inverse_synthesis,constructed_response,u3_fa_d3_03_v4_formative_inverse.png,Assessment Plan + Course Framework; supplied AP Topic scoring guides consulted for representation/rigor only (no question wording copied).,Assessment-plan family: Inverse Representation Synthesis; eligible after Section 3.4; version 4. Requires synthesis across representations.
U3-FA-D3-03-V5,MATH,3,3.4,formative_assessment,formative,d3_03_v5,n-a,3,"Determine derivatives of inverse functions from equations, tables, and graphs, and apply inverse trigonometric derivative rules.","I can match corresponding function/inverse values, use reciprocal derivative relationships, and differentiate inverse-trigonometric compositions.","AP Topics 3.3, 3.4",inverse_synthesis,constructed_response,u3_fa_d3_03_v5_formative_inverse.png,Assessment Plan + Course Framework; supplied AP Topic scoring guides consulted for representation/rigor only (no question wording copied).,Assessment-plan family: Inverse Representation Synthesis; eligible after Section 3.4; version 5. Requires synthesis across representations.
U3-FA-D3-03-V6,MATH,3,3.4,formative_assessment,formative,d3_03_v6,n-a,3,"Determine derivatives of inverse functions from equations, tables, and graphs, and apply inverse trigonometric derivative rules.","I can match corresponding function/inverse values, use reciprocal derivative relationships, and differentiate inverse-trigonometric compositions.","AP Topics 3.3, 3.4",inverse_synthesis,constructed_response,u3_fa_d3_03_v6_formative_inverse.png,Assessment Plan + Course Framework; supplied AP Topic scoring guides consulted for representation/rigor only (no question wording copied).,Assessment-plan family: Inverse Representation Synthesis; eligible after Section 3.4; version 6. Requires synthesis across representations.
U3-FA-D3-03-V7,MATH,3,3.4,formative_assessment,formative,d3_03_v7,n-a,3,"Determine derivatives of inverse functions from equations, tables, and graphs, and apply inverse trigonometric derivative rules.","I can match corresponding function/inverse values, use reciprocal derivative relationships, and differentiate inverse-trigonometric compositions.","AP Topics 3.3, 3.4",inverse_synthesis,constructed_response,u3_fa_d3_03_v7_formative_inverse.png,Assessment Plan + Course Framework; supplied AP Topic scoring guides consulted for representation/rigor only (no question wording copied).,Assessment-plan family: Inverse Representation Synthesis; eligible after Section 3.4; version 7. Requires synthesis across representations.
U3-FA-D3-03-V8,MATH,3,3.4,formative_assessment,formative,d3_03_v8,n-a,3,"Determine derivatives of inverse functions from equations, tables, and graphs, and apply inverse trigonometric derivative rules.","I can match corresponding function/inverse values, use reciprocal derivative relationships, and differentiate inverse-trigonometric compositions.","AP Topics 3.3, 3.4",inverse_synthesis,constructed_response,u3_fa_d3_03_v8_formative_inverse.png,Assessment Plan + Course Framework; supplied AP Topic scoring guides consulted for representation/rigor only (no question wording copied).,Assessment-plan family: Inverse Representation Synthesis; eligible after Section 3.4; version 8. Requires synthesis across representations.
U3-FA-D3-04-V1,MATH,3,3.5,formative_assessment,formative,d3_04_v1,n-a,3,"Synthesize derivative rules, higher-order notation, procedure selection, and early motion connections to solve mixed derivative problems efficiently and accurately.","I can build and defend a derivative strategy for unfamiliar expressions, compute higher-order derivatives, and connect first and second derivatives to early motion meaning.",Unit 2-3 synthesis,higher_order_strategy,constructed_response,,Assessment Plan + Course Framework; supplied AP Topic scoring guides consulted for representation/rigor only (no question wording copied).,Assessment-plan family: Higher-Order Strategy Task; eligible after Section 3.5; version 1. Requires planning and notation explanation.
U3-FA-D3-04-V2,MATH,3,3.5,formative_assessment,formative,d3_04_v2,n-a,3,"Synthesize derivative rules, higher-order notation, procedure selection, and early motion connections to solve mixed derivative problems efficiently and accurately.","I can build and defend a derivative strategy for unfamiliar expressions, compute higher-order derivatives, and connect first and second derivatives to early motion meaning.",Unit 2-3 synthesis,higher_order_strategy,constructed_response,,Assessment Plan + Course Framework; supplied AP Topic scoring guides consulted for representation/rigor only (no question wording copied).,Assessment-plan family: Higher-Order Strategy Task; eligible after Section 3.5; version 2. Requires planning and notation explanation.
U3-FA-D3-04-V3,MATH,3,3.5,formative_assessment,formative,d3_04_v3,n-a,3,"Synthesize derivative rules, higher-order notation, procedure selection, and early motion connections to solve mixed derivative problems efficiently and accurately.","I can build and defend a derivative strategy for unfamiliar expressions, compute higher-order derivatives, and connect first and second derivatives to early motion meaning.",Unit 2-3 synthesis,higher_order_strategy,constructed_response,,Assessment Plan + Course Framework; supplied AP Topic scoring guides consulted for representation/rigor only (no question wording copied).,Assessment-plan family: Higher-Order Strategy Task; eligible after Section 3.5; version 3. Requires planning and notation explanation.
U3-FA-D3-04-V4,MATH,3,3.5,formative_assessment,formative,d3_04_v4,n-a,3,"Synthesize derivative rules, higher-order notation, procedure selection, and early motion connections to solve mixed derivative problems efficiently and accurately.","I can build and defend a derivative strategy for unfamiliar expressions, compute higher-order derivatives, and connect first and second derivatives to early motion meaning.",Unit 2-3 synthesis,higher_order_strategy,constructed_response,,Assessment Plan + Course Framework; supplied AP Topic scoring guides consulted for representation/rigor only (no question wording copied).,Assessment-plan family: Higher-Order Strategy Task; eligible after Section 3.5; version 4. Requires planning and notation explanation.
U3-FA-D3-04-V5,MATH,3,3.5,formative_assessment,formative,d3_04_v5,n-a,3,"Synthesize derivative rules, higher-order notation, procedure selection, and early motion connections to solve mixed derivative problems efficiently and accurately.","I can build and defend a derivative strategy for unfamiliar expressions, compute higher-order derivatives, and connect first and second derivatives to early motion meaning.",Unit 2-3 synthesis,higher_order_strategy,constructed_response,,Assessment Plan + Course Framework; supplied AP Topic scoring guides consulted for representation/rigor only (no question wording copied).,Assessment-plan family: Higher-Order Strategy Task; eligible after Section 3.5; version 5. Requires planning and notation explanation.
U3-FA-D3-04-V6,MATH,3,3.5,formative_assessment,formative,d3_04_v6,n-a,3,"Synthesize derivative rules, higher-order notation, procedure selection, and early motion connections to solve mixed derivative problems efficiently and accurately.","I can build and defend a derivative strategy for unfamiliar expressions, compute higher-order derivatives, and connect first and second derivatives to early motion meaning.",Unit 2-3 synthesis,higher_order_strategy,constructed_response,,Assessment Plan + Course Framework; supplied AP Topic scoring guides consulted for representation/rigor only (no question wording copied).,Assessment-plan family: Higher-Order Strategy Task; eligible after Section 3.5; version 6. Requires planning and notation explanation.
U3-FA-D3-04-V7,MATH,3,3.5,formative_assessment,formative,d3_04_v7,n-a,3,"Synthesize derivative rules, higher-order notation, procedure selection, and early motion connections to solve mixed derivative problems efficiently and accurately.","I can build and defend a derivative strategy for unfamiliar expressions, compute higher-order derivatives, and connect first and second derivatives to early motion meaning.",Unit 2-3 synthesis,higher_order_strategy,constructed_response,,Assessment Plan + Course Framework; supplied AP Topic scoring guides consulted for representation/rigor only (no question wording copied).,Assessment-plan family: Higher-Order Strategy Task; eligible after Section 3.5; version 7. Requires planning and notation explanation.
U3-FA-D3-04-V8,MATH,3,3.5,formative_assessment,formative,d3_04_v8,n-a,3,"Synthesize derivative rules, higher-order notation, procedure selection, and early motion connections to solve mixed derivative problems efficiently and accurately.","I can build and defend a derivative strategy for unfamiliar expressions, compute higher-order derivatives, and connect first and second derivatives to early motion meaning.",Unit 2-3 synthesis,higher_order_strategy,constructed_response,,Assessment Plan + Course Framework; supplied AP Topic scoring guides consulted for representation/rigor only (no question wording copied).,Assessment-plan family: Higher-Order Strategy Task; eligible after Section 3.5; version 8. Requires planning and notation explanation.
U3-FA-D4-01-V1,MATH,3,3.5,formative_assessment,formative,d4_01_v1,performance,4,"Synthesize derivative rules, higher-order notation, procedure selection, and early motion connections to solve mixed derivative problems efficiently and accurately.","I can build and defend a derivative strategy for unfamiliar expressions, compute higher-order derivatives, and connect first and second derivatives to early motion meaning.",Unit 2-3 synthesis,rule_selection_performance,performance_response,,Assessment Plan + Course Framework; supplied AP Topic scoring guides consulted for representation/rigor only (no question wording copied).,Assessment-plan family: Rule-Selection Performance; eligible after Section 3.5; version 1. Performance task.
U3-FA-D4-01-V2,MATH,3,3.5,formative_assessment,formative,d4_01_v2,performance,4,"Synthesize derivative rules, higher-order notation, procedure selection, and early motion connections to solve mixed derivative problems efficiently and accurately.","I can build and defend a derivative strategy for unfamiliar expressions, compute higher-order derivatives, and connect first and second derivatives to early motion meaning.",Unit 2-3 synthesis,rule_selection_performance,performance_response,,Assessment Plan + Course Framework; supplied AP Topic scoring guides consulted for representation/rigor only (no question wording copied).,Assessment-plan family: Rule-Selection Performance; eligible after Section 3.5; version 2. Performance task.
U3-FA-D4-01-V3,MATH,3,3.5,formative_assessment,formative,d4_01_v3,performance,4,"Synthesize derivative rules, higher-order notation, procedure selection, and early motion connections to solve mixed derivative problems efficiently and accurately.","I can build and defend a derivative strategy for unfamiliar expressions, compute higher-order derivatives, and connect first and second derivatives to early motion meaning.",Unit 2-3 synthesis,rule_selection_performance,performance_response,,Assessment Plan + Course Framework; supplied AP Topic scoring guides consulted for representation/rigor only (no question wording copied).,Assessment-plan family: Rule-Selection Performance; eligible after Section 3.5; version 3. Performance task.
U3-FA-D4-01-V4,MATH,3,3.5,formative_assessment,formative,d4_01_v4,performance,4,"Synthesize derivative rules, higher-order notation, procedure selection, and early motion connections to solve mixed derivative problems efficiently and accurately.","I can build and defend a derivative strategy for unfamiliar expressions, compute higher-order derivatives, and connect first and second derivatives to early motion meaning.",Unit 2-3 synthesis,rule_selection_performance,performance_response,,Assessment Plan + Course Framework; supplied AP Topic scoring guides consulted for representation/rigor only (no question wording copied).,Assessment-plan family: Rule-Selection Performance; eligible after Section 3.5; version 4. Performance task.
U3-FA-D4-01-V5,MATH,3,3.5,formative_assessment,formative,d4_01_v5,performance,4,"Synthesize derivative rules, higher-order notation, procedure selection, and early motion connections to solve mixed derivative problems efficiently and accurately.","I can build and defend a derivative strategy for unfamiliar expressions, compute higher-order derivatives, and connect first and second derivatives to early motion meaning.",Unit 2-3 synthesis,rule_selection_performance,performance_response,,Assessment Plan + Course Framework; supplied AP Topic scoring guides consulted for representation/rigor only (no question wording copied).,Assessment-plan family: Rule-Selection Performance; eligible after Section 3.5; version 5. Performance task.
U3-FA-D4-01-V6,MATH,3,3.5,formative_assessment,formative,d4_01_v6,performance,4,"Synthesize derivative rules, higher-order notation, procedure selection, and early motion connections to solve mixed derivative problems efficiently and accurately.","I can build and defend a derivative strategy for unfamiliar expressions, compute higher-order derivatives, and connect first and second derivatives to early motion meaning.",Unit 2-3 synthesis,rule_selection_performance,performance_response,,Assessment Plan + Course Framework; supplied AP Topic scoring guides consulted for representation/rigor only (no question wording copied).,Assessment-plan family: Rule-Selection Performance; eligible after Section 3.5; version 6. Performance task.
U3-FA-D4-01-V7,MATH,3,3.5,formative_assessment,formative,d4_01_v7,performance,4,"Synthesize derivative rules, higher-order notation, procedure selection, and early motion connections to solve mixed derivative problems efficiently and accurately.","I can build and defend a derivative strategy for unfamiliar expressions, compute higher-order derivatives, and connect first and second derivatives to early motion meaning.",Unit 2-3 synthesis,rule_selection_performance,performance_response,,Assessment Plan + Course Framework; supplied AP Topic scoring guides consulted for representation/rigor only (no question wording copied).,Assessment-plan family: Rule-Selection Performance; eligible after Section 3.5; version 7. Performance task.
U3-FA-D4-01-V8,MATH,3,3.5,formative_assessment,formative,d4_01_v8,performance,4,"Synthesize derivative rules, higher-order notation, procedure selection, and early motion connections to solve mixed derivative problems efficiently and accurately.","I can build and defend a derivative strategy for unfamiliar expressions, compute higher-order derivatives, and connect first and second derivatives to early motion meaning.",Unit 2-3 synthesis,rule_selection_performance,performance_response,,Assessment Plan + Course Framework; supplied AP Topic scoring guides consulted for representation/rigor only (no question wording copied).,Assessment-plan family: Rule-Selection Performance; eligible after Section 3.5; version 8. Performance task.
U3-FA-D4-02-V1,MATH,3,3.3,formative_assessment,formative,d4_02_v1,performance,4,"Differentiate implicit relations, solve for $dy/dx$, and use the result in tangent-line situations.","I can include the required $dy/dx$ factors, solve an implicit derivative equation, and use it to find a tangent slope or tangent line.",AP Topic 3.2,implicit_curve_investigation,performance_response,,Assessment Plan + Course Framework; supplied AP Topic scoring guides consulted for representation/rigor only (no question wording copied).,Assessment-plan family: Implicit Curve Investigation; eligible after Section 3.3; version 1. Performance task.
U3-FA-D4-02-V2,MATH,3,3.3,formative_assessment,formative,d4_02_v2,performance,4,"Differentiate implicit relations, solve for $dy/dx$, and use the result in tangent-line situations.","I can include the required $dy/dx$ factors, solve an implicit derivative equation, and use it to find a tangent slope or tangent line.",AP Topic 3.2,implicit_curve_investigation,performance_response,,Assessment Plan + Course Framework; supplied AP Topic scoring guides consulted for representation/rigor only (no question wording copied).,Assessment-plan family: Implicit Curve Investigation; eligible after Section 3.3; version 2. Performance task.
U3-FA-D4-02-V3,MATH,3,3.3,formative_assessment,formative,d4_02_v3,performance,4,"Differentiate implicit relations, solve for $dy/dx$, and use the result in tangent-line situations.","I can include the required $dy/dx$ factors, solve an implicit derivative equation, and use it to find a tangent slope or tangent line.",AP Topic 3.2,implicit_curve_investigation,performance_response,,Assessment Plan + Course Framework; supplied AP Topic scoring guides consulted for representation/rigor only (no question wording copied).,Assessment-plan family: Implicit Curve Investigation; eligible after Section 3.3; version 3. Performance task.
U3-FA-D4-02-V4,MATH,3,3.3,formative_assessment,formative,d4_02_v4,performance,4,"Differentiate implicit relations, solve for $dy/dx$, and use the result in tangent-line situations.","I can include the required $dy/dx$ factors, solve an implicit derivative equation, and use it to find a tangent slope or tangent line.",AP Topic 3.2,implicit_curve_investigation,performance_response,,Assessment Plan + Course Framework; supplied AP Topic scoring guides consulted for representation/rigor only (no question wording copied).,Assessment-plan family: Implicit Curve Investigation; eligible after Section 3.3; version 4. Performance task.
U3-FA-D4-02-V5,MATH,3,3.3,formative_assessment,formative,d4_02_v5,performance,4,"Differentiate implicit relations, solve for $dy/dx$, and use the result in tangent-line situations.","I can include the required $dy/dx$ factors, solve an implicit derivative equation, and use it to find a tangent slope or tangent line.",AP Topic 3.2,implicit_curve_investigation,performance_response,,Assessment Plan + Course Framework; supplied AP Topic scoring guides consulted for representation/rigor only (no question wording copied).,Assessment-plan family: Implicit Curve Investigation; eligible after Section 3.3; version 5. Performance task.
U3-FA-D4-02-V6,MATH,3,3.3,formative_assessment,formative,d4_02_v6,performance,4,"Differentiate implicit relations, solve for $dy/dx$, and use the result in tangent-line situations.","I can include the required $dy/dx$ factors, solve an implicit derivative equation, and use it to find a tangent slope or tangent line.",AP Topic 3.2,implicit_curve_investigation,performance_response,,Assessment Plan + Course Framework; supplied AP Topic scoring guides consulted for representation/rigor only (no question wording copied).,Assessment-plan family: Implicit Curve Investigation; eligible after Section 3.3; version 6. Performance task.
U3-FA-D4-02-V7,MATH,3,3.3,formative_assessment,formative,d4_02_v7,performance,4,"Differentiate implicit relations, solve for $dy/dx$, and use the result in tangent-line situations.","I can include the required $dy/dx$ factors, solve an implicit derivative equation, and use it to find a tangent slope or tangent line.",AP Topic 3.2,implicit_curve_investigation,performance_response,,Assessment Plan + Course Framework; supplied AP Topic scoring guides consulted for representation/rigor only (no question wording copied).,Assessment-plan family: Implicit Curve Investigation; eligible after Section 3.3; version 7. Performance task.
U3-FA-D4-02-V8,MATH,3,3.3,formative_assessment,formative,d4_02_v8,performance,4,"Differentiate implicit relations, solve for $dy/dx$, and use the result in tangent-line situations.","I can include the required $dy/dx$ factors, solve an implicit derivative equation, and use it to find a tangent slope or tangent line.",AP Topic 3.2,implicit_curve_investigation,performance_response,,Assessment Plan + Course Framework; supplied AP Topic scoring guides consulted for representation/rigor only (no question wording copied).,Assessment-plan family: Implicit Curve Investigation; eligible after Section 3.3; version 8. Performance task.
U3-FA-D4-03-V1,MATH,3,3.4,formative_assessment,formative,d4_03_v1,performance,4,"Determine derivatives of inverse functions from equations, tables, and graphs, and apply inverse trigonometric derivative rules.","I can match corresponding function/inverse values, use reciprocal derivative relationships, and differentiate inverse-trigonometric compositions.","AP Topics 3.3, 3.4",inverse_model,performance_response,u3_fa_d4_03_v1_formative_inverse_model.png,Assessment Plan + Course Framework; supplied AP Topic scoring guides consulted for representation/rigor only (no question wording copied).,Assessment-plan family: Inverse Relationship Model; eligible after Section 3.4; version 1. Performance task.
U3-FA-D4-03-V2,MATH,3,3.4,formative_assessment,formative,d4_03_v2,performance,4,"Determine derivatives of inverse functions from equations, tables, and graphs, and apply inverse trigonometric derivative rules.","I can match corresponding function/inverse values, use reciprocal derivative relationships, and differentiate inverse-trigonometric compositions.","AP Topics 3.3, 3.4",inverse_model,performance_response,u3_fa_d4_03_v2_formative_inverse_model.png,Assessment Plan + Course Framework; supplied AP Topic scoring guides consulted for representation/rigor only (no question wording copied).,Assessment-plan family: Inverse Relationship Model; eligible after Section 3.4; version 2. Performance task.
U3-FA-D4-03-V3,MATH,3,3.4,formative_assessment,formative,d4_03_v3,performance,4,"Determine derivatives of inverse functions from equations, tables, and graphs, and apply inverse trigonometric derivative rules.","I can match corresponding function/inverse values, use reciprocal derivative relationships, and differentiate inverse-trigonometric compositions.","AP Topics 3.3, 3.4",inverse_model,performance_response,u3_fa_d4_03_v3_formative_inverse_model.png,Assessment Plan + Course Framework; supplied AP Topic scoring guides consulted for representation/rigor only (no question wording copied).,Assessment-plan family: Inverse Relationship Model; eligible after Section 3.4; version 3. Performance task.
U3-FA-D4-03-V4,MATH,3,3.4,formative_assessment,formative,d4_03_v4,performance,4,"Determine derivatives of inverse functions from equations, tables, and graphs, and apply inverse trigonometric derivative rules.","I can match corresponding function/inverse values, use reciprocal derivative relationships, and differentiate inverse-trigonometric compositions.","AP Topics 3.3, 3.4",inverse_model,performance_response,u3_fa_d4_03_v4_formative_inverse_model.png,Assessment Plan + Course Framework; supplied AP Topic scoring guides consulted for representation/rigor only (no question wording copied).,Assessment-plan family: Inverse Relationship Model; eligible after Section 3.4; version 4. Performance task.
U3-FA-D4-03-V5,MATH,3,3.4,formative_assessment,formative,d4_03_v5,performance,4,"Determine derivatives of inverse functions from equations, tables, and graphs, and apply inverse trigonometric derivative rules.","I can match corresponding function/inverse values, use reciprocal derivative relationships, and differentiate inverse-trigonometric compositions.","AP Topics 3.3, 3.4",inverse_model,performance_response,u3_fa_d4_03_v5_formative_inverse_model.png,Assessment Plan + Course Framework; supplied AP Topic scoring guides consulted for representation/rigor only (no question wording copied).,Assessment-plan family: Inverse Relationship Model; eligible after Section 3.4; version 5. Performance task.
U3-FA-D4-03-V6,MATH,3,3.4,formative_assessment,formative,d4_03_v6,performance,4,"Determine derivatives of inverse functions from equations, tables, and graphs, and apply inverse trigonometric derivative rules.","I can match corresponding function/inverse values, use reciprocal derivative relationships, and differentiate inverse-trigonometric compositions.","AP Topics 3.3, 3.4",inverse_model,performance_response,u3_fa_d4_03_v6_formative_inverse_model.png,Assessment Plan + Course Framework; supplied AP Topic scoring guides consulted for representation/rigor only (no question wording copied).,Assessment-plan family: Inverse Relationship Model; eligible after Section 3.4; version 6. Performance task.
U3-FA-D4-03-V7,MATH,3,3.4,formative_assessment,formative,d4_03_v7,performance,4,"Determine derivatives of inverse functions from equations, tables, and graphs, and apply inverse trigonometric derivative rules.","I can match corresponding function/inverse values, use reciprocal derivative relationships, and differentiate inverse-trigonometric compositions.","AP Topics 3.3, 3.4",inverse_model,performance_response,u3_fa_d4_03_v7_formative_inverse_model.png,Assessment Plan + Course Framework; supplied AP Topic scoring guides consulted for representation/rigor only (no question wording copied).,Assessment-plan family: Inverse Relationship Model; eligible after Section 3.4; version 7. Performance task.
U3-FA-D4-03-V8,MATH,3,3.4,formative_assessment,formative,d4_03_v8,performance,4,"Determine derivatives of inverse functions from equations, tables, and graphs, and apply inverse trigonometric derivative rules.","I can match corresponding function/inverse values, use reciprocal derivative relationships, and differentiate inverse-trigonometric compositions.","AP Topics 3.3, 3.4",inverse_model,performance_response,u3_fa_d4_03_v8_formative_inverse_model.png,Assessment Plan + Course Framework; supplied AP Topic scoring guides consulted for representation/rigor only (no question wording copied).,Assessment-plan family: Inverse Relationship Model; eligible after Section 3.4; version 8. Performance task.
U3-FA-D4-04-V1,MATH,3,3.5,formative_assessment,formative,d4_04_v1,performance,4,"Synthesize derivative rules, higher-order notation, procedure selection, and early motion connections to solve mixed derivative problems efficiently and accurately.","I can build and defend a derivative strategy for unfamiliar expressions, compute higher-order derivatives, and connect first and second derivatives to early motion meaning.",Unit 2-3 synthesis,derivative_synthesis,performance_response,,Assessment Plan + Course Framework; supplied AP Topic scoring guides consulted for representation/rigor only (no question wording copied).,Assessment-plan family: Derivative Synthesis Performance; eligible after Section 3.5; version 1. Performance task.
U3-FA-D4-04-V2,MATH,3,3.5,formative_assessment,formative,d4_04_v2,performance,4,"Synthesize derivative rules, higher-order notation, procedure selection, and early motion connections to solve mixed derivative problems efficiently and accurately.","I can build and defend a derivative strategy for unfamiliar expressions, compute higher-order derivatives, and connect first and second derivatives to early motion meaning.",Unit 2-3 synthesis,derivative_synthesis,performance_response,,Assessment Plan + Course Framework; supplied AP Topic scoring guides consulted for representation/rigor only (no question wording copied).,Assessment-plan family: Derivative Synthesis Performance; eligible after Section 3.5; version 2. Performance task.
U3-FA-D4-04-V3,MATH,3,3.5,formative_assessment,formative,d4_04_v3,performance,4,"Synthesize derivative rules, higher-order notation, procedure selection, and early motion connections to solve mixed derivative problems efficiently and accurately.","I can build and defend a derivative strategy for unfamiliar expressions, compute higher-order derivatives, and connect first and second derivatives to early motion meaning.",Unit 2-3 synthesis,derivative_synthesis,performance_response,,Assessment Plan + Course Framework; supplied AP Topic scoring guides consulted for representation/rigor only (no question wording copied).,Assessment-plan family: Derivative Synthesis Performance; eligible after Section 3.5; version 3. Performance task.
U3-FA-D4-04-V4,MATH,3,3.5,formative_assessment,formative,d4_04_v4,performance,4,"Synthesize derivative rules, higher-order notation, procedure selection, and early motion connections to solve mixed derivative problems efficiently and accurately.","I can build and defend a derivative strategy for unfamiliar expressions, compute higher-order derivatives, and connect first and second derivatives to early motion meaning.",Unit 2-3 synthesis,derivative_synthesis,performance_response,,Assessment Plan + Course Framework; supplied AP Topic scoring guides consulted for representation/rigor only (no question wording copied).,Assessment-plan family: Derivative Synthesis Performance; eligible after Section 3.5; version 4. Performance task.
U3-FA-D4-04-V5,MATH,3,3.5,formative_assessment,formative,d4_04_v5,performance,4,"Synthesize derivative rules, higher-order notation, procedure selection, and early motion connections to solve mixed derivative problems efficiently and accurately.","I can build and defend a derivative strategy for unfamiliar expressions, compute higher-order derivatives, and connect first and second derivatives to early motion meaning.",Unit 2-3 synthesis,derivative_synthesis,performance_response,,Assessment Plan + Course Framework; supplied AP Topic scoring guides consulted for representation/rigor only (no question wording copied).,Assessment-plan family: Derivative Synthesis Performance; eligible after Section 3.5; version 5. Performance task.
U3-FA-D4-04-V6,MATH,3,3.5,formative_assessment,formative,d4_04_v6,performance,4,"Synthesize derivative rules, higher-order notation, procedure selection, and early motion connections to solve mixed derivative problems efficiently and accurately.","I can build and defend a derivative strategy for unfamiliar expressions, compute higher-order derivatives, and connect first and second derivatives to early motion meaning.",Unit 2-3 synthesis,derivative_synthesis,performance_response,,Assessment Plan + Course Framework; supplied AP Topic scoring guides consulted for representation/rigor only (no question wording copied).,Assessment-plan family: Derivative Synthesis Performance; eligible after Section 3.5; version 6. Performance task.
U3-FA-D4-04-V7,MATH,3,3.5,formative_assessment,formative,d4_04_v7,performance,4,"Synthesize derivative rules, higher-order notation, procedure selection, and early motion connections to solve mixed derivative problems efficiently and accurately.","I can build and defend a derivative strategy for unfamiliar expressions, compute higher-order derivatives, and connect first and second derivatives to early motion meaning.",Unit 2-3 synthesis,derivative_synthesis,performance_response,,Assessment Plan + Course Framework; supplied AP Topic scoring guides consulted for representation/rigor only (no question wording copied).,Assessment-plan family: Derivative Synthesis Performance; eligible after Section 3.5; version 7. Performance task.
U3-FA-D4-04-V8,MATH,3,3.5,formative_assessment,formative,d4_04_v8,performance,4,"Synthesize derivative rules, higher-order notation, procedure selection, and early motion connections to solve mixed derivative problems efficiently and accurately.","I can build and defend a derivative strategy for unfamiliar expressions, compute higher-order derivatives, and connect first and second derivatives to early motion meaning.",Unit 2-3 synthesis,derivative_synthesis,performance_response,,Assessment Plan + Course Framework; supplied AP Topic scoring guides consulted for representation/rigor only (no question wording copied).,Assessment-plan family: Derivative Synthesis Performance; eligible after Section 3.5; version 8. Performance task.
U3-SUM-V1-Q01,MATH,3,3.1,summative_assessment,summative,v1_q01,unit-synthesis,2,Differentiate composite functions by identifying outer and inner structure and applying the chain rule with accurate notation.,I can differentiate composite and nested functions by tracing outer/inner structure and multiplying by each required inner derivative.,AP Topic 3.1,chain_power,multiple_choice,,Assessment Plan + Course Framework; supplied AP Topic scoring guides consulted for representation/rigor only (no question wording copied).,AP-style mixed selected/constructed response source; no published question text copied.
U3-SUM-V1-Q02,MATH,3,3.1,summative_assessment,summative,v1_q02,unit-synthesis,2,Differentiate composite functions by identifying outer and inner structure and applying the chain rule with accurate notation.,I can differentiate composite and nested functions by tracing outer/inner structure and multiplying by each required inner derivative.,AP Topic 3.1,chain_trig,constructed_response,,Assessment Plan + Course Framework; supplied AP Topic scoring guides consulted for representation/rigor only (no question wording copied).,AP-style mixed selected/constructed response source; no published question text copied.
U3-SUM-V1-Q03,MATH,3,3.1,summative_assessment,summative,v1_q03,unit-synthesis,2,Differentiate composite functions by identifying outer and inner structure and applying the chain rule with accurate notation.,I can differentiate composite and nested functions by tracing outer/inner structure and multiplying by each required inner derivative.,AP Topic 3.1,chain_table,multiple_choice,,Assessment Plan + Course Framework; supplied AP Topic scoring guides consulted for representation/rigor only (no question wording copied).,AP-style mixed selected/constructed response source; no published question text copied.
U3-SUM-V1-Q04,MATH,3,3.1,summative_assessment,summative,v1_q04,unit-synthesis,2,Differentiate composite functions by identifying outer and inner structure and applying the chain rule with accurate notation.,I can differentiate composite and nested functions by tracing outer/inner structure and multiplying by each required inner derivative.,AP Topic 3.1,chain_error,constructed_response,,Assessment Plan + Course Framework; supplied AP Topic scoring guides consulted for representation/rigor only (no question wording copied).,AP-style mixed selected/constructed response source; no published question text copied.
U3-SUM-V1-Q05,MATH,3,3.2,summative_assessment,summative,v1_q05,unit-synthesis,2,"Select and combine product, quotient, chain, and core derivative rules in mixed expressions and use higher-order derivative notation.",I can choose an efficient sequence of derivative rules for nested products or quotients and use first- and higher-order derivative notation precisely.,"AP Topics 3.5, 3.6",mixed_rule,multiple_choice,,Assessment Plan + Course Framework; supplied AP Topic scoring guides consulted for representation/rigor only (no question wording copied).,AP-style mixed selected/constructed response source; no published question text copied.
U3-SUM-V1-Q06,MATH,3,3.2,summative_assessment,summative,v1_q06,unit-synthesis,2,"Select and combine product, quotient, chain, and core derivative rules in mixed expressions and use higher-order derivative notation.",I can choose an efficient sequence of derivative rules for nested products or quotients and use first- and higher-order derivative notation precisely.,"AP Topics 3.5, 3.6",product_chain,constructed_response,,Assessment Plan + Course Framework; supplied AP Topic scoring guides consulted for representation/rigor only (no question wording copied).,AP-style mixed selected/constructed response source; no published question text copied.
U3-SUM-V1-Q07,MATH,3,3.2,summative_assessment,summative,v1_q07,unit-synthesis,2,"Select and combine product, quotient, chain, and core derivative rules in mixed expressions and use higher-order derivative notation.",I can choose an efficient sequence of derivative rules for nested products or quotients and use first- and higher-order derivative notation precisely.,"AP Topics 3.5, 3.6",higher_order,multiple_choice,,Assessment Plan + Course Framework; supplied AP Topic scoring guides consulted for representation/rigor only (no question wording copied).,AP-style mixed selected/constructed response source; no published question text copied.
U3-SUM-V1-Q08,MATH,3,3.2,summative_assessment,summative,v1_q08,unit-synthesis,3,"Select and combine product, quotient, chain, and core derivative rules in mixed expressions and use higher-order derivative notation.",I can choose an efficient sequence of derivative rules for nested products or quotients and use first- and higher-order derivative notation precisely.,"AP Topics 3.5, 3.6",strategy_defense,constructed_response,,Assessment Plan + Course Framework; supplied AP Topic scoring guides consulted for representation/rigor only (no question wording copied).,AP-style mixed selected/constructed response source; no published question text copied.
U3-SUM-V1-Q09,MATH,3,3.3,summative_assessment,summative,v1_q09,unit-synthesis,2,"Differentiate implicit relations, solve for $dy/dx$, and use the result in tangent-line situations.","I can include the required $dy/dx$ factors, solve an implicit derivative equation, and use it to find a tangent slope or tangent line.",AP Topic 3.2,implicit_basic,multiple_choice,,Assessment Plan + Course Framework; supplied AP Topic scoring guides consulted for representation/rigor only (no question wording copied).,AP-style mixed selected/constructed response source; no published question text copied.
U3-SUM-V1-Q10,MATH,3,3.3,summative_assessment,summative,v1_q10,unit-synthesis,2,"Differentiate implicit relations, solve for $dy/dx$, and use the result in tangent-line situations.","I can include the required $dy/dx$ factors, solve an implicit derivative equation, and use it to find a tangent slope or tangent line.",AP Topic 3.2,implicit_tangent,constructed_response,,Assessment Plan + Course Framework; supplied AP Topic scoring guides consulted for representation/rigor only (no question wording copied).,AP-style mixed selected/constructed response source; no published question text copied.
U3-SUM-V1-Q11,MATH,3,3.3,summative_assessment,summative,v1_q11,unit-synthesis,2,"Differentiate implicit relations, solve for $dy/dx$, and use the result in tangent-line situations.","I can include the required $dy/dx$ factors, solve an implicit derivative equation, and use it to find a tangent slope or tangent line.",AP Topic 3.2,implicit_product,constructed_response,,Assessment Plan + Course Framework; supplied AP Topic scoring guides consulted for representation/rigor only (no question wording copied).,AP-style mixed selected/constructed response source; no published question text copied.
U3-SUM-V1-Q12,MATH,3,3.3,summative_assessment,summative,v1_q12,unit-synthesis,3,"Differentiate implicit relations, solve for $dy/dx$, and use the result in tangent-line situations.","I can include the required $dy/dx$ factors, solve an implicit derivative equation, and use it to find a tangent slope or tangent line.",AP Topic 3.2,implicit_critique,constructed_response,,Assessment Plan + Course Framework; supplied AP Topic scoring guides consulted for representation/rigor only (no question wording copied).,AP-style mixed selected/constructed response source; no published question text copied.
U3-SUM-V1-Q13,MATH,3,3.4,summative_assessment,summative,v1_q13,unit-synthesis,2,"Determine derivatives of inverse functions from equations, tables, and graphs, and apply inverse trigonometric derivative rules.","I can match corresponding function/inverse values, use reciprocal derivative relationships, and differentiate inverse-trigonometric compositions.","AP Topics 3.3, 3.4",inverse_derivative,multiple_choice,,Assessment Plan + Course Framework; supplied AP Topic scoring guides consulted for representation/rigor only (no question wording copied).,AP-style mixed selected/constructed response source; no published question text copied.
U3-SUM-V1-Q14,MATH,3,3.4,summative_assessment,summative,v1_q14,unit-synthesis,2,"Determine derivatives of inverse functions from equations, tables, and graphs, and apply inverse trigonometric derivative rules.","I can match corresponding function/inverse values, use reciprocal derivative relationships, and differentiate inverse-trigonometric compositions.","AP Topics 3.3, 3.4",inverse_equation,constructed_response,,Assessment Plan + Course Framework; supplied AP Topic scoring guides consulted for representation/rigor only (no question wording copied).,AP-style mixed selected/constructed response source; no published question text copied.
U3-SUM-V1-Q15,MATH,3,3.4,summative_assessment,summative,v1_q15,unit-synthesis,2,"Determine derivatives of inverse functions from equations, tables, and graphs, and apply inverse trigonometric derivative rules.","I can match corresponding function/inverse values, use reciprocal derivative relationships, and differentiate inverse-trigonometric compositions.","AP Topics 3.3, 3.4",inverse_trig,multiple_choice,,Assessment Plan + Course Framework; supplied AP Topic scoring guides consulted for representation/rigor only (no question wording copied).,AP-style mixed selected/constructed response source; no published question text copied.
U3-SUM-V1-Q16,MATH,3,3.4,summative_assessment,summative,v1_q16,unit-synthesis,2,"Determine derivatives of inverse functions from equations, tables, and graphs, and apply inverse trigonometric derivative rules.","I can match corresponding function/inverse values, use reciprocal derivative relationships, and differentiate inverse-trigonometric compositions.","AP Topics 3.3, 3.4",inverse_notation,constructed_response,,Assessment Plan + Course Framework; supplied AP Topic scoring guides consulted for representation/rigor only (no question wording copied).,AP-style mixed selected/constructed response source; no published question text copied.
U3-SUM-V1-Q17,MATH,3,3.5,summative_assessment,summative,v1_q17,unit-synthesis,2,"Synthesize derivative rules, higher-order notation, procedure selection, and early motion connections to solve mixed derivative problems efficiently and accurately.","I can build and defend a derivative strategy for unfamiliar expressions, compute higher-order derivatives, and connect first and second derivatives to early motion meaning.",Unit 2-3 synthesis,higher_order,multiple_choice,,Assessment Plan + Course Framework; supplied AP Topic scoring guides consulted for representation/rigor only (no question wording copied).,AP-style mixed selected/constructed response source; no published question text copied.
U3-SUM-V1-Q18,MATH,3,3.5,summative_assessment,summative,v1_q18,unit-synthesis,2,"Synthesize derivative rules, higher-order notation, procedure selection, and early motion connections to solve mixed derivative problems efficiently and accurately.","I can build and defend a derivative strategy for unfamiliar expressions, compute higher-order derivatives, and connect first and second derivatives to early motion meaning.",Unit 2-3 synthesis,motion_preview,constructed_response,,Assessment Plan + Course Framework; supplied AP Topic scoring guides consulted for representation/rigor only (no question wording copied).,AP-style mixed selected/constructed response source; no published question text copied.
U3-SUM-V1-Q19,MATH,3,3.5,summative_assessment,summative,v1_q19,unit-synthesis,3,"Synthesize derivative rules, higher-order notation, procedure selection, and early motion connections to solve mixed derivative problems efficiently and accurately.","I can build and defend a derivative strategy for unfamiliar expressions, compute higher-order derivatives, and connect first and second derivatives to early motion meaning.",Unit 2-3 synthesis,strategy_sequence,constructed_response,,Assessment Plan + Course Framework; supplied AP Topic scoring guides consulted for representation/rigor only (no question wording copied).,AP-style mixed selected/constructed response source; no published question text copied.
U3-SUM-V1-Q20,MATH,3,3.5,summative_assessment,summative,v1_q20,unit-synthesis,3,"Synthesize derivative rules, higher-order notation, procedure selection, and early motion connections to solve mixed derivative problems efficiently and accurately.","I can build and defend a derivative strategy for unfamiliar expressions, compute higher-order derivatives, and connect first and second derivatives to early motion meaning.",Unit 2-3 synthesis,synthesis_strategy,constructed_response,,Assessment Plan + Course Framework; supplied AP Topic scoring guides consulted for representation/rigor only (no question wording copied).,AP-style mixed selected/constructed response source; no published question text copied.
U3-SUM-V2-Q01,MATH,3,3.1,summative_assessment,summative,v2_q01,unit-synthesis,2,Differentiate composite functions by identifying outer and inner structure and applying the chain rule with accurate notation.,I can differentiate composite and nested functions by tracing outer/inner structure and multiplying by each required inner derivative.,AP Topic 3.1,chain_power,multiple_choice,,Assessment Plan + Course Framework; supplied AP Topic scoring guides consulted for representation/rigor only (no question wording copied).,AP-style mixed selected/constructed response source; no published question text copied.
U3-SUM-V2-Q02,MATH,3,3.1,summative_assessment,summative,v2_q02,unit-synthesis,2,Differentiate composite functions by identifying outer and inner structure and applying the chain rule with accurate notation.,I can differentiate composite and nested functions by tracing outer/inner structure and multiplying by each required inner derivative.,AP Topic 3.1,chain_trig,constructed_response,,Assessment Plan + Course Framework; supplied AP Topic scoring guides consulted for representation/rigor only (no question wording copied).,AP-style mixed selected/constructed response source; no published question text copied.
U3-SUM-V2-Q03,MATH,3,3.1,summative_assessment,summative,v2_q03,unit-synthesis,2,Differentiate composite functions by identifying outer and inner structure and applying the chain rule with accurate notation.,I can differentiate composite and nested functions by tracing outer/inner structure and multiplying by each required inner derivative.,AP Topic 3.1,chain_table,multiple_choice,,Assessment Plan + Course Framework; supplied AP Topic scoring guides consulted for representation/rigor only (no question wording copied).,AP-style mixed selected/constructed response source; no published question text copied.
U3-SUM-V2-Q04,MATH,3,3.1,summative_assessment,summative,v2_q04,unit-synthesis,2,Differentiate composite functions by identifying outer and inner structure and applying the chain rule with accurate notation.,I can differentiate composite and nested functions by tracing outer/inner structure and multiplying by each required inner derivative.,AP Topic 3.1,chain_error,constructed_response,,Assessment Plan + Course Framework; supplied AP Topic scoring guides consulted for representation/rigor only (no question wording copied).,AP-style mixed selected/constructed response source; no published question text copied.
U3-SUM-V2-Q05,MATH,3,3.2,summative_assessment,summative,v2_q05,unit-synthesis,2,"Select and combine product, quotient, chain, and core derivative rules in mixed expressions and use higher-order derivative notation.",I can choose an efficient sequence of derivative rules for nested products or quotients and use first- and higher-order derivative notation precisely.,"AP Topics 3.5, 3.6",mixed_rule,multiple_choice,,Assessment Plan + Course Framework; supplied AP Topic scoring guides consulted for representation/rigor only (no question wording copied).,AP-style mixed selected/constructed response source; no published question text copied.
U3-SUM-V2-Q06,MATH,3,3.2,summative_assessment,summative,v2_q06,unit-synthesis,2,"Select and combine product, quotient, chain, and core derivative rules in mixed expressions and use higher-order derivative notation.",I can choose an efficient sequence of derivative rules for nested products or quotients and use first- and higher-order derivative notation precisely.,"AP Topics 3.5, 3.6",product_chain,constructed_response,,Assessment Plan + Course Framework; supplied AP Topic scoring guides consulted for representation/rigor only (no question wording copied).,AP-style mixed selected/constructed response source; no published question text copied.
U3-SUM-V2-Q07,MATH,3,3.2,summative_assessment,summative,v2_q07,unit-synthesis,2,"Select and combine product, quotient, chain, and core derivative rules in mixed expressions and use higher-order derivative notation.",I can choose an efficient sequence of derivative rules for nested products or quotients and use first- and higher-order derivative notation precisely.,"AP Topics 3.5, 3.6",higher_order,multiple_choice,,Assessment Plan + Course Framework; supplied AP Topic scoring guides consulted for representation/rigor only (no question wording copied).,AP-style mixed selected/constructed response source; no published question text copied.
U3-SUM-V2-Q08,MATH,3,3.2,summative_assessment,summative,v2_q08,unit-synthesis,3,"Select and combine product, quotient, chain, and core derivative rules in mixed expressions and use higher-order derivative notation.",I can choose an efficient sequence of derivative rules for nested products or quotients and use first- and higher-order derivative notation precisely.,"AP Topics 3.5, 3.6",strategy_defense,constructed_response,,Assessment Plan + Course Framework; supplied AP Topic scoring guides consulted for representation/rigor only (no question wording copied).,AP-style mixed selected/constructed response source; no published question text copied.
U3-SUM-V2-Q09,MATH,3,3.3,summative_assessment,summative,v2_q09,unit-synthesis,2,"Differentiate implicit relations, solve for $dy/dx$, and use the result in tangent-line situations.","I can include the required $dy/dx$ factors, solve an implicit derivative equation, and use it to find a tangent slope or tangent line.",AP Topic 3.2,implicit_basic,multiple_choice,,Assessment Plan + Course Framework; supplied AP Topic scoring guides consulted for representation/rigor only (no question wording copied).,AP-style mixed selected/constructed response source; no published question text copied.
U3-SUM-V2-Q10,MATH,3,3.3,summative_assessment,summative,v2_q10,unit-synthesis,2,"Differentiate implicit relations, solve for $dy/dx$, and use the result in tangent-line situations.","I can include the required $dy/dx$ factors, solve an implicit derivative equation, and use it to find a tangent slope or tangent line.",AP Topic 3.2,implicit_tangent,constructed_response,,Assessment Plan + Course Framework; supplied AP Topic scoring guides consulted for representation/rigor only (no question wording copied).,AP-style mixed selected/constructed response source; no published question text copied.
U3-SUM-V2-Q11,MATH,3,3.3,summative_assessment,summative,v2_q11,unit-synthesis,2,"Differentiate implicit relations, solve for $dy/dx$, and use the result in tangent-line situations.","I can include the required $dy/dx$ factors, solve an implicit derivative equation, and use it to find a tangent slope or tangent line.",AP Topic 3.2,implicit_product,constructed_response,,Assessment Plan + Course Framework; supplied AP Topic scoring guides consulted for representation/rigor only (no question wording copied).,AP-style mixed selected/constructed response source; no published question text copied.
U3-SUM-V2-Q12,MATH,3,3.3,summative_assessment,summative,v2_q12,unit-synthesis,3,"Differentiate implicit relations, solve for $dy/dx$, and use the result in tangent-line situations.","I can include the required $dy/dx$ factors, solve an implicit derivative equation, and use it to find a tangent slope or tangent line.",AP Topic 3.2,implicit_critique,constructed_response,,Assessment Plan + Course Framework; supplied AP Topic scoring guides consulted for representation/rigor only (no question wording copied).,AP-style mixed selected/constructed response source; no published question text copied.
U3-SUM-V2-Q13,MATH,3,3.4,summative_assessment,summative,v2_q13,unit-synthesis,2,"Determine derivatives of inverse functions from equations, tables, and graphs, and apply inverse trigonometric derivative rules.","I can match corresponding function/inverse values, use reciprocal derivative relationships, and differentiate inverse-trigonometric compositions.","AP Topics 3.3, 3.4",inverse_derivative,multiple_choice,,Assessment Plan + Course Framework; supplied AP Topic scoring guides consulted for representation/rigor only (no question wording copied).,AP-style mixed selected/constructed response source; no published question text copied.
U3-SUM-V2-Q14,MATH,3,3.4,summative_assessment,summative,v2_q14,unit-synthesis,2,"Determine derivatives of inverse functions from equations, tables, and graphs, and apply inverse trigonometric derivative rules.","I can match corresponding function/inverse values, use reciprocal derivative relationships, and differentiate inverse-trigonometric compositions.","AP Topics 3.3, 3.4",inverse_equation,constructed_response,,Assessment Plan + Course Framework; supplied AP Topic scoring guides consulted for representation/rigor only (no question wording copied).,AP-style mixed selected/constructed response source; no published question text copied.
U3-SUM-V2-Q15,MATH,3,3.4,summative_assessment,summative,v2_q15,unit-synthesis,2,"Determine derivatives of inverse functions from equations, tables, and graphs, and apply inverse trigonometric derivative rules.","I can match corresponding function/inverse values, use reciprocal derivative relationships, and differentiate inverse-trigonometric compositions.","AP Topics 3.3, 3.4",inverse_trig,multiple_choice,,Assessment Plan + Course Framework; supplied AP Topic scoring guides consulted for representation/rigor only (no question wording copied).,AP-style mixed selected/constructed response source; no published question text copied.
U3-SUM-V2-Q16,MATH,3,3.4,summative_assessment,summative,v2_q16,unit-synthesis,2,"Determine derivatives of inverse functions from equations, tables, and graphs, and apply inverse trigonometric derivative rules.","I can match corresponding function/inverse values, use reciprocal derivative relationships, and differentiate inverse-trigonometric compositions.","AP Topics 3.3, 3.4",inverse_notation,constructed_response,,Assessment Plan + Course Framework; supplied AP Topic scoring guides consulted for representation/rigor only (no question wording copied).,AP-style mixed selected/constructed response source; no published question text copied.
U3-SUM-V2-Q17,MATH,3,3.5,summative_assessment,summative,v2_q17,unit-synthesis,2,"Synthesize derivative rules, higher-order notation, procedure selection, and early motion connections to solve mixed derivative problems efficiently and accurately.","I can build and defend a derivative strategy for unfamiliar expressions, compute higher-order derivatives, and connect first and second derivatives to early motion meaning.",Unit 2-3 synthesis,higher_order,multiple_choice,,Assessment Plan + Course Framework; supplied AP Topic scoring guides consulted for representation/rigor only (no question wording copied).,AP-style mixed selected/constructed response source; no published question text copied.
U3-SUM-V2-Q18,MATH,3,3.5,summative_assessment,summative,v2_q18,unit-synthesis,2,"Synthesize derivative rules, higher-order notation, procedure selection, and early motion connections to solve mixed derivative problems efficiently and accurately.","I can build and defend a derivative strategy for unfamiliar expressions, compute higher-order derivatives, and connect first and second derivatives to early motion meaning.",Unit 2-3 synthesis,motion_preview,constructed_response,,Assessment Plan + Course Framework; supplied AP Topic scoring guides consulted for representation/rigor only (no question wording copied).,AP-style mixed selected/constructed response source; no published question text copied.
U3-SUM-V2-Q19,MATH,3,3.5,summative_assessment,summative,v2_q19,unit-synthesis,3,"Synthesize derivative rules, higher-order notation, procedure selection, and early motion connections to solve mixed derivative problems efficiently and accurately.","I can build and defend a derivative strategy for unfamiliar expressions, compute higher-order derivatives, and connect first and second derivatives to early motion meaning.",Unit 2-3 synthesis,strategy_sequence,constructed_response,,Assessment Plan + Course Framework; supplied AP Topic scoring guides consulted for representation/rigor only (no question wording copied).,AP-style mixed selected/constructed response source; no published question text copied.
U3-SUM-V2-Q20,MATH,3,3.5,summative_assessment,summative,v2_q20,unit-synthesis,3,"Synthesize derivative rules, higher-order notation, procedure selection, and early motion connections to solve mixed derivative problems efficiently and accurately.","I can build and defend a derivative strategy for unfamiliar expressions, compute higher-order derivatives, and connect first and second derivatives to early motion meaning.",Unit 2-3 synthesis,synthesis_strategy,constructed_response,,Assessment Plan + Course Framework; supplied AP Topic scoring guides consulted for representation/rigor only (no question wording copied).,AP-style mixed selected/constructed response source; no published question text copied.
U3-SUM-V3-Q01,MATH,3,3.1,summative_assessment,summative,v3_q01,unit-synthesis,2,Differentiate composite functions by identifying outer and inner structure and applying the chain rule with accurate notation.,I can differentiate composite and nested functions by tracing outer/inner structure and multiplying by each required inner derivative.,AP Topic 3.1,chain_power,multiple_choice,,Assessment Plan + Course Framework; supplied AP Topic scoring guides consulted for representation/rigor only (no question wording copied).,AP-style mixed selected/constructed response source; no published question text copied.
U3-SUM-V3-Q02,MATH,3,3.1,summative_assessment,summative,v3_q02,unit-synthesis,2,Differentiate composite functions by identifying outer and inner structure and applying the chain rule with accurate notation.,I can differentiate composite and nested functions by tracing outer/inner structure and multiplying by each required inner derivative.,AP Topic 3.1,chain_trig,constructed_response,,Assessment Plan + Course Framework; supplied AP Topic scoring guides consulted for representation/rigor only (no question wording copied).,AP-style mixed selected/constructed response source; no published question text copied.
U3-SUM-V3-Q03,MATH,3,3.1,summative_assessment,summative,v3_q03,unit-synthesis,2,Differentiate composite functions by identifying outer and inner structure and applying the chain rule with accurate notation.,I can differentiate composite and nested functions by tracing outer/inner structure and multiplying by each required inner derivative.,AP Topic 3.1,chain_table,multiple_choice,,Assessment Plan + Course Framework; supplied AP Topic scoring guides consulted for representation/rigor only (no question wording copied).,AP-style mixed selected/constructed response source; no published question text copied.
U3-SUM-V3-Q04,MATH,3,3.1,summative_assessment,summative,v3_q04,unit-synthesis,2,Differentiate composite functions by identifying outer and inner structure and applying the chain rule with accurate notation.,I can differentiate composite and nested functions by tracing outer/inner structure and multiplying by each required inner derivative.,AP Topic 3.1,chain_error,constructed_response,,Assessment Plan + Course Framework; supplied AP Topic scoring guides consulted for representation/rigor only (no question wording copied).,AP-style mixed selected/constructed response source; no published question text copied.
U3-SUM-V3-Q05,MATH,3,3.2,summative_assessment,summative,v3_q05,unit-synthesis,2,"Select and combine product, quotient, chain, and core derivative rules in mixed expressions and use higher-order derivative notation.",I can choose an efficient sequence of derivative rules for nested products or quotients and use first- and higher-order derivative notation precisely.,"AP Topics 3.5, 3.6",mixed_rule,multiple_choice,,Assessment Plan + Course Framework; supplied AP Topic scoring guides consulted for representation/rigor only (no question wording copied).,AP-style mixed selected/constructed response source; no published question text copied.
U3-SUM-V3-Q06,MATH,3,3.2,summative_assessment,summative,v3_q06,unit-synthesis,2,"Select and combine product, quotient, chain, and core derivative rules in mixed expressions and use higher-order derivative notation.",I can choose an efficient sequence of derivative rules for nested products or quotients and use first- and higher-order derivative notation precisely.,"AP Topics 3.5, 3.6",product_chain,constructed_response,,Assessment Plan + Course Framework; supplied AP Topic scoring guides consulted for representation/rigor only (no question wording copied).,AP-style mixed selected/constructed response source; no published question text copied.
U3-SUM-V3-Q07,MATH,3,3.2,summative_assessment,summative,v3_q07,unit-synthesis,2,"Select and combine product, quotient, chain, and core derivative rules in mixed expressions and use higher-order derivative notation.",I can choose an efficient sequence of derivative rules for nested products or quotients and use first- and higher-order derivative notation precisely.,"AP Topics 3.5, 3.6",higher_order,multiple_choice,,Assessment Plan + Course Framework; supplied AP Topic scoring guides consulted for representation/rigor only (no question wording copied).,AP-style mixed selected/constructed response source; no published question text copied.
U3-SUM-V3-Q08,MATH,3,3.2,summative_assessment,summative,v3_q08,unit-synthesis,3,"Select and combine product, quotient, chain, and core derivative rules in mixed expressions and use higher-order derivative notation.",I can choose an efficient sequence of derivative rules for nested products or quotients and use first- and higher-order derivative notation precisely.,"AP Topics 3.5, 3.6",strategy_defense,constructed_response,,Assessment Plan + Course Framework; supplied AP Topic scoring guides consulted for representation/rigor only (no question wording copied).,AP-style mixed selected/constructed response source; no published question text copied.
U3-SUM-V3-Q09,MATH,3,3.3,summative_assessment,summative,v3_q09,unit-synthesis,2,"Differentiate implicit relations, solve for $dy/dx$, and use the result in tangent-line situations.","I can include the required $dy/dx$ factors, solve an implicit derivative equation, and use it to find a tangent slope or tangent line.",AP Topic 3.2,implicit_basic,multiple_choice,,Assessment Plan + Course Framework; supplied AP Topic scoring guides consulted for representation/rigor only (no question wording copied).,AP-style mixed selected/constructed response source; no published question text copied.
U3-SUM-V3-Q10,MATH,3,3.3,summative_assessment,summative,v3_q10,unit-synthesis,2,"Differentiate implicit relations, solve for $dy/dx$, and use the result in tangent-line situations.","I can include the required $dy/dx$ factors, solve an implicit derivative equation, and use it to find a tangent slope or tangent line.",AP Topic 3.2,implicit_tangent,constructed_response,,Assessment Plan + Course Framework; supplied AP Topic scoring guides consulted for representation/rigor only (no question wording copied).,AP-style mixed selected/constructed response source; no published question text copied.
U3-SUM-V3-Q11,MATH,3,3.3,summative_assessment,summative,v3_q11,unit-synthesis,2,"Differentiate implicit relations, solve for $dy/dx$, and use the result in tangent-line situations.","I can include the required $dy/dx$ factors, solve an implicit derivative equation, and use it to find a tangent slope or tangent line.",AP Topic 3.2,implicit_product,constructed_response,,Assessment Plan + Course Framework; supplied AP Topic scoring guides consulted for representation/rigor only (no question wording copied).,AP-style mixed selected/constructed response source; no published question text copied.
U3-SUM-V3-Q12,MATH,3,3.3,summative_assessment,summative,v3_q12,unit-synthesis,3,"Differentiate implicit relations, solve for $dy/dx$, and use the result in tangent-line situations.","I can include the required $dy/dx$ factors, solve an implicit derivative equation, and use it to find a tangent slope or tangent line.",AP Topic 3.2,implicit_critique,constructed_response,,Assessment Plan + Course Framework; supplied AP Topic scoring guides consulted for representation/rigor only (no question wording copied).,AP-style mixed selected/constructed response source; no published question text copied.
U3-SUM-V3-Q13,MATH,3,3.4,summative_assessment,summative,v3_q13,unit-synthesis,2,"Determine derivatives of inverse functions from equations, tables, and graphs, and apply inverse trigonometric derivative rules.","I can match corresponding function/inverse values, use reciprocal derivative relationships, and differentiate inverse-trigonometric compositions.","AP Topics 3.3, 3.4",inverse_derivative,multiple_choice,,Assessment Plan + Course Framework; supplied AP Topic scoring guides consulted for representation/rigor only (no question wording copied).,AP-style mixed selected/constructed response source; no published question text copied.
U3-SUM-V3-Q14,MATH,3,3.4,summative_assessment,summative,v3_q14,unit-synthesis,2,"Determine derivatives of inverse functions from equations, tables, and graphs, and apply inverse trigonometric derivative rules.","I can match corresponding function/inverse values, use reciprocal derivative relationships, and differentiate inverse-trigonometric compositions.","AP Topics 3.3, 3.4",inverse_equation,constructed_response,,Assessment Plan + Course Framework; supplied AP Topic scoring guides consulted for representation/rigor only (no question wording copied).,AP-style mixed selected/constructed response source; no published question text copied.
U3-SUM-V3-Q15,MATH,3,3.4,summative_assessment,summative,v3_q15,unit-synthesis,2,"Determine derivatives of inverse functions from equations, tables, and graphs, and apply inverse trigonometric derivative rules.","I can match corresponding function/inverse values, use reciprocal derivative relationships, and differentiate inverse-trigonometric compositions.","AP Topics 3.3, 3.4",inverse_trig,multiple_choice,,Assessment Plan + Course Framework; supplied AP Topic scoring guides consulted for representation/rigor only (no question wording copied).,AP-style mixed selected/constructed response source; no published question text copied.
U3-SUM-V3-Q16,MATH,3,3.4,summative_assessment,summative,v3_q16,unit-synthesis,2,"Determine derivatives of inverse functions from equations, tables, and graphs, and apply inverse trigonometric derivative rules.","I can match corresponding function/inverse values, use reciprocal derivative relationships, and differentiate inverse-trigonometric compositions.","AP Topics 3.3, 3.4",inverse_notation,constructed_response,,Assessment Plan + Course Framework; supplied AP Topic scoring guides consulted for representation/rigor only (no question wording copied).,AP-style mixed selected/constructed response source; no published question text copied.
U3-SUM-V3-Q17,MATH,3,3.5,summative_assessment,summative,v3_q17,unit-synthesis,2,"Synthesize derivative rules, higher-order notation, procedure selection, and early motion connections to solve mixed derivative problems efficiently and accurately.","I can build and defend a derivative strategy for unfamiliar expressions, compute higher-order derivatives, and connect first and second derivatives to early motion meaning.",Unit 2-3 synthesis,higher_order,multiple_choice,,Assessment Plan + Course Framework; supplied AP Topic scoring guides consulted for representation/rigor only (no question wording copied).,AP-style mixed selected/constructed response source; no published question text copied.
U3-SUM-V3-Q18,MATH,3,3.5,summative_assessment,summative,v3_q18,unit-synthesis,2,"Synthesize derivative rules, higher-order notation, procedure selection, and early motion connections to solve mixed derivative problems efficiently and accurately.","I can build and defend a derivative strategy for unfamiliar expressions, compute higher-order derivatives, and connect first and second derivatives to early motion meaning.",Unit 2-3 synthesis,motion_preview,constructed_response,,Assessment Plan + Course Framework; supplied AP Topic scoring guides consulted for representation/rigor only (no question wording copied).,AP-style mixed selected/constructed response source; no published question text copied.
U3-SUM-V3-Q19,MATH,3,3.5,summative_assessment,summative,v3_q19,unit-synthesis,3,"Synthesize derivative rules, higher-order notation, procedure selection, and early motion connections to solve mixed derivative problems efficiently and accurately.","I can build and defend a derivative strategy for unfamiliar expressions, compute higher-order derivatives, and connect first and second derivatives to early motion meaning.",Unit 2-3 synthesis,strategy_sequence,constructed_response,,Assessment Plan + Course Framework; supplied AP Topic scoring guides consulted for representation/rigor only (no question wording copied).,AP-style mixed selected/constructed response source; no published question text copied.
U3-SUM-V3-Q20,MATH,3,3.5,summative_assessment,summative,v3_q20,unit-synthesis,3,"Synthesize derivative rules, higher-order notation, procedure selection, and early motion connections to solve mixed derivative problems efficiently and accurately.","I can build and defend a derivative strategy for unfamiliar expressions, compute higher-order derivatives, and connect first and second derivatives to early motion meaning.",Unit 2-3 synthesis,synthesis_strategy,constructed_response,,Assessment Plan + Course Framework; supplied AP Topic scoring guides consulted for representation/rigor only (no question wording copied).,AP-style mixed selected/constructed response source; no published question text copied.
U3-SUM-V4-Q01,MATH,3,3.1,summative_assessment,summative,v4_q01,unit-synthesis,2,Differentiate composite functions by identifying outer and inner structure and applying the chain rule with accurate notation.,I can differentiate composite and nested functions by tracing outer/inner structure and multiplying by each required inner derivative.,AP Topic 3.1,chain_power,multiple_choice,,Assessment Plan + Course Framework; supplied AP Topic scoring guides consulted for representation/rigor only (no question wording copied).,AP-style mixed selected/constructed response source; no published question text copied.
U3-SUM-V4-Q02,MATH,3,3.1,summative_assessment,summative,v4_q02,unit-synthesis,2,Differentiate composite functions by identifying outer and inner structure and applying the chain rule with accurate notation.,I can differentiate composite and nested functions by tracing outer/inner structure and multiplying by each required inner derivative.,AP Topic 3.1,chain_trig,constructed_response,,Assessment Plan + Course Framework; supplied AP Topic scoring guides consulted for representation/rigor only (no question wording copied).,AP-style mixed selected/constructed response source; no published question text copied.
U3-SUM-V4-Q03,MATH,3,3.1,summative_assessment,summative,v4_q03,unit-synthesis,2,Differentiate composite functions by identifying outer and inner structure and applying the chain rule with accurate notation.,I can differentiate composite and nested functions by tracing outer/inner structure and multiplying by each required inner derivative.,AP Topic 3.1,chain_table,multiple_choice,,Assessment Plan + Course Framework; supplied AP Topic scoring guides consulted for representation/rigor only (no question wording copied).,AP-style mixed selected/constructed response source; no published question text copied.
U3-SUM-V4-Q04,MATH,3,3.1,summative_assessment,summative,v4_q04,unit-synthesis,2,Differentiate composite functions by identifying outer and inner structure and applying the chain rule with accurate notation.,I can differentiate composite and nested functions by tracing outer/inner structure and multiplying by each required inner derivative.,AP Topic 3.1,chain_error,constructed_response,,Assessment Plan + Course Framework; supplied AP Topic scoring guides consulted for representation/rigor only (no question wording copied).,AP-style mixed selected/constructed response source; no published question text copied.
U3-SUM-V4-Q05,MATH,3,3.2,summative_assessment,summative,v4_q05,unit-synthesis,2,"Select and combine product, quotient, chain, and core derivative rules in mixed expressions and use higher-order derivative notation.",I can choose an efficient sequence of derivative rules for nested products or quotients and use first- and higher-order derivative notation precisely.,"AP Topics 3.5, 3.6",mixed_rule,multiple_choice,,Assessment Plan + Course Framework; supplied AP Topic scoring guides consulted for representation/rigor only (no question wording copied).,AP-style mixed selected/constructed response source; no published question text copied.
U3-SUM-V4-Q06,MATH,3,3.2,summative_assessment,summative,v4_q06,unit-synthesis,2,"Select and combine product, quotient, chain, and core derivative rules in mixed expressions and use higher-order derivative notation.",I can choose an efficient sequence of derivative rules for nested products or quotients and use first- and higher-order derivative notation precisely.,"AP Topics 3.5, 3.6",product_chain,constructed_response,,Assessment Plan + Course Framework; supplied AP Topic scoring guides consulted for representation/rigor only (no question wording copied).,AP-style mixed selected/constructed response source; no published question text copied.
U3-SUM-V4-Q07,MATH,3,3.2,summative_assessment,summative,v4_q07,unit-synthesis,2,"Select and combine product, quotient, chain, and core derivative rules in mixed expressions and use higher-order derivative notation.",I can choose an efficient sequence of derivative rules for nested products or quotients and use first- and higher-order derivative notation precisely.,"AP Topics 3.5, 3.6",higher_order,multiple_choice,,Assessment Plan + Course Framework; supplied AP Topic scoring guides consulted for representation/rigor only (no question wording copied).,AP-style mixed selected/constructed response source; no published question text copied.
U3-SUM-V4-Q08,MATH,3,3.2,summative_assessment,summative,v4_q08,unit-synthesis,3,"Select and combine product, quotient, chain, and core derivative rules in mixed expressions and use higher-order derivative notation.",I can choose an efficient sequence of derivative rules for nested products or quotients and use first- and higher-order derivative notation precisely.,"AP Topics 3.5, 3.6",strategy_defense,constructed_response,,Assessment Plan + Course Framework; supplied AP Topic scoring guides consulted for representation/rigor only (no question wording copied).,AP-style mixed selected/constructed response source; no published question text copied.
U3-SUM-V4-Q09,MATH,3,3.3,summative_assessment,summative,v4_q09,unit-synthesis,2,"Differentiate implicit relations, solve for $dy/dx$, and use the result in tangent-line situations.","I can include the required $dy/dx$ factors, solve an implicit derivative equation, and use it to find a tangent slope or tangent line.",AP Topic 3.2,implicit_basic,multiple_choice,,Assessment Plan + Course Framework; supplied AP Topic scoring guides consulted for representation/rigor only (no question wording copied).,AP-style mixed selected/constructed response source; no published question text copied.
U3-SUM-V4-Q10,MATH,3,3.3,summative_assessment,summative,v4_q10,unit-synthesis,2,"Differentiate implicit relations, solve for $dy/dx$, and use the result in tangent-line situations.","I can include the required $dy/dx$ factors, solve an implicit derivative equation, and use it to find a tangent slope or tangent line.",AP Topic 3.2,implicit_tangent,constructed_response,,Assessment Plan + Course Framework; supplied AP Topic scoring guides consulted for representation/rigor only (no question wording copied).,AP-style mixed selected/constructed response source; no published question text copied.
U3-SUM-V4-Q11,MATH,3,3.3,summative_assessment,summative,v4_q11,unit-synthesis,2,"Differentiate implicit relations, solve for $dy/dx$, and use the result in tangent-line situations.","I can include the required $dy/dx$ factors, solve an implicit derivative equation, and use it to find a tangent slope or tangent line.",AP Topic 3.2,implicit_product,constructed_response,,Assessment Plan + Course Framework; supplied AP Topic scoring guides consulted for representation/rigor only (no question wording copied).,AP-style mixed selected/constructed response source; no published question text copied.
U3-SUM-V4-Q12,MATH,3,3.3,summative_assessment,summative,v4_q12,unit-synthesis,3,"Differentiate implicit relations, solve for $dy/dx$, and use the result in tangent-line situations.","I can include the required $dy/dx$ factors, solve an implicit derivative equation, and use it to find a tangent slope or tangent line.",AP Topic 3.2,implicit_critique,constructed_response,,Assessment Plan + Course Framework; supplied AP Topic scoring guides consulted for representation/rigor only (no question wording copied).,AP-style mixed selected/constructed response source; no published question text copied.
U3-SUM-V4-Q13,MATH,3,3.4,summative_assessment,summative,v4_q13,unit-synthesis,2,"Determine derivatives of inverse functions from equations, tables, and graphs, and apply inverse trigonometric derivative rules.","I can match corresponding function/inverse values, use reciprocal derivative relationships, and differentiate inverse-trigonometric compositions.","AP Topics 3.3, 3.4",inverse_derivative,multiple_choice,,Assessment Plan + Course Framework; supplied AP Topic scoring guides consulted for representation/rigor only (no question wording copied).,AP-style mixed selected/constructed response source; no published question text copied.
U3-SUM-V4-Q14,MATH,3,3.4,summative_assessment,summative,v4_q14,unit-synthesis,2,"Determine derivatives of inverse functions from equations, tables, and graphs, and apply inverse trigonometric derivative rules.","I can match corresponding function/inverse values, use reciprocal derivative relationships, and differentiate inverse-trigonometric compositions.","AP Topics 3.3, 3.4",inverse_equation,constructed_response,,Assessment Plan + Course Framework; supplied AP Topic scoring guides consulted for representation/rigor only (no question wording copied).,AP-style mixed selected/constructed response source; no published question text copied.
U3-SUM-V4-Q15,MATH,3,3.4,summative_assessment,summative,v4_q15,unit-synthesis,2,"Determine derivatives of inverse functions from equations, tables, and graphs, and apply inverse trigonometric derivative rules.","I can match corresponding function/inverse values, use reciprocal derivative relationships, and differentiate inverse-trigonometric compositions.","AP Topics 3.3, 3.4",inverse_trig,multiple_choice,,Assessment Plan + Course Framework; supplied AP Topic scoring guides consulted for representation/rigor only (no question wording copied).,AP-style mixed selected/constructed response source; no published question text copied.
U3-SUM-V4-Q16,MATH,3,3.4,summative_assessment,summative,v4_q16,unit-synthesis,2,"Determine derivatives of inverse functions from equations, tables, and graphs, and apply inverse trigonometric derivative rules.","I can match corresponding function/inverse values, use reciprocal derivative relationships, and differentiate inverse-trigonometric compositions.","AP Topics 3.3, 3.4",inverse_notation,constructed_response,,Assessment Plan + Course Framework; supplied AP Topic scoring guides consulted for representation/rigor only (no question wording copied).,AP-style mixed selected/constructed response source; no published question text copied.
U3-SUM-V4-Q17,MATH,3,3.5,summative_assessment,summative,v4_q17,unit-synthesis,2,"Synthesize derivative rules, higher-order notation, procedure selection, and early motion connections to solve mixed derivative problems efficiently and accurately.","I can build and defend a derivative strategy for unfamiliar expressions, compute higher-order derivatives, and connect first and second derivatives to early motion meaning.",Unit 2-3 synthesis,higher_order,multiple_choice,,Assessment Plan + Course Framework; supplied AP Topic scoring guides consulted for representation/rigor only (no question wording copied).,AP-style mixed selected/constructed response source; no published question text copied.
U3-SUM-V4-Q18,MATH,3,3.5,summative_assessment,summative,v4_q18,unit-synthesis,2,"Synthesize derivative rules, higher-order notation, procedure selection, and early motion connections to solve mixed derivative problems efficiently and accurately.","I can build and defend a derivative strategy for unfamiliar expressions, compute higher-order derivatives, and connect first and second derivatives to early motion meaning.",Unit 2-3 synthesis,motion_preview,constructed_response,,Assessment Plan + Course Framework; supplied AP Topic scoring guides consulted for representation/rigor only (no question wording copied).,AP-style mixed selected/constructed response source; no published question text copied.
U3-SUM-V4-Q19,MATH,3,3.5,summative_assessment,summative,v4_q19,unit-synthesis,3,"Synthesize derivative rules, higher-order notation, procedure selection, and early motion connections to solve mixed derivative problems efficiently and accurately.","I can build and defend a derivative strategy for unfamiliar expressions, compute higher-order derivatives, and connect first and second derivatives to early motion meaning.",Unit 2-3 synthesis,strategy_sequence,constructed_response,,Assessment Plan + Course Framework; supplied AP Topic scoring guides consulted for representation/rigor only (no question wording copied).,AP-style mixed selected/constructed response source; no published question text copied.
U3-SUM-V4-Q20,MATH,3,3.5,summative_assessment,summative,v4_q20,unit-synthesis,3,"Synthesize derivative rules, higher-order notation, procedure selection, and early motion connections to solve mixed derivative problems efficiently and accurately.","I can build and defend a derivative strategy for unfamiliar expressions, compute higher-order derivatives, and connect first and second derivatives to early motion meaning.",Unit 2-3 synthesis,synthesis_strategy,constructed_response,,Assessment Plan + Course Framework; supplied AP Topic scoring guides consulted for representation/rigor only (no question wording copied).,AP-style mixed selected/constructed response source; no published question text copied.
U3-SUM-V5-Q01,MATH,3,3.1,summative_assessment,summative,v5_q01,unit-synthesis,2,Differentiate composite functions by identifying outer and inner structure and applying the chain rule with accurate notation.,I can differentiate composite and nested functions by tracing outer/inner structure and multiplying by each required inner derivative.,AP Topic 3.1,chain_power,multiple_choice,,Assessment Plan + Course Framework; supplied AP Topic scoring guides consulted for representation/rigor only (no question wording copied).,AP-style mixed selected/constructed response source; no published question text copied.
U3-SUM-V5-Q02,MATH,3,3.1,summative_assessment,summative,v5_q02,unit-synthesis,2,Differentiate composite functions by identifying outer and inner structure and applying the chain rule with accurate notation.,I can differentiate composite and nested functions by tracing outer/inner structure and multiplying by each required inner derivative.,AP Topic 3.1,chain_trig,constructed_response,,Assessment Plan + Course Framework; supplied AP Topic scoring guides consulted for representation/rigor only (no question wording copied).,AP-style mixed selected/constructed response source; no published question text copied.
U3-SUM-V5-Q03,MATH,3,3.1,summative_assessment,summative,v5_q03,unit-synthesis,2,Differentiate composite functions by identifying outer and inner structure and applying the chain rule with accurate notation.,I can differentiate composite and nested functions by tracing outer/inner structure and multiplying by each required inner derivative.,AP Topic 3.1,chain_table,multiple_choice,,Assessment Plan + Course Framework; supplied AP Topic scoring guides consulted for representation/rigor only (no question wording copied).,AP-style mixed selected/constructed response source; no published question text copied.
U3-SUM-V5-Q04,MATH,3,3.1,summative_assessment,summative,v5_q04,unit-synthesis,2,Differentiate composite functions by identifying outer and inner structure and applying the chain rule with accurate notation.,I can differentiate composite and nested functions by tracing outer/inner structure and multiplying by each required inner derivative.,AP Topic 3.1,chain_error,constructed_response,,Assessment Plan + Course Framework; supplied AP Topic scoring guides consulted for representation/rigor only (no question wording copied).,AP-style mixed selected/constructed response source; no published question text copied.
U3-SUM-V5-Q05,MATH,3,3.2,summative_assessment,summative,v5_q05,unit-synthesis,2,"Select and combine product, quotient, chain, and core derivative rules in mixed expressions and use higher-order derivative notation.",I can choose an efficient sequence of derivative rules for nested products or quotients and use first- and higher-order derivative notation precisely.,"AP Topics 3.5, 3.6",mixed_rule,multiple_choice,,Assessment Plan + Course Framework; supplied AP Topic scoring guides consulted for representation/rigor only (no question wording copied).,AP-style mixed selected/constructed response source; no published question text copied.
U3-SUM-V5-Q06,MATH,3,3.2,summative_assessment,summative,v5_q06,unit-synthesis,2,"Select and combine product, quotient, chain, and core derivative rules in mixed expressions and use higher-order derivative notation.",I can choose an efficient sequence of derivative rules for nested products or quotients and use first- and higher-order derivative notation precisely.,"AP Topics 3.5, 3.6",product_chain,constructed_response,,Assessment Plan + Course Framework; supplied AP Topic scoring guides consulted for representation/rigor only (no question wording copied).,AP-style mixed selected/constructed response source; no published question text copied.
U3-SUM-V5-Q07,MATH,3,3.2,summative_assessment,summative,v5_q07,unit-synthesis,2,"Select and combine product, quotient, chain, and core derivative rules in mixed expressions and use higher-order derivative notation.",I can choose an efficient sequence of derivative rules for nested products or quotients and use first- and higher-order derivative notation precisely.,"AP Topics 3.5, 3.6",higher_order,multiple_choice,,Assessment Plan + Course Framework; supplied AP Topic scoring guides consulted for representation/rigor only (no question wording copied).,AP-style mixed selected/constructed response source; no published question text copied.
U3-SUM-V5-Q08,MATH,3,3.2,summative_assessment,summative,v5_q08,unit-synthesis,3,"Select and combine product, quotient, chain, and core derivative rules in mixed expressions and use higher-order derivative notation.",I can choose an efficient sequence of derivative rules for nested products or quotients and use first- and higher-order derivative notation precisely.,"AP Topics 3.5, 3.6",strategy_defense,constructed_response,,Assessment Plan + Course Framework; supplied AP Topic scoring guides consulted for representation/rigor only (no question wording copied).,AP-style mixed selected/constructed response source; no published question text copied.
U3-SUM-V5-Q09,MATH,3,3.3,summative_assessment,summative,v5_q09,unit-synthesis,2,"Differentiate implicit relations, solve for $dy/dx$, and use the result in tangent-line situations.","I can include the required $dy/dx$ factors, solve an implicit derivative equation, and use it to find a tangent slope or tangent line.",AP Topic 3.2,implicit_basic,multiple_choice,,Assessment Plan + Course Framework; supplied AP Topic scoring guides consulted for representation/rigor only (no question wording copied).,AP-style mixed selected/constructed response source; no published question text copied.
U3-SUM-V5-Q10,MATH,3,3.3,summative_assessment,summative,v5_q10,unit-synthesis,2,"Differentiate implicit relations, solve for $dy/dx$, and use the result in tangent-line situations.","I can include the required $dy/dx$ factors, solve an implicit derivative equation, and use it to find a tangent slope or tangent line.",AP Topic 3.2,implicit_tangent,constructed_response,,Assessment Plan + Course Framework; supplied AP Topic scoring guides consulted for representation/rigor only (no question wording copied).,AP-style mixed selected/constructed response source; no published question text copied.
U3-SUM-V5-Q11,MATH,3,3.3,summative_assessment,summative,v5_q11,unit-synthesis,2,"Differentiate implicit relations, solve for $dy/dx$, and use the result in tangent-line situations.","I can include the required $dy/dx$ factors, solve an implicit derivative equation, and use it to find a tangent slope or tangent line.",AP Topic 3.2,implicit_product,constructed_response,,Assessment Plan + Course Framework; supplied AP Topic scoring guides consulted for representation/rigor only (no question wording copied).,AP-style mixed selected/constructed response source; no published question text copied.
U3-SUM-V5-Q12,MATH,3,3.3,summative_assessment,summative,v5_q12,unit-synthesis,3,"Differentiate implicit relations, solve for $dy/dx$, and use the result in tangent-line situations.","I can include the required $dy/dx$ factors, solve an implicit derivative equation, and use it to find a tangent slope or tangent line.",AP Topic 3.2,implicit_critique,constructed_response,,Assessment Plan + Course Framework; supplied AP Topic scoring guides consulted for representation/rigor only (no question wording copied).,AP-style mixed selected/constructed response source; no published question text copied.
U3-SUM-V5-Q13,MATH,3,3.4,summative_assessment,summative,v5_q13,unit-synthesis,2,"Determine derivatives of inverse functions from equations, tables, and graphs, and apply inverse trigonometric derivative rules.","I can match corresponding function/inverse values, use reciprocal derivative relationships, and differentiate inverse-trigonometric compositions.","AP Topics 3.3, 3.4",inverse_derivative,multiple_choice,,Assessment Plan + Course Framework; supplied AP Topic scoring guides consulted for representation/rigor only (no question wording copied).,AP-style mixed selected/constructed response source; no published question text copied.
U3-SUM-V5-Q14,MATH,3,3.4,summative_assessment,summative,v5_q14,unit-synthesis,2,"Determine derivatives of inverse functions from equations, tables, and graphs, and apply inverse trigonometric derivative rules.","I can match corresponding function/inverse values, use reciprocal derivative relationships, and differentiate inverse-trigonometric compositions.","AP Topics 3.3, 3.4",inverse_equation,constructed_response,,Assessment Plan + Course Framework; supplied AP Topic scoring guides consulted for representation/rigor only (no question wording copied).,AP-style mixed selected/constructed response source; no published question text copied.
U3-SUM-V5-Q15,MATH,3,3.4,summative_assessment,summative,v5_q15,unit-synthesis,2,"Determine derivatives of inverse functions from equations, tables, and graphs, and apply inverse trigonometric derivative rules.","I can match corresponding function/inverse values, use reciprocal derivative relationships, and differentiate inverse-trigonometric compositions.","AP Topics 3.3, 3.4",inverse_trig,multiple_choice,,Assessment Plan + Course Framework; supplied AP Topic scoring guides consulted for representation/rigor only (no question wording copied).,AP-style mixed selected/constructed response source; no published question text copied.
U3-SUM-V5-Q16,MATH,3,3.4,summative_assessment,summative,v5_q16,unit-synthesis,2,"Determine derivatives of inverse functions from equations, tables, and graphs, and apply inverse trigonometric derivative rules.","I can match corresponding function/inverse values, use reciprocal derivative relationships, and differentiate inverse-trigonometric compositions.","AP Topics 3.3, 3.4",inverse_notation,constructed_response,,Assessment Plan + Course Framework; supplied AP Topic scoring guides consulted for representation/rigor only (no question wording copied).,AP-style mixed selected/constructed response source; no published question text copied.
U3-SUM-V5-Q17,MATH,3,3.5,summative_assessment,summative,v5_q17,unit-synthesis,2,"Synthesize derivative rules, higher-order notation, procedure selection, and early motion connections to solve mixed derivative problems efficiently and accurately.","I can build and defend a derivative strategy for unfamiliar expressions, compute higher-order derivatives, and connect first and second derivatives to early motion meaning.",Unit 2-3 synthesis,higher_order,multiple_choice,,Assessment Plan + Course Framework; supplied AP Topic scoring guides consulted for representation/rigor only (no question wording copied).,AP-style mixed selected/constructed response source; no published question text copied.
U3-SUM-V5-Q18,MATH,3,3.5,summative_assessment,summative,v5_q18,unit-synthesis,2,"Synthesize derivative rules, higher-order notation, procedure selection, and early motion connections to solve mixed derivative problems efficiently and accurately.","I can build and defend a derivative strategy for unfamiliar expressions, compute higher-order derivatives, and connect first and second derivatives to early motion meaning.",Unit 2-3 synthesis,motion_preview,constructed_response,,Assessment Plan + Course Framework; supplied AP Topic scoring guides consulted for representation/rigor only (no question wording copied).,AP-style mixed selected/constructed response source; no published question text copied.
U3-SUM-V5-Q19,MATH,3,3.5,summative_assessment,summative,v5_q19,unit-synthesis,3,"Synthesize derivative rules, higher-order notation, procedure selection, and early motion connections to solve mixed derivative problems efficiently and accurately.","I can build and defend a derivative strategy for unfamiliar expressions, compute higher-order derivatives, and connect first and second derivatives to early motion meaning.",Unit 2-3 synthesis,strategy_sequence,constructed_response,,Assessment Plan + Course Framework; supplied AP Topic scoring guides consulted for representation/rigor only (no question wording copied).,AP-style mixed selected/constructed response source; no published question text copied.
U3-SUM-V5-Q20,MATH,3,3.5,summative_assessment,summative,v5_q20,unit-synthesis,3,"Synthesize derivative rules, higher-order notation, procedure selection, and early motion connections to solve mixed derivative problems efficiently and accurately.","I can build and defend a derivative strategy for unfamiliar expressions, compute higher-order derivatives, and connect first and second derivatives to early motion meaning.",Unit 2-3 synthesis,synthesis_strategy,constructed_response,,Assessment Plan + Course Framework; supplied AP Topic scoring guides consulted for representation/rigor only (no question wording copied).,AP-style mixed selected/constructed response source; no published question text copied.
U3-SUM-V6-Q01,MATH,3,3.1,summative_assessment,summative,v6_q01,unit-synthesis,2,Differentiate composite functions by identifying outer and inner structure and applying the chain rule with accurate notation.,I can differentiate composite and nested functions by tracing outer/inner structure and multiplying by each required inner derivative.,AP Topic 3.1,chain_power,multiple_choice,,Assessment Plan + Course Framework; supplied AP Topic scoring guides consulted for representation/rigor only (no question wording copied).,AP-style mixed selected/constructed response source; no published question text copied.
U3-SUM-V6-Q02,MATH,3,3.1,summative_assessment,summative,v6_q02,unit-synthesis,2,Differentiate composite functions by identifying outer and inner structure and applying the chain rule with accurate notation.,I can differentiate composite and nested functions by tracing outer/inner structure and multiplying by each required inner derivative.,AP Topic 3.1,chain_trig,constructed_response,,Assessment Plan + Course Framework; supplied AP Topic scoring guides consulted for representation/rigor only (no question wording copied).,AP-style mixed selected/constructed response source; no published question text copied.
U3-SUM-V6-Q03,MATH,3,3.1,summative_assessment,summative,v6_q03,unit-synthesis,2,Differentiate composite functions by identifying outer and inner structure and applying the chain rule with accurate notation.,I can differentiate composite and nested functions by tracing outer/inner structure and multiplying by each required inner derivative.,AP Topic 3.1,chain_table,multiple_choice,,Assessment Plan + Course Framework; supplied AP Topic scoring guides consulted for representation/rigor only (no question wording copied).,AP-style mixed selected/constructed response source; no published question text copied.
U3-SUM-V6-Q04,MATH,3,3.1,summative_assessment,summative,v6_q04,unit-synthesis,2,Differentiate composite functions by identifying outer and inner structure and applying the chain rule with accurate notation.,I can differentiate composite and nested functions by tracing outer/inner structure and multiplying by each required inner derivative.,AP Topic 3.1,chain_error,constructed_response,,Assessment Plan + Course Framework; supplied AP Topic scoring guides consulted for representation/rigor only (no question wording copied).,AP-style mixed selected/constructed response source; no published question text copied.
U3-SUM-V6-Q05,MATH,3,3.2,summative_assessment,summative,v6_q05,unit-synthesis,2,"Select and combine product, quotient, chain, and core derivative rules in mixed expressions and use higher-order derivative notation.",I can choose an efficient sequence of derivative rules for nested products or quotients and use first- and higher-order derivative notation precisely.,"AP Topics 3.5, 3.6",mixed_rule,multiple_choice,,Assessment Plan + Course Framework; supplied AP Topic scoring guides consulted for representation/rigor only (no question wording copied).,AP-style mixed selected/constructed response source; no published question text copied.
U3-SUM-V6-Q06,MATH,3,3.2,summative_assessment,summative,v6_q06,unit-synthesis,2,"Select and combine product, quotient, chain, and core derivative rules in mixed expressions and use higher-order derivative notation.",I can choose an efficient sequence of derivative rules for nested products or quotients and use first- and higher-order derivative notation precisely.,"AP Topics 3.5, 3.6",product_chain,constructed_response,,Assessment Plan + Course Framework; supplied AP Topic scoring guides consulted for representation/rigor only (no question wording copied).,AP-style mixed selected/constructed response source; no published question text copied.
U3-SUM-V6-Q07,MATH,3,3.2,summative_assessment,summative,v6_q07,unit-synthesis,2,"Select and combine product, quotient, chain, and core derivative rules in mixed expressions and use higher-order derivative notation.",I can choose an efficient sequence of derivative rules for nested products or quotients and use first- and higher-order derivative notation precisely.,"AP Topics 3.5, 3.6",higher_order,multiple_choice,,Assessment Plan + Course Framework; supplied AP Topic scoring guides consulted for representation/rigor only (no question wording copied).,AP-style mixed selected/constructed response source; no published question text copied.
U3-SUM-V6-Q08,MATH,3,3.2,summative_assessment,summative,v6_q08,unit-synthesis,3,"Select and combine product, quotient, chain, and core derivative rules in mixed expressions and use higher-order derivative notation.",I can choose an efficient sequence of derivative rules for nested products or quotients and use first- and higher-order derivative notation precisely.,"AP Topics 3.5, 3.6",strategy_defense,constructed_response,,Assessment Plan + Course Framework; supplied AP Topic scoring guides consulted for representation/rigor only (no question wording copied).,AP-style mixed selected/constructed response source; no published question text copied.
U3-SUM-V6-Q09,MATH,3,3.3,summative_assessment,summative,v6_q09,unit-synthesis,2,"Differentiate implicit relations, solve for $dy/dx$, and use the result in tangent-line situations.","I can include the required $dy/dx$ factors, solve an implicit derivative equation, and use it to find a tangent slope or tangent line.",AP Topic 3.2,implicit_basic,multiple_choice,,Assessment Plan + Course Framework; supplied AP Topic scoring guides consulted for representation/rigor only (no question wording copied).,AP-style mixed selected/constructed response source; no published question text copied.
U3-SUM-V6-Q10,MATH,3,3.3,summative_assessment,summative,v6_q10,unit-synthesis,2,"Differentiate implicit relations, solve for $dy/dx$, and use the result in tangent-line situations.","I can include the required $dy/dx$ factors, solve an implicit derivative equation, and use it to find a tangent slope or tangent line.",AP Topic 3.2,implicit_tangent,constructed_response,,Assessment Plan + Course Framework; supplied AP Topic scoring guides consulted for representation/rigor only (no question wording copied).,AP-style mixed selected/constructed response source; no published question text copied.
U3-SUM-V6-Q11,MATH,3,3.3,summative_assessment,summative,v6_q11,unit-synthesis,2,"Differentiate implicit relations, solve for $dy/dx$, and use the result in tangent-line situations.","I can include the required $dy/dx$ factors, solve an implicit derivative equation, and use it to find a tangent slope or tangent line.",AP Topic 3.2,implicit_product,constructed_response,,Assessment Plan + Course Framework; supplied AP Topic scoring guides consulted for representation/rigor only (no question wording copied).,AP-style mixed selected/constructed response source; no published question text copied.
U3-SUM-V6-Q12,MATH,3,3.3,summative_assessment,summative,v6_q12,unit-synthesis,3,"Differentiate implicit relations, solve for $dy/dx$, and use the result in tangent-line situations.","I can include the required $dy/dx$ factors, solve an implicit derivative equation, and use it to find a tangent slope or tangent line.",AP Topic 3.2,implicit_critique,constructed_response,,Assessment Plan + Course Framework; supplied AP Topic scoring guides consulted for representation/rigor only (no question wording copied).,AP-style mixed selected/constructed response source; no published question text copied.
U3-SUM-V6-Q13,MATH,3,3.4,summative_assessment,summative,v6_q13,unit-synthesis,2,"Determine derivatives of inverse functions from equations, tables, and graphs, and apply inverse trigonometric derivative rules.","I can match corresponding function/inverse values, use reciprocal derivative relationships, and differentiate inverse-trigonometric compositions.","AP Topics 3.3, 3.4",inverse_derivative,multiple_choice,,Assessment Plan + Course Framework; supplied AP Topic scoring guides consulted for representation/rigor only (no question wording copied).,AP-style mixed selected/constructed response source; no published question text copied.
U3-SUM-V6-Q14,MATH,3,3.4,summative_assessment,summative,v6_q14,unit-synthesis,2,"Determine derivatives of inverse functions from equations, tables, and graphs, and apply inverse trigonometric derivative rules.","I can match corresponding function/inverse values, use reciprocal derivative relationships, and differentiate inverse-trigonometric compositions.","AP Topics 3.3, 3.4",inverse_equation,constructed_response,,Assessment Plan + Course Framework; supplied AP Topic scoring guides consulted for representation/rigor only (no question wording copied).,AP-style mixed selected/constructed response source; no published question text copied.
U3-SUM-V6-Q15,MATH,3,3.4,summative_assessment,summative,v6_q15,unit-synthesis,2,"Determine derivatives of inverse functions from equations, tables, and graphs, and apply inverse trigonometric derivative rules.","I can match corresponding function/inverse values, use reciprocal derivative relationships, and differentiate inverse-trigonometric compositions.","AP Topics 3.3, 3.4",inverse_trig,multiple_choice,,Assessment Plan + Course Framework; supplied AP Topic scoring guides consulted for representation/rigor only (no question wording copied).,AP-style mixed selected/constructed response source; no published question text copied.
U3-SUM-V6-Q16,MATH,3,3.4,summative_assessment,summative,v6_q16,unit-synthesis,2,"Determine derivatives of inverse functions from equations, tables, and graphs, and apply inverse trigonometric derivative rules.","I can match corresponding function/inverse values, use reciprocal derivative relationships, and differentiate inverse-trigonometric compositions.","AP Topics 3.3, 3.4",inverse_notation,constructed_response,,Assessment Plan + Course Framework; supplied AP Topic scoring guides consulted for representation/rigor only (no question wording copied).,AP-style mixed selected/constructed response source; no published question text copied.
U3-SUM-V6-Q17,MATH,3,3.5,summative_assessment,summative,v6_q17,unit-synthesis,2,"Synthesize derivative rules, higher-order notation, procedure selection, and early motion connections to solve mixed derivative problems efficiently and accurately.","I can build and defend a derivative strategy for unfamiliar expressions, compute higher-order derivatives, and connect first and second derivatives to early motion meaning.",Unit 2-3 synthesis,higher_order,multiple_choice,,Assessment Plan + Course Framework; supplied AP Topic scoring guides consulted for representation/rigor only (no question wording copied).,AP-style mixed selected/constructed response source; no published question text copied.
U3-SUM-V6-Q18,MATH,3,3.5,summative_assessment,summative,v6_q18,unit-synthesis,2,"Synthesize derivative rules, higher-order notation, procedure selection, and early motion connections to solve mixed derivative problems efficiently and accurately.","I can build and defend a derivative strategy for unfamiliar expressions, compute higher-order derivatives, and connect first and second derivatives to early motion meaning.",Unit 2-3 synthesis,motion_preview,constructed_response,,Assessment Plan + Course Framework; supplied AP Topic scoring guides consulted for representation/rigor only (no question wording copied).,AP-style mixed selected/constructed response source; no published question text copied.
U3-SUM-V6-Q19,MATH,3,3.5,summative_assessment,summative,v6_q19,unit-synthesis,3,"Synthesize derivative rules, higher-order notation, procedure selection, and early motion connections to solve mixed derivative problems efficiently and accurately.","I can build and defend a derivative strategy for unfamiliar expressions, compute higher-order derivatives, and connect first and second derivatives to early motion meaning.",Unit 2-3 synthesis,strategy_sequence,constructed_response,,Assessment Plan + Course Framework; supplied AP Topic scoring guides consulted for representation/rigor only (no question wording copied).,AP-style mixed selected/constructed response source; no published question text copied.
U3-SUM-V6-Q20,MATH,3,3.5,summative_assessment,summative,v6_q20,unit-synthesis,3,"Synthesize derivative rules, higher-order notation, procedure selection, and early motion connections to solve mixed derivative problems efficiently and accurately.","I can build and defend a derivative strategy for unfamiliar expressions, compute higher-order derivatives, and connect first and second derivatives to early motion meaning.",Unit 2-3 synthesis,synthesis_strategy,constructed_response,,Assessment Plan + Course Framework; supplied AP Topic scoring guides consulted for representation/rigor only (no question wording copied).,AP-style mixed selected/constructed response source; no published question text copied.
U3-SUM-V7-Q01,MATH,3,3.1,summative_assessment,summative,v7_q01,unit-synthesis,2,Differentiate composite functions by identifying outer and inner structure and applying the chain rule with accurate notation.,I can differentiate composite and nested functions by tracing outer/inner structure and multiplying by each required inner derivative.,AP Topic 3.1,chain_power,multiple_choice,,Assessment Plan + Course Framework; supplied AP Topic scoring guides consulted for representation/rigor only (no question wording copied).,AP-style mixed selected/constructed response source; no published question text copied.
U3-SUM-V7-Q02,MATH,3,3.1,summative_assessment,summative,v7_q02,unit-synthesis,2,Differentiate composite functions by identifying outer and inner structure and applying the chain rule with accurate notation.,I can differentiate composite and nested functions by tracing outer/inner structure and multiplying by each required inner derivative.,AP Topic 3.1,chain_trig,constructed_response,,Assessment Plan + Course Framework; supplied AP Topic scoring guides consulted for representation/rigor only (no question wording copied).,AP-style mixed selected/constructed response source; no published question text copied.
U3-SUM-V7-Q03,MATH,3,3.1,summative_assessment,summative,v7_q03,unit-synthesis,2,Differentiate composite functions by identifying outer and inner structure and applying the chain rule with accurate notation.,I can differentiate composite and nested functions by tracing outer/inner structure and multiplying by each required inner derivative.,AP Topic 3.1,chain_table,multiple_choice,,Assessment Plan + Course Framework; supplied AP Topic scoring guides consulted for representation/rigor only (no question wording copied).,AP-style mixed selected/constructed response source; no published question text copied.
U3-SUM-V7-Q04,MATH,3,3.1,summative_assessment,summative,v7_q04,unit-synthesis,2,Differentiate composite functions by identifying outer and inner structure and applying the chain rule with accurate notation.,I can differentiate composite and nested functions by tracing outer/inner structure and multiplying by each required inner derivative.,AP Topic 3.1,chain_error,constructed_response,,Assessment Plan + Course Framework; supplied AP Topic scoring guides consulted for representation/rigor only (no question wording copied).,AP-style mixed selected/constructed response source; no published question text copied.
U3-SUM-V7-Q05,MATH,3,3.2,summative_assessment,summative,v7_q05,unit-synthesis,2,"Select and combine product, quotient, chain, and core derivative rules in mixed expressions and use higher-order derivative notation.",I can choose an efficient sequence of derivative rules for nested products or quotients and use first- and higher-order derivative notation precisely.,"AP Topics 3.5, 3.6",mixed_rule,multiple_choice,,Assessment Plan + Course Framework; supplied AP Topic scoring guides consulted for representation/rigor only (no question wording copied).,AP-style mixed selected/constructed response source; no published question text copied.
U3-SUM-V7-Q06,MATH,3,3.2,summative_assessment,summative,v7_q06,unit-synthesis,2,"Select and combine product, quotient, chain, and core derivative rules in mixed expressions and use higher-order derivative notation.",I can choose an efficient sequence of derivative rules for nested products or quotients and use first- and higher-order derivative notation precisely.,"AP Topics 3.5, 3.6",product_chain,constructed_response,,Assessment Plan + Course Framework; supplied AP Topic scoring guides consulted for representation/rigor only (no question wording copied).,AP-style mixed selected/constructed response source; no published question text copied.
U3-SUM-V7-Q07,MATH,3,3.2,summative_assessment,summative,v7_q07,unit-synthesis,2,"Select and combine product, quotient, chain, and core derivative rules in mixed expressions and use higher-order derivative notation.",I can choose an efficient sequence of derivative rules for nested products or quotients and use first- and higher-order derivative notation precisely.,"AP Topics 3.5, 3.6",higher_order,multiple_choice,,Assessment Plan + Course Framework; supplied AP Topic scoring guides consulted for representation/rigor only (no question wording copied).,AP-style mixed selected/constructed response source; no published question text copied.
U3-SUM-V7-Q08,MATH,3,3.2,summative_assessment,summative,v7_q08,unit-synthesis,3,"Select and combine product, quotient, chain, and core derivative rules in mixed expressions and use higher-order derivative notation.",I can choose an efficient sequence of derivative rules for nested products or quotients and use first- and higher-order derivative notation precisely.,"AP Topics 3.5, 3.6",strategy_defense,constructed_response,,Assessment Plan + Course Framework; supplied AP Topic scoring guides consulted for representation/rigor only (no question wording copied).,AP-style mixed selected/constructed response source; no published question text copied.
U3-SUM-V7-Q09,MATH,3,3.3,summative_assessment,summative,v7_q09,unit-synthesis,2,"Differentiate implicit relations, solve for $dy/dx$, and use the result in tangent-line situations.","I can include the required $dy/dx$ factors, solve an implicit derivative equation, and use it to find a tangent slope or tangent line.",AP Topic 3.2,implicit_basic,multiple_choice,,Assessment Plan + Course Framework; supplied AP Topic scoring guides consulted for representation/rigor only (no question wording copied).,AP-style mixed selected/constructed response source; no published question text copied.
U3-SUM-V7-Q10,MATH,3,3.3,summative_assessment,summative,v7_q10,unit-synthesis,2,"Differentiate implicit relations, solve for $dy/dx$, and use the result in tangent-line situations.","I can include the required $dy/dx$ factors, solve an implicit derivative equation, and use it to find a tangent slope or tangent line.",AP Topic 3.2,implicit_tangent,constructed_response,,Assessment Plan + Course Framework; supplied AP Topic scoring guides consulted for representation/rigor only (no question wording copied).,AP-style mixed selected/constructed response source; no published question text copied.
U3-SUM-V7-Q11,MATH,3,3.3,summative_assessment,summative,v7_q11,unit-synthesis,2,"Differentiate implicit relations, solve for $dy/dx$, and use the result in tangent-line situations.","I can include the required $dy/dx$ factors, solve an implicit derivative equation, and use it to find a tangent slope or tangent line.",AP Topic 3.2,implicit_product,constructed_response,,Assessment Plan + Course Framework; supplied AP Topic scoring guides consulted for representation/rigor only (no question wording copied).,AP-style mixed selected/constructed response source; no published question text copied.
U3-SUM-V7-Q12,MATH,3,3.3,summative_assessment,summative,v7_q12,unit-synthesis,3,"Differentiate implicit relations, solve for $dy/dx$, and use the result in tangent-line situations.","I can include the required $dy/dx$ factors, solve an implicit derivative equation, and use it to find a tangent slope or tangent line.",AP Topic 3.2,implicit_critique,constructed_response,,Assessment Plan + Course Framework; supplied AP Topic scoring guides consulted for representation/rigor only (no question wording copied).,AP-style mixed selected/constructed response source; no published question text copied.
U3-SUM-V7-Q13,MATH,3,3.4,summative_assessment,summative,v7_q13,unit-synthesis,2,"Determine derivatives of inverse functions from equations, tables, and graphs, and apply inverse trigonometric derivative rules.","I can match corresponding function/inverse values, use reciprocal derivative relationships, and differentiate inverse-trigonometric compositions.","AP Topics 3.3, 3.4",inverse_derivative,multiple_choice,,Assessment Plan + Course Framework; supplied AP Topic scoring guides consulted for representation/rigor only (no question wording copied).,AP-style mixed selected/constructed response source; no published question text copied.
U3-SUM-V7-Q14,MATH,3,3.4,summative_assessment,summative,v7_q14,unit-synthesis,2,"Determine derivatives of inverse functions from equations, tables, and graphs, and apply inverse trigonometric derivative rules.","I can match corresponding function/inverse values, use reciprocal derivative relationships, and differentiate inverse-trigonometric compositions.","AP Topics 3.3, 3.4",inverse_equation,constructed_response,,Assessment Plan + Course Framework; supplied AP Topic scoring guides consulted for representation/rigor only (no question wording copied).,AP-style mixed selected/constructed response source; no published question text copied.
U3-SUM-V7-Q15,MATH,3,3.4,summative_assessment,summative,v7_q15,unit-synthesis,2,"Determine derivatives of inverse functions from equations, tables, and graphs, and apply inverse trigonometric derivative rules.","I can match corresponding function/inverse values, use reciprocal derivative relationships, and differentiate inverse-trigonometric compositions.","AP Topics 3.3, 3.4",inverse_trig,multiple_choice,,Assessment Plan + Course Framework; supplied AP Topic scoring guides consulted for representation/rigor only (no question wording copied).,AP-style mixed selected/constructed response source; no published question text copied.
U3-SUM-V7-Q16,MATH,3,3.4,summative_assessment,summative,v7_q16,unit-synthesis,2,"Determine derivatives of inverse functions from equations, tables, and graphs, and apply inverse trigonometric derivative rules.","I can match corresponding function/inverse values, use reciprocal derivative relationships, and differentiate inverse-trigonometric compositions.","AP Topics 3.3, 3.4",inverse_notation,constructed_response,,Assessment Plan + Course Framework; supplied AP Topic scoring guides consulted for representation/rigor only (no question wording copied).,AP-style mixed selected/constructed response source; no published question text copied.
U3-SUM-V7-Q17,MATH,3,3.5,summative_assessment,summative,v7_q17,unit-synthesis,2,"Synthesize derivative rules, higher-order notation, procedure selection, and early motion connections to solve mixed derivative problems efficiently and accurately.","I can build and defend a derivative strategy for unfamiliar expressions, compute higher-order derivatives, and connect first and second derivatives to early motion meaning.",Unit 2-3 synthesis,higher_order,multiple_choice,,Assessment Plan + Course Framework; supplied AP Topic scoring guides consulted for representation/rigor only (no question wording copied).,AP-style mixed selected/constructed response source; no published question text copied.
U3-SUM-V7-Q18,MATH,3,3.5,summative_assessment,summative,v7_q18,unit-synthesis,2,"Synthesize derivative rules, higher-order notation, procedure selection, and early motion connections to solve mixed derivative problems efficiently and accurately.","I can build and defend a derivative strategy for unfamiliar expressions, compute higher-order derivatives, and connect first and second derivatives to early motion meaning.",Unit 2-3 synthesis,motion_preview,constructed_response,,Assessment Plan + Course Framework; supplied AP Topic scoring guides consulted for representation/rigor only (no question wording copied).,AP-style mixed selected/constructed response source; no published question text copied.
U3-SUM-V7-Q19,MATH,3,3.5,summative_assessment,summative,v7_q19,unit-synthesis,3,"Synthesize derivative rules, higher-order notation, procedure selection, and early motion connections to solve mixed derivative problems efficiently and accurately.","I can build and defend a derivative strategy for unfamiliar expressions, compute higher-order derivatives, and connect first and second derivatives to early motion meaning.",Unit 2-3 synthesis,strategy_sequence,constructed_response,,Assessment Plan + Course Framework; supplied AP Topic scoring guides consulted for representation/rigor only (no question wording copied).,AP-style mixed selected/constructed response source; no published question text copied.
U3-SUM-V7-Q20,MATH,3,3.5,summative_assessment,summative,v7_q20,unit-synthesis,3,"Synthesize derivative rules, higher-order notation, procedure selection, and early motion connections to solve mixed derivative problems efficiently and accurately.","I can build and defend a derivative strategy for unfamiliar expressions, compute higher-order derivatives, and connect first and second derivatives to early motion meaning.",Unit 2-3 synthesis,synthesis_strategy,constructed_response,,Assessment Plan + Course Framework; supplied AP Topic scoring guides consulted for representation/rigor only (no question wording copied).,AP-style mixed selected/constructed response source; no published question text copied.
U3-SUM-V8-Q01,MATH,3,3.1,summative_assessment,summative,v8_q01,unit-synthesis,2,Differentiate composite functions by identifying outer and inner structure and applying the chain rule with accurate notation.,I can differentiate composite and nested functions by tracing outer/inner structure and multiplying by each required inner derivative.,AP Topic 3.1,chain_power,multiple_choice,,Assessment Plan + Course Framework; supplied AP Topic scoring guides consulted for representation/rigor only (no question wording copied).,AP-style mixed selected/constructed response source; no published question text copied.
U3-SUM-V8-Q02,MATH,3,3.1,summative_assessment,summative,v8_q02,unit-synthesis,2,Differentiate composite functions by identifying outer and inner structure and applying the chain rule with accurate notation.,I can differentiate composite and nested functions by tracing outer/inner structure and multiplying by each required inner derivative.,AP Topic 3.1,chain_trig,constructed_response,,Assessment Plan + Course Framework; supplied AP Topic scoring guides consulted for representation/rigor only (no question wording copied).,AP-style mixed selected/constructed response source; no published question text copied.
U3-SUM-V8-Q03,MATH,3,3.1,summative_assessment,summative,v8_q03,unit-synthesis,2,Differentiate composite functions by identifying outer and inner structure and applying the chain rule with accurate notation.,I can differentiate composite and nested functions by tracing outer/inner structure and multiplying by each required inner derivative.,AP Topic 3.1,chain_table,multiple_choice,,Assessment Plan + Course Framework; supplied AP Topic scoring guides consulted for representation/rigor only (no question wording copied).,AP-style mixed selected/constructed response source; no published question text copied.
U3-SUM-V8-Q04,MATH,3,3.1,summative_assessment,summative,v8_q04,unit-synthesis,2,Differentiate composite functions by identifying outer and inner structure and applying the chain rule with accurate notation.,I can differentiate composite and nested functions by tracing outer/inner structure and multiplying by each required inner derivative.,AP Topic 3.1,chain_error,constructed_response,,Assessment Plan + Course Framework; supplied AP Topic scoring guides consulted for representation/rigor only (no question wording copied).,AP-style mixed selected/constructed response source; no published question text copied.
U3-SUM-V8-Q05,MATH,3,3.2,summative_assessment,summative,v8_q05,unit-synthesis,2,"Select and combine product, quotient, chain, and core derivative rules in mixed expressions and use higher-order derivative notation.",I can choose an efficient sequence of derivative rules for nested products or quotients and use first- and higher-order derivative notation precisely.,"AP Topics 3.5, 3.6",mixed_rule,multiple_choice,,Assessment Plan + Course Framework; supplied AP Topic scoring guides consulted for representation/rigor only (no question wording copied).,AP-style mixed selected/constructed response source; no published question text copied.
U3-SUM-V8-Q06,MATH,3,3.2,summative_assessment,summative,v8_q06,unit-synthesis,2,"Select and combine product, quotient, chain, and core derivative rules in mixed expressions and use higher-order derivative notation.",I can choose an efficient sequence of derivative rules for nested products or quotients and use first- and higher-order derivative notation precisely.,"AP Topics 3.5, 3.6",product_chain,constructed_response,,Assessment Plan + Course Framework; supplied AP Topic scoring guides consulted for representation/rigor only (no question wording copied).,AP-style mixed selected/constructed response source; no published question text copied.
U3-SUM-V8-Q07,MATH,3,3.2,summative_assessment,summative,v8_q07,unit-synthesis,2,"Select and combine product, quotient, chain, and core derivative rules in mixed expressions and use higher-order derivative notation.",I can choose an efficient sequence of derivative rules for nested products or quotients and use first- and higher-order derivative notation precisely.,"AP Topics 3.5, 3.6",higher_order,multiple_choice,,Assessment Plan + Course Framework; supplied AP Topic scoring guides consulted for representation/rigor only (no question wording copied).,AP-style mixed selected/constructed response source; no published question text copied.
U3-SUM-V8-Q08,MATH,3,3.2,summative_assessment,summative,v8_q08,unit-synthesis,3,"Select and combine product, quotient, chain, and core derivative rules in mixed expressions and use higher-order derivative notation.",I can choose an efficient sequence of derivative rules for nested products or quotients and use first- and higher-order derivative notation precisely.,"AP Topics 3.5, 3.6",strategy_defense,constructed_response,,Assessment Plan + Course Framework; supplied AP Topic scoring guides consulted for representation/rigor only (no question wording copied).,AP-style mixed selected/constructed response source; no published question text copied.
U3-SUM-V8-Q09,MATH,3,3.3,summative_assessment,summative,v8_q09,unit-synthesis,2,"Differentiate implicit relations, solve for $dy/dx$, and use the result in tangent-line situations.","I can include the required $dy/dx$ factors, solve an implicit derivative equation, and use it to find a tangent slope or tangent line.",AP Topic 3.2,implicit_basic,multiple_choice,,Assessment Plan + Course Framework; supplied AP Topic scoring guides consulted for representation/rigor only (no question wording copied).,AP-style mixed selected/constructed response source; no published question text copied.
U3-SUM-V8-Q10,MATH,3,3.3,summative_assessment,summative,v8_q10,unit-synthesis,2,"Differentiate implicit relations, solve for $dy/dx$, and use the result in tangent-line situations.","I can include the required $dy/dx$ factors, solve an implicit derivative equation, and use it to find a tangent slope or tangent line.",AP Topic 3.2,implicit_tangent,constructed_response,,Assessment Plan + Course Framework; supplied AP Topic scoring guides consulted for representation/rigor only (no question wording copied).,AP-style mixed selected/constructed response source; no published question text copied.
U3-SUM-V8-Q11,MATH,3,3.3,summative_assessment,summative,v8_q11,unit-synthesis,2,"Differentiate implicit relations, solve for $dy/dx$, and use the result in tangent-line situations.","I can include the required $dy/dx$ factors, solve an implicit derivative equation, and use it to find a tangent slope or tangent line.",AP Topic 3.2,implicit_product,constructed_response,,Assessment Plan + Course Framework; supplied AP Topic scoring guides consulted for representation/rigor only (no question wording copied).,AP-style mixed selected/constructed response source; no published question text copied.
U3-SUM-V8-Q12,MATH,3,3.3,summative_assessment,summative,v8_q12,unit-synthesis,3,"Differentiate implicit relations, solve for $dy/dx$, and use the result in tangent-line situations.","I can include the required $dy/dx$ factors, solve an implicit derivative equation, and use it to find a tangent slope or tangent line.",AP Topic 3.2,implicit_critique,constructed_response,,Assessment Plan + Course Framework; supplied AP Topic scoring guides consulted for representation/rigor only (no question wording copied).,AP-style mixed selected/constructed response source; no published question text copied.
U3-SUM-V8-Q13,MATH,3,3.4,summative_assessment,summative,v8_q13,unit-synthesis,2,"Determine derivatives of inverse functions from equations, tables, and graphs, and apply inverse trigonometric derivative rules.","I can match corresponding function/inverse values, use reciprocal derivative relationships, and differentiate inverse-trigonometric compositions.","AP Topics 3.3, 3.4",inverse_derivative,multiple_choice,,Assessment Plan + Course Framework; supplied AP Topic scoring guides consulted for representation/rigor only (no question wording copied).,AP-style mixed selected/constructed response source; no published question text copied.
U3-SUM-V8-Q14,MATH,3,3.4,summative_assessment,summative,v8_q14,unit-synthesis,2,"Determine derivatives of inverse functions from equations, tables, and graphs, and apply inverse trigonometric derivative rules.","I can match corresponding function/inverse values, use reciprocal derivative relationships, and differentiate inverse-trigonometric compositions.","AP Topics 3.3, 3.4",inverse_equation,constructed_response,,Assessment Plan + Course Framework; supplied AP Topic scoring guides consulted for representation/rigor only (no question wording copied).,AP-style mixed selected/constructed response source; no published question text copied.
U3-SUM-V8-Q15,MATH,3,3.4,summative_assessment,summative,v8_q15,unit-synthesis,2,"Determine derivatives of inverse functions from equations, tables, and graphs, and apply inverse trigonometric derivative rules.","I can match corresponding function/inverse values, use reciprocal derivative relationships, and differentiate inverse-trigonometric compositions.","AP Topics 3.3, 3.4",inverse_trig,multiple_choice,,Assessment Plan + Course Framework; supplied AP Topic scoring guides consulted for representation/rigor only (no question wording copied).,AP-style mixed selected/constructed response source; no published question text copied.
U3-SUM-V8-Q16,MATH,3,3.4,summative_assessment,summative,v8_q16,unit-synthesis,2,"Determine derivatives of inverse functions from equations, tables, and graphs, and apply inverse trigonometric derivative rules.","I can match corresponding function/inverse values, use reciprocal derivative relationships, and differentiate inverse-trigonometric compositions.","AP Topics 3.3, 3.4",inverse_notation,constructed_response,,Assessment Plan + Course Framework; supplied AP Topic scoring guides consulted for representation/rigor only (no question wording copied).,AP-style mixed selected/constructed response source; no published question text copied.
U3-SUM-V8-Q17,MATH,3,3.5,summative_assessment,summative,v8_q17,unit-synthesis,2,"Synthesize derivative rules, higher-order notation, procedure selection, and early motion connections to solve mixed derivative problems efficiently and accurately.","I can build and defend a derivative strategy for unfamiliar expressions, compute higher-order derivatives, and connect first and second derivatives to early motion meaning.",Unit 2-3 synthesis,higher_order,multiple_choice,,Assessment Plan + Course Framework; supplied AP Topic scoring guides consulted for representation/rigor only (no question wording copied).,AP-style mixed selected/constructed response source; no published question text copied.
U3-SUM-V8-Q18,MATH,3,3.5,summative_assessment,summative,v8_q18,unit-synthesis,2,"Synthesize derivative rules, higher-order notation, procedure selection, and early motion connections to solve mixed derivative problems efficiently and accurately.","I can build and defend a derivative strategy for unfamiliar expressions, compute higher-order derivatives, and connect first and second derivatives to early motion meaning.",Unit 2-3 synthesis,motion_preview,constructed_response,,Assessment Plan + Course Framework; supplied AP Topic scoring guides consulted for representation/rigor only (no question wording copied).,AP-style mixed selected/constructed response source; no published question text copied.
U3-SUM-V8-Q19,MATH,3,3.5,summative_assessment,summative,v8_q19,unit-synthesis,3,"Synthesize derivative rules, higher-order notation, procedure selection, and early motion connections to solve mixed derivative problems efficiently and accurately.","I can build and defend a derivative strategy for unfamiliar expressions, compute higher-order derivatives, and connect first and second derivatives to early motion meaning.",Unit 2-3 synthesis,strategy_sequence,constructed_response,,Assessment Plan + Course Framework; supplied AP Topic scoring guides consulted for representation/rigor only (no question wording copied).,AP-style mixed selected/constructed response source; no published question text copied.
U3-SUM-V8-Q20,MATH,3,3.5,summative_assessment,summative,v8_q20,unit-synthesis,3,"Synthesize derivative rules, higher-order notation, procedure selection, and early motion connections to solve mixed derivative problems efficiently and accurately.","I can build and defend a derivative strategy for unfamiliar expressions, compute higher-order derivatives, and connect first and second derivatives to early motion meaning.",Unit 2-3 synthesis,synthesis_strategy,constructed_response,,Assessment Plan + Course Framework; supplied AP Topic scoring guides consulted for representation/rigor only (no question wording copied).,AP-style mixed selected/constructed response source; no published question text copied.
