bank_id,course_family,unit,section,destination,destination_group,destination_slot,spiral_role,dok,learning_target,i_can,framework_alignment,item_type,answer_type,figure_files,source_basis,notes
U8-S1-NOTE-EX01,MATH,8,8.1,notes_example,notes,pair_1_ex,current,2,"Use definite integrals to determine average value and net change, and distinguish average value from average rate of change in contextual situations.","I can compute and interpret average value, use a rate function to determine net change, and distinguish those quantities from average rate of change.","AP Topics 8.1, 8.3",average_value,numeric,,"Unit 8 Assessment Plan + AP Calculus AB Course Framework; supplied AP Topic scoring guides consulted for authentic representations and rigor only, with no published question wording copied.",Notes pair 1; EX.
U8-S1-NOTE-YTI01,MATH,8,8.1,notes_you_try_it,notes,pair_1_yti,current,2,"Use definite integrals to determine average value and net change, and distinguish average value from average rate of change in contextual situations.","I can compute and interpret average value, use a rate function to determine net change, and distinguish those quantities from average rate of change.","AP Topics 8.1, 8.3",net_change,numeric,,"Unit 8 Assessment Plan + AP Calculus AB Course Framework; supplied AP Topic scoring guides consulted for authentic representations and rigor only, with no published question wording copied.",Notes pair 1; YTI.
U8-S1-NOTE-EX02,MATH,8,8.1,notes_example,notes,pair_2_ex,current,2,"Use definite integrals to determine average value and net change, and distinguish average value from average rate of change in contextual situations.","I can compute and interpret average value, use a rate function to determine net change, and distinguish those quantities from average rate of change.","AP Topics 8.1, 8.3",net_change,numeric,,"Unit 8 Assessment Plan + AP Calculus AB Course Framework; supplied AP Topic scoring guides consulted for authentic representations and rigor only, with no published question wording copied.",Notes pair 2; EX.
U8-S1-NOTE-YTI02,MATH,8,8.1,notes_you_try_it,notes,pair_2_yti,current,2,"Use definite integrals to determine average value and net change, and distinguish average value from average rate of change in contextual situations.","I can compute and interpret average value, use a rate function to determine net change, and distinguish those quantities from average rate of change.","AP Topics 8.1, 8.3",average_value_vs_aroc,constructed_response,,"Unit 8 Assessment Plan + AP Calculus AB Course Framework; supplied AP Topic scoring guides consulted for authentic representations and rigor only, with no published question wording copied.",Notes pair 2; YTI.
U8-S1-NOTE-EX03,MATH,8,8.1,notes_example,notes,pair_3_ex,current,2,"Use definite integrals to determine average value and net change, and distinguish average value from average rate of change in contextual situations.","I can compute and interpret average value, use a rate function to determine net change, and distinguish those quantities from average rate of change.","AP Topics 8.1, 8.3",average_value_vs_aroc,constructed_response,,"Unit 8 Assessment Plan + AP Calculus AB Course Framework; supplied AP Topic scoring guides consulted for authentic representations and rigor only, with no published question wording copied.",Notes pair 3; EX.
U8-S1-NOTE-YTI03,MATH,8,8.1,notes_you_try_it,notes,pair_3_yti,current,2,"Use definite integrals to determine average value and net change, and distinguish average value from average rate of change in contextual situations.","I can compute and interpret average value, use a rate function to determine net change, and distinguish those quantities from average rate of change.","AP Topics 8.1, 8.3",initial_plus_net_change,numeric,,"Unit 8 Assessment Plan + AP Calculus AB Course Framework; supplied AP Topic scoring guides consulted for authentic representations and rigor only, with no published question wording copied.",Notes pair 3; YTI.
U8-S1-NOTE-EX04,MATH,8,8.1,notes_example,notes,pair_4_ex,current,2,"Use definite integrals to determine average value and net change, and distinguish average value from average rate of change in contextual situations.","I can compute and interpret average value, use a rate function to determine net change, and distinguish those quantities from average rate of change.","AP Topics 8.1, 8.3",initial_plus_net_change,numeric,,"Unit 8 Assessment Plan + AP Calculus AB Course Framework; supplied AP Topic scoring guides consulted for authentic representations and rigor only, with no published question wording copied.",Notes pair 4; EX.
U8-S1-NOTE-YTI04,MATH,8,8.1,notes_you_try_it,notes,pair_4_yti,current,2,"Use definite integrals to determine average value and net change, and distinguish average value from average rate of change in contextual situations.","I can compute and interpret average value, use a rate function to determine net change, and distinguish those quantities from average rate of change.","AP Topics 8.1, 8.3",net_change_table,numeric,,"Unit 8 Assessment Plan + AP Calculus AB Course Framework; supplied AP Topic scoring guides consulted for authentic representations and rigor only, with no published question wording copied.",Notes pair 4; YTI.
U8-S2-NOTE-EX01,MATH,8,8.2,notes_example,notes,pair_1_ex,current,2,"Use integrals to determine displacement, total distance, and position from velocity, while distinguishing velocity from speed and accounting for direction changes.",I can compute displacement and total distance from velocity and recover position from velocity with an initial condition.,AP Topic 8.2,motion_displacement,numeric,,"Unit 8 Assessment Plan + AP Calculus AB Course Framework; supplied AP Topic scoring guides consulted for authentic representations and rigor only, with no published question wording copied.",Notes pair 1; EX.
U8-S2-NOTE-YTI01,MATH,8,8.2,notes_you_try_it,notes,pair_1_yti,current,2,"Use integrals to determine displacement, total distance, and position from velocity, while distinguishing velocity from speed and accounting for direction changes.",I can compute displacement and total distance from velocity and recover position from velocity with an initial condition.,AP Topic 8.2,motion_total_distance,numeric,,"Unit 8 Assessment Plan + AP Calculus AB Course Framework; supplied AP Topic scoring guides consulted for authentic representations and rigor only, with no published question wording copied.",Notes pair 1; YTI.
U8-S2-NOTE-EX02,MATH,8,8.2,notes_example,notes,pair_2_ex,current,2,"Use integrals to determine displacement, total distance, and position from velocity, while distinguishing velocity from speed and accounting for direction changes.",I can compute displacement and total distance from velocity and recover position from velocity with an initial condition.,AP Topic 8.2,motion_total_distance,numeric,,"Unit 8 Assessment Plan + AP Calculus AB Course Framework; supplied AP Topic scoring guides consulted for authentic representations and rigor only, with no published question wording copied.",Notes pair 2; EX.
U8-S2-NOTE-YTI02,MATH,8,8.2,notes_you_try_it,notes,pair_2_yti,current,2,"Use integrals to determine displacement, total distance, and position from velocity, while distinguishing velocity from speed and accounting for direction changes.",I can compute displacement and total distance from velocity and recover position from velocity with an initial condition.,AP Topic 8.2,motion_position,numeric,,"Unit 8 Assessment Plan + AP Calculus AB Course Framework; supplied AP Topic scoring guides consulted for authentic representations and rigor only, with no published question wording copied.",Notes pair 2; YTI.
U8-S2-NOTE-EX03,MATH,8,8.2,notes_example,notes,pair_3_ex,current,2,"Use integrals to determine displacement, total distance, and position from velocity, while distinguishing velocity from speed and accounting for direction changes.",I can compute displacement and total distance from velocity and recover position from velocity with an initial condition.,AP Topic 8.2,motion_position,numeric,,"Unit 8 Assessment Plan + AP Calculus AB Course Framework; supplied AP Topic scoring guides consulted for authentic representations and rigor only, with no published question wording copied.",Notes pair 3; EX.
U8-S2-NOTE-YTI03,MATH,8,8.2,notes_you_try_it,notes,pair_3_yti,current,2,"Use integrals to determine displacement, total distance, and position from velocity, while distinguishing velocity from speed and accounting for direction changes.",I can compute displacement and total distance from velocity and recover position from velocity with an initial condition.,AP Topic 8.2,motion_compare_quantities,constructed_response,,"Unit 8 Assessment Plan + AP Calculus AB Course Framework; supplied AP Topic scoring guides consulted for authentic representations and rigor only, with no published question wording copied.",Notes pair 3; YTI.
U8-S2-NOTE-EX04,MATH,8,8.2,notes_example,notes,pair_4_ex,current,2,"Use integrals to determine displacement, total distance, and position from velocity, while distinguishing velocity from speed and accounting for direction changes.",I can compute displacement and total distance from velocity and recover position from velocity with an initial condition.,AP Topic 8.2,motion_compare_quantities,constructed_response,,"Unit 8 Assessment Plan + AP Calculus AB Course Framework; supplied AP Topic scoring guides consulted for authentic representations and rigor only, with no published question wording copied.",Notes pair 4; EX.
U8-S2-NOTE-YTI04,MATH,8,8.2,notes_you_try_it,notes,pair_4_yti,current,2,"Use integrals to determine displacement, total distance, and position from velocity, while distinguishing velocity from speed and accounting for direction changes.",I can compute displacement and total distance from velocity and recover position from velocity with an initial condition.,AP Topic 8.2,motion_velocity_graph,numeric,u8_s2_note_yti04_velocity_graph.png,"Unit 8 Assessment Plan + AP Calculus AB Course Framework; supplied AP Topic scoring guides consulted for authentic representations and rigor only, with no published question wording copied.",Notes pair 4; YTI.
U8-S3-NOTE-EX01,MATH,8,8.3,notes_example,notes,pair_1_ex,current,2,"Set up and evaluate area between curves with respect to $x$ or $y$, including multiple intersections and orientation decisions.","I can identify bounding functions and intersections, set up area with respect to $x$ or $y$, and justify when a region requires splitting.","AP Topics 8.4, 8.5, 8.6",area_dx,numeric,,"Unit 8 Assessment Plan + AP Calculus AB Course Framework; supplied AP Topic scoring guides consulted for authentic representations and rigor only, with no published question wording copied.",Notes pair 1; EX.
U8-S3-NOTE-YTI01,MATH,8,8.3,notes_you_try_it,notes,pair_1_yti,current,2,"Set up and evaluate area between curves with respect to $x$ or $y$, including multiple intersections and orientation decisions.","I can identify bounding functions and intersections, set up area with respect to $x$ or $y$, and justify when a region requires splitting.","AP Topics 8.4, 8.5, 8.6",area_dy,numeric,,"Unit 8 Assessment Plan + AP Calculus AB Course Framework; supplied AP Topic scoring guides consulted for authentic representations and rigor only, with no published question wording copied.",Notes pair 1; YTI.
U8-S3-NOTE-EX02,MATH,8,8.3,notes_example,notes,pair_2_ex,current,2,"Set up and evaluate area between curves with respect to $x$ or $y$, including multiple intersections and orientation decisions.","I can identify bounding functions and intersections, set up area with respect to $x$ or $y$, and justify when a region requires splitting.","AP Topics 8.4, 8.5, 8.6",area_dy,numeric,,"Unit 8 Assessment Plan + AP Calculus AB Course Framework; supplied AP Topic scoring guides consulted for authentic representations and rigor only, with no published question wording copied.",Notes pair 2; EX.
U8-S3-NOTE-YTI02,MATH,8,8.3,notes_you_try_it,notes,pair_2_yti,current,3,"Set up and evaluate area between curves with respect to $x$ or $y$, including multiple intersections and orientation decisions.","I can identify bounding functions and intersections, set up area with respect to $x$ or $y$, and justify when a region requires splitting.","AP Topics 8.4, 8.5, 8.6",area_multiple_intersections,numeric,,"Unit 8 Assessment Plan + AP Calculus AB Course Framework; supplied AP Topic scoring guides consulted for authentic representations and rigor only, with no published question wording copied.",Notes pair 2; YTI.
U8-S3-NOTE-EX03,MATH,8,8.3,notes_example,notes,pair_3_ex,current,3,"Set up and evaluate area between curves with respect to $x$ or $y$, including multiple intersections and orientation decisions.","I can identify bounding functions and intersections, set up area with respect to $x$ or $y$, and justify when a region requires splitting.","AP Topics 8.4, 8.5, 8.6",area_multiple_intersections,numeric,,"Unit 8 Assessment Plan + AP Calculus AB Course Framework; supplied AP Topic scoring guides consulted for authentic representations and rigor only, with no published question wording copied.",Notes pair 3; EX.
U8-S3-NOTE-YTI03,MATH,8,8.3,notes_you_try_it,notes,pair_3_yti,current,3,"Set up and evaluate area between curves with respect to $x$ or $y$, including multiple intersections and orientation decisions.","I can identify bounding functions and intersections, set up area with respect to $x$ or $y$, and justify when a region requires splitting.","AP Topics 8.4, 8.5, 8.6",area_orientation_choice,constructed_response,,"Unit 8 Assessment Plan + AP Calculus AB Course Framework; supplied AP Topic scoring guides consulted for authentic representations and rigor only, with no published question wording copied.",Notes pair 3; YTI.
U8-S3-NOTE-EX04,MATH,8,8.3,notes_example,notes,pair_4_ex,current,3,"Set up and evaluate area between curves with respect to $x$ or $y$, including multiple intersections and orientation decisions.","I can identify bounding functions and intersections, set up area with respect to $x$ or $y$, and justify when a region requires splitting.","AP Topics 8.4, 8.5, 8.6",area_orientation_choice,constructed_response,,"Unit 8 Assessment Plan + AP Calculus AB Course Framework; supplied AP Topic scoring guides consulted for authentic representations and rigor only, with no published question wording copied.",Notes pair 4; EX.
U8-S3-NOTE-YTI04,MATH,8,8.3,notes_you_try_it,notes,pair_4_yti,current,2,"Set up and evaluate area between curves with respect to $x$ or $y$, including multiple intersections and orientation decisions.","I can identify bounding functions and intersections, set up area with respect to $x$ or $y$, and justify when a region requires splitting.","AP Topics 8.4, 8.5, 8.6",area_graph,numeric,u8_s3_note_yti04_bounded_region.png,"Unit 8 Assessment Plan + AP Calculus AB Course Framework; supplied AP Topic scoring guides consulted for authentic representations and rigor only, with no published question wording copied.",Notes pair 4; YTI.
U8-S4-NOTE-EX01,MATH,8,8.4,notes_example,notes,pair_1_ex,current,2,Model volumes with known cross-sectional shapes by converting a base region into an area function and integrating over the appropriate interval.,"I can build a cross-sectional area function from a base region and set up volumes for square, rectangular, triangular, or semicircular cross sections.","AP Topics 8.7, 8.8",cross_section_square,numeric,,"Unit 8 Assessment Plan + AP Calculus AB Course Framework; supplied AP Topic scoring guides consulted for authentic representations and rigor only, with no published question wording copied.",Notes pair 1; EX.
U8-S4-NOTE-YTI01,MATH,8,8.4,notes_you_try_it,notes,pair_1_yti,current,2,Model volumes with known cross-sectional shapes by converting a base region into an area function and integrating over the appropriate interval.,"I can build a cross-sectional area function from a base region and set up volumes for square, rectangular, triangular, or semicircular cross sections.","AP Topics 8.7, 8.8",cross_section_semicircle,numeric,,"Unit 8 Assessment Plan + AP Calculus AB Course Framework; supplied AP Topic scoring guides consulted for authentic representations and rigor only, with no published question wording copied.",Notes pair 1; YTI.
U8-S4-NOTE-EX02,MATH,8,8.4,notes_example,notes,pair_2_ex,current,2,Model volumes with known cross-sectional shapes by converting a base region into an area function and integrating over the appropriate interval.,"I can build a cross-sectional area function from a base region and set up volumes for square, rectangular, triangular, or semicircular cross sections.","AP Topics 8.7, 8.8",cross_section_semicircle,numeric,,"Unit 8 Assessment Plan + AP Calculus AB Course Framework; supplied AP Topic scoring guides consulted for authentic representations and rigor only, with no published question wording copied.",Notes pair 2; EX.
U8-S4-NOTE-YTI02,MATH,8,8.4,notes_you_try_it,notes,pair_2_yti,current,2,Model volumes with known cross-sectional shapes by converting a base region into an area function and integrating over the appropriate interval.,"I can build a cross-sectional area function from a base region and set up volumes for square, rectangular, triangular, or semicircular cross sections.","AP Topics 8.7, 8.8",cross_section_rectangle,numeric,,"Unit 8 Assessment Plan + AP Calculus AB Course Framework; supplied AP Topic scoring guides consulted for authentic representations and rigor only, with no published question wording copied.",Notes pair 2; YTI.
U8-S4-NOTE-EX03,MATH,8,8.4,notes_example,notes,pair_3_ex,current,2,Model volumes with known cross-sectional shapes by converting a base region into an area function and integrating over the appropriate interval.,"I can build a cross-sectional area function from a base region and set up volumes for square, rectangular, triangular, or semicircular cross sections.","AP Topics 8.7, 8.8",cross_section_rectangle,numeric,,"Unit 8 Assessment Plan + AP Calculus AB Course Framework; supplied AP Topic scoring guides consulted for authentic representations and rigor only, with no published question wording copied.",Notes pair 3; EX.
U8-S4-NOTE-YTI03,MATH,8,8.4,notes_you_try_it,notes,pair_3_yti,current,2,Model volumes with known cross-sectional shapes by converting a base region into an area function and integrating over the appropriate interval.,"I can build a cross-sectional area function from a base region and set up volumes for square, rectangular, triangular, or semicircular cross sections.","AP Topics 8.7, 8.8",cross_section_triangle,expression,,"Unit 8 Assessment Plan + AP Calculus AB Course Framework; supplied AP Topic scoring guides consulted for authentic representations and rigor only, with no published question wording copied.",Notes pair 3; YTI.
U8-S4-NOTE-EX04,MATH,8,8.4,notes_example,notes,pair_4_ex,current,2,Model volumes with known cross-sectional shapes by converting a base region into an area function and integrating over the appropriate interval.,"I can build a cross-sectional area function from a base region and set up volumes for square, rectangular, triangular, or semicircular cross sections.","AP Topics 8.7, 8.8",cross_section_triangle,expression,,"Unit 8 Assessment Plan + AP Calculus AB Course Framework; supplied AP Topic scoring guides consulted for authentic representations and rigor only, with no published question wording copied.",Notes pair 4; EX.
U8-S4-NOTE-YTI04,MATH,8,8.4,notes_you_try_it,notes,pair_4_yti,current,2,Model volumes with known cross-sectional shapes by converting a base region into an area function and integrating over the appropriate interval.,"I can build a cross-sectional area function from a base region and set up volumes for square, rectangular, triangular, or semicircular cross sections.","AP Topics 8.7, 8.8",cross_section_graph_setup,expression,u8_s4_note_yti04_base_region.png,"Unit 8 Assessment Plan + AP Calculus AB Course Framework; supplied AP Topic scoring guides consulted for authentic representations and rigor only, with no published question wording copied.",Notes pair 4; YTI.
U8-S5-NOTE-EX01,MATH,8,8.5,notes_example,notes,pair_1_ex,current,2,"Set up disc and washer volume integrals about coordinate or shifted axes, making correct radius and orientation decisions.","I can measure radii from the axis of rotation, distinguish outer from inner radius, and set up disc or washer integrals about horizontal or vertical axes.","AP Topics 8.9, 8.10, 8.11, 8.12",disc_shifted_axis,numeric,,"Unit 8 Assessment Plan + AP Calculus AB Course Framework; supplied AP Topic scoring guides consulted for authentic representations and rigor only, with no published question wording copied.",Notes pair 1; EX.
U8-S5-NOTE-YTI01,MATH,8,8.5,notes_you_try_it,notes,pair_1_yti,current,2,"Set up disc and washer volume integrals about coordinate or shifted axes, making correct radius and orientation decisions.","I can measure radii from the axis of rotation, distinguish outer from inner radius, and set up disc or washer integrals about horizontal or vertical axes.","AP Topics 8.9, 8.10, 8.11, 8.12",washer_horizontal,numeric,,"Unit 8 Assessment Plan + AP Calculus AB Course Framework; supplied AP Topic scoring guides consulted for authentic representations and rigor only, with no published question wording copied.",Notes pair 1; YTI.
U8-S5-NOTE-EX02,MATH,8,8.5,notes_example,notes,pair_2_ex,current,2,"Set up disc and washer volume integrals about coordinate or shifted axes, making correct radius and orientation decisions.","I can measure radii from the axis of rotation, distinguish outer from inner radius, and set up disc or washer integrals about horizontal or vertical axes.","AP Topics 8.9, 8.10, 8.11, 8.12",washer_horizontal,numeric,,"Unit 8 Assessment Plan + AP Calculus AB Course Framework; supplied AP Topic scoring guides consulted for authentic representations and rigor only, with no published question wording copied.",Notes pair 2; EX.
U8-S5-NOTE-YTI02,MATH,8,8.5,notes_you_try_it,notes,pair_2_yti,current,2,"Set up disc and washer volume integrals about coordinate or shifted axes, making correct radius and orientation decisions.","I can measure radii from the axis of rotation, distinguish outer from inner radius, and set up disc or washer integrals about horizontal or vertical axes.","AP Topics 8.9, 8.10, 8.11, 8.12",washer_vertical,numeric,,"Unit 8 Assessment Plan + AP Calculus AB Course Framework; supplied AP Topic scoring guides consulted for authentic representations and rigor only, with no published question wording copied.",Notes pair 2; YTI.
U8-S5-NOTE-EX03,MATH,8,8.5,notes_example,notes,pair_3_ex,current,2,"Set up disc and washer volume integrals about coordinate or shifted axes, making correct radius and orientation decisions.","I can measure radii from the axis of rotation, distinguish outer from inner radius, and set up disc or washer integrals about horizontal or vertical axes.","AP Topics 8.9, 8.10, 8.11, 8.12",washer_vertical,numeric,,"Unit 8 Assessment Plan + AP Calculus AB Course Framework; supplied AP Topic scoring guides consulted for authentic representations and rigor only, with no published question wording copied.",Notes pair 3; EX.
U8-S5-NOTE-YTI03,MATH,8,8.5,notes_you_try_it,notes,pair_3_yti,current,2,"Set up disc and washer volume integrals about coordinate or shifted axes, making correct radius and orientation decisions.","I can measure radii from the axis of rotation, distinguish outer from inner radius, and set up disc or washer integrals about horizontal or vertical axes.","AP Topics 8.9, 8.10, 8.11, 8.12",rotation_radius_distance,expression,,"Unit 8 Assessment Plan + AP Calculus AB Course Framework; supplied AP Topic scoring guides consulted for authentic representations and rigor only, with no published question wording copied.",Notes pair 3; YTI.
U8-S5-NOTE-EX04,MATH,8,8.5,notes_example,notes,pair_4_ex,current,2,"Set up disc and washer volume integrals about coordinate or shifted axes, making correct radius and orientation decisions.","I can measure radii from the axis of rotation, distinguish outer from inner radius, and set up disc or washer integrals about horizontal or vertical axes.","AP Topics 8.9, 8.10, 8.11, 8.12",rotation_radius_distance,expression,,"Unit 8 Assessment Plan + AP Calculus AB Course Framework; supplied AP Topic scoring guides consulted for authentic representations and rigor only, with no published question wording copied.",Notes pair 4; EX.
U8-S5-NOTE-YTI04,MATH,8,8.5,notes_you_try_it,notes,pair_4_yti,current,2,"Set up disc and washer volume integrals about coordinate or shifted axes, making correct radius and orientation decisions.","I can measure radii from the axis of rotation, distinguish outer from inner radius, and set up disc or washer integrals about horizontal or vertical axes.","AP Topics 8.9, 8.10, 8.11, 8.12",rotation_graph_setup,expression,u8_s5_note_yti04_rotation_region.png,"Unit 8 Assessment Plan + AP Calculus AB Course Framework; supplied AP Topic scoring guides consulted for authentic representations and rigor only, with no published question wording copied.",Notes pair 4; YTI.
U8-S1-PS1-C01,MATH,8,8.1,practice_set_1,practice,ps1_c01,current,2,"Use definite integrals to determine average value and net change, and distinguish average value from average rate of change in contextual situations.","I can compute and interpret average value, use a rate function to determine net change, and distinguish those quantities from average rate of change.","AP Topics 8.1, 8.3",net_change,numeric,,"Unit 8 Assessment Plan + AP Calculus AB Course Framework; supplied AP Topic scoring guides consulted for authentic representations and rigor only, with no published question wording copied.",
U8-S1-PS1-C02,MATH,8,8.1,practice_set_1,practice,ps1_c02,current,2,"Use definite integrals to determine average value and net change, and distinguish average value from average rate of change in contextual situations.","I can compute and interpret average value, use a rate function to determine net change, and distinguish those quantities from average rate of change.","AP Topics 8.1, 8.3",average_value_vs_aroc,constructed_response,,"Unit 8 Assessment Plan + AP Calculus AB Course Framework; supplied AP Topic scoring guides consulted for authentic representations and rigor only, with no published question wording copied.",
U8-S1-PS1-C03,MATH,8,8.1,practice_set_1,practice,ps1_c03,current,2,"Use definite integrals to determine average value and net change, and distinguish average value from average rate of change in contextual situations.","I can compute and interpret average value, use a rate function to determine net change, and distinguish those quantities from average rate of change.","AP Topics 8.1, 8.3",initial_plus_net_change,numeric,,"Unit 8 Assessment Plan + AP Calculus AB Course Framework; supplied AP Topic scoring guides consulted for authentic representations and rigor only, with no published question wording copied.",
U8-S1-PS1-C04,MATH,8,8.1,practice_set_1,practice,ps1_c04,current,2,"Use definite integrals to determine average value and net change, and distinguish average value from average rate of change in contextual situations.","I can compute and interpret average value, use a rate function to determine net change, and distinguish those quantities from average rate of change.","AP Topics 8.1, 8.3",net_change_table,numeric,,"Unit 8 Assessment Plan + AP Calculus AB Course Framework; supplied AP Topic scoring guides consulted for authentic representations and rigor only, with no published question wording copied.",
U8-S1-PS1-C05,MATH,8,8.1,practice_set_1,practice,ps1_c05,current,3,"Use definite integrals to determine average value and net change, and distinguish average value from average rate of change in contextual situations.","I can compute and interpret average value, use a rate function to determine net change, and distinguish those quantities from average rate of change.","AP Topics 8.1, 8.3",average_value_critique,constructed_response,,"Unit 8 Assessment Plan + AP Calculus AB Course Framework; supplied AP Topic scoring guides consulted for authentic representations and rigor only, with no published question wording copied.",
U8-S1-PS1-L01,MATH,8,8.1,practice_set_1,practice,ps1_l01,last,1,Model and interpret exponential growth and decay from differential equations in contextual situations.,I can retrieve and apply the most recent prerequisite learning.,"AP Topics 8.1, 8.3",exp_de_retrieval,expression,,"Unit 8 Assessment Plan + AP Calculus AB Course Framework; supplied AP Topic scoring guides consulted for authentic representations and rigor only, with no published question wording copied.",
U8-S1-PS1-L02,MATH,8,8.1,practice_set_1,practice,ps1_l02,last,2,Model and interpret exponential growth and decay from differential equations in contextual situations.,I can retrieve and apply the most recent prerequisite learning.,"AP Topics 8.1, 8.3",half_life_retrieval,expression,,"Unit 8 Assessment Plan + AP Calculus AB Course Framework; supplied AP Topic scoring guides consulted for authentic representations and rigor only, with no published question wording copied.",
U8-S1-PS1-L03,MATH,8,8.1,practice_set_1,practice,ps1_l03,last,2,Model and interpret exponential growth and decay from differential equations in contextual situations.,I can retrieve and apply the most recent prerequisite learning.,"AP Topics 8.1, 8.3",exp_model_retrieval,expression,,"Unit 8 Assessment Plan + AP Calculus AB Course Framework; supplied AP Topic scoring guides consulted for authentic representations and rigor only, with no published question wording copied.",
U8-S1-PS1-L04,MATH,8,8.1,practice_set_1,practice,ps1_l04,last,1,Model and interpret exponential growth and decay from differential equations in contextual situations.,I can retrieve and apply the most recent prerequisite learning.,"AP Topics 8.1, 8.3",exp_parameter_interpretation,text,,"Unit 8 Assessment Plan + AP Calculus AB Course Framework; supplied AP Topic scoring guides consulted for authentic representations and rigor only, with no published question wording copied.",
U8-S1-PS1-L05,MATH,8,8.1,practice_set_1,practice,ps1_l05,last,2,Model and interpret exponential growth and decay from differential equations in contextual situations.,I can retrieve and apply the most recent prerequisite learning.,"AP Topics 8.1, 8.3",exp_verification_retrieval,constructed_response,,"Unit 8 Assessment Plan + AP Calculus AB Course Framework; supplied AP Topic scoring guides consulted for authentic representations and rigor only, with no published question wording copied.",
U8-S1-PS1-M01,MATH,8,8.1,practice_set_1,practice,ps1_m01,mastery,2,Definite-integral meaning; accumulation and antiderivatives; graph/table interpretation; algebraic and geometric setup; units.,"I can retrieve durable calculus, algebra, graph, geometry, notation, and units learning.","AP Topics 8.1, 8.3",definite_integral_retrieval,numeric,,"Unit 8 Assessment Plan + AP Calculus AB Course Framework; supplied AP Topic scoring guides consulted for authentic representations and rigor only, with no published question wording copied.",
U8-S1-PS1-M02,MATH,8,8.1,practice_set_1,practice,ps1_m02,mastery,1,Definite-integral meaning; accumulation and antiderivatives; graph/table interpretation; algebraic and geometric setup; units.,"I can retrieve durable calculus, algebra, graph, geometry, notation, and units learning.","AP Topics 8.1, 8.3",units_retrieval,text,,"Unit 8 Assessment Plan + AP Calculus AB Course Framework; supplied AP Topic scoring guides consulted for authentic representations and rigor only, with no published question wording copied.",
U8-S1-PS1-M03,MATH,8,8.1,practice_set_1,practice,ps1_m03,mastery,1,Definite-integral meaning; accumulation and antiderivatives; graph/table interpretation; algebraic and geometric setup; units.,"I can retrieve durable calculus, algebra, graph, geometry, notation, and units learning.","AP Topics 8.1, 8.3",algebra_retrieval,expression,,"Unit 8 Assessment Plan + AP Calculus AB Course Framework; supplied AP Topic scoring guides consulted for authentic representations and rigor only, with no published question wording copied.",
U8-S1-PS1-M04,MATH,8,8.1,practice_set_1,practice,ps1_m04,mastery,1,Definite-integral meaning; accumulation and antiderivatives; graph/table interpretation; algebraic and geometric setup; units.,"I can retrieve durable calculus, algebra, graph, geometry, notation, and units learning.","AP Topics 8.1, 8.3",integral_property_retrieval,numeric,,"Unit 8 Assessment Plan + AP Calculus AB Course Framework; supplied AP Topic scoring guides consulted for authentic representations and rigor only, with no published question wording copied.",
U8-S1-PS1-M05,MATH,8,8.1,practice_set_1,practice,ps1_m05,mastery,1,Definite-integral meaning; accumulation and antiderivatives; graph/table interpretation; algebraic and geometric setup; units.,"I can retrieve durable calculus, algebra, graph, geometry, notation, and units learning.","AP Topics 8.1, 8.3",graph_sign_retrieval,text,,"Unit 8 Assessment Plan + AP Calculus AB Course Framework; supplied AP Topic scoring guides consulted for authentic representations and rigor only, with no published question wording copied.",
U8-S1-PS1-M06,MATH,8,8.1,practice_set_1,practice,ps1_m06,mastery,2,Definite-integral meaning; accumulation and antiderivatives; graph/table interpretation; algebraic and geometric setup; units.,"I can retrieve durable calculus, algebra, graph, geometry, notation, and units learning.","AP Topics 8.1, 8.3",limit_retrieval,numeric,,"Unit 8 Assessment Plan + AP Calculus AB Course Framework; supplied AP Topic scoring guides consulted for authentic representations and rigor only, with no published question wording copied.",
U8-S1-PS1-M07,MATH,8,8.1,practice_set_1,practice,ps1_m07,mastery,2,Definite-integral meaning; accumulation and antiderivatives; graph/table interpretation; algebraic and geometric setup; units.,"I can retrieve durable calculus, algebra, graph, geometry, notation, and units learning.","AP Topics 8.1, 8.3",derivative_relationship_retrieval,expression,,"Unit 8 Assessment Plan + AP Calculus AB Course Framework; supplied AP Topic scoring guides consulted for authentic representations and rigor only, with no published question wording copied.",
U8-S1-PS1-M08,MATH,8,8.1,practice_set_1,practice,ps1_m08,mastery,1,Definite-integral meaning; accumulation and antiderivatives; graph/table interpretation; algebraic and geometric setup; units.,"I can retrieve durable calculus, algebra, graph, geometry, notation, and units learning.","AP Topics 8.1, 8.3",antiderivative_retrieval,expression,,"Unit 8 Assessment Plan + AP Calculus AB Course Framework; supplied AP Topic scoring guides consulted for authentic representations and rigor only, with no published question wording copied.",
U8-S1-PS1-M09,MATH,8,8.1,practice_set_1,practice,ps1_m09,mastery,2,Definite-integral meaning; accumulation and antiderivatives; graph/table interpretation; algebraic and geometric setup; units.,"I can retrieve durable calculus, algebra, graph, geometry, notation, and units learning.","AP Topics 8.1, 8.3",definite_integral_retrieval,numeric,,"Unit 8 Assessment Plan + AP Calculus AB Course Framework; supplied AP Topic scoring guides consulted for authentic representations and rigor only, with no published question wording copied.",
U8-S1-PS1-M10,MATH,8,8.1,practice_set_1,practice,ps1_m10,mastery,1,Definite-integral meaning; accumulation and antiderivatives; graph/table interpretation; algebraic and geometric setup; units.,"I can retrieve durable calculus, algebra, graph, geometry, notation, and units learning.","AP Topics 8.1, 8.3",units_retrieval,text,,"Unit 8 Assessment Plan + AP Calculus AB Course Framework; supplied AP Topic scoring guides consulted for authentic representations and rigor only, with no published question wording copied.",
U8-S1-PS2-C01,MATH,8,8.1,practice_set_2,practice,ps2_c01,current,2,"Use definite integrals to determine average value and net change, and distinguish average value from average rate of change in contextual situations.","I can compute and interpret average value, use a rate function to determine net change, and distinguish those quantities from average rate of change.","AP Topics 8.1, 8.3",average_value_vs_aroc,constructed_response,,"Unit 8 Assessment Plan + AP Calculus AB Course Framework; supplied AP Topic scoring guides consulted for authentic representations and rigor only, with no published question wording copied.",
U8-S1-PS2-C02,MATH,8,8.1,practice_set_2,practice,ps2_c02,current,2,"Use definite integrals to determine average value and net change, and distinguish average value from average rate of change in contextual situations.","I can compute and interpret average value, use a rate function to determine net change, and distinguish those quantities from average rate of change.","AP Topics 8.1, 8.3",initial_plus_net_change,numeric,,"Unit 8 Assessment Plan + AP Calculus AB Course Framework; supplied AP Topic scoring guides consulted for authentic representations and rigor only, with no published question wording copied.",
U8-S1-PS2-C03,MATH,8,8.1,practice_set_2,practice,ps2_c03,current,2,"Use definite integrals to determine average value and net change, and distinguish average value from average rate of change in contextual situations.","I can compute and interpret average value, use a rate function to determine net change, and distinguish those quantities from average rate of change.","AP Topics 8.1, 8.3",net_change_table,numeric,,"Unit 8 Assessment Plan + AP Calculus AB Course Framework; supplied AP Topic scoring guides consulted for authentic representations and rigor only, with no published question wording copied.",
U8-S1-PS2-C04,MATH,8,8.1,practice_set_2,practice,ps2_c04,current,3,"Use definite integrals to determine average value and net change, and distinguish average value from average rate of change in contextual situations.","I can compute and interpret average value, use a rate function to determine net change, and distinguish those quantities from average rate of change.","AP Topics 8.1, 8.3",average_value_critique,constructed_response,,"Unit 8 Assessment Plan + AP Calculus AB Course Framework; supplied AP Topic scoring guides consulted for authentic representations and rigor only, with no published question wording copied.",
U8-S1-PS2-C05,MATH,8,8.1,practice_set_2,practice,ps2_c05,current,2,"Use definite integrals to determine average value and net change, and distinguish average value from average rate of change in contextual situations.","I can compute and interpret average value, use a rate function to determine net change, and distinguish those quantities from average rate of change.","AP Topics 8.1, 8.3",average_value,numeric,,"Unit 8 Assessment Plan + AP Calculus AB Course Framework; supplied AP Topic scoring guides consulted for authentic representations and rigor only, with no published question wording copied.",
U8-S1-PS2-L01,MATH,8,8.1,practice_set_2,practice,ps2_l01,last,2,Model and interpret exponential growth and decay from differential equations in contextual situations.,I can retrieve and apply the most recent prerequisite learning.,"AP Topics 8.1, 8.3",half_life_retrieval,expression,,"Unit 8 Assessment Plan + AP Calculus AB Course Framework; supplied AP Topic scoring guides consulted for authentic representations and rigor only, with no published question wording copied.",
U8-S1-PS2-L02,MATH,8,8.1,practice_set_2,practice,ps2_l02,last,2,Model and interpret exponential growth and decay from differential equations in contextual situations.,I can retrieve and apply the most recent prerequisite learning.,"AP Topics 8.1, 8.3",exp_model_retrieval,expression,,"Unit 8 Assessment Plan + AP Calculus AB Course Framework; supplied AP Topic scoring guides consulted for authentic representations and rigor only, with no published question wording copied.",
U8-S1-PS2-L03,MATH,8,8.1,practice_set_2,practice,ps2_l03,last,1,Model and interpret exponential growth and decay from differential equations in contextual situations.,I can retrieve and apply the most recent prerequisite learning.,"AP Topics 8.1, 8.3",exp_parameter_interpretation,text,,"Unit 8 Assessment Plan + AP Calculus AB Course Framework; supplied AP Topic scoring guides consulted for authentic representations and rigor only, with no published question wording copied.",
U8-S1-PS2-L04,MATH,8,8.1,practice_set_2,practice,ps2_l04,last,2,Model and interpret exponential growth and decay from differential equations in contextual situations.,I can retrieve and apply the most recent prerequisite learning.,"AP Topics 8.1, 8.3",exp_verification_retrieval,constructed_response,,"Unit 8 Assessment Plan + AP Calculus AB Course Framework; supplied AP Topic scoring guides consulted for authentic representations and rigor only, with no published question wording copied.",
U8-S1-PS2-L05,MATH,8,8.1,practice_set_2,practice,ps2_l05,last,1,Model and interpret exponential growth and decay from differential equations in contextual situations.,I can retrieve and apply the most recent prerequisite learning.,"AP Topics 8.1, 8.3",exp_de_retrieval,expression,,"Unit 8 Assessment Plan + AP Calculus AB Course Framework; supplied AP Topic scoring guides consulted for authentic representations and rigor only, with no published question wording copied.",
U8-S1-PS2-M01,MATH,8,8.1,practice_set_2,practice,ps2_m01,mastery,1,Definite-integral meaning; accumulation and antiderivatives; graph/table interpretation; algebraic and geometric setup; units.,"I can retrieve durable calculus, algebra, graph, geometry, notation, and units learning.","AP Topics 8.1, 8.3",antiderivative_retrieval,expression,,"Unit 8 Assessment Plan + AP Calculus AB Course Framework; supplied AP Topic scoring guides consulted for authentic representations and rigor only, with no published question wording copied.",
U8-S1-PS2-M02,MATH,8,8.1,practice_set_2,practice,ps2_m02,mastery,2,Definite-integral meaning; accumulation and antiderivatives; graph/table interpretation; algebraic and geometric setup; units.,"I can retrieve durable calculus, algebra, graph, geometry, notation, and units learning.","AP Topics 8.1, 8.3",definite_integral_retrieval,numeric,,"Unit 8 Assessment Plan + AP Calculus AB Course Framework; supplied AP Topic scoring guides consulted for authentic representations and rigor only, with no published question wording copied.",
U8-S1-PS2-M03,MATH,8,8.1,practice_set_2,practice,ps2_m03,mastery,1,Definite-integral meaning; accumulation and antiderivatives; graph/table interpretation; algebraic and geometric setup; units.,"I can retrieve durable calculus, algebra, graph, geometry, notation, and units learning.","AP Topics 8.1, 8.3",units_retrieval,text,,"Unit 8 Assessment Plan + AP Calculus AB Course Framework; supplied AP Topic scoring guides consulted for authentic representations and rigor only, with no published question wording copied.",
U8-S1-PS2-M04,MATH,8,8.1,practice_set_2,practice,ps2_m04,mastery,1,Definite-integral meaning; accumulation and antiderivatives; graph/table interpretation; algebraic and geometric setup; units.,"I can retrieve durable calculus, algebra, graph, geometry, notation, and units learning.","AP Topics 8.1, 8.3",algebra_retrieval,expression,,"Unit 8 Assessment Plan + AP Calculus AB Course Framework; supplied AP Topic scoring guides consulted for authentic representations and rigor only, with no published question wording copied.",
U8-S1-PS2-M05,MATH,8,8.1,practice_set_2,practice,ps2_m05,mastery,1,Definite-integral meaning; accumulation and antiderivatives; graph/table interpretation; algebraic and geometric setup; units.,"I can retrieve durable calculus, algebra, graph, geometry, notation, and units learning.","AP Topics 8.1, 8.3",integral_property_retrieval,numeric,,"Unit 8 Assessment Plan + AP Calculus AB Course Framework; supplied AP Topic scoring guides consulted for authentic representations and rigor only, with no published question wording copied.",
U8-S1-PS2-M06,MATH,8,8.1,practice_set_2,practice,ps2_m06,mastery,1,Definite-integral meaning; accumulation and antiderivatives; graph/table interpretation; algebraic and geometric setup; units.,"I can retrieve durable calculus, algebra, graph, geometry, notation, and units learning.","AP Topics 8.1, 8.3",graph_sign_retrieval,text,,"Unit 8 Assessment Plan + AP Calculus AB Course Framework; supplied AP Topic scoring guides consulted for authentic representations and rigor only, with no published question wording copied.",
U8-S1-PS2-M07,MATH,8,8.1,practice_set_2,practice,ps2_m07,mastery,2,Definite-integral meaning; accumulation and antiderivatives; graph/table interpretation; algebraic and geometric setup; units.,"I can retrieve durable calculus, algebra, graph, geometry, notation, and units learning.","AP Topics 8.1, 8.3",limit_retrieval,numeric,,"Unit 8 Assessment Plan + AP Calculus AB Course Framework; supplied AP Topic scoring guides consulted for authentic representations and rigor only, with no published question wording copied.",
U8-S1-PS2-M08,MATH,8,8.1,practice_set_2,practice,ps2_m08,mastery,2,Definite-integral meaning; accumulation and antiderivatives; graph/table interpretation; algebraic and geometric setup; units.,"I can retrieve durable calculus, algebra, graph, geometry, notation, and units learning.","AP Topics 8.1, 8.3",derivative_relationship_retrieval,expression,,"Unit 8 Assessment Plan + AP Calculus AB Course Framework; supplied AP Topic scoring guides consulted for authentic representations and rigor only, with no published question wording copied.",
U8-S1-PS2-M09,MATH,8,8.1,practice_set_2,practice,ps2_m09,mastery,1,Definite-integral meaning; accumulation and antiderivatives; graph/table interpretation; algebraic and geometric setup; units.,"I can retrieve durable calculus, algebra, graph, geometry, notation, and units learning.","AP Topics 8.1, 8.3",antiderivative_retrieval,expression,,"Unit 8 Assessment Plan + AP Calculus AB Course Framework; supplied AP Topic scoring guides consulted for authentic representations and rigor only, with no published question wording copied.",
U8-S1-PS2-M10,MATH,8,8.1,practice_set_2,practice,ps2_m10,mastery,2,Definite-integral meaning; accumulation and antiderivatives; graph/table interpretation; algebraic and geometric setup; units.,"I can retrieve durable calculus, algebra, graph, geometry, notation, and units learning.","AP Topics 8.1, 8.3",definite_integral_retrieval,numeric,,"Unit 8 Assessment Plan + AP Calculus AB Course Framework; supplied AP Topic scoring guides consulted for authentic representations and rigor only, with no published question wording copied.",
U8-S1-PS3-C01,MATH,8,8.1,practice_set_3,practice,ps3_c01,current,2,"Use definite integrals to determine average value and net change, and distinguish average value from average rate of change in contextual situations.","I can compute and interpret average value, use a rate function to determine net change, and distinguish those quantities from average rate of change.","AP Topics 8.1, 8.3",avg_compact,numeric,,"Unit 8 Assessment Plan + AP Calculus AB Course Framework; supplied AP Topic scoring guides consulted for authentic representations and rigor only, with no published question wording copied.",Tarsia-friendly concise source.
U8-S1-PS3-C02,MATH,8,8.1,practice_set_3,practice,ps3_c02,current,2,"Use definite integrals to determine average value and net change, and distinguish average value from average rate of change in contextual situations.","I can compute and interpret average value, use a rate function to determine net change, and distinguish those quantities from average rate of change.","AP Topics 8.1, 8.3",avg_compact,numeric,,"Unit 8 Assessment Plan + AP Calculus AB Course Framework; supplied AP Topic scoring guides consulted for authentic representations and rigor only, with no published question wording copied.",Tarsia-friendly concise source.
U8-S1-PS3-C03,MATH,8,8.1,practice_set_3,practice,ps3_c03,current,2,"Use definite integrals to determine average value and net change, and distinguish average value from average rate of change in contextual situations.","I can compute and interpret average value, use a rate function to determine net change, and distinguish those quantities from average rate of change.","AP Topics 8.1, 8.3",avg_compact,numeric,,"Unit 8 Assessment Plan + AP Calculus AB Course Framework; supplied AP Topic scoring guides consulted for authentic representations and rigor only, with no published question wording copied.",Tarsia-friendly concise source.
U8-S1-PS3-C04,MATH,8,8.1,practice_set_3,practice,ps3_c04,current,2,"Use definite integrals to determine average value and net change, and distinguish average value from average rate of change in contextual situations.","I can compute and interpret average value, use a rate function to determine net change, and distinguish those quantities from average rate of change.","AP Topics 8.1, 8.3",avg_compact,numeric,,"Unit 8 Assessment Plan + AP Calculus AB Course Framework; supplied AP Topic scoring guides consulted for authentic representations and rigor only, with no published question wording copied.",Tarsia-friendly concise source.
U8-S1-PS3-C05,MATH,8,8.1,practice_set_3,practice,ps3_c05,current,2,"Use definite integrals to determine average value and net change, and distinguish average value from average rate of change in contextual situations.","I can compute and interpret average value, use a rate function to determine net change, and distinguish those quantities from average rate of change.","AP Topics 8.1, 8.3",avg_compact,numeric,,"Unit 8 Assessment Plan + AP Calculus AB Course Framework; supplied AP Topic scoring guides consulted for authentic representations and rigor only, with no published question wording copied.",Tarsia-friendly concise source.
U8-S1-PS3-L01,MATH,8,8.1,practice_set_3,practice,ps3_l01,last,2,Model and interpret exponential growth and decay from differential equations in contextual situations.,I can retrieve and apply the most recent prerequisite learning.,"AP Topics 8.1, 8.3",exp_model_retrieval,expression,,"Unit 8 Assessment Plan + AP Calculus AB Course Framework; supplied AP Topic scoring guides consulted for authentic representations and rigor only, with no published question wording copied.",Tarsia-friendly concise source.
U8-S1-PS3-L02,MATH,8,8.1,practice_set_3,practice,ps3_l02,last,1,Model and interpret exponential growth and decay from differential equations in contextual situations.,I can retrieve and apply the most recent prerequisite learning.,"AP Topics 8.1, 8.3",exp_parameter_interpretation,text,,"Unit 8 Assessment Plan + AP Calculus AB Course Framework; supplied AP Topic scoring guides consulted for authentic representations and rigor only, with no published question wording copied.",Tarsia-friendly concise source.
U8-S1-PS3-L03,MATH,8,8.1,practice_set_3,practice,ps3_l03,last,2,Model and interpret exponential growth and decay from differential equations in contextual situations.,I can retrieve and apply the most recent prerequisite learning.,"AP Topics 8.1, 8.3",exp_verification_retrieval,constructed_response,,"Unit 8 Assessment Plan + AP Calculus AB Course Framework; supplied AP Topic scoring guides consulted for authentic representations and rigor only, with no published question wording copied.",Tarsia-friendly concise source.
U8-S1-PS3-L04,MATH,8,8.1,practice_set_3,practice,ps3_l04,last,1,Model and interpret exponential growth and decay from differential equations in contextual situations.,I can retrieve and apply the most recent prerequisite learning.,"AP Topics 8.1, 8.3",exp_de_retrieval,expression,,"Unit 8 Assessment Plan + AP Calculus AB Course Framework; supplied AP Topic scoring guides consulted for authentic representations and rigor only, with no published question wording copied.",Tarsia-friendly concise source.
U8-S1-PS3-L05,MATH,8,8.1,practice_set_3,practice,ps3_l05,last,2,Model and interpret exponential growth and decay from differential equations in contextual situations.,I can retrieve and apply the most recent prerequisite learning.,"AP Topics 8.1, 8.3",half_life_retrieval,expression,,"Unit 8 Assessment Plan + AP Calculus AB Course Framework; supplied AP Topic scoring guides consulted for authentic representations and rigor only, with no published question wording copied.",Tarsia-friendly concise source.
U8-S1-PS3-M01,MATH,8,8.1,practice_set_3,practice,ps3_m01,mastery,2,Definite-integral meaning; accumulation and antiderivatives; graph/table interpretation; algebraic and geometric setup; units.,"I can retrieve durable calculus, algebra, graph, geometry, notation, and units learning.","AP Topics 8.1, 8.3",derivative_relationship_retrieval,expression,,"Unit 8 Assessment Plan + AP Calculus AB Course Framework; supplied AP Topic scoring guides consulted for authentic representations and rigor only, with no published question wording copied.",Tarsia-friendly concise source.
U8-S1-PS3-M02,MATH,8,8.1,practice_set_3,practice,ps3_m02,mastery,1,Definite-integral meaning; accumulation and antiderivatives; graph/table interpretation; algebraic and geometric setup; units.,"I can retrieve durable calculus, algebra, graph, geometry, notation, and units learning.","AP Topics 8.1, 8.3",antiderivative_retrieval,expression,,"Unit 8 Assessment Plan + AP Calculus AB Course Framework; supplied AP Topic scoring guides consulted for authentic representations and rigor only, with no published question wording copied.",Tarsia-friendly concise source.
U8-S1-PS3-M03,MATH,8,8.1,practice_set_3,practice,ps3_m03,mastery,2,Definite-integral meaning; accumulation and antiderivatives; graph/table interpretation; algebraic and geometric setup; units.,"I can retrieve durable calculus, algebra, graph, geometry, notation, and units learning.","AP Topics 8.1, 8.3",definite_integral_retrieval,numeric,,"Unit 8 Assessment Plan + AP Calculus AB Course Framework; supplied AP Topic scoring guides consulted for authentic representations and rigor only, with no published question wording copied.",Tarsia-friendly concise source.
U8-S1-PS3-M04,MATH,8,8.1,practice_set_3,practice,ps3_m04,mastery,1,Definite-integral meaning; accumulation and antiderivatives; graph/table interpretation; algebraic and geometric setup; units.,"I can retrieve durable calculus, algebra, graph, geometry, notation, and units learning.","AP Topics 8.1, 8.3",units_retrieval,text,,"Unit 8 Assessment Plan + AP Calculus AB Course Framework; supplied AP Topic scoring guides consulted for authentic representations and rigor only, with no published question wording copied.",Tarsia-friendly concise source.
U8-S1-PS3-M05,MATH,8,8.1,practice_set_3,practice,ps3_m05,mastery,1,Definite-integral meaning; accumulation and antiderivatives; graph/table interpretation; algebraic and geometric setup; units.,"I can retrieve durable calculus, algebra, graph, geometry, notation, and units learning.","AP Topics 8.1, 8.3",algebra_retrieval,expression,,"Unit 8 Assessment Plan + AP Calculus AB Course Framework; supplied AP Topic scoring guides consulted for authentic representations and rigor only, with no published question wording copied.",Tarsia-friendly concise source.
U8-S1-PS3-M06,MATH,8,8.1,practice_set_3,practice,ps3_m06,mastery,1,Definite-integral meaning; accumulation and antiderivatives; graph/table interpretation; algebraic and geometric setup; units.,"I can retrieve durable calculus, algebra, graph, geometry, notation, and units learning.","AP Topics 8.1, 8.3",integral_property_retrieval,numeric,,"Unit 8 Assessment Plan + AP Calculus AB Course Framework; supplied AP Topic scoring guides consulted for authentic representations and rigor only, with no published question wording copied.",Tarsia-friendly concise source.
U8-S1-PS3-M07,MATH,8,8.1,practice_set_3,practice,ps3_m07,mastery,1,Definite-integral meaning; accumulation and antiderivatives; graph/table interpretation; algebraic and geometric setup; units.,"I can retrieve durable calculus, algebra, graph, geometry, notation, and units learning.","AP Topics 8.1, 8.3",graph_sign_retrieval,text,,"Unit 8 Assessment Plan + AP Calculus AB Course Framework; supplied AP Topic scoring guides consulted for authentic representations and rigor only, with no published question wording copied.",Tarsia-friendly concise source.
U8-S1-PS3-M08,MATH,8,8.1,practice_set_3,practice,ps3_m08,mastery,2,Definite-integral meaning; accumulation and antiderivatives; graph/table interpretation; algebraic and geometric setup; units.,"I can retrieve durable calculus, algebra, graph, geometry, notation, and units learning.","AP Topics 8.1, 8.3",limit_retrieval,numeric,,"Unit 8 Assessment Plan + AP Calculus AB Course Framework; supplied AP Topic scoring guides consulted for authentic representations and rigor only, with no published question wording copied.",Tarsia-friendly concise source.
U8-S1-PS3-M09,MATH,8,8.1,practice_set_3,practice,ps3_m09,mastery,2,Definite-integral meaning; accumulation and antiderivatives; graph/table interpretation; algebraic and geometric setup; units.,"I can retrieve durable calculus, algebra, graph, geometry, notation, and units learning.","AP Topics 8.1, 8.3",derivative_relationship_retrieval,expression,,"Unit 8 Assessment Plan + AP Calculus AB Course Framework; supplied AP Topic scoring guides consulted for authentic representations and rigor only, with no published question wording copied.",Tarsia-friendly concise source.
U8-S1-PS3-M10,MATH,8,8.1,practice_set_3,practice,ps3_m10,mastery,1,Definite-integral meaning; accumulation and antiderivatives; graph/table interpretation; algebraic and geometric setup; units.,"I can retrieve durable calculus, algebra, graph, geometry, notation, and units learning.","AP Topics 8.1, 8.3",antiderivative_retrieval,expression,,"Unit 8 Assessment Plan + AP Calculus AB Course Framework; supplied AP Topic scoring guides consulted for authentic representations and rigor only, with no published question wording copied.",Tarsia-friendly concise source.
U8-S1-XP-C01,MATH,8,8.1,extra_practice,practice,xp_c01,current,2,"Use definite integrals to determine average value and net change, and distinguish average value from average rate of change in contextual situations.","I can compute and interpret average value, use a rate function to determine net change, and distinguish those quantities from average rate of change.","AP Topics 8.1, 8.3",net_change_table,numeric,,"Unit 8 Assessment Plan + AP Calculus AB Course Framework; supplied AP Topic scoring guides consulted for authentic representations and rigor only, with no published question wording copied.",
U8-S1-XP-C02,MATH,8,8.1,extra_practice,practice,xp_c02,current,3,"Use definite integrals to determine average value and net change, and distinguish average value from average rate of change in contextual situations.","I can compute and interpret average value, use a rate function to determine net change, and distinguish those quantities from average rate of change.","AP Topics 8.1, 8.3",average_value_critique,constructed_response,,"Unit 8 Assessment Plan + AP Calculus AB Course Framework; supplied AP Topic scoring guides consulted for authentic representations and rigor only, with no published question wording copied.",
U8-S1-XP-C03,MATH,8,8.1,extra_practice,practice,xp_c03,current,2,"Use definite integrals to determine average value and net change, and distinguish average value from average rate of change in contextual situations.","I can compute and interpret average value, use a rate function to determine net change, and distinguish those quantities from average rate of change.","AP Topics 8.1, 8.3",average_value,numeric,,"Unit 8 Assessment Plan + AP Calculus AB Course Framework; supplied AP Topic scoring guides consulted for authentic representations and rigor only, with no published question wording copied.",
U8-S1-XP-C04,MATH,8,8.1,extra_practice,practice,xp_c04,current,2,"Use definite integrals to determine average value and net change, and distinguish average value from average rate of change in contextual situations.","I can compute and interpret average value, use a rate function to determine net change, and distinguish those quantities from average rate of change.","AP Topics 8.1, 8.3",net_change,numeric,,"Unit 8 Assessment Plan + AP Calculus AB Course Framework; supplied AP Topic scoring guides consulted for authentic representations and rigor only, with no published question wording copied.",
U8-S1-XP-C05,MATH,8,8.1,extra_practice,practice,xp_c05,current,2,"Use definite integrals to determine average value and net change, and distinguish average value from average rate of change in contextual situations.","I can compute and interpret average value, use a rate function to determine net change, and distinguish those quantities from average rate of change.","AP Topics 8.1, 8.3",average_value_vs_aroc,constructed_response,,"Unit 8 Assessment Plan + AP Calculus AB Course Framework; supplied AP Topic scoring guides consulted for authentic representations and rigor only, with no published question wording copied.",
U8-S1-XP-L01,MATH,8,8.1,extra_practice,practice,xp_l01,last,1,Model and interpret exponential growth and decay from differential equations in contextual situations.,I can retrieve and apply the most recent prerequisite learning.,"AP Topics 8.1, 8.3",exp_parameter_interpretation,text,,"Unit 8 Assessment Plan + AP Calculus AB Course Framework; supplied AP Topic scoring guides consulted for authentic representations and rigor only, with no published question wording copied.",
U8-S1-XP-L02,MATH,8,8.1,extra_practice,practice,xp_l02,last,2,Model and interpret exponential growth and decay from differential equations in contextual situations.,I can retrieve and apply the most recent prerequisite learning.,"AP Topics 8.1, 8.3",exp_verification_retrieval,constructed_response,,"Unit 8 Assessment Plan + AP Calculus AB Course Framework; supplied AP Topic scoring guides consulted for authentic representations and rigor only, with no published question wording copied.",
U8-S1-XP-L03,MATH,8,8.1,extra_practice,practice,xp_l03,last,1,Model and interpret exponential growth and decay from differential equations in contextual situations.,I can retrieve and apply the most recent prerequisite learning.,"AP Topics 8.1, 8.3",exp_de_retrieval,expression,,"Unit 8 Assessment Plan + AP Calculus AB Course Framework; supplied AP Topic scoring guides consulted for authentic representations and rigor only, with no published question wording copied.",
U8-S1-XP-L04,MATH,8,8.1,extra_practice,practice,xp_l04,last,2,Model and interpret exponential growth and decay from differential equations in contextual situations.,I can retrieve and apply the most recent prerequisite learning.,"AP Topics 8.1, 8.3",half_life_retrieval,expression,,"Unit 8 Assessment Plan + AP Calculus AB Course Framework; supplied AP Topic scoring guides consulted for authentic representations and rigor only, with no published question wording copied.",
U8-S1-XP-L05,MATH,8,8.1,extra_practice,practice,xp_l05,last,2,Model and interpret exponential growth and decay from differential equations in contextual situations.,I can retrieve and apply the most recent prerequisite learning.,"AP Topics 8.1, 8.3",exp_model_retrieval,expression,,"Unit 8 Assessment Plan + AP Calculus AB Course Framework; supplied AP Topic scoring guides consulted for authentic representations and rigor only, with no published question wording copied.",
U8-S1-XP-M01,MATH,8,8.1,extra_practice,practice,xp_m01,mastery,2,Definite-integral meaning; accumulation and antiderivatives; graph/table interpretation; algebraic and geometric setup; units.,"I can retrieve durable calculus, algebra, graph, geometry, notation, and units learning.","AP Topics 8.1, 8.3",limit_retrieval,numeric,,"Unit 8 Assessment Plan + AP Calculus AB Course Framework; supplied AP Topic scoring guides consulted for authentic representations and rigor only, with no published question wording copied.",
U8-S1-XP-M02,MATH,8,8.1,extra_practice,practice,xp_m02,mastery,2,Definite-integral meaning; accumulation and antiderivatives; graph/table interpretation; algebraic and geometric setup; units.,"I can retrieve durable calculus, algebra, graph, geometry, notation, and units learning.","AP Topics 8.1, 8.3",derivative_relationship_retrieval,expression,,"Unit 8 Assessment Plan + AP Calculus AB Course Framework; supplied AP Topic scoring guides consulted for authentic representations and rigor only, with no published question wording copied.",
U8-S1-XP-M03,MATH,8,8.1,extra_practice,practice,xp_m03,mastery,1,Definite-integral meaning; accumulation and antiderivatives; graph/table interpretation; algebraic and geometric setup; units.,"I can retrieve durable calculus, algebra, graph, geometry, notation, and units learning.","AP Topics 8.1, 8.3",antiderivative_retrieval,expression,,"Unit 8 Assessment Plan + AP Calculus AB Course Framework; supplied AP Topic scoring guides consulted for authentic representations and rigor only, with no published question wording copied.",
U8-S1-XP-M04,MATH,8,8.1,extra_practice,practice,xp_m04,mastery,2,Definite-integral meaning; accumulation and antiderivatives; graph/table interpretation; algebraic and geometric setup; units.,"I can retrieve durable calculus, algebra, graph, geometry, notation, and units learning.","AP Topics 8.1, 8.3",definite_integral_retrieval,numeric,,"Unit 8 Assessment Plan + AP Calculus AB Course Framework; supplied AP Topic scoring guides consulted for authentic representations and rigor only, with no published question wording copied.",
U8-S1-XP-M05,MATH,8,8.1,extra_practice,practice,xp_m05,mastery,1,Definite-integral meaning; accumulation and antiderivatives; graph/table interpretation; algebraic and geometric setup; units.,"I can retrieve durable calculus, algebra, graph, geometry, notation, and units learning.","AP Topics 8.1, 8.3",units_retrieval,text,,"Unit 8 Assessment Plan + AP Calculus AB Course Framework; supplied AP Topic scoring guides consulted for authentic representations and rigor only, with no published question wording copied.",
U8-S1-XP-M06,MATH,8,8.1,extra_practice,practice,xp_m06,mastery,1,Definite-integral meaning; accumulation and antiderivatives; graph/table interpretation; algebraic and geometric setup; units.,"I can retrieve durable calculus, algebra, graph, geometry, notation, and units learning.","AP Topics 8.1, 8.3",algebra_retrieval,expression,,"Unit 8 Assessment Plan + AP Calculus AB Course Framework; supplied AP Topic scoring guides consulted for authentic representations and rigor only, with no published question wording copied.",
U8-S1-XP-M07,MATH,8,8.1,extra_practice,practice,xp_m07,mastery,1,Definite-integral meaning; accumulation and antiderivatives; graph/table interpretation; algebraic and geometric setup; units.,"I can retrieve durable calculus, algebra, graph, geometry, notation, and units learning.","AP Topics 8.1, 8.3",integral_property_retrieval,numeric,,"Unit 8 Assessment Plan + AP Calculus AB Course Framework; supplied AP Topic scoring guides consulted for authentic representations and rigor only, with no published question wording copied.",
U8-S1-XP-M08,MATH,8,8.1,extra_practice,practice,xp_m08,mastery,1,Definite-integral meaning; accumulation and antiderivatives; graph/table interpretation; algebraic and geometric setup; units.,"I can retrieve durable calculus, algebra, graph, geometry, notation, and units learning.","AP Topics 8.1, 8.3",graph_sign_retrieval,text,,"Unit 8 Assessment Plan + AP Calculus AB Course Framework; supplied AP Topic scoring guides consulted for authentic representations and rigor only, with no published question wording copied.",
U8-S1-XP-M09,MATH,8,8.1,extra_practice,practice,xp_m09,mastery,2,Definite-integral meaning; accumulation and antiderivatives; graph/table interpretation; algebraic and geometric setup; units.,"I can retrieve durable calculus, algebra, graph, geometry, notation, and units learning.","AP Topics 8.1, 8.3",limit_retrieval,numeric,,"Unit 8 Assessment Plan + AP Calculus AB Course Framework; supplied AP Topic scoring guides consulted for authentic representations and rigor only, with no published question wording copied.",
U8-S1-XP-M10,MATH,8,8.1,extra_practice,practice,xp_m10,mastery,2,Definite-integral meaning; accumulation and antiderivatives; graph/table interpretation; algebraic and geometric setup; units.,"I can retrieve durable calculus, algebra, graph, geometry, notation, and units learning.","AP Topics 8.1, 8.3",derivative_relationship_retrieval,expression,,"Unit 8 Assessment Plan + AP Calculus AB Course Framework; supplied AP Topic scoring guides consulted for authentic representations and rigor only, with no published question wording copied.",
U8-S2-PS1-C01,MATH,8,8.2,practice_set_1,practice,ps1_c01,current,2,"Use integrals to determine displacement, total distance, and position from velocity, while distinguishing velocity from speed and accounting for direction changes.",I can compute displacement and total distance from velocity and recover position from velocity with an initial condition.,AP Topic 8.2,motion_total_distance,numeric,,"Unit 8 Assessment Plan + AP Calculus AB Course Framework; supplied AP Topic scoring guides consulted for authentic representations and rigor only, with no published question wording copied.",
U8-S2-PS1-C02,MATH,8,8.2,practice_set_1,practice,ps1_c02,current,2,"Use integrals to determine displacement, total distance, and position from velocity, while distinguishing velocity from speed and accounting for direction changes.",I can compute displacement and total distance from velocity and recover position from velocity with an initial condition.,AP Topic 8.2,motion_position,numeric,,"Unit 8 Assessment Plan + AP Calculus AB Course Framework; supplied AP Topic scoring guides consulted for authentic representations and rigor only, with no published question wording copied.",
U8-S2-PS1-C03,MATH,8,8.2,practice_set_1,practice,ps1_c03,current,2,"Use integrals to determine displacement, total distance, and position from velocity, while distinguishing velocity from speed and accounting for direction changes.",I can compute displacement and total distance from velocity and recover position from velocity with an initial condition.,AP Topic 8.2,motion_compare_quantities,constructed_response,,"Unit 8 Assessment Plan + AP Calculus AB Course Framework; supplied AP Topic scoring guides consulted for authentic representations and rigor only, with no published question wording copied.",
U8-S2-PS1-C04,MATH,8,8.2,practice_set_1,practice,ps1_c04,current,2,"Use integrals to determine displacement, total distance, and position from velocity, while distinguishing velocity from speed and accounting for direction changes.",I can compute displacement and total distance from velocity and recover position from velocity with an initial condition.,AP Topic 8.2,motion_velocity_graph,numeric,u8_s2_ps1_c04_velocity_graph.png,"Unit 8 Assessment Plan + AP Calculus AB Course Framework; supplied AP Topic scoring guides consulted for authentic representations and rigor only, with no published question wording copied.",
U8-S2-PS1-C05,MATH,8,8.2,practice_set_1,practice,ps1_c05,current,3,"Use integrals to determine displacement, total distance, and position from velocity, while distinguishing velocity from speed and accounting for direction changes.",I can compute displacement and total distance from velocity and recover position from velocity with an initial condition.,AP Topic 8.2,motion_strategy_critique,constructed_response,,"Unit 8 Assessment Plan + AP Calculus AB Course Framework; supplied AP Topic scoring guides consulted for authentic representations and rigor only, with no published question wording copied.",
U8-S2-PS1-L01,MATH,8,8.2,practice_set_1,practice,ps1_l01,last,2,"Use definite integrals to determine average value and net change, and distinguish average value from average rate of change in contextual situations.",I can retrieve and apply the most recent prerequisite learning.,AP Topic 8.2,net_change_table,numeric,,"Unit 8 Assessment Plan + AP Calculus AB Course Framework; supplied AP Topic scoring guides consulted for authentic representations and rigor only, with no published question wording copied.",
U8-S2-PS1-L02,MATH,8,8.2,practice_set_1,practice,ps1_l02,last,3,"Use definite integrals to determine average value and net change, and distinguish average value from average rate of change in contextual situations.",I can retrieve and apply the most recent prerequisite learning.,AP Topic 8.2,average_value_critique,constructed_response,,"Unit 8 Assessment Plan + AP Calculus AB Course Framework; supplied AP Topic scoring guides consulted for authentic representations and rigor only, with no published question wording copied.",
U8-S2-PS1-L03,MATH,8,8.2,practice_set_1,practice,ps1_l03,last,2,"Use definite integrals to determine average value and net change, and distinguish average value from average rate of change in contextual situations.",I can retrieve and apply the most recent prerequisite learning.,AP Topic 8.2,average_value,numeric,,"Unit 8 Assessment Plan + AP Calculus AB Course Framework; supplied AP Topic scoring guides consulted for authentic representations and rigor only, with no published question wording copied.",
U8-S2-PS1-L04,MATH,8,8.2,practice_set_1,practice,ps1_l04,last,2,"Use definite integrals to determine average value and net change, and distinguish average value from average rate of change in contextual situations.",I can retrieve and apply the most recent prerequisite learning.,AP Topic 8.2,net_change,numeric,,"Unit 8 Assessment Plan + AP Calculus AB Course Framework; supplied AP Topic scoring guides consulted for authentic representations and rigor only, with no published question wording copied.",
U8-S2-PS1-L05,MATH,8,8.2,practice_set_1,practice,ps1_l05,last,2,"Use definite integrals to determine average value and net change, and distinguish average value from average rate of change in contextual situations.",I can retrieve and apply the most recent prerequisite learning.,AP Topic 8.2,average_value_vs_aroc,constructed_response,,"Unit 8 Assessment Plan + AP Calculus AB Course Framework; supplied AP Topic scoring guides consulted for authentic representations and rigor only, with no published question wording copied.",
U8-S2-PS1-M01,MATH,8,8.2,practice_set_1,practice,ps1_m01,mastery,2,Definite-integral meaning; accumulation and antiderivatives; graph/table interpretation; algebraic and geometric setup; units.,"I can retrieve durable calculus, algebra, graph, geometry, notation, and units learning.",AP Topic 8.2,definite_integral_retrieval,numeric,,"Unit 8 Assessment Plan + AP Calculus AB Course Framework; supplied AP Topic scoring guides consulted for authentic representations and rigor only, with no published question wording copied.",
U8-S2-PS1-M02,MATH,8,8.2,practice_set_1,practice,ps1_m02,mastery,1,Definite-integral meaning; accumulation and antiderivatives; graph/table interpretation; algebraic and geometric setup; units.,"I can retrieve durable calculus, algebra, graph, geometry, notation, and units learning.",AP Topic 8.2,units_retrieval,text,,"Unit 8 Assessment Plan + AP Calculus AB Course Framework; supplied AP Topic scoring guides consulted for authentic representations and rigor only, with no published question wording copied.",
U8-S2-PS1-M03,MATH,8,8.2,practice_set_1,practice,ps1_m03,mastery,1,Definite-integral meaning; accumulation and antiderivatives; graph/table interpretation; algebraic and geometric setup; units.,"I can retrieve durable calculus, algebra, graph, geometry, notation, and units learning.",AP Topic 8.2,algebra_retrieval,expression,,"Unit 8 Assessment Plan + AP Calculus AB Course Framework; supplied AP Topic scoring guides consulted for authentic representations and rigor only, with no published question wording copied.",
U8-S2-PS1-M04,MATH,8,8.2,practice_set_1,practice,ps1_m04,mastery,1,Definite-integral meaning; accumulation and antiderivatives; graph/table interpretation; algebraic and geometric setup; units.,"I can retrieve durable calculus, algebra, graph, geometry, notation, and units learning.",AP Topic 8.2,integral_property_retrieval,numeric,,"Unit 8 Assessment Plan + AP Calculus AB Course Framework; supplied AP Topic scoring guides consulted for authentic representations and rigor only, with no published question wording copied.",
U8-S2-PS1-M05,MATH,8,8.2,practice_set_1,practice,ps1_m05,mastery,1,Definite-integral meaning; accumulation and antiderivatives; graph/table interpretation; algebraic and geometric setup; units.,"I can retrieve durable calculus, algebra, graph, geometry, notation, and units learning.",AP Topic 8.2,graph_sign_retrieval,text,,"Unit 8 Assessment Plan + AP Calculus AB Course Framework; supplied AP Topic scoring guides consulted for authentic representations and rigor only, with no published question wording copied.",
U8-S2-PS1-M06,MATH,8,8.2,practice_set_1,practice,ps1_m06,mastery,2,Definite-integral meaning; accumulation and antiderivatives; graph/table interpretation; algebraic and geometric setup; units.,"I can retrieve durable calculus, algebra, graph, geometry, notation, and units learning.",AP Topic 8.2,limit_retrieval,numeric,,"Unit 8 Assessment Plan + AP Calculus AB Course Framework; supplied AP Topic scoring guides consulted for authentic representations and rigor only, with no published question wording copied.",
U8-S2-PS1-M07,MATH,8,8.2,practice_set_1,practice,ps1_m07,mastery,2,Definite-integral meaning; accumulation and antiderivatives; graph/table interpretation; algebraic and geometric setup; units.,"I can retrieve durable calculus, algebra, graph, geometry, notation, and units learning.",AP Topic 8.2,derivative_relationship_retrieval,expression,,"Unit 8 Assessment Plan + AP Calculus AB Course Framework; supplied AP Topic scoring guides consulted for authentic representations and rigor only, with no published question wording copied.",
U8-S2-PS1-M08,MATH,8,8.2,practice_set_1,practice,ps1_m08,mastery,1,Definite-integral meaning; accumulation and antiderivatives; graph/table interpretation; algebraic and geometric setup; units.,"I can retrieve durable calculus, algebra, graph, geometry, notation, and units learning.",AP Topic 8.2,antiderivative_retrieval,expression,,"Unit 8 Assessment Plan + AP Calculus AB Course Framework; supplied AP Topic scoring guides consulted for authentic representations and rigor only, with no published question wording copied.",
U8-S2-PS1-M09,MATH,8,8.2,practice_set_1,practice,ps1_m09,mastery,2,Definite-integral meaning; accumulation and antiderivatives; graph/table interpretation; algebraic and geometric setup; units.,"I can retrieve durable calculus, algebra, graph, geometry, notation, and units learning.",AP Topic 8.2,definite_integral_retrieval,numeric,,"Unit 8 Assessment Plan + AP Calculus AB Course Framework; supplied AP Topic scoring guides consulted for authentic representations and rigor only, with no published question wording copied.",
U8-S2-PS1-M10,MATH,8,8.2,practice_set_1,practice,ps1_m10,mastery,1,Definite-integral meaning; accumulation and antiderivatives; graph/table interpretation; algebraic and geometric setup; units.,"I can retrieve durable calculus, algebra, graph, geometry, notation, and units learning.",AP Topic 8.2,units_retrieval,text,,"Unit 8 Assessment Plan + AP Calculus AB Course Framework; supplied AP Topic scoring guides consulted for authentic representations and rigor only, with no published question wording copied.",
U8-S2-PS2-C01,MATH,8,8.2,practice_set_2,practice,ps2_c01,current,2,"Use integrals to determine displacement, total distance, and position from velocity, while distinguishing velocity from speed and accounting for direction changes.",I can compute displacement and total distance from velocity and recover position from velocity with an initial condition.,AP Topic 8.2,motion_position,numeric,,"Unit 8 Assessment Plan + AP Calculus AB Course Framework; supplied AP Topic scoring guides consulted for authentic representations and rigor only, with no published question wording copied.",
U8-S2-PS2-C02,MATH,8,8.2,practice_set_2,practice,ps2_c02,current,2,"Use integrals to determine displacement, total distance, and position from velocity, while distinguishing velocity from speed and accounting for direction changes.",I can compute displacement and total distance from velocity and recover position from velocity with an initial condition.,AP Topic 8.2,motion_compare_quantities,constructed_response,,"Unit 8 Assessment Plan + AP Calculus AB Course Framework; supplied AP Topic scoring guides consulted for authentic representations and rigor only, with no published question wording copied.",
U8-S2-PS2-C03,MATH,8,8.2,practice_set_2,practice,ps2_c03,current,2,"Use integrals to determine displacement, total distance, and position from velocity, while distinguishing velocity from speed and accounting for direction changes.",I can compute displacement and total distance from velocity and recover position from velocity with an initial condition.,AP Topic 8.2,motion_velocity_graph,numeric,u8_s2_ps2_c03_velocity_graph.png,"Unit 8 Assessment Plan + AP Calculus AB Course Framework; supplied AP Topic scoring guides consulted for authentic representations and rigor only, with no published question wording copied.",
U8-S2-PS2-C04,MATH,8,8.2,practice_set_2,practice,ps2_c04,current,3,"Use integrals to determine displacement, total distance, and position from velocity, while distinguishing velocity from speed and accounting for direction changes.",I can compute displacement and total distance from velocity and recover position from velocity with an initial condition.,AP Topic 8.2,motion_strategy_critique,constructed_response,,"Unit 8 Assessment Plan + AP Calculus AB Course Framework; supplied AP Topic scoring guides consulted for authentic representations and rigor only, with no published question wording copied.",
U8-S2-PS2-C05,MATH,8,8.2,practice_set_2,practice,ps2_c05,current,2,"Use integrals to determine displacement, total distance, and position from velocity, while distinguishing velocity from speed and accounting for direction changes.",I can compute displacement and total distance from velocity and recover position from velocity with an initial condition.,AP Topic 8.2,motion_displacement,numeric,,"Unit 8 Assessment Plan + AP Calculus AB Course Framework; supplied AP Topic scoring guides consulted for authentic representations and rigor only, with no published question wording copied.",
U8-S2-PS2-L01,MATH,8,8.2,practice_set_2,practice,ps2_l01,last,3,"Use definite integrals to determine average value and net change, and distinguish average value from average rate of change in contextual situations.",I can retrieve and apply the most recent prerequisite learning.,AP Topic 8.2,average_value_critique,constructed_response,,"Unit 8 Assessment Plan + AP Calculus AB Course Framework; supplied AP Topic scoring guides consulted for authentic representations and rigor only, with no published question wording copied.",
U8-S2-PS2-L02,MATH,8,8.2,practice_set_2,practice,ps2_l02,last,2,"Use definite integrals to determine average value and net change, and distinguish average value from average rate of change in contextual situations.",I can retrieve and apply the most recent prerequisite learning.,AP Topic 8.2,average_value,numeric,,"Unit 8 Assessment Plan + AP Calculus AB Course Framework; supplied AP Topic scoring guides consulted for authentic representations and rigor only, with no published question wording copied.",
U8-S2-PS2-L03,MATH,8,8.2,practice_set_2,practice,ps2_l03,last,2,"Use definite integrals to determine average value and net change, and distinguish average value from average rate of change in contextual situations.",I can retrieve and apply the most recent prerequisite learning.,AP Topic 8.2,net_change,numeric,,"Unit 8 Assessment Plan + AP Calculus AB Course Framework; supplied AP Topic scoring guides consulted for authentic representations and rigor only, with no published question wording copied.",
U8-S2-PS2-L04,MATH,8,8.2,practice_set_2,practice,ps2_l04,last,2,"Use definite integrals to determine average value and net change, and distinguish average value from average rate of change in contextual situations.",I can retrieve and apply the most recent prerequisite learning.,AP Topic 8.2,average_value_vs_aroc,constructed_response,,"Unit 8 Assessment Plan + AP Calculus AB Course Framework; supplied AP Topic scoring guides consulted for authentic representations and rigor only, with no published question wording copied.",
U8-S2-PS2-L05,MATH,8,8.2,practice_set_2,practice,ps2_l05,last,2,"Use definite integrals to determine average value and net change, and distinguish average value from average rate of change in contextual situations.",I can retrieve and apply the most recent prerequisite learning.,AP Topic 8.2,initial_plus_net_change,numeric,,"Unit 8 Assessment Plan + AP Calculus AB Course Framework; supplied AP Topic scoring guides consulted for authentic representations and rigor only, with no published question wording copied.",
U8-S2-PS2-M01,MATH,8,8.2,practice_set_2,practice,ps2_m01,mastery,1,Definite-integral meaning; accumulation and antiderivatives; graph/table interpretation; algebraic and geometric setup; units.,"I can retrieve durable calculus, algebra, graph, geometry, notation, and units learning.",AP Topic 8.2,antiderivative_retrieval,expression,,"Unit 8 Assessment Plan + AP Calculus AB Course Framework; supplied AP Topic scoring guides consulted for authentic representations and rigor only, with no published question wording copied.",
U8-S2-PS2-M02,MATH,8,8.2,practice_set_2,practice,ps2_m02,mastery,2,Definite-integral meaning; accumulation and antiderivatives; graph/table interpretation; algebraic and geometric setup; units.,"I can retrieve durable calculus, algebra, graph, geometry, notation, and units learning.",AP Topic 8.2,definite_integral_retrieval,numeric,,"Unit 8 Assessment Plan + AP Calculus AB Course Framework; supplied AP Topic scoring guides consulted for authentic representations and rigor only, with no published question wording copied.",
U8-S2-PS2-M03,MATH,8,8.2,practice_set_2,practice,ps2_m03,mastery,1,Definite-integral meaning; accumulation and antiderivatives; graph/table interpretation; algebraic and geometric setup; units.,"I can retrieve durable calculus, algebra, graph, geometry, notation, and units learning.",AP Topic 8.2,units_retrieval,text,,"Unit 8 Assessment Plan + AP Calculus AB Course Framework; supplied AP Topic scoring guides consulted for authentic representations and rigor only, with no published question wording copied.",
U8-S2-PS2-M04,MATH,8,8.2,practice_set_2,practice,ps2_m04,mastery,1,Definite-integral meaning; accumulation and antiderivatives; graph/table interpretation; algebraic and geometric setup; units.,"I can retrieve durable calculus, algebra, graph, geometry, notation, and units learning.",AP Topic 8.2,algebra_retrieval,expression,,"Unit 8 Assessment Plan + AP Calculus AB Course Framework; supplied AP Topic scoring guides consulted for authentic representations and rigor only, with no published question wording copied.",
U8-S2-PS2-M05,MATH,8,8.2,practice_set_2,practice,ps2_m05,mastery,1,Definite-integral meaning; accumulation and antiderivatives; graph/table interpretation; algebraic and geometric setup; units.,"I can retrieve durable calculus, algebra, graph, geometry, notation, and units learning.",AP Topic 8.2,integral_property_retrieval,numeric,,"Unit 8 Assessment Plan + AP Calculus AB Course Framework; supplied AP Topic scoring guides consulted for authentic representations and rigor only, with no published question wording copied.",
U8-S2-PS2-M06,MATH,8,8.2,practice_set_2,practice,ps2_m06,mastery,1,Definite-integral meaning; accumulation and antiderivatives; graph/table interpretation; algebraic and geometric setup; units.,"I can retrieve durable calculus, algebra, graph, geometry, notation, and units learning.",AP Topic 8.2,graph_sign_retrieval,text,,"Unit 8 Assessment Plan + AP Calculus AB Course Framework; supplied AP Topic scoring guides consulted for authentic representations and rigor only, with no published question wording copied.",
U8-S2-PS2-M07,MATH,8,8.2,practice_set_2,practice,ps2_m07,mastery,2,Definite-integral meaning; accumulation and antiderivatives; graph/table interpretation; algebraic and geometric setup; units.,"I can retrieve durable calculus, algebra, graph, geometry, notation, and units learning.",AP Topic 8.2,limit_retrieval,numeric,,"Unit 8 Assessment Plan + AP Calculus AB Course Framework; supplied AP Topic scoring guides consulted for authentic representations and rigor only, with no published question wording copied.",
U8-S2-PS2-M08,MATH,8,8.2,practice_set_2,practice,ps2_m08,mastery,2,Definite-integral meaning; accumulation and antiderivatives; graph/table interpretation; algebraic and geometric setup; units.,"I can retrieve durable calculus, algebra, graph, geometry, notation, and units learning.",AP Topic 8.2,derivative_relationship_retrieval,expression,,"Unit 8 Assessment Plan + AP Calculus AB Course Framework; supplied AP Topic scoring guides consulted for authentic representations and rigor only, with no published question wording copied.",
U8-S2-PS2-M09,MATH,8,8.2,practice_set_2,practice,ps2_m09,mastery,1,Definite-integral meaning; accumulation and antiderivatives; graph/table interpretation; algebraic and geometric setup; units.,"I can retrieve durable calculus, algebra, graph, geometry, notation, and units learning.",AP Topic 8.2,antiderivative_retrieval,expression,,"Unit 8 Assessment Plan + AP Calculus AB Course Framework; supplied AP Topic scoring guides consulted for authentic representations and rigor only, with no published question wording copied.",
U8-S2-PS2-M10,MATH,8,8.2,practice_set_2,practice,ps2_m10,mastery,2,Definite-integral meaning; accumulation and antiderivatives; graph/table interpretation; algebraic and geometric setup; units.,"I can retrieve durable calculus, algebra, graph, geometry, notation, and units learning.",AP Topic 8.2,definite_integral_retrieval,numeric,,"Unit 8 Assessment Plan + AP Calculus AB Course Framework; supplied AP Topic scoring guides consulted for authentic representations and rigor only, with no published question wording copied.",
U8-S2-PS3-C01,MATH,8,8.2,practice_set_3,practice,ps3_c01,current,2,"Use integrals to determine displacement, total distance, and position from velocity, while distinguishing velocity from speed and accounting for direction changes.",I can compute displacement and total distance from velocity and recover position from velocity with an initial condition.,AP Topic 8.2,distance_compact,numeric,,"Unit 8 Assessment Plan + AP Calculus AB Course Framework; supplied AP Topic scoring guides consulted for authentic representations and rigor only, with no published question wording copied.",Tarsia-friendly concise source.
U8-S2-PS3-C02,MATH,8,8.2,practice_set_3,practice,ps3_c02,current,2,"Use integrals to determine displacement, total distance, and position from velocity, while distinguishing velocity from speed and accounting for direction changes.",I can compute displacement and total distance from velocity and recover position from velocity with an initial condition.,AP Topic 8.2,distance_compact,numeric,,"Unit 8 Assessment Plan + AP Calculus AB Course Framework; supplied AP Topic scoring guides consulted for authentic representations and rigor only, with no published question wording copied.",Tarsia-friendly concise source.
U8-S2-PS3-C03,MATH,8,8.2,practice_set_3,practice,ps3_c03,current,2,"Use integrals to determine displacement, total distance, and position from velocity, while distinguishing velocity from speed and accounting for direction changes.",I can compute displacement and total distance from velocity and recover position from velocity with an initial condition.,AP Topic 8.2,distance_compact,numeric,,"Unit 8 Assessment Plan + AP Calculus AB Course Framework; supplied AP Topic scoring guides consulted for authentic representations and rigor only, with no published question wording copied.",Tarsia-friendly concise source.
U8-S2-PS3-C04,MATH,8,8.2,practice_set_3,practice,ps3_c04,current,2,"Use integrals to determine displacement, total distance, and position from velocity, while distinguishing velocity from speed and accounting for direction changes.",I can compute displacement and total distance from velocity and recover position from velocity with an initial condition.,AP Topic 8.2,distance_compact,numeric,,"Unit 8 Assessment Plan + AP Calculus AB Course Framework; supplied AP Topic scoring guides consulted for authentic representations and rigor only, with no published question wording copied.",Tarsia-friendly concise source.
U8-S2-PS3-C05,MATH,8,8.2,practice_set_3,practice,ps3_c05,current,2,"Use integrals to determine displacement, total distance, and position from velocity, while distinguishing velocity from speed and accounting for direction changes.",I can compute displacement and total distance from velocity and recover position from velocity with an initial condition.,AP Topic 8.2,distance_compact,numeric,,"Unit 8 Assessment Plan + AP Calculus AB Course Framework; supplied AP Topic scoring guides consulted for authentic representations and rigor only, with no published question wording copied.",Tarsia-friendly concise source.
U8-S2-PS3-L01,MATH,8,8.2,practice_set_3,practice,ps3_l01,last,2,"Use definite integrals to determine average value and net change, and distinguish average value from average rate of change in contextual situations.",I can retrieve and apply the most recent prerequisite learning.,AP Topic 8.2,avg_compact,numeric,,"Unit 8 Assessment Plan + AP Calculus AB Course Framework; supplied AP Topic scoring guides consulted for authentic representations and rigor only, with no published question wording copied.",Tarsia-friendly concise source.
U8-S2-PS3-L02,MATH,8,8.2,practice_set_3,practice,ps3_l02,last,2,"Use definite integrals to determine average value and net change, and distinguish average value from average rate of change in contextual situations.",I can retrieve and apply the most recent prerequisite learning.,AP Topic 8.2,avg_compact,numeric,,"Unit 8 Assessment Plan + AP Calculus AB Course Framework; supplied AP Topic scoring guides consulted for authentic representations and rigor only, with no published question wording copied.",Tarsia-friendly concise source.
U8-S2-PS3-L03,MATH,8,8.2,practice_set_3,practice,ps3_l03,last,2,"Use definite integrals to determine average value and net change, and distinguish average value from average rate of change in contextual situations.",I can retrieve and apply the most recent prerequisite learning.,AP Topic 8.2,avg_compact,numeric,,"Unit 8 Assessment Plan + AP Calculus AB Course Framework; supplied AP Topic scoring guides consulted for authentic representations and rigor only, with no published question wording copied.",Tarsia-friendly concise source.
U8-S2-PS3-L04,MATH,8,8.2,practice_set_3,practice,ps3_l04,last,2,"Use definite integrals to determine average value and net change, and distinguish average value from average rate of change in contextual situations.",I can retrieve and apply the most recent prerequisite learning.,AP Topic 8.2,avg_compact,numeric,,"Unit 8 Assessment Plan + AP Calculus AB Course Framework; supplied AP Topic scoring guides consulted for authentic representations and rigor only, with no published question wording copied.",Tarsia-friendly concise source.
U8-S2-PS3-L05,MATH,8,8.2,practice_set_3,practice,ps3_l05,last,2,"Use definite integrals to determine average value and net change, and distinguish average value from average rate of change in contextual situations.",I can retrieve and apply the most recent prerequisite learning.,AP Topic 8.2,avg_compact,numeric,,"Unit 8 Assessment Plan + AP Calculus AB Course Framework; supplied AP Topic scoring guides consulted for authentic representations and rigor only, with no published question wording copied.",Tarsia-friendly concise source.
U8-S2-PS3-M01,MATH,8,8.2,practice_set_3,practice,ps3_m01,mastery,2,Definite-integral meaning; accumulation and antiderivatives; graph/table interpretation; algebraic and geometric setup; units.,"I can retrieve durable calculus, algebra, graph, geometry, notation, and units learning.",AP Topic 8.2,derivative_relationship_retrieval,expression,,"Unit 8 Assessment Plan + AP Calculus AB Course Framework; supplied AP Topic scoring guides consulted for authentic representations and rigor only, with no published question wording copied.",Tarsia-friendly concise source.
U8-S2-PS3-M02,MATH,8,8.2,practice_set_3,practice,ps3_m02,mastery,1,Definite-integral meaning; accumulation and antiderivatives; graph/table interpretation; algebraic and geometric setup; units.,"I can retrieve durable calculus, algebra, graph, geometry, notation, and units learning.",AP Topic 8.2,antiderivative_retrieval,expression,,"Unit 8 Assessment Plan + AP Calculus AB Course Framework; supplied AP Topic scoring guides consulted for authentic representations and rigor only, with no published question wording copied.",Tarsia-friendly concise source.
U8-S2-PS3-M03,MATH,8,8.2,practice_set_3,practice,ps3_m03,mastery,2,Definite-integral meaning; accumulation and antiderivatives; graph/table interpretation; algebraic and geometric setup; units.,"I can retrieve durable calculus, algebra, graph, geometry, notation, and units learning.",AP Topic 8.2,definite_integral_retrieval,numeric,,"Unit 8 Assessment Plan + AP Calculus AB Course Framework; supplied AP Topic scoring guides consulted for authentic representations and rigor only, with no published question wording copied.",Tarsia-friendly concise source.
U8-S2-PS3-M04,MATH,8,8.2,practice_set_3,practice,ps3_m04,mastery,1,Definite-integral meaning; accumulation and antiderivatives; graph/table interpretation; algebraic and geometric setup; units.,"I can retrieve durable calculus, algebra, graph, geometry, notation, and units learning.",AP Topic 8.2,units_retrieval,text,,"Unit 8 Assessment Plan + AP Calculus AB Course Framework; supplied AP Topic scoring guides consulted for authentic representations and rigor only, with no published question wording copied.",Tarsia-friendly concise source.
U8-S2-PS3-M05,MATH,8,8.2,practice_set_3,practice,ps3_m05,mastery,1,Definite-integral meaning; accumulation and antiderivatives; graph/table interpretation; algebraic and geometric setup; units.,"I can retrieve durable calculus, algebra, graph, geometry, notation, and units learning.",AP Topic 8.2,algebra_retrieval,expression,,"Unit 8 Assessment Plan + AP Calculus AB Course Framework; supplied AP Topic scoring guides consulted for authentic representations and rigor only, with no published question wording copied.",Tarsia-friendly concise source.
U8-S2-PS3-M06,MATH,8,8.2,practice_set_3,practice,ps3_m06,mastery,1,Definite-integral meaning; accumulation and antiderivatives; graph/table interpretation; algebraic and geometric setup; units.,"I can retrieve durable calculus, algebra, graph, geometry, notation, and units learning.",AP Topic 8.2,integral_property_retrieval,numeric,,"Unit 8 Assessment Plan + AP Calculus AB Course Framework; supplied AP Topic scoring guides consulted for authentic representations and rigor only, with no published question wording copied.",Tarsia-friendly concise source.
U8-S2-PS3-M07,MATH,8,8.2,practice_set_3,practice,ps3_m07,mastery,1,Definite-integral meaning; accumulation and antiderivatives; graph/table interpretation; algebraic and geometric setup; units.,"I can retrieve durable calculus, algebra, graph, geometry, notation, and units learning.",AP Topic 8.2,graph_sign_retrieval,text,,"Unit 8 Assessment Plan + AP Calculus AB Course Framework; supplied AP Topic scoring guides consulted for authentic representations and rigor only, with no published question wording copied.",Tarsia-friendly concise source.
U8-S2-PS3-M08,MATH,8,8.2,practice_set_3,practice,ps3_m08,mastery,2,Definite-integral meaning; accumulation and antiderivatives; graph/table interpretation; algebraic and geometric setup; units.,"I can retrieve durable calculus, algebra, graph, geometry, notation, and units learning.",AP Topic 8.2,limit_retrieval,numeric,,"Unit 8 Assessment Plan + AP Calculus AB Course Framework; supplied AP Topic scoring guides consulted for authentic representations and rigor only, with no published question wording copied.",Tarsia-friendly concise source.
U8-S2-PS3-M09,MATH,8,8.2,practice_set_3,practice,ps3_m09,mastery,2,Definite-integral meaning; accumulation and antiderivatives; graph/table interpretation; algebraic and geometric setup; units.,"I can retrieve durable calculus, algebra, graph, geometry, notation, and units learning.",AP Topic 8.2,derivative_relationship_retrieval,expression,,"Unit 8 Assessment Plan + AP Calculus AB Course Framework; supplied AP Topic scoring guides consulted for authentic representations and rigor only, with no published question wording copied.",Tarsia-friendly concise source.
U8-S2-PS3-M10,MATH,8,8.2,practice_set_3,practice,ps3_m10,mastery,1,Definite-integral meaning; accumulation and antiderivatives; graph/table interpretation; algebraic and geometric setup; units.,"I can retrieve durable calculus, algebra, graph, geometry, notation, and units learning.",AP Topic 8.2,antiderivative_retrieval,expression,,"Unit 8 Assessment Plan + AP Calculus AB Course Framework; supplied AP Topic scoring guides consulted for authentic representations and rigor only, with no published question wording copied.",Tarsia-friendly concise source.
U8-S2-XP-C01,MATH,8,8.2,extra_practice,practice,xp_c01,current,2,"Use integrals to determine displacement, total distance, and position from velocity, while distinguishing velocity from speed and accounting for direction changes.",I can compute displacement and total distance from velocity and recover position from velocity with an initial condition.,AP Topic 8.2,motion_velocity_graph,numeric,u8_s2_xp_c01_velocity_graph.png,"Unit 8 Assessment Plan + AP Calculus AB Course Framework; supplied AP Topic scoring guides consulted for authentic representations and rigor only, with no published question wording copied.",
U8-S2-XP-C02,MATH,8,8.2,extra_practice,practice,xp_c02,current,3,"Use integrals to determine displacement, total distance, and position from velocity, while distinguishing velocity from speed and accounting for direction changes.",I can compute displacement and total distance from velocity and recover position from velocity with an initial condition.,AP Topic 8.2,motion_strategy_critique,constructed_response,,"Unit 8 Assessment Plan + AP Calculus AB Course Framework; supplied AP Topic scoring guides consulted for authentic representations and rigor only, with no published question wording copied.",
U8-S2-XP-C03,MATH,8,8.2,extra_practice,practice,xp_c03,current,2,"Use integrals to determine displacement, total distance, and position from velocity, while distinguishing velocity from speed and accounting for direction changes.",I can compute displacement and total distance from velocity and recover position from velocity with an initial condition.,AP Topic 8.2,motion_displacement,numeric,,"Unit 8 Assessment Plan + AP Calculus AB Course Framework; supplied AP Topic scoring guides consulted for authentic representations and rigor only, with no published question wording copied.",
U8-S2-XP-C04,MATH,8,8.2,extra_practice,practice,xp_c04,current,2,"Use integrals to determine displacement, total distance, and position from velocity, while distinguishing velocity from speed and accounting for direction changes.",I can compute displacement and total distance from velocity and recover position from velocity with an initial condition.,AP Topic 8.2,motion_total_distance,numeric,,"Unit 8 Assessment Plan + AP Calculus AB Course Framework; supplied AP Topic scoring guides consulted for authentic representations and rigor only, with no published question wording copied.",
U8-S2-XP-C05,MATH,8,8.2,extra_practice,practice,xp_c05,current,2,"Use integrals to determine displacement, total distance, and position from velocity, while distinguishing velocity from speed and accounting for direction changes.",I can compute displacement and total distance from velocity and recover position from velocity with an initial condition.,AP Topic 8.2,motion_position,numeric,,"Unit 8 Assessment Plan + AP Calculus AB Course Framework; supplied AP Topic scoring guides consulted for authentic representations and rigor only, with no published question wording copied.",
U8-S2-XP-L01,MATH,8,8.2,extra_practice,practice,xp_l01,last,2,"Use definite integrals to determine average value and net change, and distinguish average value from average rate of change in contextual situations.",I can retrieve and apply the most recent prerequisite learning.,AP Topic 8.2,net_change,numeric,,"Unit 8 Assessment Plan + AP Calculus AB Course Framework; supplied AP Topic scoring guides consulted for authentic representations and rigor only, with no published question wording copied.",
U8-S2-XP-L02,MATH,8,8.2,extra_practice,practice,xp_l02,last,2,"Use definite integrals to determine average value and net change, and distinguish average value from average rate of change in contextual situations.",I can retrieve and apply the most recent prerequisite learning.,AP Topic 8.2,average_value_vs_aroc,constructed_response,,"Unit 8 Assessment Plan + AP Calculus AB Course Framework; supplied AP Topic scoring guides consulted for authentic representations and rigor only, with no published question wording copied.",
U8-S2-XP-L03,MATH,8,8.2,extra_practice,practice,xp_l03,last,2,"Use definite integrals to determine average value and net change, and distinguish average value from average rate of change in contextual situations.",I can retrieve and apply the most recent prerequisite learning.,AP Topic 8.2,initial_plus_net_change,numeric,,"Unit 8 Assessment Plan + AP Calculus AB Course Framework; supplied AP Topic scoring guides consulted for authentic representations and rigor only, with no published question wording copied.",
U8-S2-XP-L04,MATH,8,8.2,extra_practice,practice,xp_l04,last,2,"Use definite integrals to determine average value and net change, and distinguish average value from average rate of change in contextual situations.",I can retrieve and apply the most recent prerequisite learning.,AP Topic 8.2,net_change_table,numeric,,"Unit 8 Assessment Plan + AP Calculus AB Course Framework; supplied AP Topic scoring guides consulted for authentic representations and rigor only, with no published question wording copied.",
U8-S2-XP-L05,MATH,8,8.2,extra_practice,practice,xp_l05,last,3,"Use definite integrals to determine average value and net change, and distinguish average value from average rate of change in contextual situations.",I can retrieve and apply the most recent prerequisite learning.,AP Topic 8.2,average_value_critique,constructed_response,,"Unit 8 Assessment Plan + AP Calculus AB Course Framework; supplied AP Topic scoring guides consulted for authentic representations and rigor only, with no published question wording copied.",
U8-S2-XP-M01,MATH,8,8.2,extra_practice,practice,xp_m01,mastery,2,Definite-integral meaning; accumulation and antiderivatives; graph/table interpretation; algebraic and geometric setup; units.,"I can retrieve durable calculus, algebra, graph, geometry, notation, and units learning.",AP Topic 8.2,limit_retrieval,numeric,,"Unit 8 Assessment Plan + AP Calculus AB Course Framework; supplied AP Topic scoring guides consulted for authentic representations and rigor only, with no published question wording copied.",
U8-S2-XP-M02,MATH,8,8.2,extra_practice,practice,xp_m02,mastery,2,Definite-integral meaning; accumulation and antiderivatives; graph/table interpretation; algebraic and geometric setup; units.,"I can retrieve durable calculus, algebra, graph, geometry, notation, and units learning.",AP Topic 8.2,derivative_relationship_retrieval,expression,,"Unit 8 Assessment Plan + AP Calculus AB Course Framework; supplied AP Topic scoring guides consulted for authentic representations and rigor only, with no published question wording copied.",
U8-S2-XP-M03,MATH,8,8.2,extra_practice,practice,xp_m03,mastery,1,Definite-integral meaning; accumulation and antiderivatives; graph/table interpretation; algebraic and geometric setup; units.,"I can retrieve durable calculus, algebra, graph, geometry, notation, and units learning.",AP Topic 8.2,antiderivative_retrieval,expression,,"Unit 8 Assessment Plan + AP Calculus AB Course Framework; supplied AP Topic scoring guides consulted for authentic representations and rigor only, with no published question wording copied.",
U8-S2-XP-M04,MATH,8,8.2,extra_practice,practice,xp_m04,mastery,2,Definite-integral meaning; accumulation and antiderivatives; graph/table interpretation; algebraic and geometric setup; units.,"I can retrieve durable calculus, algebra, graph, geometry, notation, and units learning.",AP Topic 8.2,definite_integral_retrieval,numeric,,"Unit 8 Assessment Plan + AP Calculus AB Course Framework; supplied AP Topic scoring guides consulted for authentic representations and rigor only, with no published question wording copied.",
U8-S2-XP-M05,MATH,8,8.2,extra_practice,practice,xp_m05,mastery,1,Definite-integral meaning; accumulation and antiderivatives; graph/table interpretation; algebraic and geometric setup; units.,"I can retrieve durable calculus, algebra, graph, geometry, notation, and units learning.",AP Topic 8.2,units_retrieval,text,,"Unit 8 Assessment Plan + AP Calculus AB Course Framework; supplied AP Topic scoring guides consulted for authentic representations and rigor only, with no published question wording copied.",
U8-S2-XP-M06,MATH,8,8.2,extra_practice,practice,xp_m06,mastery,1,Definite-integral meaning; accumulation and antiderivatives; graph/table interpretation; algebraic and geometric setup; units.,"I can retrieve durable calculus, algebra, graph, geometry, notation, and units learning.",AP Topic 8.2,algebra_retrieval,expression,,"Unit 8 Assessment Plan + AP Calculus AB Course Framework; supplied AP Topic scoring guides consulted for authentic representations and rigor only, with no published question wording copied.",
U8-S2-XP-M07,MATH,8,8.2,extra_practice,practice,xp_m07,mastery,1,Definite-integral meaning; accumulation and antiderivatives; graph/table interpretation; algebraic and geometric setup; units.,"I can retrieve durable calculus, algebra, graph, geometry, notation, and units learning.",AP Topic 8.2,integral_property_retrieval,numeric,,"Unit 8 Assessment Plan + AP Calculus AB Course Framework; supplied AP Topic scoring guides consulted for authentic representations and rigor only, with no published question wording copied.",
U8-S2-XP-M08,MATH,8,8.2,extra_practice,practice,xp_m08,mastery,1,Definite-integral meaning; accumulation and antiderivatives; graph/table interpretation; algebraic and geometric setup; units.,"I can retrieve durable calculus, algebra, graph, geometry, notation, and units learning.",AP Topic 8.2,graph_sign_retrieval,text,,"Unit 8 Assessment Plan + AP Calculus AB Course Framework; supplied AP Topic scoring guides consulted for authentic representations and rigor only, with no published question wording copied.",
U8-S2-XP-M09,MATH,8,8.2,extra_practice,practice,xp_m09,mastery,2,Definite-integral meaning; accumulation and antiderivatives; graph/table interpretation; algebraic and geometric setup; units.,"I can retrieve durable calculus, algebra, graph, geometry, notation, and units learning.",AP Topic 8.2,limit_retrieval,numeric,,"Unit 8 Assessment Plan + AP Calculus AB Course Framework; supplied AP Topic scoring guides consulted for authentic representations and rigor only, with no published question wording copied.",
U8-S2-XP-M10,MATH,8,8.2,extra_practice,practice,xp_m10,mastery,2,Definite-integral meaning; accumulation and antiderivatives; graph/table interpretation; algebraic and geometric setup; units.,"I can retrieve durable calculus, algebra, graph, geometry, notation, and units learning.",AP Topic 8.2,derivative_relationship_retrieval,expression,,"Unit 8 Assessment Plan + AP Calculus AB Course Framework; supplied AP Topic scoring guides consulted for authentic representations and rigor only, with no published question wording copied.",
U8-S3-PS1-C01,MATH,8,8.3,practice_set_1,practice,ps1_c01,current,2,"Set up and evaluate area between curves with respect to $x$ or $y$, including multiple intersections and orientation decisions.","I can identify bounding functions and intersections, set up area with respect to $x$ or $y$, and justify when a region requires splitting.","AP Topics 8.4, 8.5, 8.6",area_dy,numeric,,"Unit 8 Assessment Plan + AP Calculus AB Course Framework; supplied AP Topic scoring guides consulted for authentic representations and rigor only, with no published question wording copied.",
U8-S3-PS1-C02,MATH,8,8.3,practice_set_1,practice,ps1_c02,current,3,"Set up and evaluate area between curves with respect to $x$ or $y$, including multiple intersections and orientation decisions.","I can identify bounding functions and intersections, set up area with respect to $x$ or $y$, and justify when a region requires splitting.","AP Topics 8.4, 8.5, 8.6",area_multiple_intersections,numeric,,"Unit 8 Assessment Plan + AP Calculus AB Course Framework; supplied AP Topic scoring guides consulted for authentic representations and rigor only, with no published question wording copied.",
U8-S3-PS1-C03,MATH,8,8.3,practice_set_1,practice,ps1_c03,current,3,"Set up and evaluate area between curves with respect to $x$ or $y$, including multiple intersections and orientation decisions.","I can identify bounding functions and intersections, set up area with respect to $x$ or $y$, and justify when a region requires splitting.","AP Topics 8.4, 8.5, 8.6",area_orientation_choice,constructed_response,,"Unit 8 Assessment Plan + AP Calculus AB Course Framework; supplied AP Topic scoring guides consulted for authentic representations and rigor only, with no published question wording copied.",
U8-S3-PS1-C04,MATH,8,8.3,practice_set_1,practice,ps1_c04,current,2,"Set up and evaluate area between curves with respect to $x$ or $y$, including multiple intersections and orientation decisions.","I can identify bounding functions and intersections, set up area with respect to $x$ or $y$, and justify when a region requires splitting.","AP Topics 8.4, 8.5, 8.6",area_graph,numeric,u8_s3_ps1_c04_bounded_region.png,"Unit 8 Assessment Plan + AP Calculus AB Course Framework; supplied AP Topic scoring guides consulted for authentic representations and rigor only, with no published question wording copied.",
U8-S3-PS1-C05,MATH,8,8.3,practice_set_1,practice,ps1_c05,current,3,"Set up and evaluate area between curves with respect to $x$ or $y$, including multiple intersections and orientation decisions.","I can identify bounding functions and intersections, set up area with respect to $x$ or $y$, and justify when a region requires splitting.","AP Topics 8.4, 8.5, 8.6",area_subtraction_critique,constructed_response,,"Unit 8 Assessment Plan + AP Calculus AB Course Framework; supplied AP Topic scoring guides consulted for authentic representations and rigor only, with no published question wording copied.",
U8-S3-PS1-L01,MATH,8,8.3,practice_set_1,practice,ps1_l01,last,2,"Use integrals to determine displacement, total distance, and position from velocity, while distinguishing velocity from speed and accounting for direction changes.",I can retrieve and apply the most recent prerequisite learning.,"AP Topics 8.4, 8.5, 8.6",motion_velocity_graph,numeric,u8_s3_ps1_l01_velocity_graph.png,"Unit 8 Assessment Plan + AP Calculus AB Course Framework; supplied AP Topic scoring guides consulted for authentic representations and rigor only, with no published question wording copied.",
U8-S3-PS1-L02,MATH,8,8.3,practice_set_1,practice,ps1_l02,last,3,"Use integrals to determine displacement, total distance, and position from velocity, while distinguishing velocity from speed and accounting for direction changes.",I can retrieve and apply the most recent prerequisite learning.,"AP Topics 8.4, 8.5, 8.6",motion_strategy_critique,constructed_response,,"Unit 8 Assessment Plan + AP Calculus AB Course Framework; supplied AP Topic scoring guides consulted for authentic representations and rigor only, with no published question wording copied.",
U8-S3-PS1-L03,MATH,8,8.3,practice_set_1,practice,ps1_l03,last,2,"Use integrals to determine displacement, total distance, and position from velocity, while distinguishing velocity from speed and accounting for direction changes.",I can retrieve and apply the most recent prerequisite learning.,"AP Topics 8.4, 8.5, 8.6",motion_displacement,numeric,,"Unit 8 Assessment Plan + AP Calculus AB Course Framework; supplied AP Topic scoring guides consulted for authentic representations and rigor only, with no published question wording copied.",
U8-S3-PS1-L04,MATH,8,8.3,practice_set_1,practice,ps1_l04,last,2,"Use integrals to determine displacement, total distance, and position from velocity, while distinguishing velocity from speed and accounting for direction changes.",I can retrieve and apply the most recent prerequisite learning.,"AP Topics 8.4, 8.5, 8.6",motion_total_distance,numeric,,"Unit 8 Assessment Plan + AP Calculus AB Course Framework; supplied AP Topic scoring guides consulted for authentic representations and rigor only, with no published question wording copied.",
U8-S3-PS1-L05,MATH,8,8.3,practice_set_1,practice,ps1_l05,last,2,"Use integrals to determine displacement, total distance, and position from velocity, while distinguishing velocity from speed and accounting for direction changes.",I can retrieve and apply the most recent prerequisite learning.,"AP Topics 8.4, 8.5, 8.6",motion_position,numeric,,"Unit 8 Assessment Plan + AP Calculus AB Course Framework; supplied AP Topic scoring guides consulted for authentic representations and rigor only, with no published question wording copied.",
U8-S3-PS1-M01,MATH,8,8.3,practice_set_1,practice,ps1_m01,mastery,2,Definite-integral meaning; accumulation and antiderivatives; graph/table interpretation; algebraic and geometric setup; units.,"I can retrieve durable calculus, algebra, graph, geometry, notation, and units learning.","AP Topics 8.4, 8.5, 8.6",definite_integral_retrieval,numeric,,"Unit 8 Assessment Plan + AP Calculus AB Course Framework; supplied AP Topic scoring guides consulted for authentic representations and rigor only, with no published question wording copied.",
U8-S3-PS1-M02,MATH,8,8.3,practice_set_1,practice,ps1_m02,mastery,1,Definite-integral meaning; accumulation and antiderivatives; graph/table interpretation; algebraic and geometric setup; units.,"I can retrieve durable calculus, algebra, graph, geometry, notation, and units learning.","AP Topics 8.4, 8.5, 8.6",units_retrieval,text,,"Unit 8 Assessment Plan + AP Calculus AB Course Framework; supplied AP Topic scoring guides consulted for authentic representations and rigor only, with no published question wording copied.",
U8-S3-PS1-M03,MATH,8,8.3,practice_set_1,practice,ps1_m03,mastery,1,Definite-integral meaning; accumulation and antiderivatives; graph/table interpretation; algebraic and geometric setup; units.,"I can retrieve durable calculus, algebra, graph, geometry, notation, and units learning.","AP Topics 8.4, 8.5, 8.6",algebra_retrieval,expression,,"Unit 8 Assessment Plan + AP Calculus AB Course Framework; supplied AP Topic scoring guides consulted for authentic representations and rigor only, with no published question wording copied.",
U8-S3-PS1-M04,MATH,8,8.3,practice_set_1,practice,ps1_m04,mastery,1,Definite-integral meaning; accumulation and antiderivatives; graph/table interpretation; algebraic and geometric setup; units.,"I can retrieve durable calculus, algebra, graph, geometry, notation, and units learning.","AP Topics 8.4, 8.5, 8.6",integral_property_retrieval,numeric,,"Unit 8 Assessment Plan + AP Calculus AB Course Framework; supplied AP Topic scoring guides consulted for authentic representations and rigor only, with no published question wording copied.",
U8-S3-PS1-M05,MATH,8,8.3,practice_set_1,practice,ps1_m05,mastery,1,Definite-integral meaning; accumulation and antiderivatives; graph/table interpretation; algebraic and geometric setup; units.,"I can retrieve durable calculus, algebra, graph, geometry, notation, and units learning.","AP Topics 8.4, 8.5, 8.6",graph_sign_retrieval,text,,"Unit 8 Assessment Plan + AP Calculus AB Course Framework; supplied AP Topic scoring guides consulted for authentic representations and rigor only, with no published question wording copied.",
U8-S3-PS1-M06,MATH,8,8.3,practice_set_1,practice,ps1_m06,mastery,2,Definite-integral meaning; accumulation and antiderivatives; graph/table interpretation; algebraic and geometric setup; units.,"I can retrieve durable calculus, algebra, graph, geometry, notation, and units learning.","AP Topics 8.4, 8.5, 8.6",limit_retrieval,numeric,,"Unit 8 Assessment Plan + AP Calculus AB Course Framework; supplied AP Topic scoring guides consulted for authentic representations and rigor only, with no published question wording copied.",
U8-S3-PS1-M07,MATH,8,8.3,practice_set_1,practice,ps1_m07,mastery,2,Definite-integral meaning; accumulation and antiderivatives; graph/table interpretation; algebraic and geometric setup; units.,"I can retrieve durable calculus, algebra, graph, geometry, notation, and units learning.","AP Topics 8.4, 8.5, 8.6",derivative_relationship_retrieval,expression,,"Unit 8 Assessment Plan + AP Calculus AB Course Framework; supplied AP Topic scoring guides consulted for authentic representations and rigor only, with no published question wording copied.",
U8-S3-PS1-M08,MATH,8,8.3,practice_set_1,practice,ps1_m08,mastery,1,Definite-integral meaning; accumulation and antiderivatives; graph/table interpretation; algebraic and geometric setup; units.,"I can retrieve durable calculus, algebra, graph, geometry, notation, and units learning.","AP Topics 8.4, 8.5, 8.6",antiderivative_retrieval,expression,,"Unit 8 Assessment Plan + AP Calculus AB Course Framework; supplied AP Topic scoring guides consulted for authentic representations and rigor only, with no published question wording copied.",
U8-S3-PS1-M09,MATH,8,8.3,practice_set_1,practice,ps1_m09,mastery,2,Definite-integral meaning; accumulation and antiderivatives; graph/table interpretation; algebraic and geometric setup; units.,"I can retrieve durable calculus, algebra, graph, geometry, notation, and units learning.","AP Topics 8.4, 8.5, 8.6",definite_integral_retrieval,numeric,,"Unit 8 Assessment Plan + AP Calculus AB Course Framework; supplied AP Topic scoring guides consulted for authentic representations and rigor only, with no published question wording copied.",
U8-S3-PS1-M10,MATH,8,8.3,practice_set_1,practice,ps1_m10,mastery,1,Definite-integral meaning; accumulation and antiderivatives; graph/table interpretation; algebraic and geometric setup; units.,"I can retrieve durable calculus, algebra, graph, geometry, notation, and units learning.","AP Topics 8.4, 8.5, 8.6",units_retrieval,text,,"Unit 8 Assessment Plan + AP Calculus AB Course Framework; supplied AP Topic scoring guides consulted for authentic representations and rigor only, with no published question wording copied.",
U8-S3-PS2-C01,MATH,8,8.3,practice_set_2,practice,ps2_c01,current,3,"Set up and evaluate area between curves with respect to $x$ or $y$, including multiple intersections and orientation decisions.","I can identify bounding functions and intersections, set up area with respect to $x$ or $y$, and justify when a region requires splitting.","AP Topics 8.4, 8.5, 8.6",area_multiple_intersections,numeric,,"Unit 8 Assessment Plan + AP Calculus AB Course Framework; supplied AP Topic scoring guides consulted for authentic representations and rigor only, with no published question wording copied.",
U8-S3-PS2-C02,MATH,8,8.3,practice_set_2,practice,ps2_c02,current,3,"Set up and evaluate area between curves with respect to $x$ or $y$, including multiple intersections and orientation decisions.","I can identify bounding functions and intersections, set up area with respect to $x$ or $y$, and justify when a region requires splitting.","AP Topics 8.4, 8.5, 8.6",area_orientation_choice,constructed_response,,"Unit 8 Assessment Plan + AP Calculus AB Course Framework; supplied AP Topic scoring guides consulted for authentic representations and rigor only, with no published question wording copied.",
U8-S3-PS2-C03,MATH,8,8.3,practice_set_2,practice,ps2_c03,current,2,"Set up and evaluate area between curves with respect to $x$ or $y$, including multiple intersections and orientation decisions.","I can identify bounding functions and intersections, set up area with respect to $x$ or $y$, and justify when a region requires splitting.","AP Topics 8.4, 8.5, 8.6",area_graph,numeric,u8_s3_ps2_c03_bounded_region.png,"Unit 8 Assessment Plan + AP Calculus AB Course Framework; supplied AP Topic scoring guides consulted for authentic representations and rigor only, with no published question wording copied.",
U8-S3-PS2-C04,MATH,8,8.3,practice_set_2,practice,ps2_c04,current,3,"Set up and evaluate area between curves with respect to $x$ or $y$, including multiple intersections and orientation decisions.","I can identify bounding functions and intersections, set up area with respect to $x$ or $y$, and justify when a region requires splitting.","AP Topics 8.4, 8.5, 8.6",area_subtraction_critique,constructed_response,,"Unit 8 Assessment Plan + AP Calculus AB Course Framework; supplied AP Topic scoring guides consulted for authentic representations and rigor only, with no published question wording copied.",
U8-S3-PS2-C05,MATH,8,8.3,practice_set_2,practice,ps2_c05,current,2,"Set up and evaluate area between curves with respect to $x$ or $y$, including multiple intersections and orientation decisions.","I can identify bounding functions and intersections, set up area with respect to $x$ or $y$, and justify when a region requires splitting.","AP Topics 8.4, 8.5, 8.6",area_dx,numeric,,"Unit 8 Assessment Plan + AP Calculus AB Course Framework; supplied AP Topic scoring guides consulted for authentic representations and rigor only, with no published question wording copied.",
U8-S3-PS2-L01,MATH,8,8.3,practice_set_2,practice,ps2_l01,last,3,"Use integrals to determine displacement, total distance, and position from velocity, while distinguishing velocity from speed and accounting for direction changes.",I can retrieve and apply the most recent prerequisite learning.,"AP Topics 8.4, 8.5, 8.6",motion_strategy_critique,constructed_response,,"Unit 8 Assessment Plan + AP Calculus AB Course Framework; supplied AP Topic scoring guides consulted for authentic representations and rigor only, with no published question wording copied.",
U8-S3-PS2-L02,MATH,8,8.3,practice_set_2,practice,ps2_l02,last,2,"Use integrals to determine displacement, total distance, and position from velocity, while distinguishing velocity from speed and accounting for direction changes.",I can retrieve and apply the most recent prerequisite learning.,"AP Topics 8.4, 8.5, 8.6",motion_displacement,numeric,,"Unit 8 Assessment Plan + AP Calculus AB Course Framework; supplied AP Topic scoring guides consulted for authentic representations and rigor only, with no published question wording copied.",
U8-S3-PS2-L03,MATH,8,8.3,practice_set_2,practice,ps2_l03,last,2,"Use integrals to determine displacement, total distance, and position from velocity, while distinguishing velocity from speed and accounting for direction changes.",I can retrieve and apply the most recent prerequisite learning.,"AP Topics 8.4, 8.5, 8.6",motion_total_distance,numeric,,"Unit 8 Assessment Plan + AP Calculus AB Course Framework; supplied AP Topic scoring guides consulted for authentic representations and rigor only, with no published question wording copied.",
U8-S3-PS2-L04,MATH,8,8.3,practice_set_2,practice,ps2_l04,last,2,"Use integrals to determine displacement, total distance, and position from velocity, while distinguishing velocity from speed and accounting for direction changes.",I can retrieve and apply the most recent prerequisite learning.,"AP Topics 8.4, 8.5, 8.6",motion_position,numeric,,"Unit 8 Assessment Plan + AP Calculus AB Course Framework; supplied AP Topic scoring guides consulted for authentic representations and rigor only, with no published question wording copied.",
U8-S3-PS2-L05,MATH,8,8.3,practice_set_2,practice,ps2_l05,last,2,"Use integrals to determine displacement, total distance, and position from velocity, while distinguishing velocity from speed and accounting for direction changes.",I can retrieve and apply the most recent prerequisite learning.,"AP Topics 8.4, 8.5, 8.6",motion_compare_quantities,constructed_response,,"Unit 8 Assessment Plan + AP Calculus AB Course Framework; supplied AP Topic scoring guides consulted for authentic representations and rigor only, with no published question wording copied.",
U8-S3-PS2-M01,MATH,8,8.3,practice_set_2,practice,ps2_m01,mastery,1,Definite-integral meaning; accumulation and antiderivatives; graph/table interpretation; algebraic and geometric setup; units.,"I can retrieve durable calculus, algebra, graph, geometry, notation, and units learning.","AP Topics 8.4, 8.5, 8.6",antiderivative_retrieval,expression,,"Unit 8 Assessment Plan + AP Calculus AB Course Framework; supplied AP Topic scoring guides consulted for authentic representations and rigor only, with no published question wording copied.",
U8-S3-PS2-M02,MATH,8,8.3,practice_set_2,practice,ps2_m02,mastery,2,Definite-integral meaning; accumulation and antiderivatives; graph/table interpretation; algebraic and geometric setup; units.,"I can retrieve durable calculus, algebra, graph, geometry, notation, and units learning.","AP Topics 8.4, 8.5, 8.6",definite_integral_retrieval,numeric,,"Unit 8 Assessment Plan + AP Calculus AB Course Framework; supplied AP Topic scoring guides consulted for authentic representations and rigor only, with no published question wording copied.",
U8-S3-PS2-M03,MATH,8,8.3,practice_set_2,practice,ps2_m03,mastery,1,Definite-integral meaning; accumulation and antiderivatives; graph/table interpretation; algebraic and geometric setup; units.,"I can retrieve durable calculus, algebra, graph, geometry, notation, and units learning.","AP Topics 8.4, 8.5, 8.6",units_retrieval,text,,"Unit 8 Assessment Plan + AP Calculus AB Course Framework; supplied AP Topic scoring guides consulted for authentic representations and rigor only, with no published question wording copied.",
U8-S3-PS2-M04,MATH,8,8.3,practice_set_2,practice,ps2_m04,mastery,1,Definite-integral meaning; accumulation and antiderivatives; graph/table interpretation; algebraic and geometric setup; units.,"I can retrieve durable calculus, algebra, graph, geometry, notation, and units learning.","AP Topics 8.4, 8.5, 8.6",algebra_retrieval,expression,,"Unit 8 Assessment Plan + AP Calculus AB Course Framework; supplied AP Topic scoring guides consulted for authentic representations and rigor only, with no published question wording copied.",
U8-S3-PS2-M05,MATH,8,8.3,practice_set_2,practice,ps2_m05,mastery,1,Definite-integral meaning; accumulation and antiderivatives; graph/table interpretation; algebraic and geometric setup; units.,"I can retrieve durable calculus, algebra, graph, geometry, notation, and units learning.","AP Topics 8.4, 8.5, 8.6",integral_property_retrieval,numeric,,"Unit 8 Assessment Plan + AP Calculus AB Course Framework; supplied AP Topic scoring guides consulted for authentic representations and rigor only, with no published question wording copied.",
U8-S3-PS2-M06,MATH,8,8.3,practice_set_2,practice,ps2_m06,mastery,1,Definite-integral meaning; accumulation and antiderivatives; graph/table interpretation; algebraic and geometric setup; units.,"I can retrieve durable calculus, algebra, graph, geometry, notation, and units learning.","AP Topics 8.4, 8.5, 8.6",graph_sign_retrieval,text,,"Unit 8 Assessment Plan + AP Calculus AB Course Framework; supplied AP Topic scoring guides consulted for authentic representations and rigor only, with no published question wording copied.",
U8-S3-PS2-M07,MATH,8,8.3,practice_set_2,practice,ps2_m07,mastery,2,Definite-integral meaning; accumulation and antiderivatives; graph/table interpretation; algebraic and geometric setup; units.,"I can retrieve durable calculus, algebra, graph, geometry, notation, and units learning.","AP Topics 8.4, 8.5, 8.6",limit_retrieval,numeric,,"Unit 8 Assessment Plan + AP Calculus AB Course Framework; supplied AP Topic scoring guides consulted for authentic representations and rigor only, with no published question wording copied.",
U8-S3-PS2-M08,MATH,8,8.3,practice_set_2,practice,ps2_m08,mastery,2,Definite-integral meaning; accumulation and antiderivatives; graph/table interpretation; algebraic and geometric setup; units.,"I can retrieve durable calculus, algebra, graph, geometry, notation, and units learning.","AP Topics 8.4, 8.5, 8.6",derivative_relationship_retrieval,expression,,"Unit 8 Assessment Plan + AP Calculus AB Course Framework; supplied AP Topic scoring guides consulted for authentic representations and rigor only, with no published question wording copied.",
U8-S3-PS2-M09,MATH,8,8.3,practice_set_2,practice,ps2_m09,mastery,1,Definite-integral meaning; accumulation and antiderivatives; graph/table interpretation; algebraic and geometric setup; units.,"I can retrieve durable calculus, algebra, graph, geometry, notation, and units learning.","AP Topics 8.4, 8.5, 8.6",antiderivative_retrieval,expression,,"Unit 8 Assessment Plan + AP Calculus AB Course Framework; supplied AP Topic scoring guides consulted for authentic representations and rigor only, with no published question wording copied.",
U8-S3-PS2-M10,MATH,8,8.3,practice_set_2,practice,ps2_m10,mastery,2,Definite-integral meaning; accumulation and antiderivatives; graph/table interpretation; algebraic and geometric setup; units.,"I can retrieve durable calculus, algebra, graph, geometry, notation, and units learning.","AP Topics 8.4, 8.5, 8.6",definite_integral_retrieval,numeric,,"Unit 8 Assessment Plan + AP Calculus AB Course Framework; supplied AP Topic scoring guides consulted for authentic representations and rigor only, with no published question wording copied.",
U8-S3-PS3-C01,MATH,8,8.3,practice_set_3,practice,ps3_c01,current,2,"Set up and evaluate area between curves with respect to $x$ or $y$, including multiple intersections and orientation decisions.","I can identify bounding functions and intersections, set up area with respect to $x$ or $y$, and justify when a region requires splitting.","AP Topics 8.4, 8.5, 8.6",area_compact,numeric,,"Unit 8 Assessment Plan + AP Calculus AB Course Framework; supplied AP Topic scoring guides consulted for authentic representations and rigor only, with no published question wording copied.",Tarsia-friendly concise source.
U8-S3-PS3-C02,MATH,8,8.3,practice_set_3,practice,ps3_c02,current,2,"Set up and evaluate area between curves with respect to $x$ or $y$, including multiple intersections and orientation decisions.","I can identify bounding functions and intersections, set up area with respect to $x$ or $y$, and justify when a region requires splitting.","AP Topics 8.4, 8.5, 8.6",area_compact,numeric,,"Unit 8 Assessment Plan + AP Calculus AB Course Framework; supplied AP Topic scoring guides consulted for authentic representations and rigor only, with no published question wording copied.",Tarsia-friendly concise source.
U8-S3-PS3-C03,MATH,8,8.3,practice_set_3,practice,ps3_c03,current,2,"Set up and evaluate area between curves with respect to $x$ or $y$, including multiple intersections and orientation decisions.","I can identify bounding functions and intersections, set up area with respect to $x$ or $y$, and justify when a region requires splitting.","AP Topics 8.4, 8.5, 8.6",area_compact,numeric,,"Unit 8 Assessment Plan + AP Calculus AB Course Framework; supplied AP Topic scoring guides consulted for authentic representations and rigor only, with no published question wording copied.",Tarsia-friendly concise source.
U8-S3-PS3-C04,MATH,8,8.3,practice_set_3,practice,ps3_c04,current,2,"Set up and evaluate area between curves with respect to $x$ or $y$, including multiple intersections and orientation decisions.","I can identify bounding functions and intersections, set up area with respect to $x$ or $y$, and justify when a region requires splitting.","AP Topics 8.4, 8.5, 8.6",area_compact,numeric,,"Unit 8 Assessment Plan + AP Calculus AB Course Framework; supplied AP Topic scoring guides consulted for authentic representations and rigor only, with no published question wording copied.",Tarsia-friendly concise source.
U8-S3-PS3-C05,MATH,8,8.3,practice_set_3,practice,ps3_c05,current,2,"Set up and evaluate area between curves with respect to $x$ or $y$, including multiple intersections and orientation decisions.","I can identify bounding functions and intersections, set up area with respect to $x$ or $y$, and justify when a region requires splitting.","AP Topics 8.4, 8.5, 8.6",area_compact,numeric,,"Unit 8 Assessment Plan + AP Calculus AB Course Framework; supplied AP Topic scoring guides consulted for authentic representations and rigor only, with no published question wording copied.",Tarsia-friendly concise source.
U8-S3-PS3-L01,MATH,8,8.3,practice_set_3,practice,ps3_l01,last,2,"Use integrals to determine displacement, total distance, and position from velocity, while distinguishing velocity from speed and accounting for direction changes.",I can retrieve and apply the most recent prerequisite learning.,"AP Topics 8.4, 8.5, 8.6",distance_compact,numeric,,"Unit 8 Assessment Plan + AP Calculus AB Course Framework; supplied AP Topic scoring guides consulted for authentic representations and rigor only, with no published question wording copied.",Tarsia-friendly concise source.
U8-S3-PS3-L02,MATH,8,8.3,practice_set_3,practice,ps3_l02,last,2,"Use integrals to determine displacement, total distance, and position from velocity, while distinguishing velocity from speed and accounting for direction changes.",I can retrieve and apply the most recent prerequisite learning.,"AP Topics 8.4, 8.5, 8.6",distance_compact,numeric,,"Unit 8 Assessment Plan + AP Calculus AB Course Framework; supplied AP Topic scoring guides consulted for authentic representations and rigor only, with no published question wording copied.",Tarsia-friendly concise source.
U8-S3-PS3-L03,MATH,8,8.3,practice_set_3,practice,ps3_l03,last,2,"Use integrals to determine displacement, total distance, and position from velocity, while distinguishing velocity from speed and accounting for direction changes.",I can retrieve and apply the most recent prerequisite learning.,"AP Topics 8.4, 8.5, 8.6",distance_compact,numeric,,"Unit 8 Assessment Plan + AP Calculus AB Course Framework; supplied AP Topic scoring guides consulted for authentic representations and rigor only, with no published question wording copied.",Tarsia-friendly concise source.
U8-S3-PS3-L04,MATH,8,8.3,practice_set_3,practice,ps3_l04,last,2,"Use integrals to determine displacement, total distance, and position from velocity, while distinguishing velocity from speed and accounting for direction changes.",I can retrieve and apply the most recent prerequisite learning.,"AP Topics 8.4, 8.5, 8.6",distance_compact,numeric,,"Unit 8 Assessment Plan + AP Calculus AB Course Framework; supplied AP Topic scoring guides consulted for authentic representations and rigor only, with no published question wording copied.",Tarsia-friendly concise source.
U8-S3-PS3-L05,MATH,8,8.3,practice_set_3,practice,ps3_l05,last,2,"Use integrals to determine displacement, total distance, and position from velocity, while distinguishing velocity from speed and accounting for direction changes.",I can retrieve and apply the most recent prerequisite learning.,"AP Topics 8.4, 8.5, 8.6",distance_compact,numeric,,"Unit 8 Assessment Plan + AP Calculus AB Course Framework; supplied AP Topic scoring guides consulted for authentic representations and rigor only, with no published question wording copied.",Tarsia-friendly concise source.
U8-S3-PS3-M01,MATH,8,8.3,practice_set_3,practice,ps3_m01,mastery,2,Definite-integral meaning; accumulation and antiderivatives; graph/table interpretation; algebraic and geometric setup; units.,"I can retrieve durable calculus, algebra, graph, geometry, notation, and units learning.","AP Topics 8.4, 8.5, 8.6",derivative_relationship_retrieval,expression,,"Unit 8 Assessment Plan + AP Calculus AB Course Framework; supplied AP Topic scoring guides consulted for authentic representations and rigor only, with no published question wording copied.",Tarsia-friendly concise source.
U8-S3-PS3-M02,MATH,8,8.3,practice_set_3,practice,ps3_m02,mastery,1,Definite-integral meaning; accumulation and antiderivatives; graph/table interpretation; algebraic and geometric setup; units.,"I can retrieve durable calculus, algebra, graph, geometry, notation, and units learning.","AP Topics 8.4, 8.5, 8.6",antiderivative_retrieval,expression,,"Unit 8 Assessment Plan + AP Calculus AB Course Framework; supplied AP Topic scoring guides consulted for authentic representations and rigor only, with no published question wording copied.",Tarsia-friendly concise source.
U8-S3-PS3-M03,MATH,8,8.3,practice_set_3,practice,ps3_m03,mastery,2,Definite-integral meaning; accumulation and antiderivatives; graph/table interpretation; algebraic and geometric setup; units.,"I can retrieve durable calculus, algebra, graph, geometry, notation, and units learning.","AP Topics 8.4, 8.5, 8.6",definite_integral_retrieval,numeric,,"Unit 8 Assessment Plan + AP Calculus AB Course Framework; supplied AP Topic scoring guides consulted for authentic representations and rigor only, with no published question wording copied.",Tarsia-friendly concise source.
U8-S3-PS3-M04,MATH,8,8.3,practice_set_3,practice,ps3_m04,mastery,1,Definite-integral meaning; accumulation and antiderivatives; graph/table interpretation; algebraic and geometric setup; units.,"I can retrieve durable calculus, algebra, graph, geometry, notation, and units learning.","AP Topics 8.4, 8.5, 8.6",units_retrieval,text,,"Unit 8 Assessment Plan + AP Calculus AB Course Framework; supplied AP Topic scoring guides consulted for authentic representations and rigor only, with no published question wording copied.",Tarsia-friendly concise source.
U8-S3-PS3-M05,MATH,8,8.3,practice_set_3,practice,ps3_m05,mastery,1,Definite-integral meaning; accumulation and antiderivatives; graph/table interpretation; algebraic and geometric setup; units.,"I can retrieve durable calculus, algebra, graph, geometry, notation, and units learning.","AP Topics 8.4, 8.5, 8.6",algebra_retrieval,expression,,"Unit 8 Assessment Plan + AP Calculus AB Course Framework; supplied AP Topic scoring guides consulted for authentic representations and rigor only, with no published question wording copied.",Tarsia-friendly concise source.
U8-S3-PS3-M06,MATH,8,8.3,practice_set_3,practice,ps3_m06,mastery,1,Definite-integral meaning; accumulation and antiderivatives; graph/table interpretation; algebraic and geometric setup; units.,"I can retrieve durable calculus, algebra, graph, geometry, notation, and units learning.","AP Topics 8.4, 8.5, 8.6",integral_property_retrieval,numeric,,"Unit 8 Assessment Plan + AP Calculus AB Course Framework; supplied AP Topic scoring guides consulted for authentic representations and rigor only, with no published question wording copied.",Tarsia-friendly concise source.
U8-S3-PS3-M07,MATH,8,8.3,practice_set_3,practice,ps3_m07,mastery,1,Definite-integral meaning; accumulation and antiderivatives; graph/table interpretation; algebraic and geometric setup; units.,"I can retrieve durable calculus, algebra, graph, geometry, notation, and units learning.","AP Topics 8.4, 8.5, 8.6",graph_sign_retrieval,text,,"Unit 8 Assessment Plan + AP Calculus AB Course Framework; supplied AP Topic scoring guides consulted for authentic representations and rigor only, with no published question wording copied.",Tarsia-friendly concise source.
U8-S3-PS3-M08,MATH,8,8.3,practice_set_3,practice,ps3_m08,mastery,2,Definite-integral meaning; accumulation and antiderivatives; graph/table interpretation; algebraic and geometric setup; units.,"I can retrieve durable calculus, algebra, graph, geometry, notation, and units learning.","AP Topics 8.4, 8.5, 8.6",limit_retrieval,numeric,,"Unit 8 Assessment Plan + AP Calculus AB Course Framework; supplied AP Topic scoring guides consulted for authentic representations and rigor only, with no published question wording copied.",Tarsia-friendly concise source.
U8-S3-PS3-M09,MATH,8,8.3,practice_set_3,practice,ps3_m09,mastery,2,Definite-integral meaning; accumulation and antiderivatives; graph/table interpretation; algebraic and geometric setup; units.,"I can retrieve durable calculus, algebra, graph, geometry, notation, and units learning.","AP Topics 8.4, 8.5, 8.6",derivative_relationship_retrieval,expression,,"Unit 8 Assessment Plan + AP Calculus AB Course Framework; supplied AP Topic scoring guides consulted for authentic representations and rigor only, with no published question wording copied.",Tarsia-friendly concise source.
U8-S3-PS3-M10,MATH,8,8.3,practice_set_3,practice,ps3_m10,mastery,1,Definite-integral meaning; accumulation and antiderivatives; graph/table interpretation; algebraic and geometric setup; units.,"I can retrieve durable calculus, algebra, graph, geometry, notation, and units learning.","AP Topics 8.4, 8.5, 8.6",antiderivative_retrieval,expression,,"Unit 8 Assessment Plan + AP Calculus AB Course Framework; supplied AP Topic scoring guides consulted for authentic representations and rigor only, with no published question wording copied.",Tarsia-friendly concise source.
U8-S3-XP-C01,MATH,8,8.3,extra_practice,practice,xp_c01,current,2,"Set up and evaluate area between curves with respect to $x$ or $y$, including multiple intersections and orientation decisions.","I can identify bounding functions and intersections, set up area with respect to $x$ or $y$, and justify when a region requires splitting.","AP Topics 8.4, 8.5, 8.6",area_graph,numeric,u8_s3_xp_c01_bounded_region.png,"Unit 8 Assessment Plan + AP Calculus AB Course Framework; supplied AP Topic scoring guides consulted for authentic representations and rigor only, with no published question wording copied.",
U8-S3-XP-C02,MATH,8,8.3,extra_practice,practice,xp_c02,current,3,"Set up and evaluate area between curves with respect to $x$ or $y$, including multiple intersections and orientation decisions.","I can identify bounding functions and intersections, set up area with respect to $x$ or $y$, and justify when a region requires splitting.","AP Topics 8.4, 8.5, 8.6",area_subtraction_critique,constructed_response,,"Unit 8 Assessment Plan + AP Calculus AB Course Framework; supplied AP Topic scoring guides consulted for authentic representations and rigor only, with no published question wording copied.",
U8-S3-XP-C03,MATH,8,8.3,extra_practice,practice,xp_c03,current,2,"Set up and evaluate area between curves with respect to $x$ or $y$, including multiple intersections and orientation decisions.","I can identify bounding functions and intersections, set up area with respect to $x$ or $y$, and justify when a region requires splitting.","AP Topics 8.4, 8.5, 8.6",area_dx,numeric,,"Unit 8 Assessment Plan + AP Calculus AB Course Framework; supplied AP Topic scoring guides consulted for authentic representations and rigor only, with no published question wording copied.",
U8-S3-XP-C04,MATH,8,8.3,extra_practice,practice,xp_c04,current,2,"Set up and evaluate area between curves with respect to $x$ or $y$, including multiple intersections and orientation decisions.","I can identify bounding functions and intersections, set up area with respect to $x$ or $y$, and justify when a region requires splitting.","AP Topics 8.4, 8.5, 8.6",area_dy,numeric,,"Unit 8 Assessment Plan + AP Calculus AB Course Framework; supplied AP Topic scoring guides consulted for authentic representations and rigor only, with no published question wording copied.",
U8-S3-XP-C05,MATH,8,8.3,extra_practice,practice,xp_c05,current,3,"Set up and evaluate area between curves with respect to $x$ or $y$, including multiple intersections and orientation decisions.","I can identify bounding functions and intersections, set up area with respect to $x$ or $y$, and justify when a region requires splitting.","AP Topics 8.4, 8.5, 8.6",area_multiple_intersections,numeric,,"Unit 8 Assessment Plan + AP Calculus AB Course Framework; supplied AP Topic scoring guides consulted for authentic representations and rigor only, with no published question wording copied.",
U8-S3-XP-L01,MATH,8,8.3,extra_practice,practice,xp_l01,last,2,"Use integrals to determine displacement, total distance, and position from velocity, while distinguishing velocity from speed and accounting for direction changes.",I can retrieve and apply the most recent prerequisite learning.,"AP Topics 8.4, 8.5, 8.6",motion_total_distance,numeric,,"Unit 8 Assessment Plan + AP Calculus AB Course Framework; supplied AP Topic scoring guides consulted for authentic representations and rigor only, with no published question wording copied.",
U8-S3-XP-L02,MATH,8,8.3,extra_practice,practice,xp_l02,last,2,"Use integrals to determine displacement, total distance, and position from velocity, while distinguishing velocity from speed and accounting for direction changes.",I can retrieve and apply the most recent prerequisite learning.,"AP Topics 8.4, 8.5, 8.6",motion_position,numeric,,"Unit 8 Assessment Plan + AP Calculus AB Course Framework; supplied AP Topic scoring guides consulted for authentic representations and rigor only, with no published question wording copied.",
U8-S3-XP-L03,MATH,8,8.3,extra_practice,practice,xp_l03,last,2,"Use integrals to determine displacement, total distance, and position from velocity, while distinguishing velocity from speed and accounting for direction changes.",I can retrieve and apply the most recent prerequisite learning.,"AP Topics 8.4, 8.5, 8.6",motion_compare_quantities,constructed_response,,"Unit 8 Assessment Plan + AP Calculus AB Course Framework; supplied AP Topic scoring guides consulted for authentic representations and rigor only, with no published question wording copied.",
U8-S3-XP-L04,MATH,8,8.3,extra_practice,practice,xp_l04,last,2,"Use integrals to determine displacement, total distance, and position from velocity, while distinguishing velocity from speed and accounting for direction changes.",I can retrieve and apply the most recent prerequisite learning.,"AP Topics 8.4, 8.5, 8.6",motion_velocity_graph,numeric,u8_s3_xp_l04_velocity_graph.png,"Unit 8 Assessment Plan + AP Calculus AB Course Framework; supplied AP Topic scoring guides consulted for authentic representations and rigor only, with no published question wording copied.",
U8-S3-XP-L05,MATH,8,8.3,extra_practice,practice,xp_l05,last,3,"Use integrals to determine displacement, total distance, and position from velocity, while distinguishing velocity from speed and accounting for direction changes.",I can retrieve and apply the most recent prerequisite learning.,"AP Topics 8.4, 8.5, 8.6",motion_strategy_critique,constructed_response,,"Unit 8 Assessment Plan + AP Calculus AB Course Framework; supplied AP Topic scoring guides consulted for authentic representations and rigor only, with no published question wording copied.",
U8-S3-XP-M01,MATH,8,8.3,extra_practice,practice,xp_m01,mastery,2,Definite-integral meaning; accumulation and antiderivatives; graph/table interpretation; algebraic and geometric setup; units.,"I can retrieve durable calculus, algebra, graph, geometry, notation, and units learning.","AP Topics 8.4, 8.5, 8.6",limit_retrieval,numeric,,"Unit 8 Assessment Plan + AP Calculus AB Course Framework; supplied AP Topic scoring guides consulted for authentic representations and rigor only, with no published question wording copied.",
U8-S3-XP-M02,MATH,8,8.3,extra_practice,practice,xp_m02,mastery,2,Definite-integral meaning; accumulation and antiderivatives; graph/table interpretation; algebraic and geometric setup; units.,"I can retrieve durable calculus, algebra, graph, geometry, notation, and units learning.","AP Topics 8.4, 8.5, 8.6",derivative_relationship_retrieval,expression,,"Unit 8 Assessment Plan + AP Calculus AB Course Framework; supplied AP Topic scoring guides consulted for authentic representations and rigor only, with no published question wording copied.",
U8-S3-XP-M03,MATH,8,8.3,extra_practice,practice,xp_m03,mastery,1,Definite-integral meaning; accumulation and antiderivatives; graph/table interpretation; algebraic and geometric setup; units.,"I can retrieve durable calculus, algebra, graph, geometry, notation, and units learning.","AP Topics 8.4, 8.5, 8.6",antiderivative_retrieval,expression,,"Unit 8 Assessment Plan + AP Calculus AB Course Framework; supplied AP Topic scoring guides consulted for authentic representations and rigor only, with no published question wording copied.",
U8-S3-XP-M04,MATH,8,8.3,extra_practice,practice,xp_m04,mastery,2,Definite-integral meaning; accumulation and antiderivatives; graph/table interpretation; algebraic and geometric setup; units.,"I can retrieve durable calculus, algebra, graph, geometry, notation, and units learning.","AP Topics 8.4, 8.5, 8.6",definite_integral_retrieval,numeric,,"Unit 8 Assessment Plan + AP Calculus AB Course Framework; supplied AP Topic scoring guides consulted for authentic representations and rigor only, with no published question wording copied.",
U8-S3-XP-M05,MATH,8,8.3,extra_practice,practice,xp_m05,mastery,1,Definite-integral meaning; accumulation and antiderivatives; graph/table interpretation; algebraic and geometric setup; units.,"I can retrieve durable calculus, algebra, graph, geometry, notation, and units learning.","AP Topics 8.4, 8.5, 8.6",units_retrieval,text,,"Unit 8 Assessment Plan + AP Calculus AB Course Framework; supplied AP Topic scoring guides consulted for authentic representations and rigor only, with no published question wording copied.",
U8-S3-XP-M06,MATH,8,8.3,extra_practice,practice,xp_m06,mastery,1,Definite-integral meaning; accumulation and antiderivatives; graph/table interpretation; algebraic and geometric setup; units.,"I can retrieve durable calculus, algebra, graph, geometry, notation, and units learning.","AP Topics 8.4, 8.5, 8.6",algebra_retrieval,expression,,"Unit 8 Assessment Plan + AP Calculus AB Course Framework; supplied AP Topic scoring guides consulted for authentic representations and rigor only, with no published question wording copied.",
U8-S3-XP-M07,MATH,8,8.3,extra_practice,practice,xp_m07,mastery,1,Definite-integral meaning; accumulation and antiderivatives; graph/table interpretation; algebraic and geometric setup; units.,"I can retrieve durable calculus, algebra, graph, geometry, notation, and units learning.","AP Topics 8.4, 8.5, 8.6",integral_property_retrieval,numeric,,"Unit 8 Assessment Plan + AP Calculus AB Course Framework; supplied AP Topic scoring guides consulted for authentic representations and rigor only, with no published question wording copied.",
U8-S3-XP-M08,MATH,8,8.3,extra_practice,practice,xp_m08,mastery,1,Definite-integral meaning; accumulation and antiderivatives; graph/table interpretation; algebraic and geometric setup; units.,"I can retrieve durable calculus, algebra, graph, geometry, notation, and units learning.","AP Topics 8.4, 8.5, 8.6",graph_sign_retrieval,text,,"Unit 8 Assessment Plan + AP Calculus AB Course Framework; supplied AP Topic scoring guides consulted for authentic representations and rigor only, with no published question wording copied.",
U8-S3-XP-M09,MATH,8,8.3,extra_practice,practice,xp_m09,mastery,2,Definite-integral meaning; accumulation and antiderivatives; graph/table interpretation; algebraic and geometric setup; units.,"I can retrieve durable calculus, algebra, graph, geometry, notation, and units learning.","AP Topics 8.4, 8.5, 8.6",limit_retrieval,numeric,,"Unit 8 Assessment Plan + AP Calculus AB Course Framework; supplied AP Topic scoring guides consulted for authentic representations and rigor only, with no published question wording copied.",
U8-S3-XP-M10,MATH,8,8.3,extra_practice,practice,xp_m10,mastery,2,Definite-integral meaning; accumulation and antiderivatives; graph/table interpretation; algebraic and geometric setup; units.,"I can retrieve durable calculus, algebra, graph, geometry, notation, and units learning.","AP Topics 8.4, 8.5, 8.6",derivative_relationship_retrieval,expression,,"Unit 8 Assessment Plan + AP Calculus AB Course Framework; supplied AP Topic scoring guides consulted for authentic representations and rigor only, with no published question wording copied.",
U8-S4-PS1-C01,MATH,8,8.4,practice_set_1,practice,ps1_c01,current,2,Model volumes with known cross-sectional shapes by converting a base region into an area function and integrating over the appropriate interval.,"I can build a cross-sectional area function from a base region and set up volumes for square, rectangular, triangular, or semicircular cross sections.","AP Topics 8.7, 8.8",cross_section_semicircle,numeric,,"Unit 8 Assessment Plan + AP Calculus AB Course Framework; supplied AP Topic scoring guides consulted for authentic representations and rigor only, with no published question wording copied.",
U8-S4-PS1-C02,MATH,8,8.4,practice_set_1,practice,ps1_c02,current,2,Model volumes with known cross-sectional shapes by converting a base region into an area function and integrating over the appropriate interval.,"I can build a cross-sectional area function from a base region and set up volumes for square, rectangular, triangular, or semicircular cross sections.","AP Topics 8.7, 8.8",cross_section_rectangle,numeric,,"Unit 8 Assessment Plan + AP Calculus AB Course Framework; supplied AP Topic scoring guides consulted for authentic representations and rigor only, with no published question wording copied.",
U8-S4-PS1-C03,MATH,8,8.4,practice_set_1,practice,ps1_c03,current,2,Model volumes with known cross-sectional shapes by converting a base region into an area function and integrating over the appropriate interval.,"I can build a cross-sectional area function from a base region and set up volumes for square, rectangular, triangular, or semicircular cross sections.","AP Topics 8.7, 8.8",cross_section_triangle,expression,,"Unit 8 Assessment Plan + AP Calculus AB Course Framework; supplied AP Topic scoring guides consulted for authentic representations and rigor only, with no published question wording copied.",
U8-S4-PS1-C04,MATH,8,8.4,practice_set_1,practice,ps1_c04,current,2,Model volumes with known cross-sectional shapes by converting a base region into an area function and integrating over the appropriate interval.,"I can build a cross-sectional area function from a base region and set up volumes for square, rectangular, triangular, or semicircular cross sections.","AP Topics 8.7, 8.8",cross_section_graph_setup,expression,u8_s4_ps1_c04_base_region.png,"Unit 8 Assessment Plan + AP Calculus AB Course Framework; supplied AP Topic scoring guides consulted for authentic representations and rigor only, with no published question wording copied.",
U8-S4-PS1-C05,MATH,8,8.4,practice_set_1,practice,ps1_c05,current,3,Model volumes with known cross-sectional shapes by converting a base region into an area function and integrating over the appropriate interval.,"I can build a cross-sectional area function from a base region and set up volumes for square, rectangular, triangular, or semicircular cross sections.","AP Topics 8.7, 8.8",cross_section_model_critique,constructed_response,,"Unit 8 Assessment Plan + AP Calculus AB Course Framework; supplied AP Topic scoring guides consulted for authentic representations and rigor only, with no published question wording copied.",
U8-S4-PS1-L01,MATH,8,8.4,practice_set_1,practice,ps1_l01,last,2,"Set up and evaluate area between curves with respect to $x$ or $y$, including multiple intersections and orientation decisions.",I can retrieve and apply the most recent prerequisite learning.,"AP Topics 8.7, 8.8",area_graph,numeric,u8_s4_ps1_l01_bounded_region.png,"Unit 8 Assessment Plan + AP Calculus AB Course Framework; supplied AP Topic scoring guides consulted for authentic representations and rigor only, with no published question wording copied.",
U8-S4-PS1-L02,MATH,8,8.4,practice_set_1,practice,ps1_l02,last,3,"Set up and evaluate area between curves with respect to $x$ or $y$, including multiple intersections and orientation decisions.",I can retrieve and apply the most recent prerequisite learning.,"AP Topics 8.7, 8.8",area_subtraction_critique,constructed_response,,"Unit 8 Assessment Plan + AP Calculus AB Course Framework; supplied AP Topic scoring guides consulted for authentic representations and rigor only, with no published question wording copied.",
U8-S4-PS1-L03,MATH,8,8.4,practice_set_1,practice,ps1_l03,last,2,"Set up and evaluate area between curves with respect to $x$ or $y$, including multiple intersections and orientation decisions.",I can retrieve and apply the most recent prerequisite learning.,"AP Topics 8.7, 8.8",area_dx,numeric,,"Unit 8 Assessment Plan + AP Calculus AB Course Framework; supplied AP Topic scoring guides consulted for authentic representations and rigor only, with no published question wording copied.",
U8-S4-PS1-L04,MATH,8,8.4,practice_set_1,practice,ps1_l04,last,2,"Set up and evaluate area between curves with respect to $x$ or $y$, including multiple intersections and orientation decisions.",I can retrieve and apply the most recent prerequisite learning.,"AP Topics 8.7, 8.8",area_dy,numeric,,"Unit 8 Assessment Plan + AP Calculus AB Course Framework; supplied AP Topic scoring guides consulted for authentic representations and rigor only, with no published question wording copied.",
U8-S4-PS1-L05,MATH,8,8.4,practice_set_1,practice,ps1_l05,last,3,"Set up and evaluate area between curves with respect to $x$ or $y$, including multiple intersections and orientation decisions.",I can retrieve and apply the most recent prerequisite learning.,"AP Topics 8.7, 8.8",area_multiple_intersections,numeric,,"Unit 8 Assessment Plan + AP Calculus AB Course Framework; supplied AP Topic scoring guides consulted for authentic representations and rigor only, with no published question wording copied.",
U8-S4-PS1-M01,MATH,8,8.4,practice_set_1,practice,ps1_m01,mastery,2,Definite-integral meaning; accumulation and antiderivatives; graph/table interpretation; algebraic and geometric setup; units.,"I can retrieve durable calculus, algebra, graph, geometry, notation, and units learning.","AP Topics 8.7, 8.8",definite_integral_retrieval,numeric,,"Unit 8 Assessment Plan + AP Calculus AB Course Framework; supplied AP Topic scoring guides consulted for authentic representations and rigor only, with no published question wording copied.",
U8-S4-PS1-M02,MATH,8,8.4,practice_set_1,practice,ps1_m02,mastery,1,Definite-integral meaning; accumulation and antiderivatives; graph/table interpretation; algebraic and geometric setup; units.,"I can retrieve durable calculus, algebra, graph, geometry, notation, and units learning.","AP Topics 8.7, 8.8",units_retrieval,text,,"Unit 8 Assessment Plan + AP Calculus AB Course Framework; supplied AP Topic scoring guides consulted for authentic representations and rigor only, with no published question wording copied.",
U8-S4-PS1-M03,MATH,8,8.4,practice_set_1,practice,ps1_m03,mastery,1,Definite-integral meaning; accumulation and antiderivatives; graph/table interpretation; algebraic and geometric setup; units.,"I can retrieve durable calculus, algebra, graph, geometry, notation, and units learning.","AP Topics 8.7, 8.8",algebra_retrieval,expression,,"Unit 8 Assessment Plan + AP Calculus AB Course Framework; supplied AP Topic scoring guides consulted for authentic representations and rigor only, with no published question wording copied.",
U8-S4-PS1-M04,MATH,8,8.4,practice_set_1,practice,ps1_m04,mastery,1,Definite-integral meaning; accumulation and antiderivatives; graph/table interpretation; algebraic and geometric setup; units.,"I can retrieve durable calculus, algebra, graph, geometry, notation, and units learning.","AP Topics 8.7, 8.8",integral_property_retrieval,numeric,,"Unit 8 Assessment Plan + AP Calculus AB Course Framework; supplied AP Topic scoring guides consulted for authentic representations and rigor only, with no published question wording copied.",
U8-S4-PS1-M05,MATH,8,8.4,practice_set_1,practice,ps1_m05,mastery,1,Definite-integral meaning; accumulation and antiderivatives; graph/table interpretation; algebraic and geometric setup; units.,"I can retrieve durable calculus, algebra, graph, geometry, notation, and units learning.","AP Topics 8.7, 8.8",graph_sign_retrieval,text,,"Unit 8 Assessment Plan + AP Calculus AB Course Framework; supplied AP Topic scoring guides consulted for authentic representations and rigor only, with no published question wording copied.",
U8-S4-PS1-M06,MATH,8,8.4,practice_set_1,practice,ps1_m06,mastery,2,Definite-integral meaning; accumulation and antiderivatives; graph/table interpretation; algebraic and geometric setup; units.,"I can retrieve durable calculus, algebra, graph, geometry, notation, and units learning.","AP Topics 8.7, 8.8",limit_retrieval,numeric,,"Unit 8 Assessment Plan + AP Calculus AB Course Framework; supplied AP Topic scoring guides consulted for authentic representations and rigor only, with no published question wording copied.",
U8-S4-PS1-M07,MATH,8,8.4,practice_set_1,practice,ps1_m07,mastery,2,Definite-integral meaning; accumulation and antiderivatives; graph/table interpretation; algebraic and geometric setup; units.,"I can retrieve durable calculus, algebra, graph, geometry, notation, and units learning.","AP Topics 8.7, 8.8",derivative_relationship_retrieval,expression,,"Unit 8 Assessment Plan + AP Calculus AB Course Framework; supplied AP Topic scoring guides consulted for authentic representations and rigor only, with no published question wording copied.",
U8-S4-PS1-M08,MATH,8,8.4,practice_set_1,practice,ps1_m08,mastery,1,Definite-integral meaning; accumulation and antiderivatives; graph/table interpretation; algebraic and geometric setup; units.,"I can retrieve durable calculus, algebra, graph, geometry, notation, and units learning.","AP Topics 8.7, 8.8",antiderivative_retrieval,expression,,"Unit 8 Assessment Plan + AP Calculus AB Course Framework; supplied AP Topic scoring guides consulted for authentic representations and rigor only, with no published question wording copied.",
U8-S4-PS1-M09,MATH,8,8.4,practice_set_1,practice,ps1_m09,mastery,2,Definite-integral meaning; accumulation and antiderivatives; graph/table interpretation; algebraic and geometric setup; units.,"I can retrieve durable calculus, algebra, graph, geometry, notation, and units learning.","AP Topics 8.7, 8.8",definite_integral_retrieval,numeric,,"Unit 8 Assessment Plan + AP Calculus AB Course Framework; supplied AP Topic scoring guides consulted for authentic representations and rigor only, with no published question wording copied.",
U8-S4-PS1-M10,MATH,8,8.4,practice_set_1,practice,ps1_m10,mastery,1,Definite-integral meaning; accumulation and antiderivatives; graph/table interpretation; algebraic and geometric setup; units.,"I can retrieve durable calculus, algebra, graph, geometry, notation, and units learning.","AP Topics 8.7, 8.8",units_retrieval,text,,"Unit 8 Assessment Plan + AP Calculus AB Course Framework; supplied AP Topic scoring guides consulted for authentic representations and rigor only, with no published question wording copied.",
U8-S4-PS2-C01,MATH,8,8.4,practice_set_2,practice,ps2_c01,current,2,Model volumes with known cross-sectional shapes by converting a base region into an area function and integrating over the appropriate interval.,"I can build a cross-sectional area function from a base region and set up volumes for square, rectangular, triangular, or semicircular cross sections.","AP Topics 8.7, 8.8",cross_section_rectangle,numeric,,"Unit 8 Assessment Plan + AP Calculus AB Course Framework; supplied AP Topic scoring guides consulted for authentic representations and rigor only, with no published question wording copied.",
U8-S4-PS2-C02,MATH,8,8.4,practice_set_2,practice,ps2_c02,current,2,Model volumes with known cross-sectional shapes by converting a base region into an area function and integrating over the appropriate interval.,"I can build a cross-sectional area function from a base region and set up volumes for square, rectangular, triangular, or semicircular cross sections.","AP Topics 8.7, 8.8",cross_section_triangle,expression,,"Unit 8 Assessment Plan + AP Calculus AB Course Framework; supplied AP Topic scoring guides consulted for authentic representations and rigor only, with no published question wording copied.",
U8-S4-PS2-C03,MATH,8,8.4,practice_set_2,practice,ps2_c03,current,2,Model volumes with known cross-sectional shapes by converting a base region into an area function and integrating over the appropriate interval.,"I can build a cross-sectional area function from a base region and set up volumes for square, rectangular, triangular, or semicircular cross sections.","AP Topics 8.7, 8.8",cross_section_graph_setup,expression,u8_s4_ps2_c03_base_region.png,"Unit 8 Assessment Plan + AP Calculus AB Course Framework; supplied AP Topic scoring guides consulted for authentic representations and rigor only, with no published question wording copied.",
U8-S4-PS2-C04,MATH,8,8.4,practice_set_2,practice,ps2_c04,current,3,Model volumes with known cross-sectional shapes by converting a base region into an area function and integrating over the appropriate interval.,"I can build a cross-sectional area function from a base region and set up volumes for square, rectangular, triangular, or semicircular cross sections.","AP Topics 8.7, 8.8",cross_section_model_critique,constructed_response,,"Unit 8 Assessment Plan + AP Calculus AB Course Framework; supplied AP Topic scoring guides consulted for authentic representations and rigor only, with no published question wording copied.",
U8-S4-PS2-C05,MATH,8,8.4,practice_set_2,practice,ps2_c05,current,2,Model volumes with known cross-sectional shapes by converting a base region into an area function and integrating over the appropriate interval.,"I can build a cross-sectional area function from a base region and set up volumes for square, rectangular, triangular, or semicircular cross sections.","AP Topics 8.7, 8.8",cross_section_square,numeric,,"Unit 8 Assessment Plan + AP Calculus AB Course Framework; supplied AP Topic scoring guides consulted for authentic representations and rigor only, with no published question wording copied.",
U8-S4-PS2-L01,MATH,8,8.4,practice_set_2,practice,ps2_l01,last,3,"Set up and evaluate area between curves with respect to $x$ or $y$, including multiple intersections and orientation decisions.",I can retrieve and apply the most recent prerequisite learning.,"AP Topics 8.7, 8.8",area_subtraction_critique,constructed_response,,"Unit 8 Assessment Plan + AP Calculus AB Course Framework; supplied AP Topic scoring guides consulted for authentic representations and rigor only, with no published question wording copied.",
U8-S4-PS2-L02,MATH,8,8.4,practice_set_2,practice,ps2_l02,last,2,"Set up and evaluate area between curves with respect to $x$ or $y$, including multiple intersections and orientation decisions.",I can retrieve and apply the most recent prerequisite learning.,"AP Topics 8.7, 8.8",area_dx,numeric,,"Unit 8 Assessment Plan + AP Calculus AB Course Framework; supplied AP Topic scoring guides consulted for authentic representations and rigor only, with no published question wording copied.",
U8-S4-PS2-L03,MATH,8,8.4,practice_set_2,practice,ps2_l03,last,2,"Set up and evaluate area between curves with respect to $x$ or $y$, including multiple intersections and orientation decisions.",I can retrieve and apply the most recent prerequisite learning.,"AP Topics 8.7, 8.8",area_dy,numeric,,"Unit 8 Assessment Plan + AP Calculus AB Course Framework; supplied AP Topic scoring guides consulted for authentic representations and rigor only, with no published question wording copied.",
U8-S4-PS2-L04,MATH,8,8.4,practice_set_2,practice,ps2_l04,last,3,"Set up and evaluate area between curves with respect to $x$ or $y$, including multiple intersections and orientation decisions.",I can retrieve and apply the most recent prerequisite learning.,"AP Topics 8.7, 8.8",area_multiple_intersections,numeric,,"Unit 8 Assessment Plan + AP Calculus AB Course Framework; supplied AP Topic scoring guides consulted for authentic representations and rigor only, with no published question wording copied.",
U8-S4-PS2-L05,MATH,8,8.4,practice_set_2,practice,ps2_l05,last,3,"Set up and evaluate area between curves with respect to $x$ or $y$, including multiple intersections and orientation decisions.",I can retrieve and apply the most recent prerequisite learning.,"AP Topics 8.7, 8.8",area_orientation_choice,constructed_response,,"Unit 8 Assessment Plan + AP Calculus AB Course Framework; supplied AP Topic scoring guides consulted for authentic representations and rigor only, with no published question wording copied.",
U8-S4-PS2-M01,MATH,8,8.4,practice_set_2,practice,ps2_m01,mastery,1,Definite-integral meaning; accumulation and antiderivatives; graph/table interpretation; algebraic and geometric setup; units.,"I can retrieve durable calculus, algebra, graph, geometry, notation, and units learning.","AP Topics 8.7, 8.8",antiderivative_retrieval,expression,,"Unit 8 Assessment Plan + AP Calculus AB Course Framework; supplied AP Topic scoring guides consulted for authentic representations and rigor only, with no published question wording copied.",
U8-S4-PS2-M02,MATH,8,8.4,practice_set_2,practice,ps2_m02,mastery,2,Definite-integral meaning; accumulation and antiderivatives; graph/table interpretation; algebraic and geometric setup; units.,"I can retrieve durable calculus, algebra, graph, geometry, notation, and units learning.","AP Topics 8.7, 8.8",definite_integral_retrieval,numeric,,"Unit 8 Assessment Plan + AP Calculus AB Course Framework; supplied AP Topic scoring guides consulted for authentic representations and rigor only, with no published question wording copied.",
U8-S4-PS2-M03,MATH,8,8.4,practice_set_2,practice,ps2_m03,mastery,1,Definite-integral meaning; accumulation and antiderivatives; graph/table interpretation; algebraic and geometric setup; units.,"I can retrieve durable calculus, algebra, graph, geometry, notation, and units learning.","AP Topics 8.7, 8.8",units_retrieval,text,,"Unit 8 Assessment Plan + AP Calculus AB Course Framework; supplied AP Topic scoring guides consulted for authentic representations and rigor only, with no published question wording copied.",
U8-S4-PS2-M04,MATH,8,8.4,practice_set_2,practice,ps2_m04,mastery,1,Definite-integral meaning; accumulation and antiderivatives; graph/table interpretation; algebraic and geometric setup; units.,"I can retrieve durable calculus, algebra, graph, geometry, notation, and units learning.","AP Topics 8.7, 8.8",algebra_retrieval,expression,,"Unit 8 Assessment Plan + AP Calculus AB Course Framework; supplied AP Topic scoring guides consulted for authentic representations and rigor only, with no published question wording copied.",
U8-S4-PS2-M05,MATH,8,8.4,practice_set_2,practice,ps2_m05,mastery,1,Definite-integral meaning; accumulation and antiderivatives; graph/table interpretation; algebraic and geometric setup; units.,"I can retrieve durable calculus, algebra, graph, geometry, notation, and units learning.","AP Topics 8.7, 8.8",integral_property_retrieval,numeric,,"Unit 8 Assessment Plan + AP Calculus AB Course Framework; supplied AP Topic scoring guides consulted for authentic representations and rigor only, with no published question wording copied.",
U8-S4-PS2-M06,MATH,8,8.4,practice_set_2,practice,ps2_m06,mastery,1,Definite-integral meaning; accumulation and antiderivatives; graph/table interpretation; algebraic and geometric setup; units.,"I can retrieve durable calculus, algebra, graph, geometry, notation, and units learning.","AP Topics 8.7, 8.8",graph_sign_retrieval,text,,"Unit 8 Assessment Plan + AP Calculus AB Course Framework; supplied AP Topic scoring guides consulted for authentic representations and rigor only, with no published question wording copied.",
U8-S4-PS2-M07,MATH,8,8.4,practice_set_2,practice,ps2_m07,mastery,2,Definite-integral meaning; accumulation and antiderivatives; graph/table interpretation; algebraic and geometric setup; units.,"I can retrieve durable calculus, algebra, graph, geometry, notation, and units learning.","AP Topics 8.7, 8.8",limit_retrieval,numeric,,"Unit 8 Assessment Plan + AP Calculus AB Course Framework; supplied AP Topic scoring guides consulted for authentic representations and rigor only, with no published question wording copied.",
U8-S4-PS2-M08,MATH,8,8.4,practice_set_2,practice,ps2_m08,mastery,2,Definite-integral meaning; accumulation and antiderivatives; graph/table interpretation; algebraic and geometric setup; units.,"I can retrieve durable calculus, algebra, graph, geometry, notation, and units learning.","AP Topics 8.7, 8.8",derivative_relationship_retrieval,expression,,"Unit 8 Assessment Plan + AP Calculus AB Course Framework; supplied AP Topic scoring guides consulted for authentic representations and rigor only, with no published question wording copied.",
U8-S4-PS2-M09,MATH,8,8.4,practice_set_2,practice,ps2_m09,mastery,1,Definite-integral meaning; accumulation and antiderivatives; graph/table interpretation; algebraic and geometric setup; units.,"I can retrieve durable calculus, algebra, graph, geometry, notation, and units learning.","AP Topics 8.7, 8.8",antiderivative_retrieval,expression,,"Unit 8 Assessment Plan + AP Calculus AB Course Framework; supplied AP Topic scoring guides consulted for authentic representations and rigor only, with no published question wording copied.",
U8-S4-PS2-M10,MATH,8,8.4,practice_set_2,practice,ps2_m10,mastery,2,Definite-integral meaning; accumulation and antiderivatives; graph/table interpretation; algebraic and geometric setup; units.,"I can retrieve durable calculus, algebra, graph, geometry, notation, and units learning.","AP Topics 8.7, 8.8",definite_integral_retrieval,numeric,,"Unit 8 Assessment Plan + AP Calculus AB Course Framework; supplied AP Topic scoring guides consulted for authentic representations and rigor only, with no published question wording copied.",
U8-S4-PS3-C01,MATH,8,8.4,practice_set_3,practice,ps3_c01,current,1,Model volumes with known cross-sectional shapes by converting a base region into an area function and integrating over the appropriate interval.,"I can build a cross-sectional area function from a base region and set up volumes for square, rectangular, triangular, or semicircular cross sections.","AP Topics 8.7, 8.8",cross_section_compact,expression,,"Unit 8 Assessment Plan + AP Calculus AB Course Framework; supplied AP Topic scoring guides consulted for authentic representations and rigor only, with no published question wording copied.",Tarsia-friendly concise source.
U8-S4-PS3-C02,MATH,8,8.4,practice_set_3,practice,ps3_c02,current,1,Model volumes with known cross-sectional shapes by converting a base region into an area function and integrating over the appropriate interval.,"I can build a cross-sectional area function from a base region and set up volumes for square, rectangular, triangular, or semicircular cross sections.","AP Topics 8.7, 8.8",cross_section_compact,expression,,"Unit 8 Assessment Plan + AP Calculus AB Course Framework; supplied AP Topic scoring guides consulted for authentic representations and rigor only, with no published question wording copied.",Tarsia-friendly concise source.
U8-S4-PS3-C03,MATH,8,8.4,practice_set_3,practice,ps3_c03,current,1,Model volumes with known cross-sectional shapes by converting a base region into an area function and integrating over the appropriate interval.,"I can build a cross-sectional area function from a base region and set up volumes for square, rectangular, triangular, or semicircular cross sections.","AP Topics 8.7, 8.8",cross_section_compact,expression,,"Unit 8 Assessment Plan + AP Calculus AB Course Framework; supplied AP Topic scoring guides consulted for authentic representations and rigor only, with no published question wording copied.",Tarsia-friendly concise source.
U8-S4-PS3-C04,MATH,8,8.4,practice_set_3,practice,ps3_c04,current,1,Model volumes with known cross-sectional shapes by converting a base region into an area function and integrating over the appropriate interval.,"I can build a cross-sectional area function from a base region and set up volumes for square, rectangular, triangular, or semicircular cross sections.","AP Topics 8.7, 8.8",cross_section_compact,expression,,"Unit 8 Assessment Plan + AP Calculus AB Course Framework; supplied AP Topic scoring guides consulted for authentic representations and rigor only, with no published question wording copied.",Tarsia-friendly concise source.
U8-S4-PS3-C05,MATH,8,8.4,practice_set_3,practice,ps3_c05,current,1,Model volumes with known cross-sectional shapes by converting a base region into an area function and integrating over the appropriate interval.,"I can build a cross-sectional area function from a base region and set up volumes for square, rectangular, triangular, or semicircular cross sections.","AP Topics 8.7, 8.8",cross_section_compact,expression,,"Unit 8 Assessment Plan + AP Calculus AB Course Framework; supplied AP Topic scoring guides consulted for authentic representations and rigor only, with no published question wording copied.",Tarsia-friendly concise source.
U8-S4-PS3-L01,MATH,8,8.4,practice_set_3,practice,ps3_l01,last,2,"Set up and evaluate area between curves with respect to $x$ or $y$, including multiple intersections and orientation decisions.",I can retrieve and apply the most recent prerequisite learning.,"AP Topics 8.7, 8.8",area_compact,numeric,,"Unit 8 Assessment Plan + AP Calculus AB Course Framework; supplied AP Topic scoring guides consulted for authentic representations and rigor only, with no published question wording copied.",Tarsia-friendly concise source.
U8-S4-PS3-L02,MATH,8,8.4,practice_set_3,practice,ps3_l02,last,2,"Set up and evaluate area between curves with respect to $x$ or $y$, including multiple intersections and orientation decisions.",I can retrieve and apply the most recent prerequisite learning.,"AP Topics 8.7, 8.8",area_compact,numeric,,"Unit 8 Assessment Plan + AP Calculus AB Course Framework; supplied AP Topic scoring guides consulted for authentic representations and rigor only, with no published question wording copied.",Tarsia-friendly concise source.
U8-S4-PS3-L03,MATH,8,8.4,practice_set_3,practice,ps3_l03,last,2,"Set up and evaluate area between curves with respect to $x$ or $y$, including multiple intersections and orientation decisions.",I can retrieve and apply the most recent prerequisite learning.,"AP Topics 8.7, 8.8",area_compact,numeric,,"Unit 8 Assessment Plan + AP Calculus AB Course Framework; supplied AP Topic scoring guides consulted for authentic representations and rigor only, with no published question wording copied.",Tarsia-friendly concise source.
U8-S4-PS3-L04,MATH,8,8.4,practice_set_3,practice,ps3_l04,last,2,"Set up and evaluate area between curves with respect to $x$ or $y$, including multiple intersections and orientation decisions.",I can retrieve and apply the most recent prerequisite learning.,"AP Topics 8.7, 8.8",area_compact,numeric,,"Unit 8 Assessment Plan + AP Calculus AB Course Framework; supplied AP Topic scoring guides consulted for authentic representations and rigor only, with no published question wording copied.",Tarsia-friendly concise source.
U8-S4-PS3-L05,MATH,8,8.4,practice_set_3,practice,ps3_l05,last,2,"Set up and evaluate area between curves with respect to $x$ or $y$, including multiple intersections and orientation decisions.",I can retrieve and apply the most recent prerequisite learning.,"AP Topics 8.7, 8.8",area_compact,numeric,,"Unit 8 Assessment Plan + AP Calculus AB Course Framework; supplied AP Topic scoring guides consulted for authentic representations and rigor only, with no published question wording copied.",Tarsia-friendly concise source.
U8-S4-PS3-M01,MATH,8,8.4,practice_set_3,practice,ps3_m01,mastery,2,Definite-integral meaning; accumulation and antiderivatives; graph/table interpretation; algebraic and geometric setup; units.,"I can retrieve durable calculus, algebra, graph, geometry, notation, and units learning.","AP Topics 8.7, 8.8",derivative_relationship_retrieval,expression,,"Unit 8 Assessment Plan + AP Calculus AB Course Framework; supplied AP Topic scoring guides consulted for authentic representations and rigor only, with no published question wording copied.",Tarsia-friendly concise source.
U8-S4-PS3-M02,MATH,8,8.4,practice_set_3,practice,ps3_m02,mastery,1,Definite-integral meaning; accumulation and antiderivatives; graph/table interpretation; algebraic and geometric setup; units.,"I can retrieve durable calculus, algebra, graph, geometry, notation, and units learning.","AP Topics 8.7, 8.8",antiderivative_retrieval,expression,,"Unit 8 Assessment Plan + AP Calculus AB Course Framework; supplied AP Topic scoring guides consulted for authentic representations and rigor only, with no published question wording copied.",Tarsia-friendly concise source.
U8-S4-PS3-M03,MATH,8,8.4,practice_set_3,practice,ps3_m03,mastery,2,Definite-integral meaning; accumulation and antiderivatives; graph/table interpretation; algebraic and geometric setup; units.,"I can retrieve durable calculus, algebra, graph, geometry, notation, and units learning.","AP Topics 8.7, 8.8",definite_integral_retrieval,numeric,,"Unit 8 Assessment Plan + AP Calculus AB Course Framework; supplied AP Topic scoring guides consulted for authentic representations and rigor only, with no published question wording copied.",Tarsia-friendly concise source.
U8-S4-PS3-M04,MATH,8,8.4,practice_set_3,practice,ps3_m04,mastery,1,Definite-integral meaning; accumulation and antiderivatives; graph/table interpretation; algebraic and geometric setup; units.,"I can retrieve durable calculus, algebra, graph, geometry, notation, and units learning.","AP Topics 8.7, 8.8",units_retrieval,text,,"Unit 8 Assessment Plan + AP Calculus AB Course Framework; supplied AP Topic scoring guides consulted for authentic representations and rigor only, with no published question wording copied.",Tarsia-friendly concise source.
U8-S4-PS3-M05,MATH,8,8.4,practice_set_3,practice,ps3_m05,mastery,1,Definite-integral meaning; accumulation and antiderivatives; graph/table interpretation; algebraic and geometric setup; units.,"I can retrieve durable calculus, algebra, graph, geometry, notation, and units learning.","AP Topics 8.7, 8.8",algebra_retrieval,expression,,"Unit 8 Assessment Plan + AP Calculus AB Course Framework; supplied AP Topic scoring guides consulted for authentic representations and rigor only, with no published question wording copied.",Tarsia-friendly concise source.
U8-S4-PS3-M06,MATH,8,8.4,practice_set_3,practice,ps3_m06,mastery,1,Definite-integral meaning; accumulation and antiderivatives; graph/table interpretation; algebraic and geometric setup; units.,"I can retrieve durable calculus, algebra, graph, geometry, notation, and units learning.","AP Topics 8.7, 8.8",integral_property_retrieval,numeric,,"Unit 8 Assessment Plan + AP Calculus AB Course Framework; supplied AP Topic scoring guides consulted for authentic representations and rigor only, with no published question wording copied.",Tarsia-friendly concise source.
U8-S4-PS3-M07,MATH,8,8.4,practice_set_3,practice,ps3_m07,mastery,1,Definite-integral meaning; accumulation and antiderivatives; graph/table interpretation; algebraic and geometric setup; units.,"I can retrieve durable calculus, algebra, graph, geometry, notation, and units learning.","AP Topics 8.7, 8.8",graph_sign_retrieval,text,,"Unit 8 Assessment Plan + AP Calculus AB Course Framework; supplied AP Topic scoring guides consulted for authentic representations and rigor only, with no published question wording copied.",Tarsia-friendly concise source.
U8-S4-PS3-M08,MATH,8,8.4,practice_set_3,practice,ps3_m08,mastery,2,Definite-integral meaning; accumulation and antiderivatives; graph/table interpretation; algebraic and geometric setup; units.,"I can retrieve durable calculus, algebra, graph, geometry, notation, and units learning.","AP Topics 8.7, 8.8",limit_retrieval,numeric,,"Unit 8 Assessment Plan + AP Calculus AB Course Framework; supplied AP Topic scoring guides consulted for authentic representations and rigor only, with no published question wording copied.",Tarsia-friendly concise source.
U8-S4-PS3-M09,MATH,8,8.4,practice_set_3,practice,ps3_m09,mastery,2,Definite-integral meaning; accumulation and antiderivatives; graph/table interpretation; algebraic and geometric setup; units.,"I can retrieve durable calculus, algebra, graph, geometry, notation, and units learning.","AP Topics 8.7, 8.8",derivative_relationship_retrieval,expression,,"Unit 8 Assessment Plan + AP Calculus AB Course Framework; supplied AP Topic scoring guides consulted for authentic representations and rigor only, with no published question wording copied.",Tarsia-friendly concise source.
U8-S4-PS3-M10,MATH,8,8.4,practice_set_3,practice,ps3_m10,mastery,1,Definite-integral meaning; accumulation and antiderivatives; graph/table interpretation; algebraic and geometric setup; units.,"I can retrieve durable calculus, algebra, graph, geometry, notation, and units learning.","AP Topics 8.7, 8.8",antiderivative_retrieval,expression,,"Unit 8 Assessment Plan + AP Calculus AB Course Framework; supplied AP Topic scoring guides consulted for authentic representations and rigor only, with no published question wording copied.",Tarsia-friendly concise source.
U8-S4-XP-C01,MATH,8,8.4,extra_practice,practice,xp_c01,current,2,Model volumes with known cross-sectional shapes by converting a base region into an area function and integrating over the appropriate interval.,"I can build a cross-sectional area function from a base region and set up volumes for square, rectangular, triangular, or semicircular cross sections.","AP Topics 8.7, 8.8",cross_section_graph_setup,expression,u8_s4_xp_c01_base_region.png,"Unit 8 Assessment Plan + AP Calculus AB Course Framework; supplied AP Topic scoring guides consulted for authentic representations and rigor only, with no published question wording copied.",
U8-S4-XP-C02,MATH,8,8.4,extra_practice,practice,xp_c02,current,3,Model volumes with known cross-sectional shapes by converting a base region into an area function and integrating over the appropriate interval.,"I can build a cross-sectional area function from a base region and set up volumes for square, rectangular, triangular, or semicircular cross sections.","AP Topics 8.7, 8.8",cross_section_model_critique,constructed_response,,"Unit 8 Assessment Plan + AP Calculus AB Course Framework; supplied AP Topic scoring guides consulted for authentic representations and rigor only, with no published question wording copied.",
U8-S4-XP-C03,MATH,8,8.4,extra_practice,practice,xp_c03,current,2,Model volumes with known cross-sectional shapes by converting a base region into an area function and integrating over the appropriate interval.,"I can build a cross-sectional area function from a base region and set up volumes for square, rectangular, triangular, or semicircular cross sections.","AP Topics 8.7, 8.8",cross_section_square,numeric,,"Unit 8 Assessment Plan + AP Calculus AB Course Framework; supplied AP Topic scoring guides consulted for authentic representations and rigor only, with no published question wording copied.",
U8-S4-XP-C04,MATH,8,8.4,extra_practice,practice,xp_c04,current,2,Model volumes with known cross-sectional shapes by converting a base region into an area function and integrating over the appropriate interval.,"I can build a cross-sectional area function from a base region and set up volumes for square, rectangular, triangular, or semicircular cross sections.","AP Topics 8.7, 8.8",cross_section_semicircle,numeric,,"Unit 8 Assessment Plan + AP Calculus AB Course Framework; supplied AP Topic scoring guides consulted for authentic representations and rigor only, with no published question wording copied.",
U8-S4-XP-C05,MATH,8,8.4,extra_practice,practice,xp_c05,current,2,Model volumes with known cross-sectional shapes by converting a base region into an area function and integrating over the appropriate interval.,"I can build a cross-sectional area function from a base region and set up volumes for square, rectangular, triangular, or semicircular cross sections.","AP Topics 8.7, 8.8",cross_section_rectangle,numeric,,"Unit 8 Assessment Plan + AP Calculus AB Course Framework; supplied AP Topic scoring guides consulted for authentic representations and rigor only, with no published question wording copied.",
U8-S4-XP-L01,MATH,8,8.4,extra_practice,practice,xp_l01,last,2,"Set up and evaluate area between curves with respect to $x$ or $y$, including multiple intersections and orientation decisions.",I can retrieve and apply the most recent prerequisite learning.,"AP Topics 8.7, 8.8",area_dy,numeric,,"Unit 8 Assessment Plan + AP Calculus AB Course Framework; supplied AP Topic scoring guides consulted for authentic representations and rigor only, with no published question wording copied.",
U8-S4-XP-L02,MATH,8,8.4,extra_practice,practice,xp_l02,last,3,"Set up and evaluate area between curves with respect to $x$ or $y$, including multiple intersections and orientation decisions.",I can retrieve and apply the most recent prerequisite learning.,"AP Topics 8.7, 8.8",area_multiple_intersections,numeric,,"Unit 8 Assessment Plan + AP Calculus AB Course Framework; supplied AP Topic scoring guides consulted for authentic representations and rigor only, with no published question wording copied.",
U8-S4-XP-L03,MATH,8,8.4,extra_practice,practice,xp_l03,last,3,"Set up and evaluate area between curves with respect to $x$ or $y$, including multiple intersections and orientation decisions.",I can retrieve and apply the most recent prerequisite learning.,"AP Topics 8.7, 8.8",area_orientation_choice,constructed_response,,"Unit 8 Assessment Plan + AP Calculus AB Course Framework; supplied AP Topic scoring guides consulted for authentic representations and rigor only, with no published question wording copied.",
U8-S4-XP-L04,MATH,8,8.4,extra_practice,practice,xp_l04,last,2,"Set up and evaluate area between curves with respect to $x$ or $y$, including multiple intersections and orientation decisions.",I can retrieve and apply the most recent prerequisite learning.,"AP Topics 8.7, 8.8",area_graph,numeric,u8_s4_xp_l04_bounded_region.png,"Unit 8 Assessment Plan + AP Calculus AB Course Framework; supplied AP Topic scoring guides consulted for authentic representations and rigor only, with no published question wording copied.",
U8-S4-XP-L05,MATH,8,8.4,extra_practice,practice,xp_l05,last,3,"Set up and evaluate area between curves with respect to $x$ or $y$, including multiple intersections and orientation decisions.",I can retrieve and apply the most recent prerequisite learning.,"AP Topics 8.7, 8.8",area_subtraction_critique,constructed_response,,"Unit 8 Assessment Plan + AP Calculus AB Course Framework; supplied AP Topic scoring guides consulted for authentic representations and rigor only, with no published question wording copied.",
U8-S4-XP-M01,MATH,8,8.4,extra_practice,practice,xp_m01,mastery,2,Definite-integral meaning; accumulation and antiderivatives; graph/table interpretation; algebraic and geometric setup; units.,"I can retrieve durable calculus, algebra, graph, geometry, notation, and units learning.","AP Topics 8.7, 8.8",limit_retrieval,numeric,,"Unit 8 Assessment Plan + AP Calculus AB Course Framework; supplied AP Topic scoring guides consulted for authentic representations and rigor only, with no published question wording copied.",
U8-S4-XP-M02,MATH,8,8.4,extra_practice,practice,xp_m02,mastery,2,Definite-integral meaning; accumulation and antiderivatives; graph/table interpretation; algebraic and geometric setup; units.,"I can retrieve durable calculus, algebra, graph, geometry, notation, and units learning.","AP Topics 8.7, 8.8",derivative_relationship_retrieval,expression,,"Unit 8 Assessment Plan + AP Calculus AB Course Framework; supplied AP Topic scoring guides consulted for authentic representations and rigor only, with no published question wording copied.",
U8-S4-XP-M03,MATH,8,8.4,extra_practice,practice,xp_m03,mastery,1,Definite-integral meaning; accumulation and antiderivatives; graph/table interpretation; algebraic and geometric setup; units.,"I can retrieve durable calculus, algebra, graph, geometry, notation, and units learning.","AP Topics 8.7, 8.8",antiderivative_retrieval,expression,,"Unit 8 Assessment Plan + AP Calculus AB Course Framework; supplied AP Topic scoring guides consulted for authentic representations and rigor only, with no published question wording copied.",
U8-S4-XP-M04,MATH,8,8.4,extra_practice,practice,xp_m04,mastery,2,Definite-integral meaning; accumulation and antiderivatives; graph/table interpretation; algebraic and geometric setup; units.,"I can retrieve durable calculus, algebra, graph, geometry, notation, and units learning.","AP Topics 8.7, 8.8",definite_integral_retrieval,numeric,,"Unit 8 Assessment Plan + AP Calculus AB Course Framework; supplied AP Topic scoring guides consulted for authentic representations and rigor only, with no published question wording copied.",
U8-S4-XP-M05,MATH,8,8.4,extra_practice,practice,xp_m05,mastery,1,Definite-integral meaning; accumulation and antiderivatives; graph/table interpretation; algebraic and geometric setup; units.,"I can retrieve durable calculus, algebra, graph, geometry, notation, and units learning.","AP Topics 8.7, 8.8",units_retrieval,text,,"Unit 8 Assessment Plan + AP Calculus AB Course Framework; supplied AP Topic scoring guides consulted for authentic representations and rigor only, with no published question wording copied.",
U8-S4-XP-M06,MATH,8,8.4,extra_practice,practice,xp_m06,mastery,1,Definite-integral meaning; accumulation and antiderivatives; graph/table interpretation; algebraic and geometric setup; units.,"I can retrieve durable calculus, algebra, graph, geometry, notation, and units learning.","AP Topics 8.7, 8.8",algebra_retrieval,expression,,"Unit 8 Assessment Plan + AP Calculus AB Course Framework; supplied AP Topic scoring guides consulted for authentic representations and rigor only, with no published question wording copied.",
U8-S4-XP-M07,MATH,8,8.4,extra_practice,practice,xp_m07,mastery,1,Definite-integral meaning; accumulation and antiderivatives; graph/table interpretation; algebraic and geometric setup; units.,"I can retrieve durable calculus, algebra, graph, geometry, notation, and units learning.","AP Topics 8.7, 8.8",integral_property_retrieval,numeric,,"Unit 8 Assessment Plan + AP Calculus AB Course Framework; supplied AP Topic scoring guides consulted for authentic representations and rigor only, with no published question wording copied.",
U8-S4-XP-M08,MATH,8,8.4,extra_practice,practice,xp_m08,mastery,1,Definite-integral meaning; accumulation and antiderivatives; graph/table interpretation; algebraic and geometric setup; units.,"I can retrieve durable calculus, algebra, graph, geometry, notation, and units learning.","AP Topics 8.7, 8.8",graph_sign_retrieval,text,,"Unit 8 Assessment Plan + AP Calculus AB Course Framework; supplied AP Topic scoring guides consulted for authentic representations and rigor only, with no published question wording copied.",
U8-S4-XP-M09,MATH,8,8.4,extra_practice,practice,xp_m09,mastery,2,Definite-integral meaning; accumulation and antiderivatives; graph/table interpretation; algebraic and geometric setup; units.,"I can retrieve durable calculus, algebra, graph, geometry, notation, and units learning.","AP Topics 8.7, 8.8",limit_retrieval,numeric,,"Unit 8 Assessment Plan + AP Calculus AB Course Framework; supplied AP Topic scoring guides consulted for authentic representations and rigor only, with no published question wording copied.",
U8-S4-XP-M10,MATH,8,8.4,extra_practice,practice,xp_m10,mastery,2,Definite-integral meaning; accumulation and antiderivatives; graph/table interpretation; algebraic and geometric setup; units.,"I can retrieve durable calculus, algebra, graph, geometry, notation, and units learning.","AP Topics 8.7, 8.8",derivative_relationship_retrieval,expression,,"Unit 8 Assessment Plan + AP Calculus AB Course Framework; supplied AP Topic scoring guides consulted for authentic representations and rigor only, with no published question wording copied.",
U8-S5-PS1-C01,MATH,8,8.5,practice_set_1,practice,ps1_c01,current,2,"Set up disc and washer volume integrals about coordinate or shifted axes, making correct radius and orientation decisions.","I can measure radii from the axis of rotation, distinguish outer from inner radius, and set up disc or washer integrals about horizontal or vertical axes.","AP Topics 8.9, 8.10, 8.11, 8.12",washer_horizontal,numeric,,"Unit 8 Assessment Plan + AP Calculus AB Course Framework; supplied AP Topic scoring guides consulted for authentic representations and rigor only, with no published question wording copied.",
U8-S5-PS1-C02,MATH,8,8.5,practice_set_1,practice,ps1_c02,current,2,"Set up disc and washer volume integrals about coordinate or shifted axes, making correct radius and orientation decisions.","I can measure radii from the axis of rotation, distinguish outer from inner radius, and set up disc or washer integrals about horizontal or vertical axes.","AP Topics 8.9, 8.10, 8.11, 8.12",washer_vertical,numeric,,"Unit 8 Assessment Plan + AP Calculus AB Course Framework; supplied AP Topic scoring guides consulted for authentic representations and rigor only, with no published question wording copied.",
U8-S5-PS1-C03,MATH,8,8.5,practice_set_1,practice,ps1_c03,current,2,"Set up disc and washer volume integrals about coordinate or shifted axes, making correct radius and orientation decisions.","I can measure radii from the axis of rotation, distinguish outer from inner radius, and set up disc or washer integrals about horizontal or vertical axes.","AP Topics 8.9, 8.10, 8.11, 8.12",rotation_radius_distance,expression,,"Unit 8 Assessment Plan + AP Calculus AB Course Framework; supplied AP Topic scoring guides consulted for authentic representations and rigor only, with no published question wording copied.",
U8-S5-PS1-C04,MATH,8,8.5,practice_set_1,practice,ps1_c04,current,2,"Set up disc and washer volume integrals about coordinate or shifted axes, making correct radius and orientation decisions.","I can measure radii from the axis of rotation, distinguish outer from inner radius, and set up disc or washer integrals about horizontal or vertical axes.","AP Topics 8.9, 8.10, 8.11, 8.12",rotation_graph_setup,expression,u8_s5_ps1_c04_rotation_region.png,"Unit 8 Assessment Plan + AP Calculus AB Course Framework; supplied AP Topic scoring guides consulted for authentic representations and rigor only, with no published question wording copied.",
U8-S5-PS1-C05,MATH,8,8.5,practice_set_1,practice,ps1_c05,current,3,"Set up disc and washer volume integrals about coordinate or shifted axes, making correct radius and orientation decisions.","I can measure radii from the axis of rotation, distinguish outer from inner radius, and set up disc or washer integrals about horizontal or vertical axes.","AP Topics 8.9, 8.10, 8.11, 8.12",washer_order_critique,constructed_response,,"Unit 8 Assessment Plan + AP Calculus AB Course Framework; supplied AP Topic scoring guides consulted for authentic representations and rigor only, with no published question wording copied.",
U8-S5-PS1-L01,MATH,8,8.5,practice_set_1,practice,ps1_l01,last,2,Model volumes with known cross-sectional shapes by converting a base region into an area function and integrating over the appropriate interval.,I can retrieve and apply the most recent prerequisite learning.,"AP Topics 8.9, 8.10, 8.11, 8.12",cross_section_graph_setup,expression,u8_s5_ps1_l01_base_region.png,"Unit 8 Assessment Plan + AP Calculus AB Course Framework; supplied AP Topic scoring guides consulted for authentic representations and rigor only, with no published question wording copied.",
U8-S5-PS1-L02,MATH,8,8.5,practice_set_1,practice,ps1_l02,last,3,Model volumes with known cross-sectional shapes by converting a base region into an area function and integrating over the appropriate interval.,I can retrieve and apply the most recent prerequisite learning.,"AP Topics 8.9, 8.10, 8.11, 8.12",cross_section_model_critique,constructed_response,,"Unit 8 Assessment Plan + AP Calculus AB Course Framework; supplied AP Topic scoring guides consulted for authentic representations and rigor only, with no published question wording copied.",
U8-S5-PS1-L03,MATH,8,8.5,practice_set_1,practice,ps1_l03,last,2,Model volumes with known cross-sectional shapes by converting a base region into an area function and integrating over the appropriate interval.,I can retrieve and apply the most recent prerequisite learning.,"AP Topics 8.9, 8.10, 8.11, 8.12",cross_section_square,numeric,,"Unit 8 Assessment Plan + AP Calculus AB Course Framework; supplied AP Topic scoring guides consulted for authentic representations and rigor only, with no published question wording copied.",
U8-S5-PS1-L04,MATH,8,8.5,practice_set_1,practice,ps1_l04,last,2,Model volumes with known cross-sectional shapes by converting a base region into an area function and integrating over the appropriate interval.,I can retrieve and apply the most recent prerequisite learning.,"AP Topics 8.9, 8.10, 8.11, 8.12",cross_section_semicircle,numeric,,"Unit 8 Assessment Plan + AP Calculus AB Course Framework; supplied AP Topic scoring guides consulted for authentic representations and rigor only, with no published question wording copied.",
U8-S5-PS1-L05,MATH,8,8.5,practice_set_1,practice,ps1_l05,last,2,Model volumes with known cross-sectional shapes by converting a base region into an area function and integrating over the appropriate interval.,I can retrieve and apply the most recent prerequisite learning.,"AP Topics 8.9, 8.10, 8.11, 8.12",cross_section_rectangle,numeric,,"Unit 8 Assessment Plan + AP Calculus AB Course Framework; supplied AP Topic scoring guides consulted for authentic representations and rigor only, with no published question wording copied.",
U8-S5-PS1-M01,MATH,8,8.5,practice_set_1,practice,ps1_m01,mastery,2,Definite-integral meaning; accumulation and antiderivatives; graph/table interpretation; algebraic and geometric setup; units.,"I can retrieve durable calculus, algebra, graph, geometry, notation, and units learning.","AP Topics 8.9, 8.10, 8.11, 8.12",definite_integral_retrieval,numeric,,"Unit 8 Assessment Plan + AP Calculus AB Course Framework; supplied AP Topic scoring guides consulted for authentic representations and rigor only, with no published question wording copied.",
U8-S5-PS1-M02,MATH,8,8.5,practice_set_1,practice,ps1_m02,mastery,1,Definite-integral meaning; accumulation and antiderivatives; graph/table interpretation; algebraic and geometric setup; units.,"I can retrieve durable calculus, algebra, graph, geometry, notation, and units learning.","AP Topics 8.9, 8.10, 8.11, 8.12",units_retrieval,text,,"Unit 8 Assessment Plan + AP Calculus AB Course Framework; supplied AP Topic scoring guides consulted for authentic representations and rigor only, with no published question wording copied.",
U8-S5-PS1-M03,MATH,8,8.5,practice_set_1,practice,ps1_m03,mastery,1,Definite-integral meaning; accumulation and antiderivatives; graph/table interpretation; algebraic and geometric setup; units.,"I can retrieve durable calculus, algebra, graph, geometry, notation, and units learning.","AP Topics 8.9, 8.10, 8.11, 8.12",algebra_retrieval,expression,,"Unit 8 Assessment Plan + AP Calculus AB Course Framework; supplied AP Topic scoring guides consulted for authentic representations and rigor only, with no published question wording copied.",
U8-S5-PS1-M04,MATH,8,8.5,practice_set_1,practice,ps1_m04,mastery,1,Definite-integral meaning; accumulation and antiderivatives; graph/table interpretation; algebraic and geometric setup; units.,"I can retrieve durable calculus, algebra, graph, geometry, notation, and units learning.","AP Topics 8.9, 8.10, 8.11, 8.12",integral_property_retrieval,numeric,,"Unit 8 Assessment Plan + AP Calculus AB Course Framework; supplied AP Topic scoring guides consulted for authentic representations and rigor only, with no published question wording copied.",
U8-S5-PS1-M05,MATH,8,8.5,practice_set_1,practice,ps1_m05,mastery,1,Definite-integral meaning; accumulation and antiderivatives; graph/table interpretation; algebraic and geometric setup; units.,"I can retrieve durable calculus, algebra, graph, geometry, notation, and units learning.","AP Topics 8.9, 8.10, 8.11, 8.12",graph_sign_retrieval,text,,"Unit 8 Assessment Plan + AP Calculus AB Course Framework; supplied AP Topic scoring guides consulted for authentic representations and rigor only, with no published question wording copied.",
U8-S5-PS1-M06,MATH,8,8.5,practice_set_1,practice,ps1_m06,mastery,2,Definite-integral meaning; accumulation and antiderivatives; graph/table interpretation; algebraic and geometric setup; units.,"I can retrieve durable calculus, algebra, graph, geometry, notation, and units learning.","AP Topics 8.9, 8.10, 8.11, 8.12",limit_retrieval,numeric,,"Unit 8 Assessment Plan + AP Calculus AB Course Framework; supplied AP Topic scoring guides consulted for authentic representations and rigor only, with no published question wording copied.",
U8-S5-PS1-M07,MATH,8,8.5,practice_set_1,practice,ps1_m07,mastery,2,Definite-integral meaning; accumulation and antiderivatives; graph/table interpretation; algebraic and geometric setup; units.,"I can retrieve durable calculus, algebra, graph, geometry, notation, and units learning.","AP Topics 8.9, 8.10, 8.11, 8.12",derivative_relationship_retrieval,expression,,"Unit 8 Assessment Plan + AP Calculus AB Course Framework; supplied AP Topic scoring guides consulted for authentic representations and rigor only, with no published question wording copied.",
U8-S5-PS1-M08,MATH,8,8.5,practice_set_1,practice,ps1_m08,mastery,1,Definite-integral meaning; accumulation and antiderivatives; graph/table interpretation; algebraic and geometric setup; units.,"I can retrieve durable calculus, algebra, graph, geometry, notation, and units learning.","AP Topics 8.9, 8.10, 8.11, 8.12",antiderivative_retrieval,expression,,"Unit 8 Assessment Plan + AP Calculus AB Course Framework; supplied AP Topic scoring guides consulted for authentic representations and rigor only, with no published question wording copied.",
U8-S5-PS1-M09,MATH,8,8.5,practice_set_1,practice,ps1_m09,mastery,2,Definite-integral meaning; accumulation and antiderivatives; graph/table interpretation; algebraic and geometric setup; units.,"I can retrieve durable calculus, algebra, graph, geometry, notation, and units learning.","AP Topics 8.9, 8.10, 8.11, 8.12",definite_integral_retrieval,numeric,,"Unit 8 Assessment Plan + AP Calculus AB Course Framework; supplied AP Topic scoring guides consulted for authentic representations and rigor only, with no published question wording copied.",
U8-S5-PS1-M10,MATH,8,8.5,practice_set_1,practice,ps1_m10,mastery,1,Definite-integral meaning; accumulation and antiderivatives; graph/table interpretation; algebraic and geometric setup; units.,"I can retrieve durable calculus, algebra, graph, geometry, notation, and units learning.","AP Topics 8.9, 8.10, 8.11, 8.12",units_retrieval,text,,"Unit 8 Assessment Plan + AP Calculus AB Course Framework; supplied AP Topic scoring guides consulted for authentic representations and rigor only, with no published question wording copied.",
U8-S5-PS2-C01,MATH,8,8.5,practice_set_2,practice,ps2_c01,current,2,"Set up disc and washer volume integrals about coordinate or shifted axes, making correct radius and orientation decisions.","I can measure radii from the axis of rotation, distinguish outer from inner radius, and set up disc or washer integrals about horizontal or vertical axes.","AP Topics 8.9, 8.10, 8.11, 8.12",washer_vertical,numeric,,"Unit 8 Assessment Plan + AP Calculus AB Course Framework; supplied AP Topic scoring guides consulted for authentic representations and rigor only, with no published question wording copied.",
U8-S5-PS2-C02,MATH,8,8.5,practice_set_2,practice,ps2_c02,current,2,"Set up disc and washer volume integrals about coordinate or shifted axes, making correct radius and orientation decisions.","I can measure radii from the axis of rotation, distinguish outer from inner radius, and set up disc or washer integrals about horizontal or vertical axes.","AP Topics 8.9, 8.10, 8.11, 8.12",rotation_radius_distance,expression,,"Unit 8 Assessment Plan + AP Calculus AB Course Framework; supplied AP Topic scoring guides consulted for authentic representations and rigor only, with no published question wording copied.",
U8-S5-PS2-C03,MATH,8,8.5,practice_set_2,practice,ps2_c03,current,2,"Set up disc and washer volume integrals about coordinate or shifted axes, making correct radius and orientation decisions.","I can measure radii from the axis of rotation, distinguish outer from inner radius, and set up disc or washer integrals about horizontal or vertical axes.","AP Topics 8.9, 8.10, 8.11, 8.12",rotation_graph_setup,expression,u8_s5_ps2_c03_rotation_region.png,"Unit 8 Assessment Plan + AP Calculus AB Course Framework; supplied AP Topic scoring guides consulted for authentic representations and rigor only, with no published question wording copied.",
U8-S5-PS2-C04,MATH,8,8.5,practice_set_2,practice,ps2_c04,current,3,"Set up disc and washer volume integrals about coordinate or shifted axes, making correct radius and orientation decisions.","I can measure radii from the axis of rotation, distinguish outer from inner radius, and set up disc or washer integrals about horizontal or vertical axes.","AP Topics 8.9, 8.10, 8.11, 8.12",washer_order_critique,constructed_response,,"Unit 8 Assessment Plan + AP Calculus AB Course Framework; supplied AP Topic scoring guides consulted for authentic representations and rigor only, with no published question wording copied.",
U8-S5-PS2-C05,MATH,8,8.5,practice_set_2,practice,ps2_c05,current,2,"Set up disc and washer volume integrals about coordinate or shifted axes, making correct radius and orientation decisions.","I can measure radii from the axis of rotation, distinguish outer from inner radius, and set up disc or washer integrals about horizontal or vertical axes.","AP Topics 8.9, 8.10, 8.11, 8.12",disc_shifted_axis,numeric,,"Unit 8 Assessment Plan + AP Calculus AB Course Framework; supplied AP Topic scoring guides consulted for authentic representations and rigor only, with no published question wording copied.",
U8-S5-PS2-L01,MATH,8,8.5,practice_set_2,practice,ps2_l01,last,3,Model volumes with known cross-sectional shapes by converting a base region into an area function and integrating over the appropriate interval.,I can retrieve and apply the most recent prerequisite learning.,"AP Topics 8.9, 8.10, 8.11, 8.12",cross_section_model_critique,constructed_response,,"Unit 8 Assessment Plan + AP Calculus AB Course Framework; supplied AP Topic scoring guides consulted for authentic representations and rigor only, with no published question wording copied.",
U8-S5-PS2-L02,MATH,8,8.5,practice_set_2,practice,ps2_l02,last,2,Model volumes with known cross-sectional shapes by converting a base region into an area function and integrating over the appropriate interval.,I can retrieve and apply the most recent prerequisite learning.,"AP Topics 8.9, 8.10, 8.11, 8.12",cross_section_square,numeric,,"Unit 8 Assessment Plan + AP Calculus AB Course Framework; supplied AP Topic scoring guides consulted for authentic representations and rigor only, with no published question wording copied.",
U8-S5-PS2-L03,MATH,8,8.5,practice_set_2,practice,ps2_l03,last,2,Model volumes with known cross-sectional shapes by converting a base region into an area function and integrating over the appropriate interval.,I can retrieve and apply the most recent prerequisite learning.,"AP Topics 8.9, 8.10, 8.11, 8.12",cross_section_semicircle,numeric,,"Unit 8 Assessment Plan + AP Calculus AB Course Framework; supplied AP Topic scoring guides consulted for authentic representations and rigor only, with no published question wording copied.",
U8-S5-PS2-L04,MATH,8,8.5,practice_set_2,practice,ps2_l04,last,2,Model volumes with known cross-sectional shapes by converting a base region into an area function and integrating over the appropriate interval.,I can retrieve and apply the most recent prerequisite learning.,"AP Topics 8.9, 8.10, 8.11, 8.12",cross_section_rectangle,numeric,,"Unit 8 Assessment Plan + AP Calculus AB Course Framework; supplied AP Topic scoring guides consulted for authentic representations and rigor only, with no published question wording copied.",
U8-S5-PS2-L05,MATH,8,8.5,practice_set_2,practice,ps2_l05,last,2,Model volumes with known cross-sectional shapes by converting a base region into an area function and integrating over the appropriate interval.,I can retrieve and apply the most recent prerequisite learning.,"AP Topics 8.9, 8.10, 8.11, 8.12",cross_section_triangle,expression,,"Unit 8 Assessment Plan + AP Calculus AB Course Framework; supplied AP Topic scoring guides consulted for authentic representations and rigor only, with no published question wording copied.",
U8-S5-PS2-M01,MATH,8,8.5,practice_set_2,practice,ps2_m01,mastery,1,Definite-integral meaning; accumulation and antiderivatives; graph/table interpretation; algebraic and geometric setup; units.,"I can retrieve durable calculus, algebra, graph, geometry, notation, and units learning.","AP Topics 8.9, 8.10, 8.11, 8.12",antiderivative_retrieval,expression,,"Unit 8 Assessment Plan + AP Calculus AB Course Framework; supplied AP Topic scoring guides consulted for authentic representations and rigor only, with no published question wording copied.",
U8-S5-PS2-M02,MATH,8,8.5,practice_set_2,practice,ps2_m02,mastery,2,Definite-integral meaning; accumulation and antiderivatives; graph/table interpretation; algebraic and geometric setup; units.,"I can retrieve durable calculus, algebra, graph, geometry, notation, and units learning.","AP Topics 8.9, 8.10, 8.11, 8.12",definite_integral_retrieval,numeric,,"Unit 8 Assessment Plan + AP Calculus AB Course Framework; supplied AP Topic scoring guides consulted for authentic representations and rigor only, with no published question wording copied.",
U8-S5-PS2-M03,MATH,8,8.5,practice_set_2,practice,ps2_m03,mastery,1,Definite-integral meaning; accumulation and antiderivatives; graph/table interpretation; algebraic and geometric setup; units.,"I can retrieve durable calculus, algebra, graph, geometry, notation, and units learning.","AP Topics 8.9, 8.10, 8.11, 8.12",units_retrieval,text,,"Unit 8 Assessment Plan + AP Calculus AB Course Framework; supplied AP Topic scoring guides consulted for authentic representations and rigor only, with no published question wording copied.",
U8-S5-PS2-M04,MATH,8,8.5,practice_set_2,practice,ps2_m04,mastery,1,Definite-integral meaning; accumulation and antiderivatives; graph/table interpretation; algebraic and geometric setup; units.,"I can retrieve durable calculus, algebra, graph, geometry, notation, and units learning.","AP Topics 8.9, 8.10, 8.11, 8.12",algebra_retrieval,expression,,"Unit 8 Assessment Plan + AP Calculus AB Course Framework; supplied AP Topic scoring guides consulted for authentic representations and rigor only, with no published question wording copied.",
U8-S5-PS2-M05,MATH,8,8.5,practice_set_2,practice,ps2_m05,mastery,1,Definite-integral meaning; accumulation and antiderivatives; graph/table interpretation; algebraic and geometric setup; units.,"I can retrieve durable calculus, algebra, graph, geometry, notation, and units learning.","AP Topics 8.9, 8.10, 8.11, 8.12",integral_property_retrieval,numeric,,"Unit 8 Assessment Plan + AP Calculus AB Course Framework; supplied AP Topic scoring guides consulted for authentic representations and rigor only, with no published question wording copied.",
U8-S5-PS2-M06,MATH,8,8.5,practice_set_2,practice,ps2_m06,mastery,1,Definite-integral meaning; accumulation and antiderivatives; graph/table interpretation; algebraic and geometric setup; units.,"I can retrieve durable calculus, algebra, graph, geometry, notation, and units learning.","AP Topics 8.9, 8.10, 8.11, 8.12",graph_sign_retrieval,text,,"Unit 8 Assessment Plan + AP Calculus AB Course Framework; supplied AP Topic scoring guides consulted for authentic representations and rigor only, with no published question wording copied.",
U8-S5-PS2-M07,MATH,8,8.5,practice_set_2,practice,ps2_m07,mastery,2,Definite-integral meaning; accumulation and antiderivatives; graph/table interpretation; algebraic and geometric setup; units.,"I can retrieve durable calculus, algebra, graph, geometry, notation, and units learning.","AP Topics 8.9, 8.10, 8.11, 8.12",limit_retrieval,numeric,,"Unit 8 Assessment Plan + AP Calculus AB Course Framework; supplied AP Topic scoring guides consulted for authentic representations and rigor only, with no published question wording copied.",
U8-S5-PS2-M08,MATH,8,8.5,practice_set_2,practice,ps2_m08,mastery,2,Definite-integral meaning; accumulation and antiderivatives; graph/table interpretation; algebraic and geometric setup; units.,"I can retrieve durable calculus, algebra, graph, geometry, notation, and units learning.","AP Topics 8.9, 8.10, 8.11, 8.12",derivative_relationship_retrieval,expression,,"Unit 8 Assessment Plan + AP Calculus AB Course Framework; supplied AP Topic scoring guides consulted for authentic representations and rigor only, with no published question wording copied.",
U8-S5-PS2-M09,MATH,8,8.5,practice_set_2,practice,ps2_m09,mastery,1,Definite-integral meaning; accumulation and antiderivatives; graph/table interpretation; algebraic and geometric setup; units.,"I can retrieve durable calculus, algebra, graph, geometry, notation, and units learning.","AP Topics 8.9, 8.10, 8.11, 8.12",antiderivative_retrieval,expression,,"Unit 8 Assessment Plan + AP Calculus AB Course Framework; supplied AP Topic scoring guides consulted for authentic representations and rigor only, with no published question wording copied.",
U8-S5-PS2-M10,MATH,8,8.5,practice_set_2,practice,ps2_m10,mastery,2,Definite-integral meaning; accumulation and antiderivatives; graph/table interpretation; algebraic and geometric setup; units.,"I can retrieve durable calculus, algebra, graph, geometry, notation, and units learning.","AP Topics 8.9, 8.10, 8.11, 8.12",definite_integral_retrieval,numeric,,"Unit 8 Assessment Plan + AP Calculus AB Course Framework; supplied AP Topic scoring guides consulted for authentic representations and rigor only, with no published question wording copied.",
U8-S5-PS3-C01,MATH,8,8.5,practice_set_3,practice,ps3_c01,current,1,"Set up disc and washer volume integrals about coordinate or shifted axes, making correct radius and orientation decisions.","I can measure radii from the axis of rotation, distinguish outer from inner radius, and set up disc or washer integrals about horizontal or vertical axes.","AP Topics 8.9, 8.10, 8.11, 8.12",rotation_compact,expression,,"Unit 8 Assessment Plan + AP Calculus AB Course Framework; supplied AP Topic scoring guides consulted for authentic representations and rigor only, with no published question wording copied.",Tarsia-friendly concise source.
U8-S5-PS3-C02,MATH,8,8.5,practice_set_3,practice,ps3_c02,current,1,"Set up disc and washer volume integrals about coordinate or shifted axes, making correct radius and orientation decisions.","I can measure radii from the axis of rotation, distinguish outer from inner radius, and set up disc or washer integrals about horizontal or vertical axes.","AP Topics 8.9, 8.10, 8.11, 8.12",rotation_compact,expression,,"Unit 8 Assessment Plan + AP Calculus AB Course Framework; supplied AP Topic scoring guides consulted for authentic representations and rigor only, with no published question wording copied.",Tarsia-friendly concise source.
U8-S5-PS3-C03,MATH,8,8.5,practice_set_3,practice,ps3_c03,current,1,"Set up disc and washer volume integrals about coordinate or shifted axes, making correct radius and orientation decisions.","I can measure radii from the axis of rotation, distinguish outer from inner radius, and set up disc or washer integrals about horizontal or vertical axes.","AP Topics 8.9, 8.10, 8.11, 8.12",rotation_compact,expression,,"Unit 8 Assessment Plan + AP Calculus AB Course Framework; supplied AP Topic scoring guides consulted for authentic representations and rigor only, with no published question wording copied.",Tarsia-friendly concise source.
U8-S5-PS3-C04,MATH,8,8.5,practice_set_3,practice,ps3_c04,current,1,"Set up disc and washer volume integrals about coordinate or shifted axes, making correct radius and orientation decisions.","I can measure radii from the axis of rotation, distinguish outer from inner radius, and set up disc or washer integrals about horizontal or vertical axes.","AP Topics 8.9, 8.10, 8.11, 8.12",rotation_compact,expression,,"Unit 8 Assessment Plan + AP Calculus AB Course Framework; supplied AP Topic scoring guides consulted for authentic representations and rigor only, with no published question wording copied.",Tarsia-friendly concise source.
U8-S5-PS3-C05,MATH,8,8.5,practice_set_3,practice,ps3_c05,current,1,"Set up disc and washer volume integrals about coordinate or shifted axes, making correct radius and orientation decisions.","I can measure radii from the axis of rotation, distinguish outer from inner radius, and set up disc or washer integrals about horizontal or vertical axes.","AP Topics 8.9, 8.10, 8.11, 8.12",rotation_compact,expression,,"Unit 8 Assessment Plan + AP Calculus AB Course Framework; supplied AP Topic scoring guides consulted for authentic representations and rigor only, with no published question wording copied.",Tarsia-friendly concise source.
U8-S5-PS3-L01,MATH,8,8.5,practice_set_3,practice,ps3_l01,last,1,Model volumes with known cross-sectional shapes by converting a base region into an area function and integrating over the appropriate interval.,I can retrieve and apply the most recent prerequisite learning.,"AP Topics 8.9, 8.10, 8.11, 8.12",cross_section_compact,expression,,"Unit 8 Assessment Plan + AP Calculus AB Course Framework; supplied AP Topic scoring guides consulted for authentic representations and rigor only, with no published question wording copied.",Tarsia-friendly concise source.
U8-S5-PS3-L02,MATH,8,8.5,practice_set_3,practice,ps3_l02,last,1,Model volumes with known cross-sectional shapes by converting a base region into an area function and integrating over the appropriate interval.,I can retrieve and apply the most recent prerequisite learning.,"AP Topics 8.9, 8.10, 8.11, 8.12",cross_section_compact,expression,,"Unit 8 Assessment Plan + AP Calculus AB Course Framework; supplied AP Topic scoring guides consulted for authentic representations and rigor only, with no published question wording copied.",Tarsia-friendly concise source.
U8-S5-PS3-L03,MATH,8,8.5,practice_set_3,practice,ps3_l03,last,1,Model volumes with known cross-sectional shapes by converting a base region into an area function and integrating over the appropriate interval.,I can retrieve and apply the most recent prerequisite learning.,"AP Topics 8.9, 8.10, 8.11, 8.12",cross_section_compact,expression,,"Unit 8 Assessment Plan + AP Calculus AB Course Framework; supplied AP Topic scoring guides consulted for authentic representations and rigor only, with no published question wording copied.",Tarsia-friendly concise source.
U8-S5-PS3-L04,MATH,8,8.5,practice_set_3,practice,ps3_l04,last,1,Model volumes with known cross-sectional shapes by converting a base region into an area function and integrating over the appropriate interval.,I can retrieve and apply the most recent prerequisite learning.,"AP Topics 8.9, 8.10, 8.11, 8.12",cross_section_compact,expression,,"Unit 8 Assessment Plan + AP Calculus AB Course Framework; supplied AP Topic scoring guides consulted for authentic representations and rigor only, with no published question wording copied.",Tarsia-friendly concise source.
U8-S5-PS3-L05,MATH,8,8.5,practice_set_3,practice,ps3_l05,last,1,Model volumes with known cross-sectional shapes by converting a base region into an area function and integrating over the appropriate interval.,I can retrieve and apply the most recent prerequisite learning.,"AP Topics 8.9, 8.10, 8.11, 8.12",cross_section_compact,expression,,"Unit 8 Assessment Plan + AP Calculus AB Course Framework; supplied AP Topic scoring guides consulted for authentic representations and rigor only, with no published question wording copied.",Tarsia-friendly concise source.
U8-S5-PS3-M01,MATH,8,8.5,practice_set_3,practice,ps3_m01,mastery,2,Definite-integral meaning; accumulation and antiderivatives; graph/table interpretation; algebraic and geometric setup; units.,"I can retrieve durable calculus, algebra, graph, geometry, notation, and units learning.","AP Topics 8.9, 8.10, 8.11, 8.12",derivative_relationship_retrieval,expression,,"Unit 8 Assessment Plan + AP Calculus AB Course Framework; supplied AP Topic scoring guides consulted for authentic representations and rigor only, with no published question wording copied.",Tarsia-friendly concise source.
U8-S5-PS3-M02,MATH,8,8.5,practice_set_3,practice,ps3_m02,mastery,1,Definite-integral meaning; accumulation and antiderivatives; graph/table interpretation; algebraic and geometric setup; units.,"I can retrieve durable calculus, algebra, graph, geometry, notation, and units learning.","AP Topics 8.9, 8.10, 8.11, 8.12",antiderivative_retrieval,expression,,"Unit 8 Assessment Plan + AP Calculus AB Course Framework; supplied AP Topic scoring guides consulted for authentic representations and rigor only, with no published question wording copied.",Tarsia-friendly concise source.
U8-S5-PS3-M03,MATH,8,8.5,practice_set_3,practice,ps3_m03,mastery,2,Definite-integral meaning; accumulation and antiderivatives; graph/table interpretation; algebraic and geometric setup; units.,"I can retrieve durable calculus, algebra, graph, geometry, notation, and units learning.","AP Topics 8.9, 8.10, 8.11, 8.12",definite_integral_retrieval,numeric,,"Unit 8 Assessment Plan + AP Calculus AB Course Framework; supplied AP Topic scoring guides consulted for authentic representations and rigor only, with no published question wording copied.",Tarsia-friendly concise source.
U8-S5-PS3-M04,MATH,8,8.5,practice_set_3,practice,ps3_m04,mastery,1,Definite-integral meaning; accumulation and antiderivatives; graph/table interpretation; algebraic and geometric setup; units.,"I can retrieve durable calculus, algebra, graph, geometry, notation, and units learning.","AP Topics 8.9, 8.10, 8.11, 8.12",units_retrieval,text,,"Unit 8 Assessment Plan + AP Calculus AB Course Framework; supplied AP Topic scoring guides consulted for authentic representations and rigor only, with no published question wording copied.",Tarsia-friendly concise source.
U8-S5-PS3-M05,MATH,8,8.5,practice_set_3,practice,ps3_m05,mastery,1,Definite-integral meaning; accumulation and antiderivatives; graph/table interpretation; algebraic and geometric setup; units.,"I can retrieve durable calculus, algebra, graph, geometry, notation, and units learning.","AP Topics 8.9, 8.10, 8.11, 8.12",algebra_retrieval,expression,,"Unit 8 Assessment Plan + AP Calculus AB Course Framework; supplied AP Topic scoring guides consulted for authentic representations and rigor only, with no published question wording copied.",Tarsia-friendly concise source.
U8-S5-PS3-M06,MATH,8,8.5,practice_set_3,practice,ps3_m06,mastery,1,Definite-integral meaning; accumulation and antiderivatives; graph/table interpretation; algebraic and geometric setup; units.,"I can retrieve durable calculus, algebra, graph, geometry, notation, and units learning.","AP Topics 8.9, 8.10, 8.11, 8.12",integral_property_retrieval,numeric,,"Unit 8 Assessment Plan + AP Calculus AB Course Framework; supplied AP Topic scoring guides consulted for authentic representations and rigor only, with no published question wording copied.",Tarsia-friendly concise source.
U8-S5-PS3-M07,MATH,8,8.5,practice_set_3,practice,ps3_m07,mastery,1,Definite-integral meaning; accumulation and antiderivatives; graph/table interpretation; algebraic and geometric setup; units.,"I can retrieve durable calculus, algebra, graph, geometry, notation, and units learning.","AP Topics 8.9, 8.10, 8.11, 8.12",graph_sign_retrieval,text,,"Unit 8 Assessment Plan + AP Calculus AB Course Framework; supplied AP Topic scoring guides consulted for authentic representations and rigor only, with no published question wording copied.",Tarsia-friendly concise source.
U8-S5-PS3-M08,MATH,8,8.5,practice_set_3,practice,ps3_m08,mastery,2,Definite-integral meaning; accumulation and antiderivatives; graph/table interpretation; algebraic and geometric setup; units.,"I can retrieve durable calculus, algebra, graph, geometry, notation, and units learning.","AP Topics 8.9, 8.10, 8.11, 8.12",limit_retrieval,numeric,,"Unit 8 Assessment Plan + AP Calculus AB Course Framework; supplied AP Topic scoring guides consulted for authentic representations and rigor only, with no published question wording copied.",Tarsia-friendly concise source.
U8-S5-PS3-M09,MATH,8,8.5,practice_set_3,practice,ps3_m09,mastery,2,Definite-integral meaning; accumulation and antiderivatives; graph/table interpretation; algebraic and geometric setup; units.,"I can retrieve durable calculus, algebra, graph, geometry, notation, and units learning.","AP Topics 8.9, 8.10, 8.11, 8.12",derivative_relationship_retrieval,expression,,"Unit 8 Assessment Plan + AP Calculus AB Course Framework; supplied AP Topic scoring guides consulted for authentic representations and rigor only, with no published question wording copied.",Tarsia-friendly concise source.
U8-S5-PS3-M10,MATH,8,8.5,practice_set_3,practice,ps3_m10,mastery,1,Definite-integral meaning; accumulation and antiderivatives; graph/table interpretation; algebraic and geometric setup; units.,"I can retrieve durable calculus, algebra, graph, geometry, notation, and units learning.","AP Topics 8.9, 8.10, 8.11, 8.12",antiderivative_retrieval,expression,,"Unit 8 Assessment Plan + AP Calculus AB Course Framework; supplied AP Topic scoring guides consulted for authentic representations and rigor only, with no published question wording copied.",Tarsia-friendly concise source.
U8-S5-XP-C01,MATH,8,8.5,extra_practice,practice,xp_c01,current,2,"Set up disc and washer volume integrals about coordinate or shifted axes, making correct radius and orientation decisions.","I can measure radii from the axis of rotation, distinguish outer from inner radius, and set up disc or washer integrals about horizontal or vertical axes.","AP Topics 8.9, 8.10, 8.11, 8.12",rotation_graph_setup,expression,u8_s5_xp_c01_rotation_region.png,"Unit 8 Assessment Plan + AP Calculus AB Course Framework; supplied AP Topic scoring guides consulted for authentic representations and rigor only, with no published question wording copied.",
U8-S5-XP-C02,MATH,8,8.5,extra_practice,practice,xp_c02,current,3,"Set up disc and washer volume integrals about coordinate or shifted axes, making correct radius and orientation decisions.","I can measure radii from the axis of rotation, distinguish outer from inner radius, and set up disc or washer integrals about horizontal or vertical axes.","AP Topics 8.9, 8.10, 8.11, 8.12",washer_order_critique,constructed_response,,"Unit 8 Assessment Plan + AP Calculus AB Course Framework; supplied AP Topic scoring guides consulted for authentic representations and rigor only, with no published question wording copied.",
U8-S5-XP-C03,MATH,8,8.5,extra_practice,practice,xp_c03,current,2,"Set up disc and washer volume integrals about coordinate or shifted axes, making correct radius and orientation decisions.","I can measure radii from the axis of rotation, distinguish outer from inner radius, and set up disc or washer integrals about horizontal or vertical axes.","AP Topics 8.9, 8.10, 8.11, 8.12",disc_shifted_axis,numeric,,"Unit 8 Assessment Plan + AP Calculus AB Course Framework; supplied AP Topic scoring guides consulted for authentic representations and rigor only, with no published question wording copied.",
U8-S5-XP-C04,MATH,8,8.5,extra_practice,practice,xp_c04,current,2,"Set up disc and washer volume integrals about coordinate or shifted axes, making correct radius and orientation decisions.","I can measure radii from the axis of rotation, distinguish outer from inner radius, and set up disc or washer integrals about horizontal or vertical axes.","AP Topics 8.9, 8.10, 8.11, 8.12",washer_horizontal,numeric,,"Unit 8 Assessment Plan + AP Calculus AB Course Framework; supplied AP Topic scoring guides consulted for authentic representations and rigor only, with no published question wording copied.",
U8-S5-XP-C05,MATH,8,8.5,extra_practice,practice,xp_c05,current,2,"Set up disc and washer volume integrals about coordinate or shifted axes, making correct radius and orientation decisions.","I can measure radii from the axis of rotation, distinguish outer from inner radius, and set up disc or washer integrals about horizontal or vertical axes.","AP Topics 8.9, 8.10, 8.11, 8.12",washer_vertical,numeric,,"Unit 8 Assessment Plan + AP Calculus AB Course Framework; supplied AP Topic scoring guides consulted for authentic representations and rigor only, with no published question wording copied.",
U8-S5-XP-L01,MATH,8,8.5,extra_practice,practice,xp_l01,last,2,Model volumes with known cross-sectional shapes by converting a base region into an area function and integrating over the appropriate interval.,I can retrieve and apply the most recent prerequisite learning.,"AP Topics 8.9, 8.10, 8.11, 8.12",cross_section_semicircle,numeric,,"Unit 8 Assessment Plan + AP Calculus AB Course Framework; supplied AP Topic scoring guides consulted for authentic representations and rigor only, with no published question wording copied.",
U8-S5-XP-L02,MATH,8,8.5,extra_practice,practice,xp_l02,last,2,Model volumes with known cross-sectional shapes by converting a base region into an area function and integrating over the appropriate interval.,I can retrieve and apply the most recent prerequisite learning.,"AP Topics 8.9, 8.10, 8.11, 8.12",cross_section_rectangle,numeric,,"Unit 8 Assessment Plan + AP Calculus AB Course Framework; supplied AP Topic scoring guides consulted for authentic representations and rigor only, with no published question wording copied.",
U8-S5-XP-L03,MATH,8,8.5,extra_practice,practice,xp_l03,last,2,Model volumes with known cross-sectional shapes by converting a base region into an area function and integrating over the appropriate interval.,I can retrieve and apply the most recent prerequisite learning.,"AP Topics 8.9, 8.10, 8.11, 8.12",cross_section_triangle,expression,,"Unit 8 Assessment Plan + AP Calculus AB Course Framework; supplied AP Topic scoring guides consulted for authentic representations and rigor only, with no published question wording copied.",
U8-S5-XP-L04,MATH,8,8.5,extra_practice,practice,xp_l04,last,2,Model volumes with known cross-sectional shapes by converting a base region into an area function and integrating over the appropriate interval.,I can retrieve and apply the most recent prerequisite learning.,"AP Topics 8.9, 8.10, 8.11, 8.12",cross_section_graph_setup,expression,u8_s5_xp_l04_base_region.png,"Unit 8 Assessment Plan + AP Calculus AB Course Framework; supplied AP Topic scoring guides consulted for authentic representations and rigor only, with no published question wording copied.",
U8-S5-XP-L05,MATH,8,8.5,extra_practice,practice,xp_l05,last,3,Model volumes with known cross-sectional shapes by converting a base region into an area function and integrating over the appropriate interval.,I can retrieve and apply the most recent prerequisite learning.,"AP Topics 8.9, 8.10, 8.11, 8.12",cross_section_model_critique,constructed_response,,"Unit 8 Assessment Plan + AP Calculus AB Course Framework; supplied AP Topic scoring guides consulted for authentic representations and rigor only, with no published question wording copied.",
U8-S5-XP-M01,MATH,8,8.5,extra_practice,practice,xp_m01,mastery,2,Definite-integral meaning; accumulation and antiderivatives; graph/table interpretation; algebraic and geometric setup; units.,"I can retrieve durable calculus, algebra, graph, geometry, notation, and units learning.","AP Topics 8.9, 8.10, 8.11, 8.12",limit_retrieval,numeric,,"Unit 8 Assessment Plan + AP Calculus AB Course Framework; supplied AP Topic scoring guides consulted for authentic representations and rigor only, with no published question wording copied.",
U8-S5-XP-M02,MATH,8,8.5,extra_practice,practice,xp_m02,mastery,2,Definite-integral meaning; accumulation and antiderivatives; graph/table interpretation; algebraic and geometric setup; units.,"I can retrieve durable calculus, algebra, graph, geometry, notation, and units learning.","AP Topics 8.9, 8.10, 8.11, 8.12",derivative_relationship_retrieval,expression,,"Unit 8 Assessment Plan + AP Calculus AB Course Framework; supplied AP Topic scoring guides consulted for authentic representations and rigor only, with no published question wording copied.",
U8-S5-XP-M03,MATH,8,8.5,extra_practice,practice,xp_m03,mastery,1,Definite-integral meaning; accumulation and antiderivatives; graph/table interpretation; algebraic and geometric setup; units.,"I can retrieve durable calculus, algebra, graph, geometry, notation, and units learning.","AP Topics 8.9, 8.10, 8.11, 8.12",antiderivative_retrieval,expression,,"Unit 8 Assessment Plan + AP Calculus AB Course Framework; supplied AP Topic scoring guides consulted for authentic representations and rigor only, with no published question wording copied.",
U8-S5-XP-M04,MATH,8,8.5,extra_practice,practice,xp_m04,mastery,2,Definite-integral meaning; accumulation and antiderivatives; graph/table interpretation; algebraic and geometric setup; units.,"I can retrieve durable calculus, algebra, graph, geometry, notation, and units learning.","AP Topics 8.9, 8.10, 8.11, 8.12",definite_integral_retrieval,numeric,,"Unit 8 Assessment Plan + AP Calculus AB Course Framework; supplied AP Topic scoring guides consulted for authentic representations and rigor only, with no published question wording copied.",
U8-S5-XP-M05,MATH,8,8.5,extra_practice,practice,xp_m05,mastery,1,Definite-integral meaning; accumulation and antiderivatives; graph/table interpretation; algebraic and geometric setup; units.,"I can retrieve durable calculus, algebra, graph, geometry, notation, and units learning.","AP Topics 8.9, 8.10, 8.11, 8.12",units_retrieval,text,,"Unit 8 Assessment Plan + AP Calculus AB Course Framework; supplied AP Topic scoring guides consulted for authentic representations and rigor only, with no published question wording copied.",
U8-S5-XP-M06,MATH,8,8.5,extra_practice,practice,xp_m06,mastery,1,Definite-integral meaning; accumulation and antiderivatives; graph/table interpretation; algebraic and geometric setup; units.,"I can retrieve durable calculus, algebra, graph, geometry, notation, and units learning.","AP Topics 8.9, 8.10, 8.11, 8.12",algebra_retrieval,expression,,"Unit 8 Assessment Plan + AP Calculus AB Course Framework; supplied AP Topic scoring guides consulted for authentic representations and rigor only, with no published question wording copied.",
U8-S5-XP-M07,MATH,8,8.5,extra_practice,practice,xp_m07,mastery,1,Definite-integral meaning; accumulation and antiderivatives; graph/table interpretation; algebraic and geometric setup; units.,"I can retrieve durable calculus, algebra, graph, geometry, notation, and units learning.","AP Topics 8.9, 8.10, 8.11, 8.12",integral_property_retrieval,numeric,,"Unit 8 Assessment Plan + AP Calculus AB Course Framework; supplied AP Topic scoring guides consulted for authentic representations and rigor only, with no published question wording copied.",
U8-S5-XP-M08,MATH,8,8.5,extra_practice,practice,xp_m08,mastery,1,Definite-integral meaning; accumulation and antiderivatives; graph/table interpretation; algebraic and geometric setup; units.,"I can retrieve durable calculus, algebra, graph, geometry, notation, and units learning.","AP Topics 8.9, 8.10, 8.11, 8.12",graph_sign_retrieval,text,,"Unit 8 Assessment Plan + AP Calculus AB Course Framework; supplied AP Topic scoring guides consulted for authentic representations and rigor only, with no published question wording copied.",
U8-S5-XP-M09,MATH,8,8.5,extra_practice,practice,xp_m09,mastery,2,Definite-integral meaning; accumulation and antiderivatives; graph/table interpretation; algebraic and geometric setup; units.,"I can retrieve durable calculus, algebra, graph, geometry, notation, and units learning.","AP Topics 8.9, 8.10, 8.11, 8.12",limit_retrieval,numeric,,"Unit 8 Assessment Plan + AP Calculus AB Course Framework; supplied AP Topic scoring guides consulted for authentic representations and rigor only, with no published question wording copied.",
U8-S5-XP-M10,MATH,8,8.5,extra_practice,practice,xp_m10,mastery,2,Definite-integral meaning; accumulation and antiderivatives; graph/table interpretation; algebraic and geometric setup; units.,"I can retrieve durable calculus, algebra, graph, geometry, notation, and units learning.","AP Topics 8.9, 8.10, 8.11, 8.12",derivative_relationship_retrieval,expression,,"Unit 8 Assessment Plan + AP Calculus AB Course Framework; supplied AP Topic scoring guides consulted for authentic representations and rigor only, with no published question wording copied.",
U8-S1-CYU-C01,MATH,8,8.1,cyu,cyu,c01,current,2,"Use definite integrals to determine average value and net change, and distinguish average value from average rate of change in contextual situations.","I can compute and interpret average value, use a rate function to determine net change, and distinguish those quantities from average rate of change.","AP Topics 8.1, 8.3",net_change,numeric,,"Unit 8 Assessment Plan + AP Calculus AB Course Framework; supplied AP Topic scoring guides consulted for authentic representations and rigor only, with no published question wording copied.",
U8-S1-CYU-C02,MATH,8,8.1,cyu,cyu,c02,current,2,"Use definite integrals to determine average value and net change, and distinguish average value from average rate of change in contextual situations.","I can compute and interpret average value, use a rate function to determine net change, and distinguish those quantities from average rate of change.","AP Topics 8.1, 8.3",average_value_vs_aroc,constructed_response,,"Unit 8 Assessment Plan + AP Calculus AB Course Framework; supplied AP Topic scoring guides consulted for authentic representations and rigor only, with no published question wording copied.",
U8-S1-CYU-L01,MATH,8,8.1,cyu,cyu,l01,last,2,Model and interpret exponential growth and decay from differential equations in contextual situations.,I can retrieve recent learning.,"AP Topics 8.1, 8.3",half_life_retrieval,expression,,"Unit 8 Assessment Plan + AP Calculus AB Course Framework; supplied AP Topic scoring guides consulted for authentic representations and rigor only, with no published question wording copied.",
U8-S1-CYU-L02,MATH,8,8.1,cyu,cyu,l02,last,2,Model and interpret exponential growth and decay from differential equations in contextual situations.,I can retrieve recent learning.,"AP Topics 8.1, 8.3",exp_model_retrieval,expression,,"Unit 8 Assessment Plan + AP Calculus AB Course Framework; supplied AP Topic scoring guides consulted for authentic representations and rigor only, with no published question wording copied.",
U8-S1-CYU-M01,MATH,8,8.1,cyu,cyu,m01,mastery,2,Definite-integral meaning; accumulation and antiderivatives; graph/table interpretation; algebraic and geometric setup; units.,I can retrieve durable prerequisite learning.,"AP Topics 8.1, 8.3",limit_retrieval,numeric,,"Unit 8 Assessment Plan + AP Calculus AB Course Framework; supplied AP Topic scoring guides consulted for authentic representations and rigor only, with no published question wording copied.",
U8-S1-CYU-M02,MATH,8,8.1,cyu,cyu,m02,mastery,2,Definite-integral meaning; accumulation and antiderivatives; graph/table interpretation; algebraic and geometric setup; units.,I can retrieve durable prerequisite learning.,"AP Topics 8.1, 8.3",derivative_relationship_retrieval,expression,,"Unit 8 Assessment Plan + AP Calculus AB Course Framework; supplied AP Topic scoring guides consulted for authentic representations and rigor only, with no published question wording copied.",
U8-S1-WU1-C01,MATH,8,8.1,warm_up_1,warm_up,wu1_c01,current,3,"Use definite integrals to determine average value and net change, and distinguish average value from average rate of change in contextual situations.","I can compute and interpret average value, use a rate function to determine net change, and distinguish those quantities from average rate of change.","AP Topics 8.1, 8.3",average_value_critique,constructed_response,,"Unit 8 Assessment Plan + AP Calculus AB Course Framework; supplied AP Topic scoring guides consulted for authentic representations and rigor only, with no published question wording copied.",
U8-S1-WU1-L01,MATH,8,8.1,warm_up_1,warm_up,wu1_l01,last,1,Model and interpret exponential growth and decay from differential equations in contextual situations.,I can retrieve recent learning.,"AP Topics 8.1, 8.3",exp_de_retrieval,expression,,"Unit 8 Assessment Plan + AP Calculus AB Course Framework; supplied AP Topic scoring guides consulted for authentic representations and rigor only, with no published question wording copied.",
U8-S1-WU1-M01,MATH,8,8.1,warm_up_1,warm_up,wu1_m01,mastery,1,Definite-integral meaning; accumulation and antiderivatives; graph/table interpretation; algebraic and geometric setup; units.,I can retrieve durable prerequisite learning.,"AP Topics 8.1, 8.3",antiderivative_retrieval,expression,,"Unit 8 Assessment Plan + AP Calculus AB Course Framework; supplied AP Topic scoring guides consulted for authentic representations and rigor only, with no published question wording copied.",
U8-S1-WU2-C01,MATH,8,8.1,warm_up_2,warm_up,wu2_c01,current,2,"Use definite integrals to determine average value and net change, and distinguish average value from average rate of change in contextual situations.","I can compute and interpret average value, use a rate function to determine net change, and distinguish those quantities from average rate of change.","AP Topics 8.1, 8.3",net_change_table,numeric,,"Unit 8 Assessment Plan + AP Calculus AB Course Framework; supplied AP Topic scoring guides consulted for authentic representations and rigor only, with no published question wording copied.",
U8-S1-WU2-L01,MATH,8,8.1,warm_up_2,warm_up,wu2_l01,last,1,Model and interpret exponential growth and decay from differential equations in contextual situations.,I can retrieve recent learning.,"AP Topics 8.1, 8.3",exp_de_retrieval,expression,,"Unit 8 Assessment Plan + AP Calculus AB Course Framework; supplied AP Topic scoring guides consulted for authentic representations and rigor only, with no published question wording copied.",
U8-S1-WU2-M01,MATH,8,8.1,warm_up_2,warm_up,wu2_m01,mastery,1,Definite-integral meaning; accumulation and antiderivatives; graph/table interpretation; algebraic and geometric setup; units.,I can retrieve durable prerequisite learning.,"AP Topics 8.1, 8.3",graph_sign_retrieval,text,,"Unit 8 Assessment Plan + AP Calculus AB Course Framework; supplied AP Topic scoring guides consulted for authentic representations and rigor only, with no published question wording copied.",
U8-S1-WU3-C01,MATH,8,8.1,warm_up_3,warm_up,wu3_c01,current,2,"Use definite integrals to determine average value and net change, and distinguish average value from average rate of change in contextual situations.","I can compute and interpret average value, use a rate function to determine net change, and distinguish those quantities from average rate of change.","AP Topics 8.1, 8.3",initial_plus_net_change,numeric,,"Unit 8 Assessment Plan + AP Calculus AB Course Framework; supplied AP Topic scoring guides consulted for authentic representations and rigor only, with no published question wording copied.",
U8-S1-WU3-L01,MATH,8,8.1,warm_up_3,warm_up,wu3_l01,last,1,Model and interpret exponential growth and decay from differential equations in contextual situations.,I can retrieve recent learning.,"AP Topics 8.1, 8.3",exp_de_retrieval,expression,,"Unit 8 Assessment Plan + AP Calculus AB Course Framework; supplied AP Topic scoring guides consulted for authentic representations and rigor only, with no published question wording copied.",
U8-S1-WU3-M01,MATH,8,8.1,warm_up_3,warm_up,wu3_m01,mastery,1,Definite-integral meaning; accumulation and antiderivatives; graph/table interpretation; algebraic and geometric setup; units.,I can retrieve durable prerequisite learning.,"AP Topics 8.1, 8.3",units_retrieval,text,,"Unit 8 Assessment Plan + AP Calculus AB Course Framework; supplied AP Topic scoring guides consulted for authentic representations and rigor only, with no published question wording copied.",
U8-S1-ET-A-C01,MATH,8,8.1,exit_ticket_a,exit_ticket,et_a_c01,current,2,"Use definite integrals to determine average value and net change, and distinguish average value from average rate of change in contextual situations.","I can compute and interpret average value, use a rate function to determine net change, and distinguish those quantities from average rate of change.","AP Topics 8.1, 8.3",net_change_table,numeric,,"Unit 8 Assessment Plan + AP Calculus AB Course Framework; supplied AP Topic scoring guides consulted for authentic representations and rigor only, with no published question wording copied.",
U8-S1-ET-A-C02,MATH,8,8.1,exit_ticket_a,exit_ticket,et_a_c02,current,3,"Use definite integrals to determine average value and net change, and distinguish average value from average rate of change in contextual situations.","I can compute and interpret average value, use a rate function to determine net change, and distinguish those quantities from average rate of change.","AP Topics 8.1, 8.3",average_value_critique,constructed_response,,"Unit 8 Assessment Plan + AP Calculus AB Course Framework; supplied AP Topic scoring guides consulted for authentic representations and rigor only, with no published question wording copied.",
U8-S1-ET-A-L01,MATH,8,8.1,exit_ticket_a,exit_ticket,et_a_l01,last,2,Model and interpret exponential growth and decay from differential equations in contextual situations.,I can retrieve recent learning.,"AP Topics 8.1, 8.3",exp_model_retrieval,expression,,"Unit 8 Assessment Plan + AP Calculus AB Course Framework; supplied AP Topic scoring guides consulted for authentic representations and rigor only, with no published question wording copied.",
U8-S1-ET-A-M01,MATH,8,8.1,exit_ticket_a,exit_ticket,et_a_m01,mastery,1,Definite-integral meaning; accumulation and antiderivatives; graph/table interpretation; algebraic and geometric setup; units.,I can retrieve durable prerequisite learning.,"AP Topics 8.1, 8.3",units_retrieval,text,,"Unit 8 Assessment Plan + AP Calculus AB Course Framework; supplied AP Topic scoring guides consulted for authentic representations and rigor only, with no published question wording copied.",
U8-S1-ET-B-C01,MATH,8,8.1,exit_ticket_b,exit_ticket,et_b_c01,current,3,"Use definite integrals to determine average value and net change, and distinguish average value from average rate of change in contextual situations.","I can compute and interpret average value, use a rate function to determine net change, and distinguish those quantities from average rate of change.","AP Topics 8.1, 8.3",average_value_critique,constructed_response,,"Unit 8 Assessment Plan + AP Calculus AB Course Framework; supplied AP Topic scoring guides consulted for authentic representations and rigor only, with no published question wording copied.",
U8-S1-ET-B-C02,MATH,8,8.1,exit_ticket_b,exit_ticket,et_b_c02,current,2,"Use definite integrals to determine average value and net change, and distinguish average value from average rate of change in contextual situations.","I can compute and interpret average value, use a rate function to determine net change, and distinguish those quantities from average rate of change.","AP Topics 8.1, 8.3",average_value,numeric,,"Unit 8 Assessment Plan + AP Calculus AB Course Framework; supplied AP Topic scoring guides consulted for authentic representations and rigor only, with no published question wording copied.",
U8-S1-ET-B-L01,MATH,8,8.1,exit_ticket_b,exit_ticket,et_b_l01,last,1,Model and interpret exponential growth and decay from differential equations in contextual situations.,I can retrieve recent learning.,"AP Topics 8.1, 8.3",exp_de_retrieval,expression,,"Unit 8 Assessment Plan + AP Calculus AB Course Framework; supplied AP Topic scoring guides consulted for authentic representations and rigor only, with no published question wording copied.",
U8-S1-ET-B-M01,MATH,8,8.1,exit_ticket_b,exit_ticket,et_b_m01,mastery,2,Definite-integral meaning; accumulation and antiderivatives; graph/table interpretation; algebraic and geometric setup; units.,I can retrieve durable prerequisite learning.,"AP Topics 8.1, 8.3",derivative_relationship_retrieval,expression,,"Unit 8 Assessment Plan + AP Calculus AB Course Framework; supplied AP Topic scoring guides consulted for authentic representations and rigor only, with no published question wording copied.",
U8-S1-ET-C-C01,MATH,8,8.1,exit_ticket_c,exit_ticket,et_c_c01,current,2,"Use definite integrals to determine average value and net change, and distinguish average value from average rate of change in contextual situations.","I can compute and interpret average value, use a rate function to determine net change, and distinguish those quantities from average rate of change.","AP Topics 8.1, 8.3",average_value,numeric,,"Unit 8 Assessment Plan + AP Calculus AB Course Framework; supplied AP Topic scoring guides consulted for authentic representations and rigor only, with no published question wording copied.",
U8-S1-ET-C-C02,MATH,8,8.1,exit_ticket_c,exit_ticket,et_c_c02,current,2,"Use definite integrals to determine average value and net change, and distinguish average value from average rate of change in contextual situations.","I can compute and interpret average value, use a rate function to determine net change, and distinguish those quantities from average rate of change.","AP Topics 8.1, 8.3",net_change,numeric,,"Unit 8 Assessment Plan + AP Calculus AB Course Framework; supplied AP Topic scoring guides consulted for authentic representations and rigor only, with no published question wording copied.",
U8-S1-ET-C-L01,MATH,8,8.1,exit_ticket_c,exit_ticket,et_c_l01,last,1,Model and interpret exponential growth and decay from differential equations in contextual situations.,I can retrieve recent learning.,"AP Topics 8.1, 8.3",exp_parameter_interpretation,text,,"Unit 8 Assessment Plan + AP Calculus AB Course Framework; supplied AP Topic scoring guides consulted for authentic representations and rigor only, with no published question wording copied.",
U8-S1-ET-C-M01,MATH,8,8.1,exit_ticket_c,exit_ticket,et_c_m01,mastery,1,Definite-integral meaning; accumulation and antiderivatives; graph/table interpretation; algebraic and geometric setup; units.,I can retrieve durable prerequisite learning.,"AP Topics 8.1, 8.3",integral_property_retrieval,numeric,,"Unit 8 Assessment Plan + AP Calculus AB Course Framework; supplied AP Topic scoring guides consulted for authentic representations and rigor only, with no published question wording copied.",
U8-S2-CYU-C01,MATH,8,8.2,cyu,cyu,c01,current,2,"Use integrals to determine displacement, total distance, and position from velocity, while distinguishing velocity from speed and accounting for direction changes.",I can compute displacement and total distance from velocity and recover position from velocity with an initial condition.,AP Topic 8.2,motion_total_distance,numeric,,"Unit 8 Assessment Plan + AP Calculus AB Course Framework; supplied AP Topic scoring guides consulted for authentic representations and rigor only, with no published question wording copied.",
U8-S2-CYU-C02,MATH,8,8.2,cyu,cyu,c02,current,2,"Use integrals to determine displacement, total distance, and position from velocity, while distinguishing velocity from speed and accounting for direction changes.",I can compute displacement and total distance from velocity and recover position from velocity with an initial condition.,AP Topic 8.2,motion_position,numeric,,"Unit 8 Assessment Plan + AP Calculus AB Course Framework; supplied AP Topic scoring guides consulted for authentic representations and rigor only, with no published question wording copied.",
U8-S2-CYU-L01,MATH,8,8.2,cyu,cyu,l01,last,3,"Use definite integrals to determine average value and net change, and distinguish average value from average rate of change in contextual situations.",I can retrieve recent learning.,AP Topic 8.2,average_value_critique,constructed_response,,"Unit 8 Assessment Plan + AP Calculus AB Course Framework; supplied AP Topic scoring guides consulted for authentic representations and rigor only, with no published question wording copied.",
U8-S2-CYU-L02,MATH,8,8.2,cyu,cyu,l02,last,2,"Use definite integrals to determine average value and net change, and distinguish average value from average rate of change in contextual situations.",I can retrieve recent learning.,AP Topic 8.2,average_value,numeric,,"Unit 8 Assessment Plan + AP Calculus AB Course Framework; supplied AP Topic scoring guides consulted for authentic representations and rigor only, with no published question wording copied.",
U8-S2-CYU-M01,MATH,8,8.2,cyu,cyu,m01,mastery,2,Definite-integral meaning; accumulation and antiderivatives; graph/table interpretation; algebraic and geometric setup; units.,I can retrieve durable prerequisite learning.,AP Topic 8.2,limit_retrieval,numeric,,"Unit 8 Assessment Plan + AP Calculus AB Course Framework; supplied AP Topic scoring guides consulted for authentic representations and rigor only, with no published question wording copied.",
U8-S2-CYU-M02,MATH,8,8.2,cyu,cyu,m02,mastery,2,Definite-integral meaning; accumulation and antiderivatives; graph/table interpretation; algebraic and geometric setup; units.,I can retrieve durable prerequisite learning.,AP Topic 8.2,derivative_relationship_retrieval,expression,,"Unit 8 Assessment Plan + AP Calculus AB Course Framework; supplied AP Topic scoring guides consulted for authentic representations and rigor only, with no published question wording copied.",
U8-S2-WU1-C01,MATH,8,8.2,warm_up_1,warm_up,wu1_c01,current,3,"Use integrals to determine displacement, total distance, and position from velocity, while distinguishing velocity from speed and accounting for direction changes.",I can compute displacement and total distance from velocity and recover position from velocity with an initial condition.,AP Topic 8.2,motion_strategy_critique,constructed_response,,"Unit 8 Assessment Plan + AP Calculus AB Course Framework; supplied AP Topic scoring guides consulted for authentic representations and rigor only, with no published question wording copied.",
U8-S2-WU1-L01,MATH,8,8.2,warm_up_1,warm_up,wu1_l01,last,2,"Use definite integrals to determine average value and net change, and distinguish average value from average rate of change in contextual situations.",I can retrieve recent learning.,AP Topic 8.2,initial_plus_net_change,numeric,,"Unit 8 Assessment Plan + AP Calculus AB Course Framework; supplied AP Topic scoring guides consulted for authentic representations and rigor only, with no published question wording copied.",
U8-S2-WU1-M01,MATH,8,8.2,warm_up_1,warm_up,wu1_m01,mastery,1,Definite-integral meaning; accumulation and antiderivatives; graph/table interpretation; algebraic and geometric setup; units.,I can retrieve durable prerequisite learning.,AP Topic 8.2,antiderivative_retrieval,expression,,"Unit 8 Assessment Plan + AP Calculus AB Course Framework; supplied AP Topic scoring guides consulted for authentic representations and rigor only, with no published question wording copied.",
U8-S2-WU2-C01,MATH,8,8.2,warm_up_2,warm_up,wu2_c01,current,2,"Use integrals to determine displacement, total distance, and position from velocity, while distinguishing velocity from speed and accounting for direction changes.",I can compute displacement and total distance from velocity and recover position from velocity with an initial condition.,AP Topic 8.2,motion_velocity_graph,numeric,u8_s2_wu2_c01_velocity_graph.png,"Unit 8 Assessment Plan + AP Calculus AB Course Framework; supplied AP Topic scoring guides consulted for authentic representations and rigor only, with no published question wording copied.",
U8-S2-WU2-L01,MATH,8,8.2,warm_up_2,warm_up,wu2_l01,last,2,"Use definite integrals to determine average value and net change, and distinguish average value from average rate of change in contextual situations.",I can retrieve recent learning.,AP Topic 8.2,average_value_vs_aroc,constructed_response,,"Unit 8 Assessment Plan + AP Calculus AB Course Framework; supplied AP Topic scoring guides consulted for authentic representations and rigor only, with no published question wording copied.",
U8-S2-WU2-M01,MATH,8,8.2,warm_up_2,warm_up,wu2_m01,mastery,1,Definite-integral meaning; accumulation and antiderivatives; graph/table interpretation; algebraic and geometric setup; units.,I can retrieve durable prerequisite learning.,AP Topic 8.2,graph_sign_retrieval,text,,"Unit 8 Assessment Plan + AP Calculus AB Course Framework; supplied AP Topic scoring guides consulted for authentic representations and rigor only, with no published question wording copied.",
U8-S2-WU3-C01,MATH,8,8.2,warm_up_3,warm_up,wu3_c01,current,2,"Use integrals to determine displacement, total distance, and position from velocity, while distinguishing velocity from speed and accounting for direction changes.",I can compute displacement and total distance from velocity and recover position from velocity with an initial condition.,AP Topic 8.2,motion_compare_quantities,constructed_response,,"Unit 8 Assessment Plan + AP Calculus AB Course Framework; supplied AP Topic scoring guides consulted for authentic representations and rigor only, with no published question wording copied.",
U8-S2-WU3-L01,MATH,8,8.2,warm_up_3,warm_up,wu3_l01,last,2,"Use definite integrals to determine average value and net change, and distinguish average value from average rate of change in contextual situations.",I can retrieve recent learning.,AP Topic 8.2,net_change,numeric,,"Unit 8 Assessment Plan + AP Calculus AB Course Framework; supplied AP Topic scoring guides consulted for authentic representations and rigor only, with no published question wording copied.",
U8-S2-WU3-M01,MATH,8,8.2,warm_up_3,warm_up,wu3_m01,mastery,1,Definite-integral meaning; accumulation and antiderivatives; graph/table interpretation; algebraic and geometric setup; units.,I can retrieve durable prerequisite learning.,AP Topic 8.2,units_retrieval,text,,"Unit 8 Assessment Plan + AP Calculus AB Course Framework; supplied AP Topic scoring guides consulted for authentic representations and rigor only, with no published question wording copied.",
U8-S2-ET-A-C01,MATH,8,8.2,exit_ticket_a,exit_ticket,et_a_c01,current,2,"Use integrals to determine displacement, total distance, and position from velocity, while distinguishing velocity from speed and accounting for direction changes.",I can compute displacement and total distance from velocity and recover position from velocity with an initial condition.,AP Topic 8.2,motion_velocity_graph,numeric,u8_s2_et_a_c01_velocity_graph.png,"Unit 8 Assessment Plan + AP Calculus AB Course Framework; supplied AP Topic scoring guides consulted for authentic representations and rigor only, with no published question wording copied.",
U8-S2-ET-A-C02,MATH,8,8.2,exit_ticket_a,exit_ticket,et_a_c02,current,3,"Use integrals to determine displacement, total distance, and position from velocity, while distinguishing velocity from speed and accounting for direction changes.",I can compute displacement and total distance from velocity and recover position from velocity with an initial condition.,AP Topic 8.2,motion_strategy_critique,constructed_response,,"Unit 8 Assessment Plan + AP Calculus AB Course Framework; supplied AP Topic scoring guides consulted for authentic representations and rigor only, with no published question wording copied.",
U8-S2-ET-A-L01,MATH,8,8.2,exit_ticket_a,exit_ticket,et_a_l01,last,2,"Use definite integrals to determine average value and net change, and distinguish average value from average rate of change in contextual situations.",I can retrieve recent learning.,AP Topic 8.2,average_value,numeric,,"Unit 8 Assessment Plan + AP Calculus AB Course Framework; supplied AP Topic scoring guides consulted for authentic representations and rigor only, with no published question wording copied.",
U8-S2-ET-A-M01,MATH,8,8.2,exit_ticket_a,exit_ticket,et_a_m01,mastery,1,Definite-integral meaning; accumulation and antiderivatives; graph/table interpretation; algebraic and geometric setup; units.,I can retrieve durable prerequisite learning.,AP Topic 8.2,units_retrieval,text,,"Unit 8 Assessment Plan + AP Calculus AB Course Framework; supplied AP Topic scoring guides consulted for authentic representations and rigor only, with no published question wording copied.",
U8-S2-ET-B-C01,MATH,8,8.2,exit_ticket_b,exit_ticket,et_b_c01,current,3,"Use integrals to determine displacement, total distance, and position from velocity, while distinguishing velocity from speed and accounting for direction changes.",I can compute displacement and total distance from velocity and recover position from velocity with an initial condition.,AP Topic 8.2,motion_strategy_critique,constructed_response,,"Unit 8 Assessment Plan + AP Calculus AB Course Framework; supplied AP Topic scoring guides consulted for authentic representations and rigor only, with no published question wording copied.",
U8-S2-ET-B-C02,MATH,8,8.2,exit_ticket_b,exit_ticket,et_b_c02,current,2,"Use integrals to determine displacement, total distance, and position from velocity, while distinguishing velocity from speed and accounting for direction changes.",I can compute displacement and total distance from velocity and recover position from velocity with an initial condition.,AP Topic 8.2,motion_displacement,numeric,,"Unit 8 Assessment Plan + AP Calculus AB Course Framework; supplied AP Topic scoring guides consulted for authentic representations and rigor only, with no published question wording copied.",
U8-S2-ET-B-L01,MATH,8,8.2,exit_ticket_b,exit_ticket,et_b_l01,last,2,"Use definite integrals to determine average value and net change, and distinguish average value from average rate of change in contextual situations.",I can retrieve recent learning.,AP Topic 8.2,net_change,numeric,,"Unit 8 Assessment Plan + AP Calculus AB Course Framework; supplied AP Topic scoring guides consulted for authentic representations and rigor only, with no published question wording copied.",
U8-S2-ET-B-M01,MATH,8,8.2,exit_ticket_b,exit_ticket,et_b_m01,mastery,2,Definite-integral meaning; accumulation and antiderivatives; graph/table interpretation; algebraic and geometric setup; units.,I can retrieve durable prerequisite learning.,AP Topic 8.2,derivative_relationship_retrieval,expression,,"Unit 8 Assessment Plan + AP Calculus AB Course Framework; supplied AP Topic scoring guides consulted for authentic representations and rigor only, with no published question wording copied.",
U8-S2-ET-C-C01,MATH,8,8.2,exit_ticket_c,exit_ticket,et_c_c01,current,2,"Use integrals to determine displacement, total distance, and position from velocity, while distinguishing velocity from speed and accounting for direction changes.",I can compute displacement and total distance from velocity and recover position from velocity with an initial condition.,AP Topic 8.2,motion_displacement,numeric,,"Unit 8 Assessment Plan + AP Calculus AB Course Framework; supplied AP Topic scoring guides consulted for authentic representations and rigor only, with no published question wording copied.",
U8-S2-ET-C-C02,MATH,8,8.2,exit_ticket_c,exit_ticket,et_c_c02,current,2,"Use integrals to determine displacement, total distance, and position from velocity, while distinguishing velocity from speed and accounting for direction changes.",I can compute displacement and total distance from velocity and recover position from velocity with an initial condition.,AP Topic 8.2,motion_total_distance,numeric,,"Unit 8 Assessment Plan + AP Calculus AB Course Framework; supplied AP Topic scoring guides consulted for authentic representations and rigor only, with no published question wording copied.",
U8-S2-ET-C-L01,MATH,8,8.2,exit_ticket_c,exit_ticket,et_c_l01,last,2,"Use definite integrals to determine average value and net change, and distinguish average value from average rate of change in contextual situations.",I can retrieve recent learning.,AP Topic 8.2,average_value_vs_aroc,constructed_response,,"Unit 8 Assessment Plan + AP Calculus AB Course Framework; supplied AP Topic scoring guides consulted for authentic representations and rigor only, with no published question wording copied.",
U8-S2-ET-C-M01,MATH,8,8.2,exit_ticket_c,exit_ticket,et_c_m01,mastery,1,Definite-integral meaning; accumulation and antiderivatives; graph/table interpretation; algebraic and geometric setup; units.,I can retrieve durable prerequisite learning.,AP Topic 8.2,integral_property_retrieval,numeric,,"Unit 8 Assessment Plan + AP Calculus AB Course Framework; supplied AP Topic scoring guides consulted for authentic representations and rigor only, with no published question wording copied.",
U8-S3-CYU-C01,MATH,8,8.3,cyu,cyu,c01,current,2,"Set up and evaluate area between curves with respect to $x$ or $y$, including multiple intersections and orientation decisions.","I can identify bounding functions and intersections, set up area with respect to $x$ or $y$, and justify when a region requires splitting.","AP Topics 8.4, 8.5, 8.6",area_dy,numeric,,"Unit 8 Assessment Plan + AP Calculus AB Course Framework; supplied AP Topic scoring guides consulted for authentic representations and rigor only, with no published question wording copied.",
U8-S3-CYU-C02,MATH,8,8.3,cyu,cyu,c02,current,3,"Set up and evaluate area between curves with respect to $x$ or $y$, including multiple intersections and orientation decisions.","I can identify bounding functions and intersections, set up area with respect to $x$ or $y$, and justify when a region requires splitting.","AP Topics 8.4, 8.5, 8.6",area_multiple_intersections,numeric,,"Unit 8 Assessment Plan + AP Calculus AB Course Framework; supplied AP Topic scoring guides consulted for authentic representations and rigor only, with no published question wording copied.",
U8-S3-CYU-L01,MATH,8,8.3,cyu,cyu,l01,last,3,"Use integrals to determine displacement, total distance, and position from velocity, while distinguishing velocity from speed and accounting for direction changes.",I can retrieve recent learning.,"AP Topics 8.4, 8.5, 8.6",motion_strategy_critique,constructed_response,,"Unit 8 Assessment Plan + AP Calculus AB Course Framework; supplied AP Topic scoring guides consulted for authentic representations and rigor only, with no published question wording copied.",
U8-S3-CYU-L02,MATH,8,8.3,cyu,cyu,l02,last,2,"Use integrals to determine displacement, total distance, and position from velocity, while distinguishing velocity from speed and accounting for direction changes.",I can retrieve recent learning.,"AP Topics 8.4, 8.5, 8.6",motion_displacement,numeric,,"Unit 8 Assessment Plan + AP Calculus AB Course Framework; supplied AP Topic scoring guides consulted for authentic representations and rigor only, with no published question wording copied.",
U8-S3-CYU-M01,MATH,8,8.3,cyu,cyu,m01,mastery,2,Definite-integral meaning; accumulation and antiderivatives; graph/table interpretation; algebraic and geometric setup; units.,I can retrieve durable prerequisite learning.,"AP Topics 8.4, 8.5, 8.6",limit_retrieval,numeric,,"Unit 8 Assessment Plan + AP Calculus AB Course Framework; supplied AP Topic scoring guides consulted for authentic representations and rigor only, with no published question wording copied.",
U8-S3-CYU-M02,MATH,8,8.3,cyu,cyu,m02,mastery,2,Definite-integral meaning; accumulation and antiderivatives; graph/table interpretation; algebraic and geometric setup; units.,I can retrieve durable prerequisite learning.,"AP Topics 8.4, 8.5, 8.6",derivative_relationship_retrieval,expression,,"Unit 8 Assessment Plan + AP Calculus AB Course Framework; supplied AP Topic scoring guides consulted for authentic representations and rigor only, with no published question wording copied.",
U8-S3-WU1-C01,MATH,8,8.3,warm_up_1,warm_up,wu1_c01,current,3,"Set up and evaluate area between curves with respect to $x$ or $y$, including multiple intersections and orientation decisions.","I can identify bounding functions and intersections, set up area with respect to $x$ or $y$, and justify when a region requires splitting.","AP Topics 8.4, 8.5, 8.6",area_subtraction_critique,constructed_response,,"Unit 8 Assessment Plan + AP Calculus AB Course Framework; supplied AP Topic scoring guides consulted for authentic representations and rigor only, with no published question wording copied.",
U8-S3-WU1-L01,MATH,8,8.3,warm_up_1,warm_up,wu1_l01,last,2,"Use integrals to determine displacement, total distance, and position from velocity, while distinguishing velocity from speed and accounting for direction changes.",I can retrieve recent learning.,"AP Topics 8.4, 8.5, 8.6",motion_compare_quantities,constructed_response,,"Unit 8 Assessment Plan + AP Calculus AB Course Framework; supplied AP Topic scoring guides consulted for authentic representations and rigor only, with no published question wording copied.",
U8-S3-WU1-M01,MATH,8,8.3,warm_up_1,warm_up,wu1_m01,mastery,1,Definite-integral meaning; accumulation and antiderivatives; graph/table interpretation; algebraic and geometric setup; units.,I can retrieve durable prerequisite learning.,"AP Topics 8.4, 8.5, 8.6",antiderivative_retrieval,expression,,"Unit 8 Assessment Plan + AP Calculus AB Course Framework; supplied AP Topic scoring guides consulted for authentic representations and rigor only, with no published question wording copied.",
U8-S3-WU2-C01,MATH,8,8.3,warm_up_2,warm_up,wu2_c01,current,2,"Set up and evaluate area between curves with respect to $x$ or $y$, including multiple intersections and orientation decisions.","I can identify bounding functions and intersections, set up area with respect to $x$ or $y$, and justify when a region requires splitting.","AP Topics 8.4, 8.5, 8.6",area_graph,numeric,u8_s3_wu2_c01_bounded_region.png,"Unit 8 Assessment Plan + AP Calculus AB Course Framework; supplied AP Topic scoring guides consulted for authentic representations and rigor only, with no published question wording copied.",
U8-S3-WU2-L01,MATH,8,8.3,warm_up_2,warm_up,wu2_l01,last,2,"Use integrals to determine displacement, total distance, and position from velocity, while distinguishing velocity from speed and accounting for direction changes.",I can retrieve recent learning.,"AP Topics 8.4, 8.5, 8.6",motion_position,numeric,,"Unit 8 Assessment Plan + AP Calculus AB Course Framework; supplied AP Topic scoring guides consulted for authentic representations and rigor only, with no published question wording copied.",
U8-S3-WU2-M01,MATH,8,8.3,warm_up_2,warm_up,wu2_m01,mastery,1,Definite-integral meaning; accumulation and antiderivatives; graph/table interpretation; algebraic and geometric setup; units.,I can retrieve durable prerequisite learning.,"AP Topics 8.4, 8.5, 8.6",graph_sign_retrieval,text,,"Unit 8 Assessment Plan + AP Calculus AB Course Framework; supplied AP Topic scoring guides consulted for authentic representations and rigor only, with no published question wording copied.",
U8-S3-WU3-C01,MATH,8,8.3,warm_up_3,warm_up,wu3_c01,current,3,"Set up and evaluate area between curves with respect to $x$ or $y$, including multiple intersections and orientation decisions.","I can identify bounding functions and intersections, set up area with respect to $x$ or $y$, and justify when a region requires splitting.","AP Topics 8.4, 8.5, 8.6",area_orientation_choice,constructed_response,,"Unit 8 Assessment Plan + AP Calculus AB Course Framework; supplied AP Topic scoring guides consulted for authentic representations and rigor only, with no published question wording copied.",
U8-S3-WU3-L01,MATH,8,8.3,warm_up_3,warm_up,wu3_l01,last,2,"Use integrals to determine displacement, total distance, and position from velocity, while distinguishing velocity from speed and accounting for direction changes.",I can retrieve recent learning.,"AP Topics 8.4, 8.5, 8.6",motion_total_distance,numeric,,"Unit 8 Assessment Plan + AP Calculus AB Course Framework; supplied AP Topic scoring guides consulted for authentic representations and rigor only, with no published question wording copied.",
U8-S3-WU3-M01,MATH,8,8.3,warm_up_3,warm_up,wu3_m01,mastery,1,Definite-integral meaning; accumulation and antiderivatives; graph/table interpretation; algebraic and geometric setup; units.,I can retrieve durable prerequisite learning.,"AP Topics 8.4, 8.5, 8.6",units_retrieval,text,,"Unit 8 Assessment Plan + AP Calculus AB Course Framework; supplied AP Topic scoring guides consulted for authentic representations and rigor only, with no published question wording copied.",
U8-S3-ET-A-C01,MATH,8,8.3,exit_ticket_a,exit_ticket,et_a_c01,current,2,"Set up and evaluate area between curves with respect to $x$ or $y$, including multiple intersections and orientation decisions.","I can identify bounding functions and intersections, set up area with respect to $x$ or $y$, and justify when a region requires splitting.","AP Topics 8.4, 8.5, 8.6",area_graph,numeric,u8_s3_et_a_c01_bounded_region.png,"Unit 8 Assessment Plan + AP Calculus AB Course Framework; supplied AP Topic scoring guides consulted for authentic representations and rigor only, with no published question wording copied.",
U8-S3-ET-A-C02,MATH,8,8.3,exit_ticket_a,exit_ticket,et_a_c02,current,3,"Set up and evaluate area between curves with respect to $x$ or $y$, including multiple intersections and orientation decisions.","I can identify bounding functions and intersections, set up area with respect to $x$ or $y$, and justify when a region requires splitting.","AP Topics 8.4, 8.5, 8.6",area_subtraction_critique,constructed_response,,"Unit 8 Assessment Plan + AP Calculus AB Course Framework; supplied AP Topic scoring guides consulted for authentic representations and rigor only, with no published question wording copied.",
U8-S3-ET-A-L01,MATH,8,8.3,exit_ticket_a,exit_ticket,et_a_l01,last,2,"Use integrals to determine displacement, total distance, and position from velocity, while distinguishing velocity from speed and accounting for direction changes.",I can retrieve recent learning.,"AP Topics 8.4, 8.5, 8.6",motion_displacement,numeric,,"Unit 8 Assessment Plan + AP Calculus AB Course Framework; supplied AP Topic scoring guides consulted for authentic representations and rigor only, with no published question wording copied.",
U8-S3-ET-A-M01,MATH,8,8.3,exit_ticket_a,exit_ticket,et_a_m01,mastery,1,Definite-integral meaning; accumulation and antiderivatives; graph/table interpretation; algebraic and geometric setup; units.,I can retrieve durable prerequisite learning.,"AP Topics 8.4, 8.5, 8.6",units_retrieval,text,,"Unit 8 Assessment Plan + AP Calculus AB Course Framework; supplied AP Topic scoring guides consulted for authentic representations and rigor only, with no published question wording copied.",
U8-S3-ET-B-C01,MATH,8,8.3,exit_ticket_b,exit_ticket,et_b_c01,current,3,"Set up and evaluate area between curves with respect to $x$ or $y$, including multiple intersections and orientation decisions.","I can identify bounding functions and intersections, set up area with respect to $x$ or $y$, and justify when a region requires splitting.","AP Topics 8.4, 8.5, 8.6",area_subtraction_critique,constructed_response,,"Unit 8 Assessment Plan + AP Calculus AB Course Framework; supplied AP Topic scoring guides consulted for authentic representations and rigor only, with no published question wording copied.",
U8-S3-ET-B-C02,MATH,8,8.3,exit_ticket_b,exit_ticket,et_b_c02,current,2,"Set up and evaluate area between curves with respect to $x$ or $y$, including multiple intersections and orientation decisions.","I can identify bounding functions and intersections, set up area with respect to $x$ or $y$, and justify when a region requires splitting.","AP Topics 8.4, 8.5, 8.6",area_dx,numeric,,"Unit 8 Assessment Plan + AP Calculus AB Course Framework; supplied AP Topic scoring guides consulted for authentic representations and rigor only, with no published question wording copied.",
U8-S3-ET-B-L01,MATH,8,8.3,exit_ticket_b,exit_ticket,et_b_l01,last,2,"Use integrals to determine displacement, total distance, and position from velocity, while distinguishing velocity from speed and accounting for direction changes.",I can retrieve recent learning.,"AP Topics 8.4, 8.5, 8.6",motion_total_distance,numeric,,"Unit 8 Assessment Plan + AP Calculus AB Course Framework; supplied AP Topic scoring guides consulted for authentic representations and rigor only, with no published question wording copied.",
U8-S3-ET-B-M01,MATH,8,8.3,exit_ticket_b,exit_ticket,et_b_m01,mastery,2,Definite-integral meaning; accumulation and antiderivatives; graph/table interpretation; algebraic and geometric setup; units.,I can retrieve durable prerequisite learning.,"AP Topics 8.4, 8.5, 8.6",derivative_relationship_retrieval,expression,,"Unit 8 Assessment Plan + AP Calculus AB Course Framework; supplied AP Topic scoring guides consulted for authentic representations and rigor only, with no published question wording copied.",
U8-S3-ET-C-C01,MATH,8,8.3,exit_ticket_c,exit_ticket,et_c_c01,current,2,"Set up and evaluate area between curves with respect to $x$ or $y$, including multiple intersections and orientation decisions.","I can identify bounding functions and intersections, set up area with respect to $x$ or $y$, and justify when a region requires splitting.","AP Topics 8.4, 8.5, 8.6",area_dx,numeric,,"Unit 8 Assessment Plan + AP Calculus AB Course Framework; supplied AP Topic scoring guides consulted for authentic representations and rigor only, with no published question wording copied.",
U8-S3-ET-C-C02,MATH,8,8.3,exit_ticket_c,exit_ticket,et_c_c02,current,2,"Set up and evaluate area between curves with respect to $x$ or $y$, including multiple intersections and orientation decisions.","I can identify bounding functions and intersections, set up area with respect to $x$ or $y$, and justify when a region requires splitting.","AP Topics 8.4, 8.5, 8.6",area_dy,numeric,,"Unit 8 Assessment Plan + AP Calculus AB Course Framework; supplied AP Topic scoring guides consulted for authentic representations and rigor only, with no published question wording copied.",
U8-S3-ET-C-L01,MATH,8,8.3,exit_ticket_c,exit_ticket,et_c_l01,last,2,"Use integrals to determine displacement, total distance, and position from velocity, while distinguishing velocity from speed and accounting for direction changes.",I can retrieve recent learning.,"AP Topics 8.4, 8.5, 8.6",motion_position,numeric,,"Unit 8 Assessment Plan + AP Calculus AB Course Framework; supplied AP Topic scoring guides consulted for authentic representations and rigor only, with no published question wording copied.",
U8-S3-ET-C-M01,MATH,8,8.3,exit_ticket_c,exit_ticket,et_c_m01,mastery,1,Definite-integral meaning; accumulation and antiderivatives; graph/table interpretation; algebraic and geometric setup; units.,I can retrieve durable prerequisite learning.,"AP Topics 8.4, 8.5, 8.6",integral_property_retrieval,numeric,,"Unit 8 Assessment Plan + AP Calculus AB Course Framework; supplied AP Topic scoring guides consulted for authentic representations and rigor only, with no published question wording copied.",
U8-S4-CYU-C01,MATH,8,8.4,cyu,cyu,c01,current,2,Model volumes with known cross-sectional shapes by converting a base region into an area function and integrating over the appropriate interval.,"I can build a cross-sectional area function from a base region and set up volumes for square, rectangular, triangular, or semicircular cross sections.","AP Topics 8.7, 8.8",cross_section_semicircle,numeric,,"Unit 8 Assessment Plan + AP Calculus AB Course Framework; supplied AP Topic scoring guides consulted for authentic representations and rigor only, with no published question wording copied.",
U8-S4-CYU-C02,MATH,8,8.4,cyu,cyu,c02,current,2,Model volumes with known cross-sectional shapes by converting a base region into an area function and integrating over the appropriate interval.,"I can build a cross-sectional area function from a base region and set up volumes for square, rectangular, triangular, or semicircular cross sections.","AP Topics 8.7, 8.8",cross_section_rectangle,numeric,,"Unit 8 Assessment Plan + AP Calculus AB Course Framework; supplied AP Topic scoring guides consulted for authentic representations and rigor only, with no published question wording copied.",
U8-S4-CYU-L01,MATH,8,8.4,cyu,cyu,l01,last,3,"Set up and evaluate area between curves with respect to $x$ or $y$, including multiple intersections and orientation decisions.",I can retrieve recent learning.,"AP Topics 8.7, 8.8",area_subtraction_critique,constructed_response,,"Unit 8 Assessment Plan + AP Calculus AB Course Framework; supplied AP Topic scoring guides consulted for authentic representations and rigor only, with no published question wording copied.",
U8-S4-CYU-L02,MATH,8,8.4,cyu,cyu,l02,last,2,"Set up and evaluate area between curves with respect to $x$ or $y$, including multiple intersections and orientation decisions.",I can retrieve recent learning.,"AP Topics 8.7, 8.8",area_dx,numeric,,"Unit 8 Assessment Plan + AP Calculus AB Course Framework; supplied AP Topic scoring guides consulted for authentic representations and rigor only, with no published question wording copied.",
U8-S4-CYU-M01,MATH,8,8.4,cyu,cyu,m01,mastery,2,Definite-integral meaning; accumulation and antiderivatives; graph/table interpretation; algebraic and geometric setup; units.,I can retrieve durable prerequisite learning.,"AP Topics 8.7, 8.8",limit_retrieval,numeric,,"Unit 8 Assessment Plan + AP Calculus AB Course Framework; supplied AP Topic scoring guides consulted for authentic representations and rigor only, with no published question wording copied.",
U8-S4-CYU-M02,MATH,8,8.4,cyu,cyu,m02,mastery,2,Definite-integral meaning; accumulation and antiderivatives; graph/table interpretation; algebraic and geometric setup; units.,I can retrieve durable prerequisite learning.,"AP Topics 8.7, 8.8",derivative_relationship_retrieval,expression,,"Unit 8 Assessment Plan + AP Calculus AB Course Framework; supplied AP Topic scoring guides consulted for authentic representations and rigor only, with no published question wording copied.",
U8-S4-WU1-C01,MATH,8,8.4,warm_up_1,warm_up,wu1_c01,current,3,Model volumes with known cross-sectional shapes by converting a base region into an area function and integrating over the appropriate interval.,"I can build a cross-sectional area function from a base region and set up volumes for square, rectangular, triangular, or semicircular cross sections.","AP Topics 8.7, 8.8",cross_section_model_critique,constructed_response,,"Unit 8 Assessment Plan + AP Calculus AB Course Framework; supplied AP Topic scoring guides consulted for authentic representations and rigor only, with no published question wording copied.",
U8-S4-WU1-L01,MATH,8,8.4,warm_up_1,warm_up,wu1_l01,last,3,"Set up and evaluate area between curves with respect to $x$ or $y$, including multiple intersections and orientation decisions.",I can retrieve recent learning.,"AP Topics 8.7, 8.8",area_orientation_choice,constructed_response,,"Unit 8 Assessment Plan + AP Calculus AB Course Framework; supplied AP Topic scoring guides consulted for authentic representations and rigor only, with no published question wording copied.",
U8-S4-WU1-M01,MATH,8,8.4,warm_up_1,warm_up,wu1_m01,mastery,1,Definite-integral meaning; accumulation and antiderivatives; graph/table interpretation; algebraic and geometric setup; units.,I can retrieve durable prerequisite learning.,"AP Topics 8.7, 8.8",antiderivative_retrieval,expression,,"Unit 8 Assessment Plan + AP Calculus AB Course Framework; supplied AP Topic scoring guides consulted for authentic representations and rigor only, with no published question wording copied.",
U8-S4-WU2-C01,MATH,8,8.4,warm_up_2,warm_up,wu2_c01,current,2,Model volumes with known cross-sectional shapes by converting a base region into an area function and integrating over the appropriate interval.,"I can build a cross-sectional area function from a base region and set up volumes for square, rectangular, triangular, or semicircular cross sections.","AP Topics 8.7, 8.8",cross_section_graph_setup,expression,u8_s4_wu2_c01_base_region.png,"Unit 8 Assessment Plan + AP Calculus AB Course Framework; supplied AP Topic scoring guides consulted for authentic representations and rigor only, with no published question wording copied.",
U8-S4-WU2-L01,MATH,8,8.4,warm_up_2,warm_up,wu2_l01,last,3,"Set up and evaluate area between curves with respect to $x$ or $y$, including multiple intersections and orientation decisions.",I can retrieve recent learning.,"AP Topics 8.7, 8.8",area_multiple_intersections,numeric,,"Unit 8 Assessment Plan + AP Calculus AB Course Framework; supplied AP Topic scoring guides consulted for authentic representations and rigor only, with no published question wording copied.",
U8-S4-WU2-M01,MATH,8,8.4,warm_up_2,warm_up,wu2_m01,mastery,1,Definite-integral meaning; accumulation and antiderivatives; graph/table interpretation; algebraic and geometric setup; units.,I can retrieve durable prerequisite learning.,"AP Topics 8.7, 8.8",graph_sign_retrieval,text,,"Unit 8 Assessment Plan + AP Calculus AB Course Framework; supplied AP Topic scoring guides consulted for authentic representations and rigor only, with no published question wording copied.",
U8-S4-WU3-C01,MATH,8,8.4,warm_up_3,warm_up,wu3_c01,current,2,Model volumes with known cross-sectional shapes by converting a base region into an area function and integrating over the appropriate interval.,"I can build a cross-sectional area function from a base region and set up volumes for square, rectangular, triangular, or semicircular cross sections.","AP Topics 8.7, 8.8",cross_section_triangle,expression,,"Unit 8 Assessment Plan + AP Calculus AB Course Framework; supplied AP Topic scoring guides consulted for authentic representations and rigor only, with no published question wording copied.",
U8-S4-WU3-L01,MATH,8,8.4,warm_up_3,warm_up,wu3_l01,last,2,"Set up and evaluate area between curves with respect to $x$ or $y$, including multiple intersections and orientation decisions.",I can retrieve recent learning.,"AP Topics 8.7, 8.8",area_dy,numeric,,"Unit 8 Assessment Plan + AP Calculus AB Course Framework; supplied AP Topic scoring guides consulted for authentic representations and rigor only, with no published question wording copied.",
U8-S4-WU3-M01,MATH,8,8.4,warm_up_3,warm_up,wu3_m01,mastery,1,Definite-integral meaning; accumulation and antiderivatives; graph/table interpretation; algebraic and geometric setup; units.,I can retrieve durable prerequisite learning.,"AP Topics 8.7, 8.8",units_retrieval,text,,"Unit 8 Assessment Plan + AP Calculus AB Course Framework; supplied AP Topic scoring guides consulted for authentic representations and rigor only, with no published question wording copied.",
U8-S4-ET-A-C01,MATH,8,8.4,exit_ticket_a,exit_ticket,et_a_c01,current,2,Model volumes with known cross-sectional shapes by converting a base region into an area function and integrating over the appropriate interval.,"I can build a cross-sectional area function from a base region and set up volumes for square, rectangular, triangular, or semicircular cross sections.","AP Topics 8.7, 8.8",cross_section_graph_setup,expression,u8_s4_et_a_c01_base_region.png,"Unit 8 Assessment Plan + AP Calculus AB Course Framework; supplied AP Topic scoring guides consulted for authentic representations and rigor only, with no published question wording copied.",
U8-S4-ET-A-C02,MATH,8,8.4,exit_ticket_a,exit_ticket,et_a_c02,current,3,Model volumes with known cross-sectional shapes by converting a base region into an area function and integrating over the appropriate interval.,"I can build a cross-sectional area function from a base region and set up volumes for square, rectangular, triangular, or semicircular cross sections.","AP Topics 8.7, 8.8",cross_section_model_critique,constructed_response,,"Unit 8 Assessment Plan + AP Calculus AB Course Framework; supplied AP Topic scoring guides consulted for authentic representations and rigor only, with no published question wording copied.",
U8-S4-ET-A-L01,MATH,8,8.4,exit_ticket_a,exit_ticket,et_a_l01,last,2,"Set up and evaluate area between curves with respect to $x$ or $y$, including multiple intersections and orientation decisions.",I can retrieve recent learning.,"AP Topics 8.7, 8.8",area_dx,numeric,,"Unit 8 Assessment Plan + AP Calculus AB Course Framework; supplied AP Topic scoring guides consulted for authentic representations and rigor only, with no published question wording copied.",
U8-S4-ET-A-M01,MATH,8,8.4,exit_ticket_a,exit_ticket,et_a_m01,mastery,1,Definite-integral meaning; accumulation and antiderivatives; graph/table interpretation; algebraic and geometric setup; units.,I can retrieve durable prerequisite learning.,"AP Topics 8.7, 8.8",units_retrieval,text,,"Unit 8 Assessment Plan + AP Calculus AB Course Framework; supplied AP Topic scoring guides consulted for authentic representations and rigor only, with no published question wording copied.",
U8-S4-ET-B-C01,MATH,8,8.4,exit_ticket_b,exit_ticket,et_b_c01,current,3,Model volumes with known cross-sectional shapes by converting a base region into an area function and integrating over the appropriate interval.,"I can build a cross-sectional area function from a base region and set up volumes for square, rectangular, triangular, or semicircular cross sections.","AP Topics 8.7, 8.8",cross_section_model_critique,constructed_response,,"Unit 8 Assessment Plan + AP Calculus AB Course Framework; supplied AP Topic scoring guides consulted for authentic representations and rigor only, with no published question wording copied.",
U8-S4-ET-B-C02,MATH,8,8.4,exit_ticket_b,exit_ticket,et_b_c02,current,2,Model volumes with known cross-sectional shapes by converting a base region into an area function and integrating over the appropriate interval.,"I can build a cross-sectional area function from a base region and set up volumes for square, rectangular, triangular, or semicircular cross sections.","AP Topics 8.7, 8.8",cross_section_square,numeric,,"Unit 8 Assessment Plan + AP Calculus AB Course Framework; supplied AP Topic scoring guides consulted for authentic representations and rigor only, with no published question wording copied.",
U8-S4-ET-B-L01,MATH,8,8.4,exit_ticket_b,exit_ticket,et_b_l01,last,2,"Set up and evaluate area between curves with respect to $x$ or $y$, including multiple intersections and orientation decisions.",I can retrieve recent learning.,"AP Topics 8.7, 8.8",area_dy,numeric,,"Unit 8 Assessment Plan + AP Calculus AB Course Framework; supplied AP Topic scoring guides consulted for authentic representations and rigor only, with no published question wording copied.",
U8-S4-ET-B-M01,MATH,8,8.4,exit_ticket_b,exit_ticket,et_b_m01,mastery,2,Definite-integral meaning; accumulation and antiderivatives; graph/table interpretation; algebraic and geometric setup; units.,I can retrieve durable prerequisite learning.,"AP Topics 8.7, 8.8",derivative_relationship_retrieval,expression,,"Unit 8 Assessment Plan + AP Calculus AB Course Framework; supplied AP Topic scoring guides consulted for authentic representations and rigor only, with no published question wording copied.",
U8-S4-ET-C-C01,MATH,8,8.4,exit_ticket_c,exit_ticket,et_c_c01,current,2,Model volumes with known cross-sectional shapes by converting a base region into an area function and integrating over the appropriate interval.,"I can build a cross-sectional area function from a base region and set up volumes for square, rectangular, triangular, or semicircular cross sections.","AP Topics 8.7, 8.8",cross_section_square,numeric,,"Unit 8 Assessment Plan + AP Calculus AB Course Framework; supplied AP Topic scoring guides consulted for authentic representations and rigor only, with no published question wording copied.",
U8-S4-ET-C-C02,MATH,8,8.4,exit_ticket_c,exit_ticket,et_c_c02,current,2,Model volumes with known cross-sectional shapes by converting a base region into an area function and integrating over the appropriate interval.,"I can build a cross-sectional area function from a base region and set up volumes for square, rectangular, triangular, or semicircular cross sections.","AP Topics 8.7, 8.8",cross_section_semicircle,numeric,,"Unit 8 Assessment Plan + AP Calculus AB Course Framework; supplied AP Topic scoring guides consulted for authentic representations and rigor only, with no published question wording copied.",
U8-S4-ET-C-L01,MATH,8,8.4,exit_ticket_c,exit_ticket,et_c_l01,last,3,"Set up and evaluate area between curves with respect to $x$ or $y$, including multiple intersections and orientation decisions.",I can retrieve recent learning.,"AP Topics 8.7, 8.8",area_multiple_intersections,numeric,,"Unit 8 Assessment Plan + AP Calculus AB Course Framework; supplied AP Topic scoring guides consulted for authentic representations and rigor only, with no published question wording copied.",
U8-S4-ET-C-M01,MATH,8,8.4,exit_ticket_c,exit_ticket,et_c_m01,mastery,1,Definite-integral meaning; accumulation and antiderivatives; graph/table interpretation; algebraic and geometric setup; units.,I can retrieve durable prerequisite learning.,"AP Topics 8.7, 8.8",integral_property_retrieval,numeric,,"Unit 8 Assessment Plan + AP Calculus AB Course Framework; supplied AP Topic scoring guides consulted for authentic representations and rigor only, with no published question wording copied.",
U8-S5-CYU-C01,MATH,8,8.5,cyu,cyu,c01,current,2,"Set up disc and washer volume integrals about coordinate or shifted axes, making correct radius and orientation decisions.","I can measure radii from the axis of rotation, distinguish outer from inner radius, and set up disc or washer integrals about horizontal or vertical axes.","AP Topics 8.9, 8.10, 8.11, 8.12",washer_horizontal,numeric,,"Unit 8 Assessment Plan + AP Calculus AB Course Framework; supplied AP Topic scoring guides consulted for authentic representations and rigor only, with no published question wording copied.",
U8-S5-CYU-C02,MATH,8,8.5,cyu,cyu,c02,current,2,"Set up disc and washer volume integrals about coordinate or shifted axes, making correct radius and orientation decisions.","I can measure radii from the axis of rotation, distinguish outer from inner radius, and set up disc or washer integrals about horizontal or vertical axes.","AP Topics 8.9, 8.10, 8.11, 8.12",washer_vertical,numeric,,"Unit 8 Assessment Plan + AP Calculus AB Course Framework; supplied AP Topic scoring guides consulted for authentic representations and rigor only, with no published question wording copied.",
U8-S5-CYU-L01,MATH,8,8.5,cyu,cyu,l01,last,3,Model volumes with known cross-sectional shapes by converting a base region into an area function and integrating over the appropriate interval.,I can retrieve recent learning.,"AP Topics 8.9, 8.10, 8.11, 8.12",cross_section_model_critique,constructed_response,,"Unit 8 Assessment Plan + AP Calculus AB Course Framework; supplied AP Topic scoring guides consulted for authentic representations and rigor only, with no published question wording copied.",
U8-S5-CYU-L02,MATH,8,8.5,cyu,cyu,l02,last,2,Model volumes with known cross-sectional shapes by converting a base region into an area function and integrating over the appropriate interval.,I can retrieve recent learning.,"AP Topics 8.9, 8.10, 8.11, 8.12",cross_section_square,numeric,,"Unit 8 Assessment Plan + AP Calculus AB Course Framework; supplied AP Topic scoring guides consulted for authentic representations and rigor only, with no published question wording copied.",
U8-S5-CYU-M01,MATH,8,8.5,cyu,cyu,m01,mastery,2,Definite-integral meaning; accumulation and antiderivatives; graph/table interpretation; algebraic and geometric setup; units.,I can retrieve durable prerequisite learning.,"AP Topics 8.9, 8.10, 8.11, 8.12",limit_retrieval,numeric,,"Unit 8 Assessment Plan + AP Calculus AB Course Framework; supplied AP Topic scoring guides consulted for authentic representations and rigor only, with no published question wording copied.",
U8-S5-CYU-M02,MATH,8,8.5,cyu,cyu,m02,mastery,2,Definite-integral meaning; accumulation and antiderivatives; graph/table interpretation; algebraic and geometric setup; units.,I can retrieve durable prerequisite learning.,"AP Topics 8.9, 8.10, 8.11, 8.12",derivative_relationship_retrieval,expression,,"Unit 8 Assessment Plan + AP Calculus AB Course Framework; supplied AP Topic scoring guides consulted for authentic representations and rigor only, with no published question wording copied.",
U8-S5-WU1-C01,MATH,8,8.5,warm_up_1,warm_up,wu1_c01,current,3,"Set up disc and washer volume integrals about coordinate or shifted axes, making correct radius and orientation decisions.","I can measure radii from the axis of rotation, distinguish outer from inner radius, and set up disc or washer integrals about horizontal or vertical axes.","AP Topics 8.9, 8.10, 8.11, 8.12",washer_order_critique,constructed_response,,"Unit 8 Assessment Plan + AP Calculus AB Course Framework; supplied AP Topic scoring guides consulted for authentic representations and rigor only, with no published question wording copied.",
U8-S5-WU1-L01,MATH,8,8.5,warm_up_1,warm_up,wu1_l01,last,2,Model volumes with known cross-sectional shapes by converting a base region into an area function and integrating over the appropriate interval.,I can retrieve recent learning.,"AP Topics 8.9, 8.10, 8.11, 8.12",cross_section_triangle,expression,,"Unit 8 Assessment Plan + AP Calculus AB Course Framework; supplied AP Topic scoring guides consulted for authentic representations and rigor only, with no published question wording copied.",
U8-S5-WU1-M01,MATH,8,8.5,warm_up_1,warm_up,wu1_m01,mastery,1,Definite-integral meaning; accumulation and antiderivatives; graph/table interpretation; algebraic and geometric setup; units.,I can retrieve durable prerequisite learning.,"AP Topics 8.9, 8.10, 8.11, 8.12",antiderivative_retrieval,expression,,"Unit 8 Assessment Plan + AP Calculus AB Course Framework; supplied AP Topic scoring guides consulted for authentic representations and rigor only, with no published question wording copied.",
U8-S5-WU2-C01,MATH,8,8.5,warm_up_2,warm_up,wu2_c01,current,2,"Set up disc and washer volume integrals about coordinate or shifted axes, making correct radius and orientation decisions.","I can measure radii from the axis of rotation, distinguish outer from inner radius, and set up disc or washer integrals about horizontal or vertical axes.","AP Topics 8.9, 8.10, 8.11, 8.12",rotation_graph_setup,expression,u8_s5_wu2_c01_rotation_region.png,"Unit 8 Assessment Plan + AP Calculus AB Course Framework; supplied AP Topic scoring guides consulted for authentic representations and rigor only, with no published question wording copied.",
U8-S5-WU2-L01,MATH,8,8.5,warm_up_2,warm_up,wu2_l01,last,2,Model volumes with known cross-sectional shapes by converting a base region into an area function and integrating over the appropriate interval.,I can retrieve recent learning.,"AP Topics 8.9, 8.10, 8.11, 8.12",cross_section_rectangle,numeric,,"Unit 8 Assessment Plan + AP Calculus AB Course Framework; supplied AP Topic scoring guides consulted for authentic representations and rigor only, with no published question wording copied.",
U8-S5-WU2-M01,MATH,8,8.5,warm_up_2,warm_up,wu2_m01,mastery,1,Definite-integral meaning; accumulation and antiderivatives; graph/table interpretation; algebraic and geometric setup; units.,I can retrieve durable prerequisite learning.,"AP Topics 8.9, 8.10, 8.11, 8.12",graph_sign_retrieval,text,,"Unit 8 Assessment Plan + AP Calculus AB Course Framework; supplied AP Topic scoring guides consulted for authentic representations and rigor only, with no published question wording copied.",
U8-S5-WU3-C01,MATH,8,8.5,warm_up_3,warm_up,wu3_c01,current,2,"Set up disc and washer volume integrals about coordinate or shifted axes, making correct radius and orientation decisions.","I can measure radii from the axis of rotation, distinguish outer from inner radius, and set up disc or washer integrals about horizontal or vertical axes.","AP Topics 8.9, 8.10, 8.11, 8.12",rotation_radius_distance,expression,,"Unit 8 Assessment Plan + AP Calculus AB Course Framework; supplied AP Topic scoring guides consulted for authentic representations and rigor only, with no published question wording copied.",
U8-S5-WU3-L01,MATH,8,8.5,warm_up_3,warm_up,wu3_l01,last,2,Model volumes with known cross-sectional shapes by converting a base region into an area function and integrating over the appropriate interval.,I can retrieve recent learning.,"AP Topics 8.9, 8.10, 8.11, 8.12",cross_section_semicircle,numeric,,"Unit 8 Assessment Plan + AP Calculus AB Course Framework; supplied AP Topic scoring guides consulted for authentic representations and rigor only, with no published question wording copied.",
U8-S5-WU3-M01,MATH,8,8.5,warm_up_3,warm_up,wu3_m01,mastery,1,Definite-integral meaning; accumulation and antiderivatives; graph/table interpretation; algebraic and geometric setup; units.,I can retrieve durable prerequisite learning.,"AP Topics 8.9, 8.10, 8.11, 8.12",units_retrieval,text,,"Unit 8 Assessment Plan + AP Calculus AB Course Framework; supplied AP Topic scoring guides consulted for authentic representations and rigor only, with no published question wording copied.",
U8-S5-ET-A-C01,MATH,8,8.5,exit_ticket_a,exit_ticket,et_a_c01,current,2,"Set up disc and washer volume integrals about coordinate or shifted axes, making correct radius and orientation decisions.","I can measure radii from the axis of rotation, distinguish outer from inner radius, and set up disc or washer integrals about horizontal or vertical axes.","AP Topics 8.9, 8.10, 8.11, 8.12",rotation_graph_setup,expression,u8_s5_et_a_c01_rotation_region.png,"Unit 8 Assessment Plan + AP Calculus AB Course Framework; supplied AP Topic scoring guides consulted for authentic representations and rigor only, with no published question wording copied.",
U8-S5-ET-A-C02,MATH,8,8.5,exit_ticket_a,exit_ticket,et_a_c02,current,3,"Set up disc and washer volume integrals about coordinate or shifted axes, making correct radius and orientation decisions.","I can measure radii from the axis of rotation, distinguish outer from inner radius, and set up disc or washer integrals about horizontal or vertical axes.","AP Topics 8.9, 8.10, 8.11, 8.12",washer_order_critique,constructed_response,,"Unit 8 Assessment Plan + AP Calculus AB Course Framework; supplied AP Topic scoring guides consulted for authentic representations and rigor only, with no published question wording copied.",
U8-S5-ET-A-L01,MATH,8,8.5,exit_ticket_a,exit_ticket,et_a_l01,last,2,Model volumes with known cross-sectional shapes by converting a base region into an area function and integrating over the appropriate interval.,I can retrieve recent learning.,"AP Topics 8.9, 8.10, 8.11, 8.12",cross_section_square,numeric,,"Unit 8 Assessment Plan + AP Calculus AB Course Framework; supplied AP Topic scoring guides consulted for authentic representations and rigor only, with no published question wording copied.",
U8-S5-ET-A-M01,MATH,8,8.5,exit_ticket_a,exit_ticket,et_a_m01,mastery,1,Definite-integral meaning; accumulation and antiderivatives; graph/table interpretation; algebraic and geometric setup; units.,I can retrieve durable prerequisite learning.,"AP Topics 8.9, 8.10, 8.11, 8.12",units_retrieval,text,,"Unit 8 Assessment Plan + AP Calculus AB Course Framework; supplied AP Topic scoring guides consulted for authentic representations and rigor only, with no published question wording copied.",
U8-S5-ET-B-C01,MATH,8,8.5,exit_ticket_b,exit_ticket,et_b_c01,current,3,"Set up disc and washer volume integrals about coordinate or shifted axes, making correct radius and orientation decisions.","I can measure radii from the axis of rotation, distinguish outer from inner radius, and set up disc or washer integrals about horizontal or vertical axes.","AP Topics 8.9, 8.10, 8.11, 8.12",washer_order_critique,constructed_response,,"Unit 8 Assessment Plan + AP Calculus AB Course Framework; supplied AP Topic scoring guides consulted for authentic representations and rigor only, with no published question wording copied.",
U8-S5-ET-B-C02,MATH,8,8.5,exit_ticket_b,exit_ticket,et_b_c02,current,2,"Set up disc and washer volume integrals about coordinate or shifted axes, making correct radius and orientation decisions.","I can measure radii from the axis of rotation, distinguish outer from inner radius, and set up disc or washer integrals about horizontal or vertical axes.","AP Topics 8.9, 8.10, 8.11, 8.12",disc_shifted_axis,numeric,,"Unit 8 Assessment Plan + AP Calculus AB Course Framework; supplied AP Topic scoring guides consulted for authentic representations and rigor only, with no published question wording copied.",
U8-S5-ET-B-L01,MATH,8,8.5,exit_ticket_b,exit_ticket,et_b_l01,last,2,Model volumes with known cross-sectional shapes by converting a base region into an area function and integrating over the appropriate interval.,I can retrieve recent learning.,"AP Topics 8.9, 8.10, 8.11, 8.12",cross_section_semicircle,numeric,,"Unit 8 Assessment Plan + AP Calculus AB Course Framework; supplied AP Topic scoring guides consulted for authentic representations and rigor only, with no published question wording copied.",
U8-S5-ET-B-M01,MATH,8,8.5,exit_ticket_b,exit_ticket,et_b_m01,mastery,2,Definite-integral meaning; accumulation and antiderivatives; graph/table interpretation; algebraic and geometric setup; units.,I can retrieve durable prerequisite learning.,"AP Topics 8.9, 8.10, 8.11, 8.12",derivative_relationship_retrieval,expression,,"Unit 8 Assessment Plan + AP Calculus AB Course Framework; supplied AP Topic scoring guides consulted for authentic representations and rigor only, with no published question wording copied.",
U8-S5-ET-C-C01,MATH,8,8.5,exit_ticket_c,exit_ticket,et_c_c01,current,2,"Set up disc and washer volume integrals about coordinate or shifted axes, making correct radius and orientation decisions.","I can measure radii from the axis of rotation, distinguish outer from inner radius, and set up disc or washer integrals about horizontal or vertical axes.","AP Topics 8.9, 8.10, 8.11, 8.12",disc_shifted_axis,numeric,,"Unit 8 Assessment Plan + AP Calculus AB Course Framework; supplied AP Topic scoring guides consulted for authentic representations and rigor only, with no published question wording copied.",
U8-S5-ET-C-C02,MATH,8,8.5,exit_ticket_c,exit_ticket,et_c_c02,current,2,"Set up disc and washer volume integrals about coordinate or shifted axes, making correct radius and orientation decisions.","I can measure radii from the axis of rotation, distinguish outer from inner radius, and set up disc or washer integrals about horizontal or vertical axes.","AP Topics 8.9, 8.10, 8.11, 8.12",washer_horizontal,numeric,,"Unit 8 Assessment Plan + AP Calculus AB Course Framework; supplied AP Topic scoring guides consulted for authentic representations and rigor only, with no published question wording copied.",
U8-S5-ET-C-L01,MATH,8,8.5,exit_ticket_c,exit_ticket,et_c_l01,last,2,Model volumes with known cross-sectional shapes by converting a base region into an area function and integrating over the appropriate interval.,I can retrieve recent learning.,"AP Topics 8.9, 8.10, 8.11, 8.12",cross_section_rectangle,numeric,,"Unit 8 Assessment Plan + AP Calculus AB Course Framework; supplied AP Topic scoring guides consulted for authentic representations and rigor only, with no published question wording copied.",
U8-S5-ET-C-M01,MATH,8,8.5,exit_ticket_c,exit_ticket,et_c_m01,mastery,1,Definite-integral meaning; accumulation and antiderivatives; graph/table interpretation; algebraic and geometric setup; units.,I can retrieve durable prerequisite learning.,"AP Topics 8.9, 8.10, 8.11, 8.12",integral_property_retrieval,numeric,,"Unit 8 Assessment Plan + AP Calculus AB Course Framework; supplied AP Topic scoring guides consulted for authentic representations and rigor only, with no published question wording copied.",
U8-S1-PERF01,MATH,8,8.1,performance_future_task,performance,perf01,performance,3,"Use definite integrals to determine average value and net change, and distinguish average value from average rate of change in contextual situations.","I can compute and interpret average value, use a rate function to determine net change, and distinguish those quantities from average rate of change.","AP Topics 8.1, 8.3",accumulation_quantity_audit,performance_rubric,,"Unit 8 Assessment Plan + AP Calculus AB Course Framework; supplied AP Topic scoring guides consulted for authentic representations and rigor only, with no published question wording copied.",Concrete performance/future task aligned to Unit 8 learning ladder.
U8-S2-PERF01,MATH,8,8.2,performance_future_task,performance,perf01,performance,4,"Use integrals to determine displacement, total distance, and position from velocity, while distinguishing velocity from speed and accounting for direction changes.",I can compute displacement and total distance from velocity and recover position from velocity with an initial condition.,AP Topic 8.2,motion_accumulation_investigation,performance_rubric,,"Unit 8 Assessment Plan + AP Calculus AB Course Framework; supplied AP Topic scoring guides consulted for authentic representations and rigor only, with no published question wording copied.",Concrete performance/future task aligned to Unit 8 learning ladder.
U8-S3-PERF01,MATH,8,8.3,performance_future_task,performance,perf01,performance,4,"Set up and evaluate area between curves with respect to $x$ or $y$, including multiple intersections and orientation decisions.","I can identify bounding functions and intersections, set up area with respect to $x$ or $y$, and justify when a region requires splitting.","AP Topics 8.4, 8.5, 8.6",area_modeling_performance,performance_rubric,,"Unit 8 Assessment Plan + AP Calculus AB Course Framework; supplied AP Topic scoring guides consulted for authentic representations and rigor only, with no published question wording copied.",Concrete performance/future task aligned to Unit 8 learning ladder.
U8-S4-PERF01,MATH,8,8.4,performance_future_task,performance,perf01,performance,4,Model volumes with known cross-sectional shapes by converting a base region into an area function and integrating over the appropriate interval.,"I can build a cross-sectional area function from a base region and set up volumes for square, rectangular, triangular, or semicircular cross sections.","AP Topics 8.7, 8.8",cross_section_design_task,performance_rubric,,"Unit 8 Assessment Plan + AP Calculus AB Course Framework; supplied AP Topic scoring guides consulted for authentic representations and rigor only, with no published question wording copied.",Concrete performance/future task aligned to Unit 8 learning ladder.
U8-S5-PERF01,MATH,8,8.5,performance_future_task,performance,perf01,performance,4,"Set up disc and washer volume integrals about coordinate or shifted axes, making correct radius and orientation decisions.","I can measure radii from the axis of rotation, distinguish outer from inner radius, and set up disc or washer integrals about horizontal or vertical axes.","AP Topics 8.9, 8.10, 8.11, 8.12",rotation_model_performance,performance_rubric,,"Unit 8 Assessment Plan + AP Calculus AB Course Framework; supplied AP Topic scoring guides consulted for authentic representations and rigor only, with no published question wording copied.",Concrete performance/future task aligned to Unit 8 learning ladder.
U8-FA-D1-01-V1,MATH,8,8.1,formative_assessment,formative,d1_f01_v1,n-a,1,"Use definite integrals to determine average value and net change, and distinguish average value from average rate of change in contextual situations.","I can compute and interpret average value, use a rate function to determine net change, and distinguish those quantities from average rate of change.","AP Topics 8.1, 8.3",net_change_meaning,text,,"Unit 8 Assessment Plan + AP Calculus AB Course Framework; supplied AP Topic scoring guides consulted for authentic representations and rigor only, with no published question wording copied.",Eligible After Section 8.1
U8-FA-D1-01-V2,MATH,8,8.1,formative_assessment,formative,d1_f01_v2,n-a,1,"Use definite integrals to determine average value and net change, and distinguish average value from average rate of change in contextual situations.","I can compute and interpret average value, use a rate function to determine net change, and distinguish those quantities from average rate of change.","AP Topics 8.1, 8.3",quantity_distinction,text,,"Unit 8 Assessment Plan + AP Calculus AB Course Framework; supplied AP Topic scoring guides consulted for authentic representations and rigor only, with no published question wording copied.",Eligible After Section 8.1
U8-FA-D1-01-V3,MATH,8,8.1,formative_assessment,formative,d1_f01_v3,n-a,1,"Use definite integrals to determine average value and net change, and distinguish average value from average rate of change in contextual situations.","I can compute and interpret average value, use a rate function to determine net change, and distinguish those quantities from average rate of change.","AP Topics 8.1, 8.3",formula_recognition,text,,"Unit 8 Assessment Plan + AP Calculus AB Course Framework; supplied AP Topic scoring guides consulted for authentic representations and rigor only, with no published question wording copied.",Eligible After Section 8.1
U8-FA-D1-01-V4,MATH,8,8.1,formative_assessment,formative,d1_f01_v4,n-a,1,"Use definite integrals to determine average value and net change, and distinguish average value from average rate of change in contextual situations.","I can compute and interpret average value, use a rate function to determine net change, and distinguish those quantities from average rate of change.","AP Topics 8.1, 8.3",net_change_meaning,text,,"Unit 8 Assessment Plan + AP Calculus AB Course Framework; supplied AP Topic scoring guides consulted for authentic representations and rigor only, with no published question wording copied.",Eligible After Section 8.1
U8-FA-D1-01-V5,MATH,8,8.1,formative_assessment,formative,d1_f01_v5,n-a,1,"Use definite integrals to determine average value and net change, and distinguish average value from average rate of change in contextual situations.","I can compute and interpret average value, use a rate function to determine net change, and distinguish those quantities from average rate of change.","AP Topics 8.1, 8.3",quantity_distinction,text,,"Unit 8 Assessment Plan + AP Calculus AB Course Framework; supplied AP Topic scoring guides consulted for authentic representations and rigor only, with no published question wording copied.",Eligible After Section 8.1
U8-FA-D1-01-V6,MATH,8,8.1,formative_assessment,formative,d1_f01_v6,n-a,1,"Use definite integrals to determine average value and net change, and distinguish average value from average rate of change in contextual situations.","I can compute and interpret average value, use a rate function to determine net change, and distinguish those quantities from average rate of change.","AP Topics 8.1, 8.3",formula_recognition,text,,"Unit 8 Assessment Plan + AP Calculus AB Course Framework; supplied AP Topic scoring guides consulted for authentic representations and rigor only, with no published question wording copied.",Eligible After Section 8.1
U8-FA-D1-01-V7,MATH,8,8.1,formative_assessment,formative,d1_f01_v7,n-a,1,"Use definite integrals to determine average value and net change, and distinguish average value from average rate of change in contextual situations.","I can compute and interpret average value, use a rate function to determine net change, and distinguish those quantities from average rate of change.","AP Topics 8.1, 8.3",net_change_meaning,text,,"Unit 8 Assessment Plan + AP Calculus AB Course Framework; supplied AP Topic scoring guides consulted for authentic representations and rigor only, with no published question wording copied.",Eligible After Section 8.1
U8-FA-D1-01-V8,MATH,8,8.1,formative_assessment,formative,d1_f01_v8,n-a,1,"Use definite integrals to determine average value and net change, and distinguish average value from average rate of change in contextual situations.","I can compute and interpret average value, use a rate function to determine net change, and distinguish those quantities from average rate of change.","AP Topics 8.1, 8.3",quantity_distinction,text,,"Unit 8 Assessment Plan + AP Calculus AB Course Framework; supplied AP Topic scoring guides consulted for authentic representations and rigor only, with no published question wording copied.",Eligible After Section 8.1
U8-FA-D1-02-V1,MATH,8,8.2,formative_assessment,formative,d1_f02_v1,n-a,1,"Use integrals to determine displacement, total distance, and position from velocity, while distinguishing velocity from speed and accounting for direction changes.",I can compute displacement and total distance from velocity and recover position from velocity with an initial condition.,AP Topic 8.2,motion_vocabulary,text,,"Unit 8 Assessment Plan + AP Calculus AB Course Framework; supplied AP Topic scoring guides consulted for authentic representations and rigor only, with no published question wording copied.",Eligible After Section 8.2
U8-FA-D1-02-V2,MATH,8,8.2,formative_assessment,formative,d1_f02_v2,n-a,1,"Use integrals to determine displacement, total distance, and position from velocity, while distinguishing velocity from speed and accounting for direction changes.",I can compute displacement and total distance from velocity and recover position from velocity with an initial condition.,AP Topic 8.2,motion_vocabulary,text,,"Unit 8 Assessment Plan + AP Calculus AB Course Framework; supplied AP Topic scoring guides consulted for authentic representations and rigor only, with no published question wording copied.",Eligible After Section 8.2
U8-FA-D1-02-V3,MATH,8,8.2,formative_assessment,formative,d1_f02_v3,n-a,1,"Use integrals to determine displacement, total distance, and position from velocity, while distinguishing velocity from speed and accounting for direction changes.",I can compute displacement and total distance from velocity and recover position from velocity with an initial condition.,AP Topic 8.2,motion_vocabulary,text,,"Unit 8 Assessment Plan + AP Calculus AB Course Framework; supplied AP Topic scoring guides consulted for authentic representations and rigor only, with no published question wording copied.",Eligible After Section 8.2
U8-FA-D1-02-V4,MATH,8,8.2,formative_assessment,formative,d1_f02_v4,n-a,1,"Use integrals to determine displacement, total distance, and position from velocity, while distinguishing velocity from speed and accounting for direction changes.",I can compute displacement and total distance from velocity and recover position from velocity with an initial condition.,AP Topic 8.2,motion_vocabulary,text,,"Unit 8 Assessment Plan + AP Calculus AB Course Framework; supplied AP Topic scoring guides consulted for authentic representations and rigor only, with no published question wording copied.",Eligible After Section 8.2
U8-FA-D1-02-V5,MATH,8,8.2,formative_assessment,formative,d1_f02_v5,n-a,1,"Use integrals to determine displacement, total distance, and position from velocity, while distinguishing velocity from speed and accounting for direction changes.",I can compute displacement and total distance from velocity and recover position from velocity with an initial condition.,AP Topic 8.2,motion_vocabulary,text,,"Unit 8 Assessment Plan + AP Calculus AB Course Framework; supplied AP Topic scoring guides consulted for authentic representations and rigor only, with no published question wording copied.",Eligible After Section 8.2
U8-FA-D1-02-V6,MATH,8,8.2,formative_assessment,formative,d1_f02_v6,n-a,1,"Use integrals to determine displacement, total distance, and position from velocity, while distinguishing velocity from speed and accounting for direction changes.",I can compute displacement and total distance from velocity and recover position from velocity with an initial condition.,AP Topic 8.2,motion_vocabulary,text,,"Unit 8 Assessment Plan + AP Calculus AB Course Framework; supplied AP Topic scoring guides consulted for authentic representations and rigor only, with no published question wording copied.",Eligible After Section 8.2
U8-FA-D1-02-V7,MATH,8,8.2,formative_assessment,formative,d1_f02_v7,n-a,1,"Use integrals to determine displacement, total distance, and position from velocity, while distinguishing velocity from speed and accounting for direction changes.",I can compute displacement and total distance from velocity and recover position from velocity with an initial condition.,AP Topic 8.2,motion_vocabulary,text,,"Unit 8 Assessment Plan + AP Calculus AB Course Framework; supplied AP Topic scoring guides consulted for authentic representations and rigor only, with no published question wording copied.",Eligible After Section 8.2
U8-FA-D1-02-V8,MATH,8,8.2,formative_assessment,formative,d1_f02_v8,n-a,1,"Use integrals to determine displacement, total distance, and position from velocity, while distinguishing velocity from speed and accounting for direction changes.",I can compute displacement and total distance from velocity and recover position from velocity with an initial condition.,AP Topic 8.2,motion_vocabulary,text,,"Unit 8 Assessment Plan + AP Calculus AB Course Framework; supplied AP Topic scoring guides consulted for authentic representations and rigor only, with no published question wording copied.",Eligible After Section 8.2
U8-FA-D1-03-V1,MATH,8,8.3,formative_assessment,formative,d1_f03_v1,n-a,1,"Set up and evaluate area between curves with respect to $x$ or $y$, including multiple intersections and orientation decisions.","I can identify bounding functions and intersections, set up area with respect to $x$ or $y$, and justify when a region requires splitting.","AP Topics 8.4, 8.5, 8.6",area_feature,text,,"Unit 8 Assessment Plan + AP Calculus AB Course Framework; supplied AP Topic scoring guides consulted for authentic representations and rigor only, with no published question wording copied.",Eligible After Section 8.3
U8-FA-D1-03-V2,MATH,8,8.3,formative_assessment,formative,d1_f03_v2,n-a,1,"Set up and evaluate area between curves with respect to $x$ or $y$, including multiple intersections and orientation decisions.","I can identify bounding functions and intersections, set up area with respect to $x$ or $y$, and justify when a region requires splitting.","AP Topics 8.4, 8.5, 8.6",area_feature,text,,"Unit 8 Assessment Plan + AP Calculus AB Course Framework; supplied AP Topic scoring guides consulted for authentic representations and rigor only, with no published question wording copied.",Eligible After Section 8.3
U8-FA-D1-03-V3,MATH,8,8.3,formative_assessment,formative,d1_f03_v3,n-a,1,"Set up and evaluate area between curves with respect to $x$ or $y$, including multiple intersections and orientation decisions.","I can identify bounding functions and intersections, set up area with respect to $x$ or $y$, and justify when a region requires splitting.","AP Topics 8.4, 8.5, 8.6",area_feature,text,,"Unit 8 Assessment Plan + AP Calculus AB Course Framework; supplied AP Topic scoring guides consulted for authentic representations and rigor only, with no published question wording copied.",Eligible After Section 8.3
U8-FA-D1-03-V4,MATH,8,8.3,formative_assessment,formative,d1_f03_v4,n-a,1,"Set up and evaluate area between curves with respect to $x$ or $y$, including multiple intersections and orientation decisions.","I can identify bounding functions and intersections, set up area with respect to $x$ or $y$, and justify when a region requires splitting.","AP Topics 8.4, 8.5, 8.6",area_feature,text,,"Unit 8 Assessment Plan + AP Calculus AB Course Framework; supplied AP Topic scoring guides consulted for authentic representations and rigor only, with no published question wording copied.",Eligible After Section 8.3
U8-FA-D1-03-V5,MATH,8,8.3,formative_assessment,formative,d1_f03_v5,n-a,1,"Set up and evaluate area between curves with respect to $x$ or $y$, including multiple intersections and orientation decisions.","I can identify bounding functions and intersections, set up area with respect to $x$ or $y$, and justify when a region requires splitting.","AP Topics 8.4, 8.5, 8.6",area_feature,text,,"Unit 8 Assessment Plan + AP Calculus AB Course Framework; supplied AP Topic scoring guides consulted for authentic representations and rigor only, with no published question wording copied.",Eligible After Section 8.3
U8-FA-D1-03-V6,MATH,8,8.3,formative_assessment,formative,d1_f03_v6,n-a,1,"Set up and evaluate area between curves with respect to $x$ or $y$, including multiple intersections and orientation decisions.","I can identify bounding functions and intersections, set up area with respect to $x$ or $y$, and justify when a region requires splitting.","AP Topics 8.4, 8.5, 8.6",area_feature,text,,"Unit 8 Assessment Plan + AP Calculus AB Course Framework; supplied AP Topic scoring guides consulted for authentic representations and rigor only, with no published question wording copied.",Eligible After Section 8.3
U8-FA-D1-03-V7,MATH,8,8.3,formative_assessment,formative,d1_f03_v7,n-a,1,"Set up and evaluate area between curves with respect to $x$ or $y$, including multiple intersections and orientation decisions.","I can identify bounding functions and intersections, set up area with respect to $x$ or $y$, and justify when a region requires splitting.","AP Topics 8.4, 8.5, 8.6",area_feature,text,,"Unit 8 Assessment Plan + AP Calculus AB Course Framework; supplied AP Topic scoring guides consulted for authentic representations and rigor only, with no published question wording copied.",Eligible After Section 8.3
U8-FA-D1-03-V8,MATH,8,8.3,formative_assessment,formative,d1_f03_v8,n-a,1,"Set up and evaluate area between curves with respect to $x$ or $y$, including multiple intersections and orientation decisions.","I can identify bounding functions and intersections, set up area with respect to $x$ or $y$, and justify when a region requires splitting.","AP Topics 8.4, 8.5, 8.6",area_feature,text,,"Unit 8 Assessment Plan + AP Calculus AB Course Framework; supplied AP Topic scoring guides consulted for authentic representations and rigor only, with no published question wording copied.",Eligible After Section 8.3
U8-FA-D1-04-V1,MATH,8,8.5,formative_assessment,formative,d1_f04_v1,n-a,1,"Set up disc and washer volume integrals about coordinate or shifted axes, making correct radius and orientation decisions.","I can measure radii from the axis of rotation, distinguish outer from inner radius, and set up disc or washer integrals about horizontal or vertical axes.","AP Topics 8.9, 8.10, 8.11, 8.12",volume_recognition,text,,"Unit 8 Assessment Plan + AP Calculus AB Course Framework; supplied AP Topic scoring guides consulted for authentic representations and rigor only, with no published question wording copied.",Eligible After Section 8.5
U8-FA-D1-04-V2,MATH,8,8.5,formative_assessment,formative,d1_f04_v2,n-a,1,"Set up disc and washer volume integrals about coordinate or shifted axes, making correct radius and orientation decisions.","I can measure radii from the axis of rotation, distinguish outer from inner radius, and set up disc or washer integrals about horizontal or vertical axes.","AP Topics 8.9, 8.10, 8.11, 8.12",volume_recognition,text,,"Unit 8 Assessment Plan + AP Calculus AB Course Framework; supplied AP Topic scoring guides consulted for authentic representations and rigor only, with no published question wording copied.",Eligible After Section 8.5
U8-FA-D1-04-V3,MATH,8,8.5,formative_assessment,formative,d1_f04_v3,n-a,1,"Set up disc and washer volume integrals about coordinate or shifted axes, making correct radius and orientation decisions.","I can measure radii from the axis of rotation, distinguish outer from inner radius, and set up disc or washer integrals about horizontal or vertical axes.","AP Topics 8.9, 8.10, 8.11, 8.12",volume_recognition,text,,"Unit 8 Assessment Plan + AP Calculus AB Course Framework; supplied AP Topic scoring guides consulted for authentic representations and rigor only, with no published question wording copied.",Eligible After Section 8.5
U8-FA-D1-04-V4,MATH,8,8.5,formative_assessment,formative,d1_f04_v4,n-a,1,"Set up disc and washer volume integrals about coordinate or shifted axes, making correct radius and orientation decisions.","I can measure radii from the axis of rotation, distinguish outer from inner radius, and set up disc or washer integrals about horizontal or vertical axes.","AP Topics 8.9, 8.10, 8.11, 8.12",volume_recognition,text,,"Unit 8 Assessment Plan + AP Calculus AB Course Framework; supplied AP Topic scoring guides consulted for authentic representations and rigor only, with no published question wording copied.",Eligible After Section 8.5
U8-FA-D1-04-V5,MATH,8,8.5,formative_assessment,formative,d1_f04_v5,n-a,1,"Set up disc and washer volume integrals about coordinate or shifted axes, making correct radius and orientation decisions.","I can measure radii from the axis of rotation, distinguish outer from inner radius, and set up disc or washer integrals about horizontal or vertical axes.","AP Topics 8.9, 8.10, 8.11, 8.12",volume_recognition,text,,"Unit 8 Assessment Plan + AP Calculus AB Course Framework; supplied AP Topic scoring guides consulted for authentic representations and rigor only, with no published question wording copied.",Eligible After Section 8.5
U8-FA-D1-04-V6,MATH,8,8.5,formative_assessment,formative,d1_f04_v6,n-a,1,"Set up disc and washer volume integrals about coordinate or shifted axes, making correct radius and orientation decisions.","I can measure radii from the axis of rotation, distinguish outer from inner radius, and set up disc or washer integrals about horizontal or vertical axes.","AP Topics 8.9, 8.10, 8.11, 8.12",volume_recognition,text,,"Unit 8 Assessment Plan + AP Calculus AB Course Framework; supplied AP Topic scoring guides consulted for authentic representations and rigor only, with no published question wording copied.",Eligible After Section 8.5
U8-FA-D1-04-V7,MATH,8,8.5,formative_assessment,formative,d1_f04_v7,n-a,1,"Set up disc and washer volume integrals about coordinate or shifted axes, making correct radius and orientation decisions.","I can measure radii from the axis of rotation, distinguish outer from inner radius, and set up disc or washer integrals about horizontal or vertical axes.","AP Topics 8.9, 8.10, 8.11, 8.12",volume_recognition,text,,"Unit 8 Assessment Plan + AP Calculus AB Course Framework; supplied AP Topic scoring guides consulted for authentic representations and rigor only, with no published question wording copied.",Eligible After Section 8.5
U8-FA-D1-04-V8,MATH,8,8.5,formative_assessment,formative,d1_f04_v8,n-a,1,"Set up disc and washer volume integrals about coordinate or shifted axes, making correct radius and orientation decisions.","I can measure radii from the axis of rotation, distinguish outer from inner radius, and set up disc or washer integrals about horizontal or vertical axes.","AP Topics 8.9, 8.10, 8.11, 8.12",volume_recognition,text,,"Unit 8 Assessment Plan + AP Calculus AB Course Framework; supplied AP Topic scoring guides consulted for authentic representations and rigor only, with no published question wording copied.",Eligible After Section 8.5
U8-FA-D2-01-V1,MATH,8,8.1,formative_assessment,formative,d2_f01_v1,n-a,2,"Use definite integrals to determine average value and net change, and distinguish average value from average rate of change in contextual situations.","I can compute and interpret average value, use a rate function to determine net change, and distinguish those quantities from average rate of change.","AP Topics 8.1, 8.3",average_value_application,numeric,,"Unit 8 Assessment Plan + AP Calculus AB Course Framework; supplied AP Topic scoring guides consulted for authentic representations and rigor only, with no published question wording copied.",Eligible After Section 8.1
U8-FA-D2-01-V2,MATH,8,8.1,formative_assessment,formative,d2_f01_v2,n-a,2,"Use definite integrals to determine average value and net change, and distinguish average value from average rate of change in contextual situations.","I can compute and interpret average value, use a rate function to determine net change, and distinguish those quantities from average rate of change.","AP Topics 8.1, 8.3",average_value_application,numeric,,"Unit 8 Assessment Plan + AP Calculus AB Course Framework; supplied AP Topic scoring guides consulted for authentic representations and rigor only, with no published question wording copied.",Eligible After Section 8.1
U8-FA-D2-01-V3,MATH,8,8.1,formative_assessment,formative,d2_f01_v3,n-a,2,"Use definite integrals to determine average value and net change, and distinguish average value from average rate of change in contextual situations.","I can compute and interpret average value, use a rate function to determine net change, and distinguish those quantities from average rate of change.","AP Topics 8.1, 8.3",average_value_application,numeric,,"Unit 8 Assessment Plan + AP Calculus AB Course Framework; supplied AP Topic scoring guides consulted for authentic representations and rigor only, with no published question wording copied.",Eligible After Section 8.1
U8-FA-D2-01-V4,MATH,8,8.1,formative_assessment,formative,d2_f01_v4,n-a,2,"Use definite integrals to determine average value and net change, and distinguish average value from average rate of change in contextual situations.","I can compute and interpret average value, use a rate function to determine net change, and distinguish those quantities from average rate of change.","AP Topics 8.1, 8.3",average_value_application,numeric,,"Unit 8 Assessment Plan + AP Calculus AB Course Framework; supplied AP Topic scoring guides consulted for authentic representations and rigor only, with no published question wording copied.",Eligible After Section 8.1
U8-FA-D2-01-V5,MATH,8,8.1,formative_assessment,formative,d2_f01_v5,n-a,2,"Use definite integrals to determine average value and net change, and distinguish average value from average rate of change in contextual situations.","I can compute and interpret average value, use a rate function to determine net change, and distinguish those quantities from average rate of change.","AP Topics 8.1, 8.3",average_value_application,numeric,,"Unit 8 Assessment Plan + AP Calculus AB Course Framework; supplied AP Topic scoring guides consulted for authentic representations and rigor only, with no published question wording copied.",Eligible After Section 8.1
U8-FA-D2-01-V6,MATH,8,8.1,formative_assessment,formative,d2_f01_v6,n-a,2,"Use definite integrals to determine average value and net change, and distinguish average value from average rate of change in contextual situations.","I can compute and interpret average value, use a rate function to determine net change, and distinguish those quantities from average rate of change.","AP Topics 8.1, 8.3",average_value_application,numeric,,"Unit 8 Assessment Plan + AP Calculus AB Course Framework; supplied AP Topic scoring guides consulted for authentic representations and rigor only, with no published question wording copied.",Eligible After Section 8.1
U8-FA-D2-01-V7,MATH,8,8.1,formative_assessment,formative,d2_f01_v7,n-a,2,"Use definite integrals to determine average value and net change, and distinguish average value from average rate of change in contextual situations.","I can compute and interpret average value, use a rate function to determine net change, and distinguish those quantities from average rate of change.","AP Topics 8.1, 8.3",average_value_application,numeric,,"Unit 8 Assessment Plan + AP Calculus AB Course Framework; supplied AP Topic scoring guides consulted for authentic representations and rigor only, with no published question wording copied.",Eligible After Section 8.1
U8-FA-D2-01-V8,MATH,8,8.1,formative_assessment,formative,d2_f01_v8,n-a,2,"Use definite integrals to determine average value and net change, and distinguish average value from average rate of change in contextual situations.","I can compute and interpret average value, use a rate function to determine net change, and distinguish those quantities from average rate of change.","AP Topics 8.1, 8.3",average_value_application,numeric,,"Unit 8 Assessment Plan + AP Calculus AB Course Framework; supplied AP Topic scoring guides consulted for authentic representations and rigor only, with no published question wording copied.",Eligible After Section 8.1
U8-FA-D2-02-V1,MATH,8,8.2,formative_assessment,formative,d2_f02_v1,n-a,2,"Use integrals to determine displacement, total distance, and position from velocity, while distinguishing velocity from speed and accounting for direction changes.",I can compute displacement and total distance from velocity and recover position from velocity with an initial condition.,AP Topic 8.2,motion_application,numeric,,"Unit 8 Assessment Plan + AP Calculus AB Course Framework; supplied AP Topic scoring guides consulted for authentic representations and rigor only, with no published question wording copied.",Eligible After Section 8.2
U8-FA-D2-02-V2,MATH,8,8.2,formative_assessment,formative,d2_f02_v2,n-a,2,"Use integrals to determine displacement, total distance, and position from velocity, while distinguishing velocity from speed and accounting for direction changes.",I can compute displacement and total distance from velocity and recover position from velocity with an initial condition.,AP Topic 8.2,motion_application,numeric,,"Unit 8 Assessment Plan + AP Calculus AB Course Framework; supplied AP Topic scoring guides consulted for authentic representations and rigor only, with no published question wording copied.",Eligible After Section 8.2
U8-FA-D2-02-V3,MATH,8,8.2,formative_assessment,formative,d2_f02_v3,n-a,2,"Use integrals to determine displacement, total distance, and position from velocity, while distinguishing velocity from speed and accounting for direction changes.",I can compute displacement and total distance from velocity and recover position from velocity with an initial condition.,AP Topic 8.2,motion_application,numeric,,"Unit 8 Assessment Plan + AP Calculus AB Course Framework; supplied AP Topic scoring guides consulted for authentic representations and rigor only, with no published question wording copied.",Eligible After Section 8.2
U8-FA-D2-02-V4,MATH,8,8.2,formative_assessment,formative,d2_f02_v4,n-a,2,"Use integrals to determine displacement, total distance, and position from velocity, while distinguishing velocity from speed and accounting for direction changes.",I can compute displacement and total distance from velocity and recover position from velocity with an initial condition.,AP Topic 8.2,motion_application,numeric,,"Unit 8 Assessment Plan + AP Calculus AB Course Framework; supplied AP Topic scoring guides consulted for authentic representations and rigor only, with no published question wording copied.",Eligible After Section 8.2
U8-FA-D2-02-V5,MATH,8,8.2,formative_assessment,formative,d2_f02_v5,n-a,2,"Use integrals to determine displacement, total distance, and position from velocity, while distinguishing velocity from speed and accounting for direction changes.",I can compute displacement and total distance from velocity and recover position from velocity with an initial condition.,AP Topic 8.2,motion_application,numeric,,"Unit 8 Assessment Plan + AP Calculus AB Course Framework; supplied AP Topic scoring guides consulted for authentic representations and rigor only, with no published question wording copied.",Eligible After Section 8.2
U8-FA-D2-02-V6,MATH,8,8.2,formative_assessment,formative,d2_f02_v6,n-a,2,"Use integrals to determine displacement, total distance, and position from velocity, while distinguishing velocity from speed and accounting for direction changes.",I can compute displacement and total distance from velocity and recover position from velocity with an initial condition.,AP Topic 8.2,motion_application,numeric,,"Unit 8 Assessment Plan + AP Calculus AB Course Framework; supplied AP Topic scoring guides consulted for authentic representations and rigor only, with no published question wording copied.",Eligible After Section 8.2
U8-FA-D2-02-V7,MATH,8,8.2,formative_assessment,formative,d2_f02_v7,n-a,2,"Use integrals to determine displacement, total distance, and position from velocity, while distinguishing velocity from speed and accounting for direction changes.",I can compute displacement and total distance from velocity and recover position from velocity with an initial condition.,AP Topic 8.2,motion_application,numeric,,"Unit 8 Assessment Plan + AP Calculus AB Course Framework; supplied AP Topic scoring guides consulted for authentic representations and rigor only, with no published question wording copied.",Eligible After Section 8.2
U8-FA-D2-02-V8,MATH,8,8.2,formative_assessment,formative,d2_f02_v8,n-a,2,"Use integrals to determine displacement, total distance, and position from velocity, while distinguishing velocity from speed and accounting for direction changes.",I can compute displacement and total distance from velocity and recover position from velocity with an initial condition.,AP Topic 8.2,motion_application,numeric,,"Unit 8 Assessment Plan + AP Calculus AB Course Framework; supplied AP Topic scoring guides consulted for authentic representations and rigor only, with no published question wording copied.",Eligible After Section 8.2
U8-FA-D2-03-V1,MATH,8,8.3,formative_assessment,formative,d2_f03_v1,n-a,2,"Set up and evaluate area between curves with respect to $x$ or $y$, including multiple intersections and orientation decisions.","I can identify bounding functions and intersections, set up area with respect to $x$ or $y$, and justify when a region requires splitting.","AP Topics 8.4, 8.5, 8.6",area_setup_application,numeric,,"Unit 8 Assessment Plan + AP Calculus AB Course Framework; supplied AP Topic scoring guides consulted for authentic representations and rigor only, with no published question wording copied.",Eligible After Section 8.3
U8-FA-D2-03-V2,MATH,8,8.3,formative_assessment,formative,d2_f03_v2,n-a,2,"Set up and evaluate area between curves with respect to $x$ or $y$, including multiple intersections and orientation decisions.","I can identify bounding functions and intersections, set up area with respect to $x$ or $y$, and justify when a region requires splitting.","AP Topics 8.4, 8.5, 8.6",area_setup_application,numeric,,"Unit 8 Assessment Plan + AP Calculus AB Course Framework; supplied AP Topic scoring guides consulted for authentic representations and rigor only, with no published question wording copied.",Eligible After Section 8.3
U8-FA-D2-03-V3,MATH,8,8.3,formative_assessment,formative,d2_f03_v3,n-a,2,"Set up and evaluate area between curves with respect to $x$ or $y$, including multiple intersections and orientation decisions.","I can identify bounding functions and intersections, set up area with respect to $x$ or $y$, and justify when a region requires splitting.","AP Topics 8.4, 8.5, 8.6",area_setup_application,numeric,,"Unit 8 Assessment Plan + AP Calculus AB Course Framework; supplied AP Topic scoring guides consulted for authentic representations and rigor only, with no published question wording copied.",Eligible After Section 8.3
U8-FA-D2-03-V4,MATH,8,8.3,formative_assessment,formative,d2_f03_v4,n-a,2,"Set up and evaluate area between curves with respect to $x$ or $y$, including multiple intersections and orientation decisions.","I can identify bounding functions and intersections, set up area with respect to $x$ or $y$, and justify when a region requires splitting.","AP Topics 8.4, 8.5, 8.6",area_setup_application,numeric,,"Unit 8 Assessment Plan + AP Calculus AB Course Framework; supplied AP Topic scoring guides consulted for authentic representations and rigor only, with no published question wording copied.",Eligible After Section 8.3
U8-FA-D2-03-V5,MATH,8,8.3,formative_assessment,formative,d2_f03_v5,n-a,2,"Set up and evaluate area between curves with respect to $x$ or $y$, including multiple intersections and orientation decisions.","I can identify bounding functions and intersections, set up area with respect to $x$ or $y$, and justify when a region requires splitting.","AP Topics 8.4, 8.5, 8.6",area_setup_application,numeric,,"Unit 8 Assessment Plan + AP Calculus AB Course Framework; supplied AP Topic scoring guides consulted for authentic representations and rigor only, with no published question wording copied.",Eligible After Section 8.3
U8-FA-D2-03-V6,MATH,8,8.3,formative_assessment,formative,d2_f03_v6,n-a,2,"Set up and evaluate area between curves with respect to $x$ or $y$, including multiple intersections and orientation decisions.","I can identify bounding functions and intersections, set up area with respect to $x$ or $y$, and justify when a region requires splitting.","AP Topics 8.4, 8.5, 8.6",area_setup_application,numeric,,"Unit 8 Assessment Plan + AP Calculus AB Course Framework; supplied AP Topic scoring guides consulted for authentic representations and rigor only, with no published question wording copied.",Eligible After Section 8.3
U8-FA-D2-03-V7,MATH,8,8.3,formative_assessment,formative,d2_f03_v7,n-a,2,"Set up and evaluate area between curves with respect to $x$ or $y$, including multiple intersections and orientation decisions.","I can identify bounding functions and intersections, set up area with respect to $x$ or $y$, and justify when a region requires splitting.","AP Topics 8.4, 8.5, 8.6",area_setup_application,numeric,,"Unit 8 Assessment Plan + AP Calculus AB Course Framework; supplied AP Topic scoring guides consulted for authentic representations and rigor only, with no published question wording copied.",Eligible After Section 8.3
U8-FA-D2-03-V8,MATH,8,8.3,formative_assessment,formative,d2_f03_v8,n-a,2,"Set up and evaluate area between curves with respect to $x$ or $y$, including multiple intersections and orientation decisions.","I can identify bounding functions and intersections, set up area with respect to $x$ or $y$, and justify when a region requires splitting.","AP Topics 8.4, 8.5, 8.6",area_setup_application,numeric,,"Unit 8 Assessment Plan + AP Calculus AB Course Framework; supplied AP Topic scoring guides consulted for authentic representations and rigor only, with no published question wording copied.",Eligible After Section 8.3
U8-FA-D2-04-V1,MATH,8,8.5,formative_assessment,formative,d2_f04_v1,n-a,2,"Set up disc and washer volume integrals about coordinate or shifted axes, making correct radius and orientation decisions.","I can measure radii from the axis of rotation, distinguish outer from inner radius, and set up disc or washer integrals about horizontal or vertical axes.","AP Topics 8.9, 8.10, 8.11, 8.12",volume_setup_application,expression,,"Unit 8 Assessment Plan + AP Calculus AB Course Framework; supplied AP Topic scoring guides consulted for authentic representations and rigor only, with no published question wording copied.",Eligible After Section 8.5
U8-FA-D2-04-V2,MATH,8,8.5,formative_assessment,formative,d2_f04_v2,n-a,2,"Set up disc and washer volume integrals about coordinate or shifted axes, making correct radius and orientation decisions.","I can measure radii from the axis of rotation, distinguish outer from inner radius, and set up disc or washer integrals about horizontal or vertical axes.","AP Topics 8.9, 8.10, 8.11, 8.12",volume_setup_application,expression,,"Unit 8 Assessment Plan + AP Calculus AB Course Framework; supplied AP Topic scoring guides consulted for authentic representations and rigor only, with no published question wording copied.",Eligible After Section 8.5
U8-FA-D2-04-V3,MATH,8,8.5,formative_assessment,formative,d2_f04_v3,n-a,2,"Set up disc and washer volume integrals about coordinate or shifted axes, making correct radius and orientation decisions.","I can measure radii from the axis of rotation, distinguish outer from inner radius, and set up disc or washer integrals about horizontal or vertical axes.","AP Topics 8.9, 8.10, 8.11, 8.12",volume_setup_application,expression,,"Unit 8 Assessment Plan + AP Calculus AB Course Framework; supplied AP Topic scoring guides consulted for authentic representations and rigor only, with no published question wording copied.",Eligible After Section 8.5
U8-FA-D2-04-V4,MATH,8,8.5,formative_assessment,formative,d2_f04_v4,n-a,2,"Set up disc and washer volume integrals about coordinate or shifted axes, making correct radius and orientation decisions.","I can measure radii from the axis of rotation, distinguish outer from inner radius, and set up disc or washer integrals about horizontal or vertical axes.","AP Topics 8.9, 8.10, 8.11, 8.12",volume_setup_application,expression,,"Unit 8 Assessment Plan + AP Calculus AB Course Framework; supplied AP Topic scoring guides consulted for authentic representations and rigor only, with no published question wording copied.",Eligible After Section 8.5
U8-FA-D2-04-V5,MATH,8,8.5,formative_assessment,formative,d2_f04_v5,n-a,2,"Set up disc and washer volume integrals about coordinate or shifted axes, making correct radius and orientation decisions.","I can measure radii from the axis of rotation, distinguish outer from inner radius, and set up disc or washer integrals about horizontal or vertical axes.","AP Topics 8.9, 8.10, 8.11, 8.12",volume_setup_application,expression,,"Unit 8 Assessment Plan + AP Calculus AB Course Framework; supplied AP Topic scoring guides consulted for authentic representations and rigor only, with no published question wording copied.",Eligible After Section 8.5
U8-FA-D2-04-V6,MATH,8,8.5,formative_assessment,formative,d2_f04_v6,n-a,2,"Set up disc and washer volume integrals about coordinate or shifted axes, making correct radius and orientation decisions.","I can measure radii from the axis of rotation, distinguish outer from inner radius, and set up disc or washer integrals about horizontal or vertical axes.","AP Topics 8.9, 8.10, 8.11, 8.12",volume_setup_application,expression,,"Unit 8 Assessment Plan + AP Calculus AB Course Framework; supplied AP Topic scoring guides consulted for authentic representations and rigor only, with no published question wording copied.",Eligible After Section 8.5
U8-FA-D2-04-V7,MATH,8,8.5,formative_assessment,formative,d2_f04_v7,n-a,2,"Set up disc and washer volume integrals about coordinate or shifted axes, making correct radius and orientation decisions.","I can measure radii from the axis of rotation, distinguish outer from inner radius, and set up disc or washer integrals about horizontal or vertical axes.","AP Topics 8.9, 8.10, 8.11, 8.12",volume_setup_application,expression,,"Unit 8 Assessment Plan + AP Calculus AB Course Framework; supplied AP Topic scoring guides consulted for authentic representations and rigor only, with no published question wording copied.",Eligible After Section 8.5
U8-FA-D2-04-V8,MATH,8,8.5,formative_assessment,formative,d2_f04_v8,n-a,2,"Set up disc and washer volume integrals about coordinate or shifted axes, making correct radius and orientation decisions.","I can measure radii from the axis of rotation, distinguish outer from inner radius, and set up disc or washer integrals about horizontal or vertical axes.","AP Topics 8.9, 8.10, 8.11, 8.12",volume_setup_application,expression,,"Unit 8 Assessment Plan + AP Calculus AB Course Framework; supplied AP Topic scoring guides consulted for authentic representations and rigor only, with no published question wording copied.",Eligible After Section 8.5
U8-FA-D3-01-V1,MATH,8,8.2,formative_assessment,formative,d3_f01_v1,n-a,3,"Use integrals to determine displacement, total distance, and position from velocity, while distinguishing velocity from speed and accounting for direction changes.",I can compute displacement and total distance from velocity and recover position from velocity with an initial condition.,AP Topic 8.2,motion_quantity_strategy,constructed_response,,"Unit 8 Assessment Plan + AP Calculus AB Course Framework; supplied AP Topic scoring guides consulted for authentic representations and rigor only, with no published question wording copied.",Eligible After Section 8.2
U8-FA-D3-01-V2,MATH,8,8.2,formative_assessment,formative,d3_f01_v2,n-a,3,"Use integrals to determine displacement, total distance, and position from velocity, while distinguishing velocity from speed and accounting for direction changes.",I can compute displacement and total distance from velocity and recover position from velocity with an initial condition.,AP Topic 8.2,motion_quantity_strategy,constructed_response,,"Unit 8 Assessment Plan + AP Calculus AB Course Framework; supplied AP Topic scoring guides consulted for authentic representations and rigor only, with no published question wording copied.",Eligible After Section 8.2
U8-FA-D3-01-V3,MATH,8,8.2,formative_assessment,formative,d3_f01_v3,n-a,3,"Use integrals to determine displacement, total distance, and position from velocity, while distinguishing velocity from speed and accounting for direction changes.",I can compute displacement and total distance from velocity and recover position from velocity with an initial condition.,AP Topic 8.2,motion_quantity_strategy,constructed_response,,"Unit 8 Assessment Plan + AP Calculus AB Course Framework; supplied AP Topic scoring guides consulted for authentic representations and rigor only, with no published question wording copied.",Eligible After Section 8.2
U8-FA-D3-01-V4,MATH,8,8.2,formative_assessment,formative,d3_f01_v4,n-a,3,"Use integrals to determine displacement, total distance, and position from velocity, while distinguishing velocity from speed and accounting for direction changes.",I can compute displacement and total distance from velocity and recover position from velocity with an initial condition.,AP Topic 8.2,motion_quantity_strategy,constructed_response,,"Unit 8 Assessment Plan + AP Calculus AB Course Framework; supplied AP Topic scoring guides consulted for authentic representations and rigor only, with no published question wording copied.",Eligible After Section 8.2
U8-FA-D3-01-V5,MATH,8,8.2,formative_assessment,formative,d3_f01_v5,n-a,3,"Use integrals to determine displacement, total distance, and position from velocity, while distinguishing velocity from speed and accounting for direction changes.",I can compute displacement and total distance from velocity and recover position from velocity with an initial condition.,AP Topic 8.2,motion_quantity_strategy,constructed_response,,"Unit 8 Assessment Plan + AP Calculus AB Course Framework; supplied AP Topic scoring guides consulted for authentic representations and rigor only, with no published question wording copied.",Eligible After Section 8.2
U8-FA-D3-01-V6,MATH,8,8.2,formative_assessment,formative,d3_f01_v6,n-a,3,"Use integrals to determine displacement, total distance, and position from velocity, while distinguishing velocity from speed and accounting for direction changes.",I can compute displacement and total distance from velocity and recover position from velocity with an initial condition.,AP Topic 8.2,motion_quantity_strategy,constructed_response,,"Unit 8 Assessment Plan + AP Calculus AB Course Framework; supplied AP Topic scoring guides consulted for authentic representations and rigor only, with no published question wording copied.",Eligible After Section 8.2
U8-FA-D3-01-V7,MATH,8,8.2,formative_assessment,formative,d3_f01_v7,n-a,3,"Use integrals to determine displacement, total distance, and position from velocity, while distinguishing velocity from speed and accounting for direction changes.",I can compute displacement and total distance from velocity and recover position from velocity with an initial condition.,AP Topic 8.2,motion_quantity_strategy,constructed_response,,"Unit 8 Assessment Plan + AP Calculus AB Course Framework; supplied AP Topic scoring guides consulted for authentic representations and rigor only, with no published question wording copied.",Eligible After Section 8.2
U8-FA-D3-01-V8,MATH,8,8.2,formative_assessment,formative,d3_f01_v8,n-a,3,"Use integrals to determine displacement, total distance, and position from velocity, while distinguishing velocity from speed and accounting for direction changes.",I can compute displacement and total distance from velocity and recover position from velocity with an initial condition.,AP Topic 8.2,motion_quantity_strategy,constructed_response,,"Unit 8 Assessment Plan + AP Calculus AB Course Framework; supplied AP Topic scoring guides consulted for authentic representations and rigor only, with no published question wording copied.",Eligible After Section 8.2
U8-FA-D3-02-V1,MATH,8,8.3,formative_assessment,formative,d3_f02_v1,n-a,3,"Set up and evaluate area between curves with respect to $x$ or $y$, including multiple intersections and orientation decisions.","I can identify bounding functions and intersections, set up area with respect to $x$ or $y$, and justify when a region requires splitting.","AP Topics 8.4, 8.5, 8.6",area_orientation_decision,constructed_response,,"Unit 8 Assessment Plan + AP Calculus AB Course Framework; supplied AP Topic scoring guides consulted for authentic representations and rigor only, with no published question wording copied.",Eligible After Section 8.3
U8-FA-D3-02-V2,MATH,8,8.3,formative_assessment,formative,d3_f02_v2,n-a,3,"Set up and evaluate area between curves with respect to $x$ or $y$, including multiple intersections and orientation decisions.","I can identify bounding functions and intersections, set up area with respect to $x$ or $y$, and justify when a region requires splitting.","AP Topics 8.4, 8.5, 8.6",area_orientation_decision,constructed_response,,"Unit 8 Assessment Plan + AP Calculus AB Course Framework; supplied AP Topic scoring guides consulted for authentic representations and rigor only, with no published question wording copied.",Eligible After Section 8.3
U8-FA-D3-02-V3,MATH,8,8.3,formative_assessment,formative,d3_f02_v3,n-a,3,"Set up and evaluate area between curves with respect to $x$ or $y$, including multiple intersections and orientation decisions.","I can identify bounding functions and intersections, set up area with respect to $x$ or $y$, and justify when a region requires splitting.","AP Topics 8.4, 8.5, 8.6",area_orientation_decision,constructed_response,,"Unit 8 Assessment Plan + AP Calculus AB Course Framework; supplied AP Topic scoring guides consulted for authentic representations and rigor only, with no published question wording copied.",Eligible After Section 8.3
U8-FA-D3-02-V4,MATH,8,8.3,formative_assessment,formative,d3_f02_v4,n-a,3,"Set up and evaluate area between curves with respect to $x$ or $y$, including multiple intersections and orientation decisions.","I can identify bounding functions and intersections, set up area with respect to $x$ or $y$, and justify when a region requires splitting.","AP Topics 8.4, 8.5, 8.6",area_orientation_decision,constructed_response,,"Unit 8 Assessment Plan + AP Calculus AB Course Framework; supplied AP Topic scoring guides consulted for authentic representations and rigor only, with no published question wording copied.",Eligible After Section 8.3
U8-FA-D3-02-V5,MATH,8,8.3,formative_assessment,formative,d3_f02_v5,n-a,3,"Set up and evaluate area between curves with respect to $x$ or $y$, including multiple intersections and orientation decisions.","I can identify bounding functions and intersections, set up area with respect to $x$ or $y$, and justify when a region requires splitting.","AP Topics 8.4, 8.5, 8.6",area_orientation_decision,constructed_response,,"Unit 8 Assessment Plan + AP Calculus AB Course Framework; supplied AP Topic scoring guides consulted for authentic representations and rigor only, with no published question wording copied.",Eligible After Section 8.3
U8-FA-D3-02-V6,MATH,8,8.3,formative_assessment,formative,d3_f02_v6,n-a,3,"Set up and evaluate area between curves with respect to $x$ or $y$, including multiple intersections and orientation decisions.","I can identify bounding functions and intersections, set up area with respect to $x$ or $y$, and justify when a region requires splitting.","AP Topics 8.4, 8.5, 8.6",area_orientation_decision,constructed_response,,"Unit 8 Assessment Plan + AP Calculus AB Course Framework; supplied AP Topic scoring guides consulted for authentic representations and rigor only, with no published question wording copied.",Eligible After Section 8.3
U8-FA-D3-02-V7,MATH,8,8.3,formative_assessment,formative,d3_f02_v7,n-a,3,"Set up and evaluate area between curves with respect to $x$ or $y$, including multiple intersections and orientation decisions.","I can identify bounding functions and intersections, set up area with respect to $x$ or $y$, and justify when a region requires splitting.","AP Topics 8.4, 8.5, 8.6",area_orientation_decision,constructed_response,,"Unit 8 Assessment Plan + AP Calculus AB Course Framework; supplied AP Topic scoring guides consulted for authentic representations and rigor only, with no published question wording copied.",Eligible After Section 8.3
U8-FA-D3-02-V8,MATH,8,8.3,formative_assessment,formative,d3_f02_v8,n-a,3,"Set up and evaluate area between curves with respect to $x$ or $y$, including multiple intersections and orientation decisions.","I can identify bounding functions and intersections, set up area with respect to $x$ or $y$, and justify when a region requires splitting.","AP Topics 8.4, 8.5, 8.6",area_orientation_decision,constructed_response,,"Unit 8 Assessment Plan + AP Calculus AB Course Framework; supplied AP Topic scoring guides consulted for authentic representations and rigor only, with no published question wording copied.",Eligible After Section 8.3
U8-FA-D3-03-V1,MATH,8,8.4,formative_assessment,formative,d3_f03_v1,n-a,3,Model volumes with known cross-sectional shapes by converting a base region into an area function and integrating over the appropriate interval.,"I can build a cross-sectional area function from a base region and set up volumes for square, rectangular, triangular, or semicircular cross sections.","AP Topics 8.7, 8.8",cross_section_critique,constructed_response,,"Unit 8 Assessment Plan + AP Calculus AB Course Framework; supplied AP Topic scoring guides consulted for authentic representations and rigor only, with no published question wording copied.",Eligible After Section 8.4
U8-FA-D3-03-V2,MATH,8,8.4,formative_assessment,formative,d3_f03_v2,n-a,3,Model volumes with known cross-sectional shapes by converting a base region into an area function and integrating over the appropriate interval.,"I can build a cross-sectional area function from a base region and set up volumes for square, rectangular, triangular, or semicircular cross sections.","AP Topics 8.7, 8.8",cross_section_critique,constructed_response,,"Unit 8 Assessment Plan + AP Calculus AB Course Framework; supplied AP Topic scoring guides consulted for authentic representations and rigor only, with no published question wording copied.",Eligible After Section 8.4
U8-FA-D3-03-V3,MATH,8,8.4,formative_assessment,formative,d3_f03_v3,n-a,3,Model volumes with known cross-sectional shapes by converting a base region into an area function and integrating over the appropriate interval.,"I can build a cross-sectional area function from a base region and set up volumes for square, rectangular, triangular, or semicircular cross sections.","AP Topics 8.7, 8.8",cross_section_critique,constructed_response,,"Unit 8 Assessment Plan + AP Calculus AB Course Framework; supplied AP Topic scoring guides consulted for authentic representations and rigor only, with no published question wording copied.",Eligible After Section 8.4
U8-FA-D3-03-V4,MATH,8,8.4,formative_assessment,formative,d3_f03_v4,n-a,3,Model volumes with known cross-sectional shapes by converting a base region into an area function and integrating over the appropriate interval.,"I can build a cross-sectional area function from a base region and set up volumes for square, rectangular, triangular, or semicircular cross sections.","AP Topics 8.7, 8.8",cross_section_critique,constructed_response,,"Unit 8 Assessment Plan + AP Calculus AB Course Framework; supplied AP Topic scoring guides consulted for authentic representations and rigor only, with no published question wording copied.",Eligible After Section 8.4
U8-FA-D3-03-V5,MATH,8,8.4,formative_assessment,formative,d3_f03_v5,n-a,3,Model volumes with known cross-sectional shapes by converting a base region into an area function and integrating over the appropriate interval.,"I can build a cross-sectional area function from a base region and set up volumes for square, rectangular, triangular, or semicircular cross sections.","AP Topics 8.7, 8.8",cross_section_critique,constructed_response,,"Unit 8 Assessment Plan + AP Calculus AB Course Framework; supplied AP Topic scoring guides consulted for authentic representations and rigor only, with no published question wording copied.",Eligible After Section 8.4
U8-FA-D3-03-V6,MATH,8,8.4,formative_assessment,formative,d3_f03_v6,n-a,3,Model volumes with known cross-sectional shapes by converting a base region into an area function and integrating over the appropriate interval.,"I can build a cross-sectional area function from a base region and set up volumes for square, rectangular, triangular, or semicircular cross sections.","AP Topics 8.7, 8.8",cross_section_critique,constructed_response,,"Unit 8 Assessment Plan + AP Calculus AB Course Framework; supplied AP Topic scoring guides consulted for authentic representations and rigor only, with no published question wording copied.",Eligible After Section 8.4
U8-FA-D3-03-V7,MATH,8,8.4,formative_assessment,formative,d3_f03_v7,n-a,3,Model volumes with known cross-sectional shapes by converting a base region into an area function and integrating over the appropriate interval.,"I can build a cross-sectional area function from a base region and set up volumes for square, rectangular, triangular, or semicircular cross sections.","AP Topics 8.7, 8.8",cross_section_critique,constructed_response,,"Unit 8 Assessment Plan + AP Calculus AB Course Framework; supplied AP Topic scoring guides consulted for authentic representations and rigor only, with no published question wording copied.",Eligible After Section 8.4
U8-FA-D3-03-V8,MATH,8,8.4,formative_assessment,formative,d3_f03_v8,n-a,3,Model volumes with known cross-sectional shapes by converting a base region into an area function and integrating over the appropriate interval.,"I can build a cross-sectional area function from a base region and set up volumes for square, rectangular, triangular, or semicircular cross sections.","AP Topics 8.7, 8.8",cross_section_critique,constructed_response,,"Unit 8 Assessment Plan + AP Calculus AB Course Framework; supplied AP Topic scoring guides consulted for authentic representations and rigor only, with no published question wording copied.",Eligible After Section 8.4
U8-FA-D3-04-V1,MATH,8,8.5,formative_assessment,formative,d3_f04_v1,n-a,3,"Set up disc and washer volume integrals about coordinate or shifted axes, making correct radius and orientation decisions.","I can measure radii from the axis of rotation, distinguish outer from inner radius, and set up disc or washer integrals about horizontal or vertical axes.","AP Topics 8.9, 8.10, 8.11, 8.12",rotation_setup_defense,constructed_response,,"Unit 8 Assessment Plan + AP Calculus AB Course Framework; supplied AP Topic scoring guides consulted for authentic representations and rigor only, with no published question wording copied.",Eligible After Section 8.5
U8-FA-D3-04-V2,MATH,8,8.5,formative_assessment,formative,d3_f04_v2,n-a,3,"Set up disc and washer volume integrals about coordinate or shifted axes, making correct radius and orientation decisions.","I can measure radii from the axis of rotation, distinguish outer from inner radius, and set up disc or washer integrals about horizontal or vertical axes.","AP Topics 8.9, 8.10, 8.11, 8.12",rotation_setup_defense,constructed_response,,"Unit 8 Assessment Plan + AP Calculus AB Course Framework; supplied AP Topic scoring guides consulted for authentic representations and rigor only, with no published question wording copied.",Eligible After Section 8.5
U8-FA-D3-04-V3,MATH,8,8.5,formative_assessment,formative,d3_f04_v3,n-a,3,"Set up disc and washer volume integrals about coordinate or shifted axes, making correct radius and orientation decisions.","I can measure radii from the axis of rotation, distinguish outer from inner radius, and set up disc or washer integrals about horizontal or vertical axes.","AP Topics 8.9, 8.10, 8.11, 8.12",rotation_setup_defense,constructed_response,,"Unit 8 Assessment Plan + AP Calculus AB Course Framework; supplied AP Topic scoring guides consulted for authentic representations and rigor only, with no published question wording copied.",Eligible After Section 8.5
U8-FA-D3-04-V4,MATH,8,8.5,formative_assessment,formative,d3_f04_v4,n-a,3,"Set up disc and washer volume integrals about coordinate or shifted axes, making correct radius and orientation decisions.","I can measure radii from the axis of rotation, distinguish outer from inner radius, and set up disc or washer integrals about horizontal or vertical axes.","AP Topics 8.9, 8.10, 8.11, 8.12",rotation_setup_defense,constructed_response,,"Unit 8 Assessment Plan + AP Calculus AB Course Framework; supplied AP Topic scoring guides consulted for authentic representations and rigor only, with no published question wording copied.",Eligible After Section 8.5
U8-FA-D3-04-V5,MATH,8,8.5,formative_assessment,formative,d3_f04_v5,n-a,3,"Set up disc and washer volume integrals about coordinate or shifted axes, making correct radius and orientation decisions.","I can measure radii from the axis of rotation, distinguish outer from inner radius, and set up disc or washer integrals about horizontal or vertical axes.","AP Topics 8.9, 8.10, 8.11, 8.12",rotation_setup_defense,constructed_response,,"Unit 8 Assessment Plan + AP Calculus AB Course Framework; supplied AP Topic scoring guides consulted for authentic representations and rigor only, with no published question wording copied.",Eligible After Section 8.5
U8-FA-D3-04-V6,MATH,8,8.5,formative_assessment,formative,d3_f04_v6,n-a,3,"Set up disc and washer volume integrals about coordinate or shifted axes, making correct radius and orientation decisions.","I can measure radii from the axis of rotation, distinguish outer from inner radius, and set up disc or washer integrals about horizontal or vertical axes.","AP Topics 8.9, 8.10, 8.11, 8.12",rotation_setup_defense,constructed_response,,"Unit 8 Assessment Plan + AP Calculus AB Course Framework; supplied AP Topic scoring guides consulted for authentic representations and rigor only, with no published question wording copied.",Eligible After Section 8.5
U8-FA-D3-04-V7,MATH,8,8.5,formative_assessment,formative,d3_f04_v7,n-a,3,"Set up disc and washer volume integrals about coordinate or shifted axes, making correct radius and orientation decisions.","I can measure radii from the axis of rotation, distinguish outer from inner radius, and set up disc or washer integrals about horizontal or vertical axes.","AP Topics 8.9, 8.10, 8.11, 8.12",rotation_setup_defense,constructed_response,,"Unit 8 Assessment Plan + AP Calculus AB Course Framework; supplied AP Topic scoring guides consulted for authentic representations and rigor only, with no published question wording copied.",Eligible After Section 8.5
U8-FA-D3-04-V8,MATH,8,8.5,formative_assessment,formative,d3_f04_v8,n-a,3,"Set up disc and washer volume integrals about coordinate or shifted axes, making correct radius and orientation decisions.","I can measure radii from the axis of rotation, distinguish outer from inner radius, and set up disc or washer integrals about horizontal or vertical axes.","AP Topics 8.9, 8.10, 8.11, 8.12",rotation_setup_defense,constructed_response,,"Unit 8 Assessment Plan + AP Calculus AB Course Framework; supplied AP Topic scoring guides consulted for authentic representations and rigor only, with no published question wording copied.",Eligible After Section 8.5
U8-FA-D4-01-V1,MATH,8,8.2,formative_assessment,formative,d4_f01_v1,performance,4,"Use integrals to determine displacement, total distance, and position from velocity, while distinguishing velocity from speed and accounting for direction changes.",I can compute displacement and total distance from velocity and recover position from velocity with an initial condition.,AP Topic 8.2,motion_investigation,performance_rubric,u8_fa_d4_01_v1_fa_motion.png,"Unit 8 Assessment Plan + AP Calculus AB Course Framework; supplied AP Topic scoring guides consulted for authentic representations and rigor only, with no published question wording copied.",Eligible After Section 8.2
U8-FA-D4-01-V2,MATH,8,8.2,formative_assessment,formative,d4_f01_v2,performance,4,"Use integrals to determine displacement, total distance, and position from velocity, while distinguishing velocity from speed and accounting for direction changes.",I can compute displacement and total distance from velocity and recover position from velocity with an initial condition.,AP Topic 8.2,motion_investigation,performance_rubric,u8_fa_d4_01_v2_fa_motion.png,"Unit 8 Assessment Plan + AP Calculus AB Course Framework; supplied AP Topic scoring guides consulted for authentic representations and rigor only, with no published question wording copied.",Eligible After Section 8.2
U8-FA-D4-01-V3,MATH,8,8.2,formative_assessment,formative,d4_f01_v3,performance,4,"Use integrals to determine displacement, total distance, and position from velocity, while distinguishing velocity from speed and accounting for direction changes.",I can compute displacement and total distance from velocity and recover position from velocity with an initial condition.,AP Topic 8.2,motion_investigation,performance_rubric,u8_fa_d4_01_v3_fa_motion.png,"Unit 8 Assessment Plan + AP Calculus AB Course Framework; supplied AP Topic scoring guides consulted for authentic representations and rigor only, with no published question wording copied.",Eligible After Section 8.2
U8-FA-D4-01-V4,MATH,8,8.2,formative_assessment,formative,d4_f01_v4,performance,4,"Use integrals to determine displacement, total distance, and position from velocity, while distinguishing velocity from speed and accounting for direction changes.",I can compute displacement and total distance from velocity and recover position from velocity with an initial condition.,AP Topic 8.2,motion_investigation,performance_rubric,u8_fa_d4_01_v4_fa_motion.png,"Unit 8 Assessment Plan + AP Calculus AB Course Framework; supplied AP Topic scoring guides consulted for authentic representations and rigor only, with no published question wording copied.",Eligible After Section 8.2
U8-FA-D4-01-V5,MATH,8,8.2,formative_assessment,formative,d4_f01_v5,performance,4,"Use integrals to determine displacement, total distance, and position from velocity, while distinguishing velocity from speed and accounting for direction changes.",I can compute displacement and total distance from velocity and recover position from velocity with an initial condition.,AP Topic 8.2,motion_investigation,performance_rubric,u8_fa_d4_01_v5_fa_motion.png,"Unit 8 Assessment Plan + AP Calculus AB Course Framework; supplied AP Topic scoring guides consulted for authentic representations and rigor only, with no published question wording copied.",Eligible After Section 8.2
U8-FA-D4-01-V6,MATH,8,8.2,formative_assessment,formative,d4_f01_v6,performance,4,"Use integrals to determine displacement, total distance, and position from velocity, while distinguishing velocity from speed and accounting for direction changes.",I can compute displacement and total distance from velocity and recover position from velocity with an initial condition.,AP Topic 8.2,motion_investigation,performance_rubric,u8_fa_d4_01_v6_fa_motion.png,"Unit 8 Assessment Plan + AP Calculus AB Course Framework; supplied AP Topic scoring guides consulted for authentic representations and rigor only, with no published question wording copied.",Eligible After Section 8.2
U8-FA-D4-01-V7,MATH,8,8.2,formative_assessment,formative,d4_f01_v7,performance,4,"Use integrals to determine displacement, total distance, and position from velocity, while distinguishing velocity from speed and accounting for direction changes.",I can compute displacement and total distance from velocity and recover position from velocity with an initial condition.,AP Topic 8.2,motion_investigation,performance_rubric,u8_fa_d4_01_v7_fa_motion.png,"Unit 8 Assessment Plan + AP Calculus AB Course Framework; supplied AP Topic scoring guides consulted for authentic representations and rigor only, with no published question wording copied.",Eligible After Section 8.2
U8-FA-D4-01-V8,MATH,8,8.2,formative_assessment,formative,d4_f01_v8,performance,4,"Use integrals to determine displacement, total distance, and position from velocity, while distinguishing velocity from speed and accounting for direction changes.",I can compute displacement and total distance from velocity and recover position from velocity with an initial condition.,AP Topic 8.2,motion_investigation,performance_rubric,u8_fa_d4_01_v8_fa_motion.png,"Unit 8 Assessment Plan + AP Calculus AB Course Framework; supplied AP Topic scoring guides consulted for authentic representations and rigor only, with no published question wording copied.",Eligible After Section 8.2
U8-FA-D4-02-V1,MATH,8,8.3,formative_assessment,formative,d4_f02_v1,performance,4,"Set up and evaluate area between curves with respect to $x$ or $y$, including multiple intersections and orientation decisions.","I can identify bounding functions and intersections, set up area with respect to $x$ or $y$, and justify when a region requires splitting.","AP Topics 8.4, 8.5, 8.6",area_model_performance,performance_rubric,u8_fa_d4_02_v1_fa_area.png,"Unit 8 Assessment Plan + AP Calculus AB Course Framework; supplied AP Topic scoring guides consulted for authentic representations and rigor only, with no published question wording copied.",Eligible After Section 8.3
U8-FA-D4-02-V2,MATH,8,8.3,formative_assessment,formative,d4_f02_v2,performance,4,"Set up and evaluate area between curves with respect to $x$ or $y$, including multiple intersections and orientation decisions.","I can identify bounding functions and intersections, set up area with respect to $x$ or $y$, and justify when a region requires splitting.","AP Topics 8.4, 8.5, 8.6",area_model_performance,performance_rubric,u8_fa_d4_02_v2_fa_area.png,"Unit 8 Assessment Plan + AP Calculus AB Course Framework; supplied AP Topic scoring guides consulted for authentic representations and rigor only, with no published question wording copied.",Eligible After Section 8.3
U8-FA-D4-02-V3,MATH,8,8.3,formative_assessment,formative,d4_f02_v3,performance,4,"Set up and evaluate area between curves with respect to $x$ or $y$, including multiple intersections and orientation decisions.","I can identify bounding functions and intersections, set up area with respect to $x$ or $y$, and justify when a region requires splitting.","AP Topics 8.4, 8.5, 8.6",area_model_performance,performance_rubric,u8_fa_d4_02_v3_fa_area.png,"Unit 8 Assessment Plan + AP Calculus AB Course Framework; supplied AP Topic scoring guides consulted for authentic representations and rigor only, with no published question wording copied.",Eligible After Section 8.3
U8-FA-D4-02-V4,MATH,8,8.3,formative_assessment,formative,d4_f02_v4,performance,4,"Set up and evaluate area between curves with respect to $x$ or $y$, including multiple intersections and orientation decisions.","I can identify bounding functions and intersections, set up area with respect to $x$ or $y$, and justify when a region requires splitting.","AP Topics 8.4, 8.5, 8.6",area_model_performance,performance_rubric,u8_fa_d4_02_v4_fa_area.png,"Unit 8 Assessment Plan + AP Calculus AB Course Framework; supplied AP Topic scoring guides consulted for authentic representations and rigor only, with no published question wording copied.",Eligible After Section 8.3
U8-FA-D4-02-V5,MATH,8,8.3,formative_assessment,formative,d4_f02_v5,performance,4,"Set up and evaluate area between curves with respect to $x$ or $y$, including multiple intersections and orientation decisions.","I can identify bounding functions and intersections, set up area with respect to $x$ or $y$, and justify when a region requires splitting.","AP Topics 8.4, 8.5, 8.6",area_model_performance,performance_rubric,u8_fa_d4_02_v5_fa_area.png,"Unit 8 Assessment Plan + AP Calculus AB Course Framework; supplied AP Topic scoring guides consulted for authentic representations and rigor only, with no published question wording copied.",Eligible After Section 8.3
U8-FA-D4-02-V6,MATH,8,8.3,formative_assessment,formative,d4_f02_v6,performance,4,"Set up and evaluate area between curves with respect to $x$ or $y$, including multiple intersections and orientation decisions.","I can identify bounding functions and intersections, set up area with respect to $x$ or $y$, and justify when a region requires splitting.","AP Topics 8.4, 8.5, 8.6",area_model_performance,performance_rubric,u8_fa_d4_02_v6_fa_area.png,"Unit 8 Assessment Plan + AP Calculus AB Course Framework; supplied AP Topic scoring guides consulted for authentic representations and rigor only, with no published question wording copied.",Eligible After Section 8.3
U8-FA-D4-02-V7,MATH,8,8.3,formative_assessment,formative,d4_f02_v7,performance,4,"Set up and evaluate area between curves with respect to $x$ or $y$, including multiple intersections and orientation decisions.","I can identify bounding functions and intersections, set up area with respect to $x$ or $y$, and justify when a region requires splitting.","AP Topics 8.4, 8.5, 8.6",area_model_performance,performance_rubric,u8_fa_d4_02_v7_fa_area.png,"Unit 8 Assessment Plan + AP Calculus AB Course Framework; supplied AP Topic scoring guides consulted for authentic representations and rigor only, with no published question wording copied.",Eligible After Section 8.3
U8-FA-D4-02-V8,MATH,8,8.3,formative_assessment,formative,d4_f02_v8,performance,4,"Set up and evaluate area between curves with respect to $x$ or $y$, including multiple intersections and orientation decisions.","I can identify bounding functions and intersections, set up area with respect to $x$ or $y$, and justify when a region requires splitting.","AP Topics 8.4, 8.5, 8.6",area_model_performance,performance_rubric,u8_fa_d4_02_v8_fa_area.png,"Unit 8 Assessment Plan + AP Calculus AB Course Framework; supplied AP Topic scoring guides consulted for authentic representations and rigor only, with no published question wording copied.",Eligible After Section 8.3
U8-FA-D4-03-V1,MATH,8,8.4,formative_assessment,formative,d4_f03_v1,performance,4,Model volumes with known cross-sectional shapes by converting a base region into an area function and integrating over the appropriate interval.,"I can build a cross-sectional area function from a base region and set up volumes for square, rectangular, triangular, or semicircular cross sections.","AP Topics 8.7, 8.8",cross_section_design,performance_rubric,u8_fa_d4_03_v1_fa_cross.png,"Unit 8 Assessment Plan + AP Calculus AB Course Framework; supplied AP Topic scoring guides consulted for authentic representations and rigor only, with no published question wording copied.",Eligible After Section 8.4
U8-FA-D4-03-V2,MATH,8,8.4,formative_assessment,formative,d4_f03_v2,performance,4,Model volumes with known cross-sectional shapes by converting a base region into an area function and integrating over the appropriate interval.,"I can build a cross-sectional area function from a base region and set up volumes for square, rectangular, triangular, or semicircular cross sections.","AP Topics 8.7, 8.8",cross_section_design,performance_rubric,u8_fa_d4_03_v2_fa_cross.png,"Unit 8 Assessment Plan + AP Calculus AB Course Framework; supplied AP Topic scoring guides consulted for authentic representations and rigor only, with no published question wording copied.",Eligible After Section 8.4
U8-FA-D4-03-V3,MATH,8,8.4,formative_assessment,formative,d4_f03_v3,performance,4,Model volumes with known cross-sectional shapes by converting a base region into an area function and integrating over the appropriate interval.,"I can build a cross-sectional area function from a base region and set up volumes for square, rectangular, triangular, or semicircular cross sections.","AP Topics 8.7, 8.8",cross_section_design,performance_rubric,u8_fa_d4_03_v3_fa_cross.png,"Unit 8 Assessment Plan + AP Calculus AB Course Framework; supplied AP Topic scoring guides consulted for authentic representations and rigor only, with no published question wording copied.",Eligible After Section 8.4
U8-FA-D4-03-V4,MATH,8,8.4,formative_assessment,formative,d4_f03_v4,performance,4,Model volumes with known cross-sectional shapes by converting a base region into an area function and integrating over the appropriate interval.,"I can build a cross-sectional area function from a base region and set up volumes for square, rectangular, triangular, or semicircular cross sections.","AP Topics 8.7, 8.8",cross_section_design,performance_rubric,u8_fa_d4_03_v4_fa_cross.png,"Unit 8 Assessment Plan + AP Calculus AB Course Framework; supplied AP Topic scoring guides consulted for authentic representations and rigor only, with no published question wording copied.",Eligible After Section 8.4
U8-FA-D4-03-V5,MATH,8,8.4,formative_assessment,formative,d4_f03_v5,performance,4,Model volumes with known cross-sectional shapes by converting a base region into an area function and integrating over the appropriate interval.,"I can build a cross-sectional area function from a base region and set up volumes for square, rectangular, triangular, or semicircular cross sections.","AP Topics 8.7, 8.8",cross_section_design,performance_rubric,u8_fa_d4_03_v5_fa_cross.png,"Unit 8 Assessment Plan + AP Calculus AB Course Framework; supplied AP Topic scoring guides consulted for authentic representations and rigor only, with no published question wording copied.",Eligible After Section 8.4
U8-FA-D4-03-V6,MATH,8,8.4,formative_assessment,formative,d4_f03_v6,performance,4,Model volumes with known cross-sectional shapes by converting a base region into an area function and integrating over the appropriate interval.,"I can build a cross-sectional area function from a base region and set up volumes for square, rectangular, triangular, or semicircular cross sections.","AP Topics 8.7, 8.8",cross_section_design,performance_rubric,u8_fa_d4_03_v6_fa_cross.png,"Unit 8 Assessment Plan + AP Calculus AB Course Framework; supplied AP Topic scoring guides consulted for authentic representations and rigor only, with no published question wording copied.",Eligible After Section 8.4
U8-FA-D4-03-V7,MATH,8,8.4,formative_assessment,formative,d4_f03_v7,performance,4,Model volumes with known cross-sectional shapes by converting a base region into an area function and integrating over the appropriate interval.,"I can build a cross-sectional area function from a base region and set up volumes for square, rectangular, triangular, or semicircular cross sections.","AP Topics 8.7, 8.8",cross_section_design,performance_rubric,u8_fa_d4_03_v7_fa_cross.png,"Unit 8 Assessment Plan + AP Calculus AB Course Framework; supplied AP Topic scoring guides consulted for authentic representations and rigor only, with no published question wording copied.",Eligible After Section 8.4
U8-FA-D4-03-V8,MATH,8,8.4,formative_assessment,formative,d4_f03_v8,performance,4,Model volumes with known cross-sectional shapes by converting a base region into an area function and integrating over the appropriate interval.,"I can build a cross-sectional area function from a base region and set up volumes for square, rectangular, triangular, or semicircular cross sections.","AP Topics 8.7, 8.8",cross_section_design,performance_rubric,u8_fa_d4_03_v8_fa_cross.png,"Unit 8 Assessment Plan + AP Calculus AB Course Framework; supplied AP Topic scoring guides consulted for authentic representations and rigor only, with no published question wording copied.",Eligible After Section 8.4
U8-FA-D4-04-V1,MATH,8,8.5,formative_assessment,formative,d4_f04_v1,performance,4,"Set up disc and washer volume integrals about coordinate or shifted axes, making correct radius and orientation decisions.","I can measure radii from the axis of rotation, distinguish outer from inner radius, and set up disc or washer integrals about horizontal or vertical axes.","AP Topics 8.9, 8.10, 8.11, 8.12",rotation_model_performance,performance_rubric,u8_fa_d4_04_v1_fa_rotation.png,"Unit 8 Assessment Plan + AP Calculus AB Course Framework; supplied AP Topic scoring guides consulted for authentic representations and rigor only, with no published question wording copied.",Eligible After Section 8.5
U8-FA-D4-04-V2,MATH,8,8.5,formative_assessment,formative,d4_f04_v2,performance,4,"Set up disc and washer volume integrals about coordinate or shifted axes, making correct radius and orientation decisions.","I can measure radii from the axis of rotation, distinguish outer from inner radius, and set up disc or washer integrals about horizontal or vertical axes.","AP Topics 8.9, 8.10, 8.11, 8.12",rotation_model_performance,performance_rubric,u8_fa_d4_04_v2_fa_rotation.png,"Unit 8 Assessment Plan + AP Calculus AB Course Framework; supplied AP Topic scoring guides consulted for authentic representations and rigor only, with no published question wording copied.",Eligible After Section 8.5
U8-FA-D4-04-V3,MATH,8,8.5,formative_assessment,formative,d4_f04_v3,performance,4,"Set up disc and washer volume integrals about coordinate or shifted axes, making correct radius and orientation decisions.","I can measure radii from the axis of rotation, distinguish outer from inner radius, and set up disc or washer integrals about horizontal or vertical axes.","AP Topics 8.9, 8.10, 8.11, 8.12",rotation_model_performance,performance_rubric,u8_fa_d4_04_v3_fa_rotation.png,"Unit 8 Assessment Plan + AP Calculus AB Course Framework; supplied AP Topic scoring guides consulted for authentic representations and rigor only, with no published question wording copied.",Eligible After Section 8.5
U8-FA-D4-04-V4,MATH,8,8.5,formative_assessment,formative,d4_f04_v4,performance,4,"Set up disc and washer volume integrals about coordinate or shifted axes, making correct radius and orientation decisions.","I can measure radii from the axis of rotation, distinguish outer from inner radius, and set up disc or washer integrals about horizontal or vertical axes.","AP Topics 8.9, 8.10, 8.11, 8.12",rotation_model_performance,performance_rubric,u8_fa_d4_04_v4_fa_rotation.png,"Unit 8 Assessment Plan + AP Calculus AB Course Framework; supplied AP Topic scoring guides consulted for authentic representations and rigor only, with no published question wording copied.",Eligible After Section 8.5
U8-FA-D4-04-V5,MATH,8,8.5,formative_assessment,formative,d4_f04_v5,performance,4,"Set up disc and washer volume integrals about coordinate or shifted axes, making correct radius and orientation decisions.","I can measure radii from the axis of rotation, distinguish outer from inner radius, and set up disc or washer integrals about horizontal or vertical axes.","AP Topics 8.9, 8.10, 8.11, 8.12",rotation_model_performance,performance_rubric,u8_fa_d4_04_v5_fa_rotation.png,"Unit 8 Assessment Plan + AP Calculus AB Course Framework; supplied AP Topic scoring guides consulted for authentic representations and rigor only, with no published question wording copied.",Eligible After Section 8.5
U8-FA-D4-04-V6,MATH,8,8.5,formative_assessment,formative,d4_f04_v6,performance,4,"Set up disc and washer volume integrals about coordinate or shifted axes, making correct radius and orientation decisions.","I can measure radii from the axis of rotation, distinguish outer from inner radius, and set up disc or washer integrals about horizontal or vertical axes.","AP Topics 8.9, 8.10, 8.11, 8.12",rotation_model_performance,performance_rubric,u8_fa_d4_04_v6_fa_rotation.png,"Unit 8 Assessment Plan + AP Calculus AB Course Framework; supplied AP Topic scoring guides consulted for authentic representations and rigor only, with no published question wording copied.",Eligible After Section 8.5
U8-FA-D4-04-V7,MATH,8,8.5,formative_assessment,formative,d4_f04_v7,performance,4,"Set up disc and washer volume integrals about coordinate or shifted axes, making correct radius and orientation decisions.","I can measure radii from the axis of rotation, distinguish outer from inner radius, and set up disc or washer integrals about horizontal or vertical axes.","AP Topics 8.9, 8.10, 8.11, 8.12",rotation_model_performance,performance_rubric,u8_fa_d4_04_v7_fa_rotation.png,"Unit 8 Assessment Plan + AP Calculus AB Course Framework; supplied AP Topic scoring guides consulted for authentic representations and rigor only, with no published question wording copied.",Eligible After Section 8.5
U8-FA-D4-04-V8,MATH,8,8.5,formative_assessment,formative,d4_f04_v8,performance,4,"Set up disc and washer volume integrals about coordinate or shifted axes, making correct radius and orientation decisions.","I can measure radii from the axis of rotation, distinguish outer from inner radius, and set up disc or washer integrals about horizontal or vertical axes.","AP Topics 8.9, 8.10, 8.11, 8.12",rotation_model_performance,performance_rubric,u8_fa_d4_04_v8_fa_rotation.png,"Unit 8 Assessment Plan + AP Calculus AB Course Framework; supplied AP Topic scoring guides consulted for authentic representations and rigor only, with no published question wording copied.",Eligible After Section 8.5
U8-SUM-V1-Q01,MATH,8,8.1,summative_assessment,summative,v1_q01,unit-synthesis,2,"Use definite integrals to determine average value and net change, and distinguish average value from average rate of change in contextual situations.","I can compute and interpret average value, use a rate function to determine net change, and distinguish those quantities from average rate of change.","AP Topics 8.1, 8.3",average_value_mc,multiple_choice,,"Unit 8 Assessment Plan + AP Calculus AB Course Framework; supplied AP Topic scoring guides consulted for authentic representations and rigor only, with no published question wording copied.",AP-style mixed selected/constructed response source; no published wording copied.
U8-SUM-V1-Q02,MATH,8,8.1,summative_assessment,summative,v1_q02,unit-synthesis,2,"Use definite integrals to determine average value and net change, and distinguish average value from average rate of change in contextual situations.","I can compute and interpret average value, use a rate function to determine net change, and distinguish those quantities from average rate of change.","AP Topics 8.1, 8.3",net_change_mc,multiple_choice,,"Unit 8 Assessment Plan + AP Calculus AB Course Framework; supplied AP Topic scoring guides consulted for authentic representations and rigor only, with no published question wording copied.",AP-style mixed selected/constructed response source; no published wording copied.
U8-SUM-V1-Q03,MATH,8,8.1,summative_assessment,summative,v1_q03,unit-synthesis,2,"Use definite integrals to determine average value and net change, and distinguish average value from average rate of change in contextual situations.","I can compute and interpret average value, use a rate function to determine net change, and distinguish those quantities from average rate of change.","AP Topics 8.1, 8.3",average_value_mc,multiple_choice,,"Unit 8 Assessment Plan + AP Calculus AB Course Framework; supplied AP Topic scoring guides consulted for authentic representations and rigor only, with no published question wording copied.",AP-style mixed selected/constructed response source; no published wording copied.
U8-SUM-V1-Q04,MATH,8,8.1,summative_assessment,summative,v1_q04,unit-synthesis,3,"Use definite integrals to determine average value and net change, and distinguish average value from average rate of change in contextual situations.","I can compute and interpret average value, use a rate function to determine net change, and distinguish those quantities from average rate of change.","AP Topics 8.1, 8.3",accumulation_frq,constructed_response,,"Unit 8 Assessment Plan + AP Calculus AB Course Framework; supplied AP Topic scoring guides consulted for authentic representations and rigor only, with no published question wording copied.",AP-style mixed selected/constructed response source; no published wording copied.
U8-SUM-V1-Q05,MATH,8,8.2,summative_assessment,summative,v1_q05,unit-synthesis,2,"Use integrals to determine displacement, total distance, and position from velocity, while distinguishing velocity from speed and accounting for direction changes.",I can compute displacement and total distance from velocity and recover position from velocity with an initial condition.,AP Topic 8.2,distance_mc,multiple_choice,,"Unit 8 Assessment Plan + AP Calculus AB Course Framework; supplied AP Topic scoring guides consulted for authentic representations and rigor only, with no published question wording copied.",AP-style mixed selected/constructed response source; no published wording copied.
U8-SUM-V1-Q06,MATH,8,8.2,summative_assessment,summative,v1_q06,unit-synthesis,2,"Use integrals to determine displacement, total distance, and position from velocity, while distinguishing velocity from speed and accounting for direction changes.",I can compute displacement and total distance from velocity and recover position from velocity with an initial condition.,AP Topic 8.2,position_mc,multiple_choice,,"Unit 8 Assessment Plan + AP Calculus AB Course Framework; supplied AP Topic scoring guides consulted for authentic representations and rigor only, with no published question wording copied.",AP-style mixed selected/constructed response source; no published wording copied.
U8-SUM-V1-Q07,MATH,8,8.2,summative_assessment,summative,v1_q07,unit-synthesis,3,"Use integrals to determine displacement, total distance, and position from velocity, while distinguishing velocity from speed and accounting for direction changes.",I can compute displacement and total distance from velocity and recover position from velocity with an initial condition.,AP Topic 8.2,motion_frq,constructed_response,u8_sum_v1_q07_sum_velocity.png,"Unit 8 Assessment Plan + AP Calculus AB Course Framework; supplied AP Topic scoring guides consulted for authentic representations and rigor only, with no published question wording copied.",AP-style mixed selected/constructed response source; no published wording copied.
U8-SUM-V1-Q08,MATH,8,8.2,summative_assessment,summative,v1_q08,unit-synthesis,3,"Use integrals to determine displacement, total distance, and position from velocity, while distinguishing velocity from speed and accounting for direction changes.",I can compute displacement and total distance from velocity and recover position from velocity with an initial condition.,AP Topic 8.2,motion_frq,constructed_response,u8_sum_v1_q08_sum_velocity.png,"Unit 8 Assessment Plan + AP Calculus AB Course Framework; supplied AP Topic scoring guides consulted for authentic representations and rigor only, with no published question wording copied.",AP-style mixed selected/constructed response source; no published wording copied.
U8-SUM-V1-Q09,MATH,8,8.3,summative_assessment,summative,v1_q09,unit-synthesis,2,"Set up and evaluate area between curves with respect to $x$ or $y$, including multiple intersections and orientation decisions.","I can identify bounding functions and intersections, set up area with respect to $x$ or $y$, and justify when a region requires splitting.","AP Topics 8.4, 8.5, 8.6",area_setup_mc,multiple_choice,,"Unit 8 Assessment Plan + AP Calculus AB Course Framework; supplied AP Topic scoring guides consulted for authentic representations and rigor only, with no published question wording copied.",AP-style mixed selected/constructed response source; no published wording copied.
U8-SUM-V1-Q10,MATH,8,8.3,summative_assessment,summative,v1_q10,unit-synthesis,2,"Set up and evaluate area between curves with respect to $x$ or $y$, including multiple intersections and orientation decisions.","I can identify bounding functions and intersections, set up area with respect to $x$ or $y$, and justify when a region requires splitting.","AP Topics 8.4, 8.5, 8.6",area_setup_mc,multiple_choice,,"Unit 8 Assessment Plan + AP Calculus AB Course Framework; supplied AP Topic scoring guides consulted for authentic representations and rigor only, with no published question wording copied.",AP-style mixed selected/constructed response source; no published wording copied.
U8-SUM-V1-Q11,MATH,8,8.3,summative_assessment,summative,v1_q11,unit-synthesis,3,"Set up and evaluate area between curves with respect to $x$ or $y$, including multiple intersections and orientation decisions.","I can identify bounding functions and intersections, set up area with respect to $x$ or $y$, and justify when a region requires splitting.","AP Topics 8.4, 8.5, 8.6",area_frq,constructed_response,u8_sum_v1_q11_sum_area.png,"Unit 8 Assessment Plan + AP Calculus AB Course Framework; supplied AP Topic scoring guides consulted for authentic representations and rigor only, with no published question wording copied.",AP-style mixed selected/constructed response source; no published wording copied.
U8-SUM-V1-Q12,MATH,8,8.3,summative_assessment,summative,v1_q12,unit-synthesis,3,"Set up and evaluate area between curves with respect to $x$ or $y$, including multiple intersections and orientation decisions.","I can identify bounding functions and intersections, set up area with respect to $x$ or $y$, and justify when a region requires splitting.","AP Topics 8.4, 8.5, 8.6",area_dy_frq,constructed_response,,"Unit 8 Assessment Plan + AP Calculus AB Course Framework; supplied AP Topic scoring guides consulted for authentic representations and rigor only, with no published question wording copied.",AP-style mixed selected/constructed response source; no published wording copied.
U8-SUM-V1-Q13,MATH,8,8.4,summative_assessment,summative,v1_q13,unit-synthesis,1,Model volumes with known cross-sectional shapes by converting a base region into an area function and integrating over the appropriate interval.,"I can build a cross-sectional area function from a base region and set up volumes for square, rectangular, triangular, or semicircular cross sections.","AP Topics 8.7, 8.8",cross_section_area_mc,multiple_choice,,"Unit 8 Assessment Plan + AP Calculus AB Course Framework; supplied AP Topic scoring guides consulted for authentic representations and rigor only, with no published question wording copied.",AP-style mixed selected/constructed response source; no published wording copied.
U8-SUM-V1-Q14,MATH,8,8.4,summative_assessment,summative,v1_q14,unit-synthesis,2,Model volumes with known cross-sectional shapes by converting a base region into an area function and integrating over the appropriate interval.,"I can build a cross-sectional area function from a base region and set up volumes for square, rectangular, triangular, or semicircular cross sections.","AP Topics 8.7, 8.8",semicircle_area_mc,multiple_choice,,"Unit 8 Assessment Plan + AP Calculus AB Course Framework; supplied AP Topic scoring guides consulted for authentic representations and rigor only, with no published question wording copied.",AP-style mixed selected/constructed response source; no published wording copied.
U8-SUM-V1-Q15,MATH,8,8.4,summative_assessment,summative,v1_q15,unit-synthesis,3,Model volumes with known cross-sectional shapes by converting a base region into an area function and integrating over the appropriate interval.,"I can build a cross-sectional area function from a base region and set up volumes for square, rectangular, triangular, or semicircular cross sections.","AP Topics 8.7, 8.8",cross_section_frq,constructed_response,u8_sum_v1_q15_sum_base.png,"Unit 8 Assessment Plan + AP Calculus AB Course Framework; supplied AP Topic scoring guides consulted for authentic representations and rigor only, with no published question wording copied.",AP-style mixed selected/constructed response source; no published wording copied.
U8-SUM-V1-Q16,MATH,8,8.4,summative_assessment,summative,v1_q16,unit-synthesis,3,Model volumes with known cross-sectional shapes by converting a base region into an area function and integrating over the appropriate interval.,"I can build a cross-sectional area function from a base region and set up volumes for square, rectangular, triangular, or semicircular cross sections.","AP Topics 8.7, 8.8",cross_section_frq,constructed_response,u8_sum_v1_q16_sum_base.png,"Unit 8 Assessment Plan + AP Calculus AB Course Framework; supplied AP Topic scoring guides consulted for authentic representations and rigor only, with no published question wording copied.",AP-style mixed selected/constructed response source; no published wording copied.
U8-SUM-V1-Q17,MATH,8,8.5,summative_assessment,summative,v1_q17,unit-synthesis,1,"Set up disc and washer volume integrals about coordinate or shifted axes, making correct radius and orientation decisions.","I can measure radii from the axis of rotation, distinguish outer from inner radius, and set up disc or washer integrals about horizontal or vertical axes.","AP Topics 8.9, 8.10, 8.11, 8.12",radius_mc,multiple_choice,,"Unit 8 Assessment Plan + AP Calculus AB Course Framework; supplied AP Topic scoring guides consulted for authentic representations and rigor only, with no published question wording copied.",AP-style mixed selected/constructed response source; no published wording copied.
U8-SUM-V1-Q18,MATH,8,8.5,summative_assessment,summative,v1_q18,unit-synthesis,1,"Set up disc and washer volume integrals about coordinate or shifted axes, making correct radius and orientation decisions.","I can measure radii from the axis of rotation, distinguish outer from inner radius, and set up disc or washer integrals about horizontal or vertical axes.","AP Topics 8.9, 8.10, 8.11, 8.12",washer_formula_mc,multiple_choice,,"Unit 8 Assessment Plan + AP Calculus AB Course Framework; supplied AP Topic scoring guides consulted for authentic representations and rigor only, with no published question wording copied.",AP-style mixed selected/constructed response source; no published wording copied.
U8-SUM-V1-Q19,MATH,8,8.5,summative_assessment,summative,v1_q19,unit-synthesis,1,"Set up disc and washer volume integrals about coordinate or shifted axes, making correct radius and orientation decisions.","I can measure radii from the axis of rotation, distinguish outer from inner radius, and set up disc or washer integrals about horizontal or vertical axes.","AP Topics 8.9, 8.10, 8.11, 8.12",slice_orientation_mc,multiple_choice,,"Unit 8 Assessment Plan + AP Calculus AB Course Framework; supplied AP Topic scoring guides consulted for authentic representations and rigor only, with no published question wording copied.",AP-style mixed selected/constructed response source; no published wording copied.
U8-SUM-V1-Q20,MATH,8,8.5,summative_assessment,summative,v1_q20,unit-synthesis,3,"Set up disc and washer volume integrals about coordinate or shifted axes, making correct radius and orientation decisions.","I can measure radii from the axis of rotation, distinguish outer from inner radius, and set up disc or washer integrals about horizontal or vertical axes.","AP Topics 8.9, 8.10, 8.11, 8.12",rotation_frq,constructed_response,u8_sum_v1_q20_sum_rotation.png,"Unit 8 Assessment Plan + AP Calculus AB Course Framework; supplied AP Topic scoring guides consulted for authentic representations and rigor only, with no published question wording copied.",AP-style mixed selected/constructed response source; no published wording copied.
U8-SUM-V2-Q01,MATH,8,8.1,summative_assessment,summative,v2_q01,unit-synthesis,2,"Use definite integrals to determine average value and net change, and distinguish average value from average rate of change in contextual situations.","I can compute and interpret average value, use a rate function to determine net change, and distinguish those quantities from average rate of change.","AP Topics 8.1, 8.3",average_value_mc,multiple_choice,,"Unit 8 Assessment Plan + AP Calculus AB Course Framework; supplied AP Topic scoring guides consulted for authentic representations and rigor only, with no published question wording copied.",AP-style mixed selected/constructed response source; no published wording copied.
U8-SUM-V2-Q02,MATH,8,8.1,summative_assessment,summative,v2_q02,unit-synthesis,2,"Use definite integrals to determine average value and net change, and distinguish average value from average rate of change in contextual situations.","I can compute and interpret average value, use a rate function to determine net change, and distinguish those quantities from average rate of change.","AP Topics 8.1, 8.3",net_change_mc,multiple_choice,,"Unit 8 Assessment Plan + AP Calculus AB Course Framework; supplied AP Topic scoring guides consulted for authentic representations and rigor only, with no published question wording copied.",AP-style mixed selected/constructed response source; no published wording copied.
U8-SUM-V2-Q03,MATH,8,8.1,summative_assessment,summative,v2_q03,unit-synthesis,2,"Use definite integrals to determine average value and net change, and distinguish average value from average rate of change in contextual situations.","I can compute and interpret average value, use a rate function to determine net change, and distinguish those quantities from average rate of change.","AP Topics 8.1, 8.3",average_value_mc,multiple_choice,,"Unit 8 Assessment Plan + AP Calculus AB Course Framework; supplied AP Topic scoring guides consulted for authentic representations and rigor only, with no published question wording copied.",AP-style mixed selected/constructed response source; no published wording copied.
U8-SUM-V2-Q04,MATH,8,8.1,summative_assessment,summative,v2_q04,unit-synthesis,3,"Use definite integrals to determine average value and net change, and distinguish average value from average rate of change in contextual situations.","I can compute and interpret average value, use a rate function to determine net change, and distinguish those quantities from average rate of change.","AP Topics 8.1, 8.3",accumulation_frq,constructed_response,,"Unit 8 Assessment Plan + AP Calculus AB Course Framework; supplied AP Topic scoring guides consulted for authentic representations and rigor only, with no published question wording copied.",AP-style mixed selected/constructed response source; no published wording copied.
U8-SUM-V2-Q05,MATH,8,8.2,summative_assessment,summative,v2_q05,unit-synthesis,2,"Use integrals to determine displacement, total distance, and position from velocity, while distinguishing velocity from speed and accounting for direction changes.",I can compute displacement and total distance from velocity and recover position from velocity with an initial condition.,AP Topic 8.2,distance_mc,multiple_choice,,"Unit 8 Assessment Plan + AP Calculus AB Course Framework; supplied AP Topic scoring guides consulted for authentic representations and rigor only, with no published question wording copied.",AP-style mixed selected/constructed response source; no published wording copied.
U8-SUM-V2-Q06,MATH,8,8.2,summative_assessment,summative,v2_q06,unit-synthesis,2,"Use integrals to determine displacement, total distance, and position from velocity, while distinguishing velocity from speed and accounting for direction changes.",I can compute displacement and total distance from velocity and recover position from velocity with an initial condition.,AP Topic 8.2,position_mc,multiple_choice,,"Unit 8 Assessment Plan + AP Calculus AB Course Framework; supplied AP Topic scoring guides consulted for authentic representations and rigor only, with no published question wording copied.",AP-style mixed selected/constructed response source; no published wording copied.
U8-SUM-V2-Q07,MATH,8,8.2,summative_assessment,summative,v2_q07,unit-synthesis,3,"Use integrals to determine displacement, total distance, and position from velocity, while distinguishing velocity from speed and accounting for direction changes.",I can compute displacement and total distance from velocity and recover position from velocity with an initial condition.,AP Topic 8.2,motion_frq,constructed_response,u8_sum_v2_q07_sum_velocity.png,"Unit 8 Assessment Plan + AP Calculus AB Course Framework; supplied AP Topic scoring guides consulted for authentic representations and rigor only, with no published question wording copied.",AP-style mixed selected/constructed response source; no published wording copied.
U8-SUM-V2-Q08,MATH,8,8.2,summative_assessment,summative,v2_q08,unit-synthesis,3,"Use integrals to determine displacement, total distance, and position from velocity, while distinguishing velocity from speed and accounting for direction changes.",I can compute displacement and total distance from velocity and recover position from velocity with an initial condition.,AP Topic 8.2,motion_frq,constructed_response,u8_sum_v2_q08_sum_velocity.png,"Unit 8 Assessment Plan + AP Calculus AB Course Framework; supplied AP Topic scoring guides consulted for authentic representations and rigor only, with no published question wording copied.",AP-style mixed selected/constructed response source; no published wording copied.
U8-SUM-V2-Q09,MATH,8,8.3,summative_assessment,summative,v2_q09,unit-synthesis,2,"Set up and evaluate area between curves with respect to $x$ or $y$, including multiple intersections and orientation decisions.","I can identify bounding functions and intersections, set up area with respect to $x$ or $y$, and justify when a region requires splitting.","AP Topics 8.4, 8.5, 8.6",area_setup_mc,multiple_choice,,"Unit 8 Assessment Plan + AP Calculus AB Course Framework; supplied AP Topic scoring guides consulted for authentic representations and rigor only, with no published question wording copied.",AP-style mixed selected/constructed response source; no published wording copied.
U8-SUM-V2-Q10,MATH,8,8.3,summative_assessment,summative,v2_q10,unit-synthesis,2,"Set up and evaluate area between curves with respect to $x$ or $y$, including multiple intersections and orientation decisions.","I can identify bounding functions and intersections, set up area with respect to $x$ or $y$, and justify when a region requires splitting.","AP Topics 8.4, 8.5, 8.6",area_setup_mc,multiple_choice,,"Unit 8 Assessment Plan + AP Calculus AB Course Framework; supplied AP Topic scoring guides consulted for authentic representations and rigor only, with no published question wording copied.",AP-style mixed selected/constructed response source; no published wording copied.
U8-SUM-V2-Q11,MATH,8,8.3,summative_assessment,summative,v2_q11,unit-synthesis,3,"Set up and evaluate area between curves with respect to $x$ or $y$, including multiple intersections and orientation decisions.","I can identify bounding functions and intersections, set up area with respect to $x$ or $y$, and justify when a region requires splitting.","AP Topics 8.4, 8.5, 8.6",area_frq,constructed_response,u8_sum_v2_q11_sum_area.png,"Unit 8 Assessment Plan + AP Calculus AB Course Framework; supplied AP Topic scoring guides consulted for authentic representations and rigor only, with no published question wording copied.",AP-style mixed selected/constructed response source; no published wording copied.
U8-SUM-V2-Q12,MATH,8,8.3,summative_assessment,summative,v2_q12,unit-synthesis,3,"Set up and evaluate area between curves with respect to $x$ or $y$, including multiple intersections and orientation decisions.","I can identify bounding functions and intersections, set up area with respect to $x$ or $y$, and justify when a region requires splitting.","AP Topics 8.4, 8.5, 8.6",area_dy_frq,constructed_response,,"Unit 8 Assessment Plan + AP Calculus AB Course Framework; supplied AP Topic scoring guides consulted for authentic representations and rigor only, with no published question wording copied.",AP-style mixed selected/constructed response source; no published wording copied.
U8-SUM-V2-Q13,MATH,8,8.4,summative_assessment,summative,v2_q13,unit-synthesis,1,Model volumes with known cross-sectional shapes by converting a base region into an area function and integrating over the appropriate interval.,"I can build a cross-sectional area function from a base region and set up volumes for square, rectangular, triangular, or semicircular cross sections.","AP Topics 8.7, 8.8",cross_section_area_mc,multiple_choice,,"Unit 8 Assessment Plan + AP Calculus AB Course Framework; supplied AP Topic scoring guides consulted for authentic representations and rigor only, with no published question wording copied.",AP-style mixed selected/constructed response source; no published wording copied.
U8-SUM-V2-Q14,MATH,8,8.4,summative_assessment,summative,v2_q14,unit-synthesis,2,Model volumes with known cross-sectional shapes by converting a base region into an area function and integrating over the appropriate interval.,"I can build a cross-sectional area function from a base region and set up volumes for square, rectangular, triangular, or semicircular cross sections.","AP Topics 8.7, 8.8",semicircle_area_mc,multiple_choice,,"Unit 8 Assessment Plan + AP Calculus AB Course Framework; supplied AP Topic scoring guides consulted for authentic representations and rigor only, with no published question wording copied.",AP-style mixed selected/constructed response source; no published wording copied.
U8-SUM-V2-Q15,MATH,8,8.4,summative_assessment,summative,v2_q15,unit-synthesis,3,Model volumes with known cross-sectional shapes by converting a base region into an area function and integrating over the appropriate interval.,"I can build a cross-sectional area function from a base region and set up volumes for square, rectangular, triangular, or semicircular cross sections.","AP Topics 8.7, 8.8",cross_section_frq,constructed_response,u8_sum_v2_q15_sum_base.png,"Unit 8 Assessment Plan + AP Calculus AB Course Framework; supplied AP Topic scoring guides consulted for authentic representations and rigor only, with no published question wording copied.",AP-style mixed selected/constructed response source; no published wording copied.
U8-SUM-V2-Q16,MATH,8,8.4,summative_assessment,summative,v2_q16,unit-synthesis,3,Model volumes with known cross-sectional shapes by converting a base region into an area function and integrating over the appropriate interval.,"I can build a cross-sectional area function from a base region and set up volumes for square, rectangular, triangular, or semicircular cross sections.","AP Topics 8.7, 8.8",cross_section_frq,constructed_response,u8_sum_v2_q16_sum_base.png,"Unit 8 Assessment Plan + AP Calculus AB Course Framework; supplied AP Topic scoring guides consulted for authentic representations and rigor only, with no published question wording copied.",AP-style mixed selected/constructed response source; no published wording copied.
U8-SUM-V2-Q17,MATH,8,8.5,summative_assessment,summative,v2_q17,unit-synthesis,1,"Set up disc and washer volume integrals about coordinate or shifted axes, making correct radius and orientation decisions.","I can measure radii from the axis of rotation, distinguish outer from inner radius, and set up disc or washer integrals about horizontal or vertical axes.","AP Topics 8.9, 8.10, 8.11, 8.12",radius_mc,multiple_choice,,"Unit 8 Assessment Plan + AP Calculus AB Course Framework; supplied AP Topic scoring guides consulted for authentic representations and rigor only, with no published question wording copied.",AP-style mixed selected/constructed response source; no published wording copied.
U8-SUM-V2-Q18,MATH,8,8.5,summative_assessment,summative,v2_q18,unit-synthesis,1,"Set up disc and washer volume integrals about coordinate or shifted axes, making correct radius and orientation decisions.","I can measure radii from the axis of rotation, distinguish outer from inner radius, and set up disc or washer integrals about horizontal or vertical axes.","AP Topics 8.9, 8.10, 8.11, 8.12",washer_formula_mc,multiple_choice,,"Unit 8 Assessment Plan + AP Calculus AB Course Framework; supplied AP Topic scoring guides consulted for authentic representations and rigor only, with no published question wording copied.",AP-style mixed selected/constructed response source; no published wording copied.
U8-SUM-V2-Q19,MATH,8,8.5,summative_assessment,summative,v2_q19,unit-synthesis,1,"Set up disc and washer volume integrals about coordinate or shifted axes, making correct radius and orientation decisions.","I can measure radii from the axis of rotation, distinguish outer from inner radius, and set up disc or washer integrals about horizontal or vertical axes.","AP Topics 8.9, 8.10, 8.11, 8.12",slice_orientation_mc,multiple_choice,,"Unit 8 Assessment Plan + AP Calculus AB Course Framework; supplied AP Topic scoring guides consulted for authentic representations and rigor only, with no published question wording copied.",AP-style mixed selected/constructed response source; no published wording copied.
U8-SUM-V2-Q20,MATH,8,8.5,summative_assessment,summative,v2_q20,unit-synthesis,3,"Set up disc and washer volume integrals about coordinate or shifted axes, making correct radius and orientation decisions.","I can measure radii from the axis of rotation, distinguish outer from inner radius, and set up disc or washer integrals about horizontal or vertical axes.","AP Topics 8.9, 8.10, 8.11, 8.12",rotation_frq,constructed_response,u8_sum_v2_q20_sum_rotation.png,"Unit 8 Assessment Plan + AP Calculus AB Course Framework; supplied AP Topic scoring guides consulted for authentic representations and rigor only, with no published question wording copied.",AP-style mixed selected/constructed response source; no published wording copied.
U8-SUM-V3-Q01,MATH,8,8.1,summative_assessment,summative,v3_q01,unit-synthesis,2,"Use definite integrals to determine average value and net change, and distinguish average value from average rate of change in contextual situations.","I can compute and interpret average value, use a rate function to determine net change, and distinguish those quantities from average rate of change.","AP Topics 8.1, 8.3",average_value_mc,multiple_choice,,"Unit 8 Assessment Plan + AP Calculus AB Course Framework; supplied AP Topic scoring guides consulted for authentic representations and rigor only, with no published question wording copied.",AP-style mixed selected/constructed response source; no published wording copied.
U8-SUM-V3-Q02,MATH,8,8.1,summative_assessment,summative,v3_q02,unit-synthesis,2,"Use definite integrals to determine average value and net change, and distinguish average value from average rate of change in contextual situations.","I can compute and interpret average value, use a rate function to determine net change, and distinguish those quantities from average rate of change.","AP Topics 8.1, 8.3",net_change_mc,multiple_choice,,"Unit 8 Assessment Plan + AP Calculus AB Course Framework; supplied AP Topic scoring guides consulted for authentic representations and rigor only, with no published question wording copied.",AP-style mixed selected/constructed response source; no published wording copied.
U8-SUM-V3-Q03,MATH,8,8.1,summative_assessment,summative,v3_q03,unit-synthesis,2,"Use definite integrals to determine average value and net change, and distinguish average value from average rate of change in contextual situations.","I can compute and interpret average value, use a rate function to determine net change, and distinguish those quantities from average rate of change.","AP Topics 8.1, 8.3",average_value_mc,multiple_choice,,"Unit 8 Assessment Plan + AP Calculus AB Course Framework; supplied AP Topic scoring guides consulted for authentic representations and rigor only, with no published question wording copied.",AP-style mixed selected/constructed response source; no published wording copied.
U8-SUM-V3-Q04,MATH,8,8.1,summative_assessment,summative,v3_q04,unit-synthesis,3,"Use definite integrals to determine average value and net change, and distinguish average value from average rate of change in contextual situations.","I can compute and interpret average value, use a rate function to determine net change, and distinguish those quantities from average rate of change.","AP Topics 8.1, 8.3",accumulation_frq,constructed_response,,"Unit 8 Assessment Plan + AP Calculus AB Course Framework; supplied AP Topic scoring guides consulted for authentic representations and rigor only, with no published question wording copied.",AP-style mixed selected/constructed response source; no published wording copied.
U8-SUM-V3-Q05,MATH,8,8.2,summative_assessment,summative,v3_q05,unit-synthesis,2,"Use integrals to determine displacement, total distance, and position from velocity, while distinguishing velocity from speed and accounting for direction changes.",I can compute displacement and total distance from velocity and recover position from velocity with an initial condition.,AP Topic 8.2,distance_mc,multiple_choice,,"Unit 8 Assessment Plan + AP Calculus AB Course Framework; supplied AP Topic scoring guides consulted for authentic representations and rigor only, with no published question wording copied.",AP-style mixed selected/constructed response source; no published wording copied.
U8-SUM-V3-Q06,MATH,8,8.2,summative_assessment,summative,v3_q06,unit-synthesis,2,"Use integrals to determine displacement, total distance, and position from velocity, while distinguishing velocity from speed and accounting for direction changes.",I can compute displacement and total distance from velocity and recover position from velocity with an initial condition.,AP Topic 8.2,position_mc,multiple_choice,,"Unit 8 Assessment Plan + AP Calculus AB Course Framework; supplied AP Topic scoring guides consulted for authentic representations and rigor only, with no published question wording copied.",AP-style mixed selected/constructed response source; no published wording copied.
U8-SUM-V3-Q07,MATH,8,8.2,summative_assessment,summative,v3_q07,unit-synthesis,3,"Use integrals to determine displacement, total distance, and position from velocity, while distinguishing velocity from speed and accounting for direction changes.",I can compute displacement and total distance from velocity and recover position from velocity with an initial condition.,AP Topic 8.2,motion_frq,constructed_response,u8_sum_v3_q07_sum_velocity.png,"Unit 8 Assessment Plan + AP Calculus AB Course Framework; supplied AP Topic scoring guides consulted for authentic representations and rigor only, with no published question wording copied.",AP-style mixed selected/constructed response source; no published wording copied.
U8-SUM-V3-Q08,MATH,8,8.2,summative_assessment,summative,v3_q08,unit-synthesis,3,"Use integrals to determine displacement, total distance, and position from velocity, while distinguishing velocity from speed and accounting for direction changes.",I can compute displacement and total distance from velocity and recover position from velocity with an initial condition.,AP Topic 8.2,motion_frq,constructed_response,u8_sum_v3_q08_sum_velocity.png,"Unit 8 Assessment Plan + AP Calculus AB Course Framework; supplied AP Topic scoring guides consulted for authentic representations and rigor only, with no published question wording copied.",AP-style mixed selected/constructed response source; no published wording copied.
U8-SUM-V3-Q09,MATH,8,8.3,summative_assessment,summative,v3_q09,unit-synthesis,2,"Set up and evaluate area between curves with respect to $x$ or $y$, including multiple intersections and orientation decisions.","I can identify bounding functions and intersections, set up area with respect to $x$ or $y$, and justify when a region requires splitting.","AP Topics 8.4, 8.5, 8.6",area_setup_mc,multiple_choice,,"Unit 8 Assessment Plan + AP Calculus AB Course Framework; supplied AP Topic scoring guides consulted for authentic representations and rigor only, with no published question wording copied.",AP-style mixed selected/constructed response source; no published wording copied.
U8-SUM-V3-Q10,MATH,8,8.3,summative_assessment,summative,v3_q10,unit-synthesis,2,"Set up and evaluate area between curves with respect to $x$ or $y$, including multiple intersections and orientation decisions.","I can identify bounding functions and intersections, set up area with respect to $x$ or $y$, and justify when a region requires splitting.","AP Topics 8.4, 8.5, 8.6",area_setup_mc,multiple_choice,,"Unit 8 Assessment Plan + AP Calculus AB Course Framework; supplied AP Topic scoring guides consulted for authentic representations and rigor only, with no published question wording copied.",AP-style mixed selected/constructed response source; no published wording copied.
U8-SUM-V3-Q11,MATH,8,8.3,summative_assessment,summative,v3_q11,unit-synthesis,3,"Set up and evaluate area between curves with respect to $x$ or $y$, including multiple intersections and orientation decisions.","I can identify bounding functions and intersections, set up area with respect to $x$ or $y$, and justify when a region requires splitting.","AP Topics 8.4, 8.5, 8.6",area_frq,constructed_response,u8_sum_v3_q11_sum_area.png,"Unit 8 Assessment Plan + AP Calculus AB Course Framework; supplied AP Topic scoring guides consulted for authentic representations and rigor only, with no published question wording copied.",AP-style mixed selected/constructed response source; no published wording copied.
U8-SUM-V3-Q12,MATH,8,8.3,summative_assessment,summative,v3_q12,unit-synthesis,3,"Set up and evaluate area between curves with respect to $x$ or $y$, including multiple intersections and orientation decisions.","I can identify bounding functions and intersections, set up area with respect to $x$ or $y$, and justify when a region requires splitting.","AP Topics 8.4, 8.5, 8.6",area_dy_frq,constructed_response,,"Unit 8 Assessment Plan + AP Calculus AB Course Framework; supplied AP Topic scoring guides consulted for authentic representations and rigor only, with no published question wording copied.",AP-style mixed selected/constructed response source; no published wording copied.
U8-SUM-V3-Q13,MATH,8,8.4,summative_assessment,summative,v3_q13,unit-synthesis,1,Model volumes with known cross-sectional shapes by converting a base region into an area function and integrating over the appropriate interval.,"I can build a cross-sectional area function from a base region and set up volumes for square, rectangular, triangular, or semicircular cross sections.","AP Topics 8.7, 8.8",cross_section_area_mc,multiple_choice,,"Unit 8 Assessment Plan + AP Calculus AB Course Framework; supplied AP Topic scoring guides consulted for authentic representations and rigor only, with no published question wording copied.",AP-style mixed selected/constructed response source; no published wording copied.
U8-SUM-V3-Q14,MATH,8,8.4,summative_assessment,summative,v3_q14,unit-synthesis,2,Model volumes with known cross-sectional shapes by converting a base region into an area function and integrating over the appropriate interval.,"I can build a cross-sectional area function from a base region and set up volumes for square, rectangular, triangular, or semicircular cross sections.","AP Topics 8.7, 8.8",semicircle_area_mc,multiple_choice,,"Unit 8 Assessment Plan + AP Calculus AB Course Framework; supplied AP Topic scoring guides consulted for authentic representations and rigor only, with no published question wording copied.",AP-style mixed selected/constructed response source; no published wording copied.
U8-SUM-V3-Q15,MATH,8,8.4,summative_assessment,summative,v3_q15,unit-synthesis,3,Model volumes with known cross-sectional shapes by converting a base region into an area function and integrating over the appropriate interval.,"I can build a cross-sectional area function from a base region and set up volumes for square, rectangular, triangular, or semicircular cross sections.","AP Topics 8.7, 8.8",cross_section_frq,constructed_response,u8_sum_v3_q15_sum_base.png,"Unit 8 Assessment Plan + AP Calculus AB Course Framework; supplied AP Topic scoring guides consulted for authentic representations and rigor only, with no published question wording copied.",AP-style mixed selected/constructed response source; no published wording copied.
U8-SUM-V3-Q16,MATH,8,8.4,summative_assessment,summative,v3_q16,unit-synthesis,3,Model volumes with known cross-sectional shapes by converting a base region into an area function and integrating over the appropriate interval.,"I can build a cross-sectional area function from a base region and set up volumes for square, rectangular, triangular, or semicircular cross sections.","AP Topics 8.7, 8.8",cross_section_frq,constructed_response,u8_sum_v3_q16_sum_base.png,"Unit 8 Assessment Plan + AP Calculus AB Course Framework; supplied AP Topic scoring guides consulted for authentic representations and rigor only, with no published question wording copied.",AP-style mixed selected/constructed response source; no published wording copied.
U8-SUM-V3-Q17,MATH,8,8.5,summative_assessment,summative,v3_q17,unit-synthesis,1,"Set up disc and washer volume integrals about coordinate or shifted axes, making correct radius and orientation decisions.","I can measure radii from the axis of rotation, distinguish outer from inner radius, and set up disc or washer integrals about horizontal or vertical axes.","AP Topics 8.9, 8.10, 8.11, 8.12",radius_mc,multiple_choice,,"Unit 8 Assessment Plan + AP Calculus AB Course Framework; supplied AP Topic scoring guides consulted for authentic representations and rigor only, with no published question wording copied.",AP-style mixed selected/constructed response source; no published wording copied.
U8-SUM-V3-Q18,MATH,8,8.5,summative_assessment,summative,v3_q18,unit-synthesis,1,"Set up disc and washer volume integrals about coordinate or shifted axes, making correct radius and orientation decisions.","I can measure radii from the axis of rotation, distinguish outer from inner radius, and set up disc or washer integrals about horizontal or vertical axes.","AP Topics 8.9, 8.10, 8.11, 8.12",washer_formula_mc,multiple_choice,,"Unit 8 Assessment Plan + AP Calculus AB Course Framework; supplied AP Topic scoring guides consulted for authentic representations and rigor only, with no published question wording copied.",AP-style mixed selected/constructed response source; no published wording copied.
U8-SUM-V3-Q19,MATH,8,8.5,summative_assessment,summative,v3_q19,unit-synthesis,1,"Set up disc and washer volume integrals about coordinate or shifted axes, making correct radius and orientation decisions.","I can measure radii from the axis of rotation, distinguish outer from inner radius, and set up disc or washer integrals about horizontal or vertical axes.","AP Topics 8.9, 8.10, 8.11, 8.12",slice_orientation_mc,multiple_choice,,"Unit 8 Assessment Plan + AP Calculus AB Course Framework; supplied AP Topic scoring guides consulted for authentic representations and rigor only, with no published question wording copied.",AP-style mixed selected/constructed response source; no published wording copied.
U8-SUM-V3-Q20,MATH,8,8.5,summative_assessment,summative,v3_q20,unit-synthesis,3,"Set up disc and washer volume integrals about coordinate or shifted axes, making correct radius and orientation decisions.","I can measure radii from the axis of rotation, distinguish outer from inner radius, and set up disc or washer integrals about horizontal or vertical axes.","AP Topics 8.9, 8.10, 8.11, 8.12",rotation_frq,constructed_response,u8_sum_v3_q20_sum_rotation.png,"Unit 8 Assessment Plan + AP Calculus AB Course Framework; supplied AP Topic scoring guides consulted for authentic representations and rigor only, with no published question wording copied.",AP-style mixed selected/constructed response source; no published wording copied.
U8-SUM-V4-Q01,MATH,8,8.1,summative_assessment,summative,v4_q01,unit-synthesis,2,"Use definite integrals to determine average value and net change, and distinguish average value from average rate of change in contextual situations.","I can compute and interpret average value, use a rate function to determine net change, and distinguish those quantities from average rate of change.","AP Topics 8.1, 8.3",average_value_mc,multiple_choice,,"Unit 8 Assessment Plan + AP Calculus AB Course Framework; supplied AP Topic scoring guides consulted for authentic representations and rigor only, with no published question wording copied.",AP-style mixed selected/constructed response source; no published wording copied.
U8-SUM-V4-Q02,MATH,8,8.1,summative_assessment,summative,v4_q02,unit-synthesis,2,"Use definite integrals to determine average value and net change, and distinguish average value from average rate of change in contextual situations.","I can compute and interpret average value, use a rate function to determine net change, and distinguish those quantities from average rate of change.","AP Topics 8.1, 8.3",net_change_mc,multiple_choice,,"Unit 8 Assessment Plan + AP Calculus AB Course Framework; supplied AP Topic scoring guides consulted for authentic representations and rigor only, with no published question wording copied.",AP-style mixed selected/constructed response source; no published wording copied.
U8-SUM-V4-Q03,MATH,8,8.1,summative_assessment,summative,v4_q03,unit-synthesis,2,"Use definite integrals to determine average value and net change, and distinguish average value from average rate of change in contextual situations.","I can compute and interpret average value, use a rate function to determine net change, and distinguish those quantities from average rate of change.","AP Topics 8.1, 8.3",average_value_mc,multiple_choice,,"Unit 8 Assessment Plan + AP Calculus AB Course Framework; supplied AP Topic scoring guides consulted for authentic representations and rigor only, with no published question wording copied.",AP-style mixed selected/constructed response source; no published wording copied.
U8-SUM-V4-Q04,MATH,8,8.1,summative_assessment,summative,v4_q04,unit-synthesis,3,"Use definite integrals to determine average value and net change, and distinguish average value from average rate of change in contextual situations.","I can compute and interpret average value, use a rate function to determine net change, and distinguish those quantities from average rate of change.","AP Topics 8.1, 8.3",accumulation_frq,constructed_response,,"Unit 8 Assessment Plan + AP Calculus AB Course Framework; supplied AP Topic scoring guides consulted for authentic representations and rigor only, with no published question wording copied.",AP-style mixed selected/constructed response source; no published wording copied.
U8-SUM-V4-Q05,MATH,8,8.2,summative_assessment,summative,v4_q05,unit-synthesis,2,"Use integrals to determine displacement, total distance, and position from velocity, while distinguishing velocity from speed and accounting for direction changes.",I can compute displacement and total distance from velocity and recover position from velocity with an initial condition.,AP Topic 8.2,distance_mc,multiple_choice,,"Unit 8 Assessment Plan + AP Calculus AB Course Framework; supplied AP Topic scoring guides consulted for authentic representations and rigor only, with no published question wording copied.",AP-style mixed selected/constructed response source; no published wording copied.
U8-SUM-V4-Q06,MATH,8,8.2,summative_assessment,summative,v4_q06,unit-synthesis,2,"Use integrals to determine displacement, total distance, and position from velocity, while distinguishing velocity from speed and accounting for direction changes.",I can compute displacement and total distance from velocity and recover position from velocity with an initial condition.,AP Topic 8.2,position_mc,multiple_choice,,"Unit 8 Assessment Plan + AP Calculus AB Course Framework; supplied AP Topic scoring guides consulted for authentic representations and rigor only, with no published question wording copied.",AP-style mixed selected/constructed response source; no published wording copied.
U8-SUM-V4-Q07,MATH,8,8.2,summative_assessment,summative,v4_q07,unit-synthesis,3,"Use integrals to determine displacement, total distance, and position from velocity, while distinguishing velocity from speed and accounting for direction changes.",I can compute displacement and total distance from velocity and recover position from velocity with an initial condition.,AP Topic 8.2,motion_frq,constructed_response,u8_sum_v4_q07_sum_velocity.png,"Unit 8 Assessment Plan + AP Calculus AB Course Framework; supplied AP Topic scoring guides consulted for authentic representations and rigor only, with no published question wording copied.",AP-style mixed selected/constructed response source; no published wording copied.
U8-SUM-V4-Q08,MATH,8,8.2,summative_assessment,summative,v4_q08,unit-synthesis,3,"Use integrals to determine displacement, total distance, and position from velocity, while distinguishing velocity from speed and accounting for direction changes.",I can compute displacement and total distance from velocity and recover position from velocity with an initial condition.,AP Topic 8.2,motion_frq,constructed_response,u8_sum_v4_q08_sum_velocity.png,"Unit 8 Assessment Plan + AP Calculus AB Course Framework; supplied AP Topic scoring guides consulted for authentic representations and rigor only, with no published question wording copied.",AP-style mixed selected/constructed response source; no published wording copied.
U8-SUM-V4-Q09,MATH,8,8.3,summative_assessment,summative,v4_q09,unit-synthesis,2,"Set up and evaluate area between curves with respect to $x$ or $y$, including multiple intersections and orientation decisions.","I can identify bounding functions and intersections, set up area with respect to $x$ or $y$, and justify when a region requires splitting.","AP Topics 8.4, 8.5, 8.6",area_setup_mc,multiple_choice,,"Unit 8 Assessment Plan + AP Calculus AB Course Framework; supplied AP Topic scoring guides consulted for authentic representations and rigor only, with no published question wording copied.",AP-style mixed selected/constructed response source; no published wording copied.
U8-SUM-V4-Q10,MATH,8,8.3,summative_assessment,summative,v4_q10,unit-synthesis,2,"Set up and evaluate area between curves with respect to $x$ or $y$, including multiple intersections and orientation decisions.","I can identify bounding functions and intersections, set up area with respect to $x$ or $y$, and justify when a region requires splitting.","AP Topics 8.4, 8.5, 8.6",area_setup_mc,multiple_choice,,"Unit 8 Assessment Plan + AP Calculus AB Course Framework; supplied AP Topic scoring guides consulted for authentic representations and rigor only, with no published question wording copied.",AP-style mixed selected/constructed response source; no published wording copied.
U8-SUM-V4-Q11,MATH,8,8.3,summative_assessment,summative,v4_q11,unit-synthesis,3,"Set up and evaluate area between curves with respect to $x$ or $y$, including multiple intersections and orientation decisions.","I can identify bounding functions and intersections, set up area with respect to $x$ or $y$, and justify when a region requires splitting.","AP Topics 8.4, 8.5, 8.6",area_frq,constructed_response,u8_sum_v4_q11_sum_area.png,"Unit 8 Assessment Plan + AP Calculus AB Course Framework; supplied AP Topic scoring guides consulted for authentic representations and rigor only, with no published question wording copied.",AP-style mixed selected/constructed response source; no published wording copied.
U8-SUM-V4-Q12,MATH,8,8.3,summative_assessment,summative,v4_q12,unit-synthesis,3,"Set up and evaluate area between curves with respect to $x$ or $y$, including multiple intersections and orientation decisions.","I can identify bounding functions and intersections, set up area with respect to $x$ or $y$, and justify when a region requires splitting.","AP Topics 8.4, 8.5, 8.6",area_dy_frq,constructed_response,,"Unit 8 Assessment Plan + AP Calculus AB Course Framework; supplied AP Topic scoring guides consulted for authentic representations and rigor only, with no published question wording copied.",AP-style mixed selected/constructed response source; no published wording copied.
U8-SUM-V4-Q13,MATH,8,8.4,summative_assessment,summative,v4_q13,unit-synthesis,1,Model volumes with known cross-sectional shapes by converting a base region into an area function and integrating over the appropriate interval.,"I can build a cross-sectional area function from a base region and set up volumes for square, rectangular, triangular, or semicircular cross sections.","AP Topics 8.7, 8.8",cross_section_area_mc,multiple_choice,,"Unit 8 Assessment Plan + AP Calculus AB Course Framework; supplied AP Topic scoring guides consulted for authentic representations and rigor only, with no published question wording copied.",AP-style mixed selected/constructed response source; no published wording copied.
U8-SUM-V4-Q14,MATH,8,8.4,summative_assessment,summative,v4_q14,unit-synthesis,2,Model volumes with known cross-sectional shapes by converting a base region into an area function and integrating over the appropriate interval.,"I can build a cross-sectional area function from a base region and set up volumes for square, rectangular, triangular, or semicircular cross sections.","AP Topics 8.7, 8.8",semicircle_area_mc,multiple_choice,,"Unit 8 Assessment Plan + AP Calculus AB Course Framework; supplied AP Topic scoring guides consulted for authentic representations and rigor only, with no published question wording copied.",AP-style mixed selected/constructed response source; no published wording copied.
U8-SUM-V4-Q15,MATH,8,8.4,summative_assessment,summative,v4_q15,unit-synthesis,3,Model volumes with known cross-sectional shapes by converting a base region into an area function and integrating over the appropriate interval.,"I can build a cross-sectional area function from a base region and set up volumes for square, rectangular, triangular, or semicircular cross sections.","AP Topics 8.7, 8.8",cross_section_frq,constructed_response,u8_sum_v4_q15_sum_base.png,"Unit 8 Assessment Plan + AP Calculus AB Course Framework; supplied AP Topic scoring guides consulted for authentic representations and rigor only, with no published question wording copied.",AP-style mixed selected/constructed response source; no published wording copied.
U8-SUM-V4-Q16,MATH,8,8.4,summative_assessment,summative,v4_q16,unit-synthesis,3,Model volumes with known cross-sectional shapes by converting a base region into an area function and integrating over the appropriate interval.,"I can build a cross-sectional area function from a base region and set up volumes for square, rectangular, triangular, or semicircular cross sections.","AP Topics 8.7, 8.8",cross_section_frq,constructed_response,u8_sum_v4_q16_sum_base.png,"Unit 8 Assessment Plan + AP Calculus AB Course Framework; supplied AP Topic scoring guides consulted for authentic representations and rigor only, with no published question wording copied.",AP-style mixed selected/constructed response source; no published wording copied.
U8-SUM-V4-Q17,MATH,8,8.5,summative_assessment,summative,v4_q17,unit-synthesis,1,"Set up disc and washer volume integrals about coordinate or shifted axes, making correct radius and orientation decisions.","I can measure radii from the axis of rotation, distinguish outer from inner radius, and set up disc or washer integrals about horizontal or vertical axes.","AP Topics 8.9, 8.10, 8.11, 8.12",radius_mc,multiple_choice,,"Unit 8 Assessment Plan + AP Calculus AB Course Framework; supplied AP Topic scoring guides consulted for authentic representations and rigor only, with no published question wording copied.",AP-style mixed selected/constructed response source; no published wording copied.
U8-SUM-V4-Q18,MATH,8,8.5,summative_assessment,summative,v4_q18,unit-synthesis,1,"Set up disc and washer volume integrals about coordinate or shifted axes, making correct radius and orientation decisions.","I can measure radii from the axis of rotation, distinguish outer from inner radius, and set up disc or washer integrals about horizontal or vertical axes.","AP Topics 8.9, 8.10, 8.11, 8.12",washer_formula_mc,multiple_choice,,"Unit 8 Assessment Plan + AP Calculus AB Course Framework; supplied AP Topic scoring guides consulted for authentic representations and rigor only, with no published question wording copied.",AP-style mixed selected/constructed response source; no published wording copied.
U8-SUM-V4-Q19,MATH,8,8.5,summative_assessment,summative,v4_q19,unit-synthesis,1,"Set up disc and washer volume integrals about coordinate or shifted axes, making correct radius and orientation decisions.","I can measure radii from the axis of rotation, distinguish outer from inner radius, and set up disc or washer integrals about horizontal or vertical axes.","AP Topics 8.9, 8.10, 8.11, 8.12",slice_orientation_mc,multiple_choice,,"Unit 8 Assessment Plan + AP Calculus AB Course Framework; supplied AP Topic scoring guides consulted for authentic representations and rigor only, with no published question wording copied.",AP-style mixed selected/constructed response source; no published wording copied.
U8-SUM-V4-Q20,MATH,8,8.5,summative_assessment,summative,v4_q20,unit-synthesis,3,"Set up disc and washer volume integrals about coordinate or shifted axes, making correct radius and orientation decisions.","I can measure radii from the axis of rotation, distinguish outer from inner radius, and set up disc or washer integrals about horizontal or vertical axes.","AP Topics 8.9, 8.10, 8.11, 8.12",rotation_frq,constructed_response,u8_sum_v4_q20_sum_rotation.png,"Unit 8 Assessment Plan + AP Calculus AB Course Framework; supplied AP Topic scoring guides consulted for authentic representations and rigor only, with no published question wording copied.",AP-style mixed selected/constructed response source; no published wording copied.
U8-SUM-V5-Q01,MATH,8,8.1,summative_assessment,summative,v5_q01,unit-synthesis,2,"Use definite integrals to determine average value and net change, and distinguish average value from average rate of change in contextual situations.","I can compute and interpret average value, use a rate function to determine net change, and distinguish those quantities from average rate of change.","AP Topics 8.1, 8.3",average_value_mc,multiple_choice,,"Unit 8 Assessment Plan + AP Calculus AB Course Framework; supplied AP Topic scoring guides consulted for authentic representations and rigor only, with no published question wording copied.",AP-style mixed selected/constructed response source; no published wording copied.
U8-SUM-V5-Q02,MATH,8,8.1,summative_assessment,summative,v5_q02,unit-synthesis,2,"Use definite integrals to determine average value and net change, and distinguish average value from average rate of change in contextual situations.","I can compute and interpret average value, use a rate function to determine net change, and distinguish those quantities from average rate of change.","AP Topics 8.1, 8.3",net_change_mc,multiple_choice,,"Unit 8 Assessment Plan + AP Calculus AB Course Framework; supplied AP Topic scoring guides consulted for authentic representations and rigor only, with no published question wording copied.",AP-style mixed selected/constructed response source; no published wording copied.
U8-SUM-V5-Q03,MATH,8,8.1,summative_assessment,summative,v5_q03,unit-synthesis,2,"Use definite integrals to determine average value and net change, and distinguish average value from average rate of change in contextual situations.","I can compute and interpret average value, use a rate function to determine net change, and distinguish those quantities from average rate of change.","AP Topics 8.1, 8.3",average_value_mc,multiple_choice,,"Unit 8 Assessment Plan + AP Calculus AB Course Framework; supplied AP Topic scoring guides consulted for authentic representations and rigor only, with no published question wording copied.",AP-style mixed selected/constructed response source; no published wording copied.
U8-SUM-V5-Q04,MATH,8,8.1,summative_assessment,summative,v5_q04,unit-synthesis,3,"Use definite integrals to determine average value and net change, and distinguish average value from average rate of change in contextual situations.","I can compute and interpret average value, use a rate function to determine net change, and distinguish those quantities from average rate of change.","AP Topics 8.1, 8.3",accumulation_frq,constructed_response,,"Unit 8 Assessment Plan + AP Calculus AB Course Framework; supplied AP Topic scoring guides consulted for authentic representations and rigor only, with no published question wording copied.",AP-style mixed selected/constructed response source; no published wording copied.
U8-SUM-V5-Q05,MATH,8,8.2,summative_assessment,summative,v5_q05,unit-synthesis,2,"Use integrals to determine displacement, total distance, and position from velocity, while distinguishing velocity from speed and accounting for direction changes.",I can compute displacement and total distance from velocity and recover position from velocity with an initial condition.,AP Topic 8.2,distance_mc,multiple_choice,,"Unit 8 Assessment Plan + AP Calculus AB Course Framework; supplied AP Topic scoring guides consulted for authentic representations and rigor only, with no published question wording copied.",AP-style mixed selected/constructed response source; no published wording copied.
U8-SUM-V5-Q06,MATH,8,8.2,summative_assessment,summative,v5_q06,unit-synthesis,2,"Use integrals to determine displacement, total distance, and position from velocity, while distinguishing velocity from speed and accounting for direction changes.",I can compute displacement and total distance from velocity and recover position from velocity with an initial condition.,AP Topic 8.2,position_mc,multiple_choice,,"Unit 8 Assessment Plan + AP Calculus AB Course Framework; supplied AP Topic scoring guides consulted for authentic representations and rigor only, with no published question wording copied.",AP-style mixed selected/constructed response source; no published wording copied.
U8-SUM-V5-Q07,MATH,8,8.2,summative_assessment,summative,v5_q07,unit-synthesis,3,"Use integrals to determine displacement, total distance, and position from velocity, while distinguishing velocity from speed and accounting for direction changes.",I can compute displacement and total distance from velocity and recover position from velocity with an initial condition.,AP Topic 8.2,motion_frq,constructed_response,u8_sum_v5_q07_sum_velocity.png,"Unit 8 Assessment Plan + AP Calculus AB Course Framework; supplied AP Topic scoring guides consulted for authentic representations and rigor only, with no published question wording copied.",AP-style mixed selected/constructed response source; no published wording copied.
U8-SUM-V5-Q08,MATH,8,8.2,summative_assessment,summative,v5_q08,unit-synthesis,3,"Use integrals to determine displacement, total distance, and position from velocity, while distinguishing velocity from speed and accounting for direction changes.",I can compute displacement and total distance from velocity and recover position from velocity with an initial condition.,AP Topic 8.2,motion_frq,constructed_response,u8_sum_v5_q08_sum_velocity.png,"Unit 8 Assessment Plan + AP Calculus AB Course Framework; supplied AP Topic scoring guides consulted for authentic representations and rigor only, with no published question wording copied.",AP-style mixed selected/constructed response source; no published wording copied.
U8-SUM-V5-Q09,MATH,8,8.3,summative_assessment,summative,v5_q09,unit-synthesis,2,"Set up and evaluate area between curves with respect to $x$ or $y$, including multiple intersections and orientation decisions.","I can identify bounding functions and intersections, set up area with respect to $x$ or $y$, and justify when a region requires splitting.","AP Topics 8.4, 8.5, 8.6",area_setup_mc,multiple_choice,,"Unit 8 Assessment Plan + AP Calculus AB Course Framework; supplied AP Topic scoring guides consulted for authentic representations and rigor only, with no published question wording copied.",AP-style mixed selected/constructed response source; no published wording copied.
U8-SUM-V5-Q10,MATH,8,8.3,summative_assessment,summative,v5_q10,unit-synthesis,2,"Set up and evaluate area between curves with respect to $x$ or $y$, including multiple intersections and orientation decisions.","I can identify bounding functions and intersections, set up area with respect to $x$ or $y$, and justify when a region requires splitting.","AP Topics 8.4, 8.5, 8.6",area_setup_mc,multiple_choice,,"Unit 8 Assessment Plan + AP Calculus AB Course Framework; supplied AP Topic scoring guides consulted for authentic representations and rigor only, with no published question wording copied.",AP-style mixed selected/constructed response source; no published wording copied.
U8-SUM-V5-Q11,MATH,8,8.3,summative_assessment,summative,v5_q11,unit-synthesis,3,"Set up and evaluate area between curves with respect to $x$ or $y$, including multiple intersections and orientation decisions.","I can identify bounding functions and intersections, set up area with respect to $x$ or $y$, and justify when a region requires splitting.","AP Topics 8.4, 8.5, 8.6",area_frq,constructed_response,u8_sum_v5_q11_sum_area.png,"Unit 8 Assessment Plan + AP Calculus AB Course Framework; supplied AP Topic scoring guides consulted for authentic representations and rigor only, with no published question wording copied.",AP-style mixed selected/constructed response source; no published wording copied.
U8-SUM-V5-Q12,MATH,8,8.3,summative_assessment,summative,v5_q12,unit-synthesis,3,"Set up and evaluate area between curves with respect to $x$ or $y$, including multiple intersections and orientation decisions.","I can identify bounding functions and intersections, set up area with respect to $x$ or $y$, and justify when a region requires splitting.","AP Topics 8.4, 8.5, 8.6",area_dy_frq,constructed_response,,"Unit 8 Assessment Plan + AP Calculus AB Course Framework; supplied AP Topic scoring guides consulted for authentic representations and rigor only, with no published question wording copied.",AP-style mixed selected/constructed response source; no published wording copied.
U8-SUM-V5-Q13,MATH,8,8.4,summative_assessment,summative,v5_q13,unit-synthesis,1,Model volumes with known cross-sectional shapes by converting a base region into an area function and integrating over the appropriate interval.,"I can build a cross-sectional area function from a base region and set up volumes for square, rectangular, triangular, or semicircular cross sections.","AP Topics 8.7, 8.8",cross_section_area_mc,multiple_choice,,"Unit 8 Assessment Plan + AP Calculus AB Course Framework; supplied AP Topic scoring guides consulted for authentic representations and rigor only, with no published question wording copied.",AP-style mixed selected/constructed response source; no published wording copied.
U8-SUM-V5-Q14,MATH,8,8.4,summative_assessment,summative,v5_q14,unit-synthesis,2,Model volumes with known cross-sectional shapes by converting a base region into an area function and integrating over the appropriate interval.,"I can build a cross-sectional area function from a base region and set up volumes for square, rectangular, triangular, or semicircular cross sections.","AP Topics 8.7, 8.8",semicircle_area_mc,multiple_choice,,"Unit 8 Assessment Plan + AP Calculus AB Course Framework; supplied AP Topic scoring guides consulted for authentic representations and rigor only, with no published question wording copied.",AP-style mixed selected/constructed response source; no published wording copied.
U8-SUM-V5-Q15,MATH,8,8.4,summative_assessment,summative,v5_q15,unit-synthesis,3,Model volumes with known cross-sectional shapes by converting a base region into an area function and integrating over the appropriate interval.,"I can build a cross-sectional area function from a base region and set up volumes for square, rectangular, triangular, or semicircular cross sections.","AP Topics 8.7, 8.8",cross_section_frq,constructed_response,u8_sum_v5_q15_sum_base.png,"Unit 8 Assessment Plan + AP Calculus AB Course Framework; supplied AP Topic scoring guides consulted for authentic representations and rigor only, with no published question wording copied.",AP-style mixed selected/constructed response source; no published wording copied.
U8-SUM-V5-Q16,MATH,8,8.4,summative_assessment,summative,v5_q16,unit-synthesis,3,Model volumes with known cross-sectional shapes by converting a base region into an area function and integrating over the appropriate interval.,"I can build a cross-sectional area function from a base region and set up volumes for square, rectangular, triangular, or semicircular cross sections.","AP Topics 8.7, 8.8",cross_section_frq,constructed_response,u8_sum_v5_q16_sum_base.png,"Unit 8 Assessment Plan + AP Calculus AB Course Framework; supplied AP Topic scoring guides consulted for authentic representations and rigor only, with no published question wording copied.",AP-style mixed selected/constructed response source; no published wording copied.
U8-SUM-V5-Q17,MATH,8,8.5,summative_assessment,summative,v5_q17,unit-synthesis,1,"Set up disc and washer volume integrals about coordinate or shifted axes, making correct radius and orientation decisions.","I can measure radii from the axis of rotation, distinguish outer from inner radius, and set up disc or washer integrals about horizontal or vertical axes.","AP Topics 8.9, 8.10, 8.11, 8.12",radius_mc,multiple_choice,,"Unit 8 Assessment Plan + AP Calculus AB Course Framework; supplied AP Topic scoring guides consulted for authentic representations and rigor only, with no published question wording copied.",AP-style mixed selected/constructed response source; no published wording copied.
U8-SUM-V5-Q18,MATH,8,8.5,summative_assessment,summative,v5_q18,unit-synthesis,1,"Set up disc and washer volume integrals about coordinate or shifted axes, making correct radius and orientation decisions.","I can measure radii from the axis of rotation, distinguish outer from inner radius, and set up disc or washer integrals about horizontal or vertical axes.","AP Topics 8.9, 8.10, 8.11, 8.12",washer_formula_mc,multiple_choice,,"Unit 8 Assessment Plan + AP Calculus AB Course Framework; supplied AP Topic scoring guides consulted for authentic representations and rigor only, with no published question wording copied.",AP-style mixed selected/constructed response source; no published wording copied.
U8-SUM-V5-Q19,MATH,8,8.5,summative_assessment,summative,v5_q19,unit-synthesis,1,"Set up disc and washer volume integrals about coordinate or shifted axes, making correct radius and orientation decisions.","I can measure radii from the axis of rotation, distinguish outer from inner radius, and set up disc or washer integrals about horizontal or vertical axes.","AP Topics 8.9, 8.10, 8.11, 8.12",slice_orientation_mc,multiple_choice,,"Unit 8 Assessment Plan + AP Calculus AB Course Framework; supplied AP Topic scoring guides consulted for authentic representations and rigor only, with no published question wording copied.",AP-style mixed selected/constructed response source; no published wording copied.
U8-SUM-V5-Q20,MATH,8,8.5,summative_assessment,summative,v5_q20,unit-synthesis,3,"Set up disc and washer volume integrals about coordinate or shifted axes, making correct radius and orientation decisions.","I can measure radii from the axis of rotation, distinguish outer from inner radius, and set up disc or washer integrals about horizontal or vertical axes.","AP Topics 8.9, 8.10, 8.11, 8.12",rotation_frq,constructed_response,u8_sum_v5_q20_sum_rotation.png,"Unit 8 Assessment Plan + AP Calculus AB Course Framework; supplied AP Topic scoring guides consulted for authentic representations and rigor only, with no published question wording copied.",AP-style mixed selected/constructed response source; no published wording copied.
U8-SUM-V6-Q01,MATH,8,8.1,summative_assessment,summative,v6_q01,unit-synthesis,2,"Use definite integrals to determine average value and net change, and distinguish average value from average rate of change in contextual situations.","I can compute and interpret average value, use a rate function to determine net change, and distinguish those quantities from average rate of change.","AP Topics 8.1, 8.3",average_value_mc,multiple_choice,,"Unit 8 Assessment Plan + AP Calculus AB Course Framework; supplied AP Topic scoring guides consulted for authentic representations and rigor only, with no published question wording copied.",AP-style mixed selected/constructed response source; no published wording copied.
U8-SUM-V6-Q02,MATH,8,8.1,summative_assessment,summative,v6_q02,unit-synthesis,2,"Use definite integrals to determine average value and net change, and distinguish average value from average rate of change in contextual situations.","I can compute and interpret average value, use a rate function to determine net change, and distinguish those quantities from average rate of change.","AP Topics 8.1, 8.3",net_change_mc,multiple_choice,,"Unit 8 Assessment Plan + AP Calculus AB Course Framework; supplied AP Topic scoring guides consulted for authentic representations and rigor only, with no published question wording copied.",AP-style mixed selected/constructed response source; no published wording copied.
U8-SUM-V6-Q03,MATH,8,8.1,summative_assessment,summative,v6_q03,unit-synthesis,2,"Use definite integrals to determine average value and net change, and distinguish average value from average rate of change in contextual situations.","I can compute and interpret average value, use a rate function to determine net change, and distinguish those quantities from average rate of change.","AP Topics 8.1, 8.3",average_value_mc,multiple_choice,,"Unit 8 Assessment Plan + AP Calculus AB Course Framework; supplied AP Topic scoring guides consulted for authentic representations and rigor only, with no published question wording copied.",AP-style mixed selected/constructed response source; no published wording copied.
U8-SUM-V6-Q04,MATH,8,8.1,summative_assessment,summative,v6_q04,unit-synthesis,3,"Use definite integrals to determine average value and net change, and distinguish average value from average rate of change in contextual situations.","I can compute and interpret average value, use a rate function to determine net change, and distinguish those quantities from average rate of change.","AP Topics 8.1, 8.3",accumulation_frq,constructed_response,,"Unit 8 Assessment Plan + AP Calculus AB Course Framework; supplied AP Topic scoring guides consulted for authentic representations and rigor only, with no published question wording copied.",AP-style mixed selected/constructed response source; no published wording copied.
U8-SUM-V6-Q05,MATH,8,8.2,summative_assessment,summative,v6_q05,unit-synthesis,2,"Use integrals to determine displacement, total distance, and position from velocity, while distinguishing velocity from speed and accounting for direction changes.",I can compute displacement and total distance from velocity and recover position from velocity with an initial condition.,AP Topic 8.2,distance_mc,multiple_choice,,"Unit 8 Assessment Plan + AP Calculus AB Course Framework; supplied AP Topic scoring guides consulted for authentic representations and rigor only, with no published question wording copied.",AP-style mixed selected/constructed response source; no published wording copied.
U8-SUM-V6-Q06,MATH,8,8.2,summative_assessment,summative,v6_q06,unit-synthesis,2,"Use integrals to determine displacement, total distance, and position from velocity, while distinguishing velocity from speed and accounting for direction changes.",I can compute displacement and total distance from velocity and recover position from velocity with an initial condition.,AP Topic 8.2,position_mc,multiple_choice,,"Unit 8 Assessment Plan + AP Calculus AB Course Framework; supplied AP Topic scoring guides consulted for authentic representations and rigor only, with no published question wording copied.",AP-style mixed selected/constructed response source; no published wording copied.
U8-SUM-V6-Q07,MATH,8,8.2,summative_assessment,summative,v6_q07,unit-synthesis,3,"Use integrals to determine displacement, total distance, and position from velocity, while distinguishing velocity from speed and accounting for direction changes.",I can compute displacement and total distance from velocity and recover position from velocity with an initial condition.,AP Topic 8.2,motion_frq,constructed_response,u8_sum_v6_q07_sum_velocity.png,"Unit 8 Assessment Plan + AP Calculus AB Course Framework; supplied AP Topic scoring guides consulted for authentic representations and rigor only, with no published question wording copied.",AP-style mixed selected/constructed response source; no published wording copied.
U8-SUM-V6-Q08,MATH,8,8.2,summative_assessment,summative,v6_q08,unit-synthesis,3,"Use integrals to determine displacement, total distance, and position from velocity, while distinguishing velocity from speed and accounting for direction changes.",I can compute displacement and total distance from velocity and recover position from velocity with an initial condition.,AP Topic 8.2,motion_frq,constructed_response,u8_sum_v6_q08_sum_velocity.png,"Unit 8 Assessment Plan + AP Calculus AB Course Framework; supplied AP Topic scoring guides consulted for authentic representations and rigor only, with no published question wording copied.",AP-style mixed selected/constructed response source; no published wording copied.
U8-SUM-V6-Q09,MATH,8,8.3,summative_assessment,summative,v6_q09,unit-synthesis,2,"Set up and evaluate area between curves with respect to $x$ or $y$, including multiple intersections and orientation decisions.","I can identify bounding functions and intersections, set up area with respect to $x$ or $y$, and justify when a region requires splitting.","AP Topics 8.4, 8.5, 8.6",area_setup_mc,multiple_choice,,"Unit 8 Assessment Plan + AP Calculus AB Course Framework; supplied AP Topic scoring guides consulted for authentic representations and rigor only, with no published question wording copied.",AP-style mixed selected/constructed response source; no published wording copied.
U8-SUM-V6-Q10,MATH,8,8.3,summative_assessment,summative,v6_q10,unit-synthesis,2,"Set up and evaluate area between curves with respect to $x$ or $y$, including multiple intersections and orientation decisions.","I can identify bounding functions and intersections, set up area with respect to $x$ or $y$, and justify when a region requires splitting.","AP Topics 8.4, 8.5, 8.6",area_setup_mc,multiple_choice,,"Unit 8 Assessment Plan + AP Calculus AB Course Framework; supplied AP Topic scoring guides consulted for authentic representations and rigor only, with no published question wording copied.",AP-style mixed selected/constructed response source; no published wording copied.
U8-SUM-V6-Q11,MATH,8,8.3,summative_assessment,summative,v6_q11,unit-synthesis,3,"Set up and evaluate area between curves with respect to $x$ or $y$, including multiple intersections and orientation decisions.","I can identify bounding functions and intersections, set up area with respect to $x$ or $y$, and justify when a region requires splitting.","AP Topics 8.4, 8.5, 8.6",area_frq,constructed_response,u8_sum_v6_q11_sum_area.png,"Unit 8 Assessment Plan + AP Calculus AB Course Framework; supplied AP Topic scoring guides consulted for authentic representations and rigor only, with no published question wording copied.",AP-style mixed selected/constructed response source; no published wording copied.
U8-SUM-V6-Q12,MATH,8,8.3,summative_assessment,summative,v6_q12,unit-synthesis,3,"Set up and evaluate area between curves with respect to $x$ or $y$, including multiple intersections and orientation decisions.","I can identify bounding functions and intersections, set up area with respect to $x$ or $y$, and justify when a region requires splitting.","AP Topics 8.4, 8.5, 8.6",area_dy_frq,constructed_response,,"Unit 8 Assessment Plan + AP Calculus AB Course Framework; supplied AP Topic scoring guides consulted for authentic representations and rigor only, with no published question wording copied.",AP-style mixed selected/constructed response source; no published wording copied.
U8-SUM-V6-Q13,MATH,8,8.4,summative_assessment,summative,v6_q13,unit-synthesis,1,Model volumes with known cross-sectional shapes by converting a base region into an area function and integrating over the appropriate interval.,"I can build a cross-sectional area function from a base region and set up volumes for square, rectangular, triangular, or semicircular cross sections.","AP Topics 8.7, 8.8",cross_section_area_mc,multiple_choice,,"Unit 8 Assessment Plan + AP Calculus AB Course Framework; supplied AP Topic scoring guides consulted for authentic representations and rigor only, with no published question wording copied.",AP-style mixed selected/constructed response source; no published wording copied.
U8-SUM-V6-Q14,MATH,8,8.4,summative_assessment,summative,v6_q14,unit-synthesis,2,Model volumes with known cross-sectional shapes by converting a base region into an area function and integrating over the appropriate interval.,"I can build a cross-sectional area function from a base region and set up volumes for square, rectangular, triangular, or semicircular cross sections.","AP Topics 8.7, 8.8",semicircle_area_mc,multiple_choice,,"Unit 8 Assessment Plan + AP Calculus AB Course Framework; supplied AP Topic scoring guides consulted for authentic representations and rigor only, with no published question wording copied.",AP-style mixed selected/constructed response source; no published wording copied.
U8-SUM-V6-Q15,MATH,8,8.4,summative_assessment,summative,v6_q15,unit-synthesis,3,Model volumes with known cross-sectional shapes by converting a base region into an area function and integrating over the appropriate interval.,"I can build a cross-sectional area function from a base region and set up volumes for square, rectangular, triangular, or semicircular cross sections.","AP Topics 8.7, 8.8",cross_section_frq,constructed_response,u8_sum_v6_q15_sum_base.png,"Unit 8 Assessment Plan + AP Calculus AB Course Framework; supplied AP Topic scoring guides consulted for authentic representations and rigor only, with no published question wording copied.",AP-style mixed selected/constructed response source; no published wording copied.
U8-SUM-V6-Q16,MATH,8,8.4,summative_assessment,summative,v6_q16,unit-synthesis,3,Model volumes with known cross-sectional shapes by converting a base region into an area function and integrating over the appropriate interval.,"I can build a cross-sectional area function from a base region and set up volumes for square, rectangular, triangular, or semicircular cross sections.","AP Topics 8.7, 8.8",cross_section_frq,constructed_response,u8_sum_v6_q16_sum_base.png,"Unit 8 Assessment Plan + AP Calculus AB Course Framework; supplied AP Topic scoring guides consulted for authentic representations and rigor only, with no published question wording copied.",AP-style mixed selected/constructed response source; no published wording copied.
U8-SUM-V6-Q17,MATH,8,8.5,summative_assessment,summative,v6_q17,unit-synthesis,1,"Set up disc and washer volume integrals about coordinate or shifted axes, making correct radius and orientation decisions.","I can measure radii from the axis of rotation, distinguish outer from inner radius, and set up disc or washer integrals about horizontal or vertical axes.","AP Topics 8.9, 8.10, 8.11, 8.12",radius_mc,multiple_choice,,"Unit 8 Assessment Plan + AP Calculus AB Course Framework; supplied AP Topic scoring guides consulted for authentic representations and rigor only, with no published question wording copied.",AP-style mixed selected/constructed response source; no published wording copied.
U8-SUM-V6-Q18,MATH,8,8.5,summative_assessment,summative,v6_q18,unit-synthesis,1,"Set up disc and washer volume integrals about coordinate or shifted axes, making correct radius and orientation decisions.","I can measure radii from the axis of rotation, distinguish outer from inner radius, and set up disc or washer integrals about horizontal or vertical axes.","AP Topics 8.9, 8.10, 8.11, 8.12",washer_formula_mc,multiple_choice,,"Unit 8 Assessment Plan + AP Calculus AB Course Framework; supplied AP Topic scoring guides consulted for authentic representations and rigor only, with no published question wording copied.",AP-style mixed selected/constructed response source; no published wording copied.
U8-SUM-V6-Q19,MATH,8,8.5,summative_assessment,summative,v6_q19,unit-synthesis,1,"Set up disc and washer volume integrals about coordinate or shifted axes, making correct radius and orientation decisions.","I can measure radii from the axis of rotation, distinguish outer from inner radius, and set up disc or washer integrals about horizontal or vertical axes.","AP Topics 8.9, 8.10, 8.11, 8.12",slice_orientation_mc,multiple_choice,,"Unit 8 Assessment Plan + AP Calculus AB Course Framework; supplied AP Topic scoring guides consulted for authentic representations and rigor only, with no published question wording copied.",AP-style mixed selected/constructed response source; no published wording copied.
U8-SUM-V6-Q20,MATH,8,8.5,summative_assessment,summative,v6_q20,unit-synthesis,3,"Set up disc and washer volume integrals about coordinate or shifted axes, making correct radius and orientation decisions.","I can measure radii from the axis of rotation, distinguish outer from inner radius, and set up disc or washer integrals about horizontal or vertical axes.","AP Topics 8.9, 8.10, 8.11, 8.12",rotation_frq,constructed_response,u8_sum_v6_q20_sum_rotation.png,"Unit 8 Assessment Plan + AP Calculus AB Course Framework; supplied AP Topic scoring guides consulted for authentic representations and rigor only, with no published question wording copied.",AP-style mixed selected/constructed response source; no published wording copied.
U8-SUM-V7-Q01,MATH,8,8.1,summative_assessment,summative,v7_q01,unit-synthesis,2,"Use definite integrals to determine average value and net change, and distinguish average value from average rate of change in contextual situations.","I can compute and interpret average value, use a rate function to determine net change, and distinguish those quantities from average rate of change.","AP Topics 8.1, 8.3",average_value_mc,multiple_choice,,"Unit 8 Assessment Plan + AP Calculus AB Course Framework; supplied AP Topic scoring guides consulted for authentic representations and rigor only, with no published question wording copied.",AP-style mixed selected/constructed response source; no published wording copied.
U8-SUM-V7-Q02,MATH,8,8.1,summative_assessment,summative,v7_q02,unit-synthesis,2,"Use definite integrals to determine average value and net change, and distinguish average value from average rate of change in contextual situations.","I can compute and interpret average value, use a rate function to determine net change, and distinguish those quantities from average rate of change.","AP Topics 8.1, 8.3",net_change_mc,multiple_choice,,"Unit 8 Assessment Plan + AP Calculus AB Course Framework; supplied AP Topic scoring guides consulted for authentic representations and rigor only, with no published question wording copied.",AP-style mixed selected/constructed response source; no published wording copied.
U8-SUM-V7-Q03,MATH,8,8.1,summative_assessment,summative,v7_q03,unit-synthesis,2,"Use definite integrals to determine average value and net change, and distinguish average value from average rate of change in contextual situations.","I can compute and interpret average value, use a rate function to determine net change, and distinguish those quantities from average rate of change.","AP Topics 8.1, 8.3",average_value_mc,multiple_choice,,"Unit 8 Assessment Plan + AP Calculus AB Course Framework; supplied AP Topic scoring guides consulted for authentic representations and rigor only, with no published question wording copied.",AP-style mixed selected/constructed response source; no published wording copied.
U8-SUM-V7-Q04,MATH,8,8.1,summative_assessment,summative,v7_q04,unit-synthesis,3,"Use definite integrals to determine average value and net change, and distinguish average value from average rate of change in contextual situations.","I can compute and interpret average value, use a rate function to determine net change, and distinguish those quantities from average rate of change.","AP Topics 8.1, 8.3",accumulation_frq,constructed_response,,"Unit 8 Assessment Plan + AP Calculus AB Course Framework; supplied AP Topic scoring guides consulted for authentic representations and rigor only, with no published question wording copied.",AP-style mixed selected/constructed response source; no published wording copied.
U8-SUM-V7-Q05,MATH,8,8.2,summative_assessment,summative,v7_q05,unit-synthesis,2,"Use integrals to determine displacement, total distance, and position from velocity, while distinguishing velocity from speed and accounting for direction changes.",I can compute displacement and total distance from velocity and recover position from velocity with an initial condition.,AP Topic 8.2,distance_mc,multiple_choice,,"Unit 8 Assessment Plan + AP Calculus AB Course Framework; supplied AP Topic scoring guides consulted for authentic representations and rigor only, with no published question wording copied.",AP-style mixed selected/constructed response source; no published wording copied.
U8-SUM-V7-Q06,MATH,8,8.2,summative_assessment,summative,v7_q06,unit-synthesis,2,"Use integrals to determine displacement, total distance, and position from velocity, while distinguishing velocity from speed and accounting for direction changes.",I can compute displacement and total distance from velocity and recover position from velocity with an initial condition.,AP Topic 8.2,position_mc,multiple_choice,,"Unit 8 Assessment Plan + AP Calculus AB Course Framework; supplied AP Topic scoring guides consulted for authentic representations and rigor only, with no published question wording copied.",AP-style mixed selected/constructed response source; no published wording copied.
U8-SUM-V7-Q07,MATH,8,8.2,summative_assessment,summative,v7_q07,unit-synthesis,3,"Use integrals to determine displacement, total distance, and position from velocity, while distinguishing velocity from speed and accounting for direction changes.",I can compute displacement and total distance from velocity and recover position from velocity with an initial condition.,AP Topic 8.2,motion_frq,constructed_response,u8_sum_v7_q07_sum_velocity.png,"Unit 8 Assessment Plan + AP Calculus AB Course Framework; supplied AP Topic scoring guides consulted for authentic representations and rigor only, with no published question wording copied.",AP-style mixed selected/constructed response source; no published wording copied.
U8-SUM-V7-Q08,MATH,8,8.2,summative_assessment,summative,v7_q08,unit-synthesis,3,"Use integrals to determine displacement, total distance, and position from velocity, while distinguishing velocity from speed and accounting for direction changes.",I can compute displacement and total distance from velocity and recover position from velocity with an initial condition.,AP Topic 8.2,motion_frq,constructed_response,u8_sum_v7_q08_sum_velocity.png,"Unit 8 Assessment Plan + AP Calculus AB Course Framework; supplied AP Topic scoring guides consulted for authentic representations and rigor only, with no published question wording copied.",AP-style mixed selected/constructed response source; no published wording copied.
U8-SUM-V7-Q09,MATH,8,8.3,summative_assessment,summative,v7_q09,unit-synthesis,2,"Set up and evaluate area between curves with respect to $x$ or $y$, including multiple intersections and orientation decisions.","I can identify bounding functions and intersections, set up area with respect to $x$ or $y$, and justify when a region requires splitting.","AP Topics 8.4, 8.5, 8.6",area_setup_mc,multiple_choice,,"Unit 8 Assessment Plan + AP Calculus AB Course Framework; supplied AP Topic scoring guides consulted for authentic representations and rigor only, with no published question wording copied.",AP-style mixed selected/constructed response source; no published wording copied.
U8-SUM-V7-Q10,MATH,8,8.3,summative_assessment,summative,v7_q10,unit-synthesis,2,"Set up and evaluate area between curves with respect to $x$ or $y$, including multiple intersections and orientation decisions.","I can identify bounding functions and intersections, set up area with respect to $x$ or $y$, and justify when a region requires splitting.","AP Topics 8.4, 8.5, 8.6",area_setup_mc,multiple_choice,,"Unit 8 Assessment Plan + AP Calculus AB Course Framework; supplied AP Topic scoring guides consulted for authentic representations and rigor only, with no published question wording copied.",AP-style mixed selected/constructed response source; no published wording copied.
U8-SUM-V7-Q11,MATH,8,8.3,summative_assessment,summative,v7_q11,unit-synthesis,3,"Set up and evaluate area between curves with respect to $x$ or $y$, including multiple intersections and orientation decisions.","I can identify bounding functions and intersections, set up area with respect to $x$ or $y$, and justify when a region requires splitting.","AP Topics 8.4, 8.5, 8.6",area_frq,constructed_response,u8_sum_v7_q11_sum_area.png,"Unit 8 Assessment Plan + AP Calculus AB Course Framework; supplied AP Topic scoring guides consulted for authentic representations and rigor only, with no published question wording copied.",AP-style mixed selected/constructed response source; no published wording copied.
U8-SUM-V7-Q12,MATH,8,8.3,summative_assessment,summative,v7_q12,unit-synthesis,3,"Set up and evaluate area between curves with respect to $x$ or $y$, including multiple intersections and orientation decisions.","I can identify bounding functions and intersections, set up area with respect to $x$ or $y$, and justify when a region requires splitting.","AP Topics 8.4, 8.5, 8.6",area_dy_frq,constructed_response,,"Unit 8 Assessment Plan + AP Calculus AB Course Framework; supplied AP Topic scoring guides consulted for authentic representations and rigor only, with no published question wording copied.",AP-style mixed selected/constructed response source; no published wording copied.
U8-SUM-V7-Q13,MATH,8,8.4,summative_assessment,summative,v7_q13,unit-synthesis,1,Model volumes with known cross-sectional shapes by converting a base region into an area function and integrating over the appropriate interval.,"I can build a cross-sectional area function from a base region and set up volumes for square, rectangular, triangular, or semicircular cross sections.","AP Topics 8.7, 8.8",cross_section_area_mc,multiple_choice,,"Unit 8 Assessment Plan + AP Calculus AB Course Framework; supplied AP Topic scoring guides consulted for authentic representations and rigor only, with no published question wording copied.",AP-style mixed selected/constructed response source; no published wording copied.
U8-SUM-V7-Q14,MATH,8,8.4,summative_assessment,summative,v7_q14,unit-synthesis,2,Model volumes with known cross-sectional shapes by converting a base region into an area function and integrating over the appropriate interval.,"I can build a cross-sectional area function from a base region and set up volumes for square, rectangular, triangular, or semicircular cross sections.","AP Topics 8.7, 8.8",semicircle_area_mc,multiple_choice,,"Unit 8 Assessment Plan + AP Calculus AB Course Framework; supplied AP Topic scoring guides consulted for authentic representations and rigor only, with no published question wording copied.",AP-style mixed selected/constructed response source; no published wording copied.
U8-SUM-V7-Q15,MATH,8,8.4,summative_assessment,summative,v7_q15,unit-synthesis,3,Model volumes with known cross-sectional shapes by converting a base region into an area function and integrating over the appropriate interval.,"I can build a cross-sectional area function from a base region and set up volumes for square, rectangular, triangular, or semicircular cross sections.","AP Topics 8.7, 8.8",cross_section_frq,constructed_response,u8_sum_v7_q15_sum_base.png,"Unit 8 Assessment Plan + AP Calculus AB Course Framework; supplied AP Topic scoring guides consulted for authentic representations and rigor only, with no published question wording copied.",AP-style mixed selected/constructed response source; no published wording copied.
U8-SUM-V7-Q16,MATH,8,8.4,summative_assessment,summative,v7_q16,unit-synthesis,3,Model volumes with known cross-sectional shapes by converting a base region into an area function and integrating over the appropriate interval.,"I can build a cross-sectional area function from a base region and set up volumes for square, rectangular, triangular, or semicircular cross sections.","AP Topics 8.7, 8.8",cross_section_frq,constructed_response,u8_sum_v7_q16_sum_base.png,"Unit 8 Assessment Plan + AP Calculus AB Course Framework; supplied AP Topic scoring guides consulted for authentic representations and rigor only, with no published question wording copied.",AP-style mixed selected/constructed response source; no published wording copied.
U8-SUM-V7-Q17,MATH,8,8.5,summative_assessment,summative,v7_q17,unit-synthesis,1,"Set up disc and washer volume integrals about coordinate or shifted axes, making correct radius and orientation decisions.","I can measure radii from the axis of rotation, distinguish outer from inner radius, and set up disc or washer integrals about horizontal or vertical axes.","AP Topics 8.9, 8.10, 8.11, 8.12",radius_mc,multiple_choice,,"Unit 8 Assessment Plan + AP Calculus AB Course Framework; supplied AP Topic scoring guides consulted for authentic representations and rigor only, with no published question wording copied.",AP-style mixed selected/constructed response source; no published wording copied.
U8-SUM-V7-Q18,MATH,8,8.5,summative_assessment,summative,v7_q18,unit-synthesis,1,"Set up disc and washer volume integrals about coordinate or shifted axes, making correct radius and orientation decisions.","I can measure radii from the axis of rotation, distinguish outer from inner radius, and set up disc or washer integrals about horizontal or vertical axes.","AP Topics 8.9, 8.10, 8.11, 8.12",washer_formula_mc,multiple_choice,,"Unit 8 Assessment Plan + AP Calculus AB Course Framework; supplied AP Topic scoring guides consulted for authentic representations and rigor only, with no published question wording copied.",AP-style mixed selected/constructed response source; no published wording copied.
U8-SUM-V7-Q19,MATH,8,8.5,summative_assessment,summative,v7_q19,unit-synthesis,1,"Set up disc and washer volume integrals about coordinate or shifted axes, making correct radius and orientation decisions.","I can measure radii from the axis of rotation, distinguish outer from inner radius, and set up disc or washer integrals about horizontal or vertical axes.","AP Topics 8.9, 8.10, 8.11, 8.12",slice_orientation_mc,multiple_choice,,"Unit 8 Assessment Plan + AP Calculus AB Course Framework; supplied AP Topic scoring guides consulted for authentic representations and rigor only, with no published question wording copied.",AP-style mixed selected/constructed response source; no published wording copied.
U8-SUM-V7-Q20,MATH,8,8.5,summative_assessment,summative,v7_q20,unit-synthesis,3,"Set up disc and washer volume integrals about coordinate or shifted axes, making correct radius and orientation decisions.","I can measure radii from the axis of rotation, distinguish outer from inner radius, and set up disc or washer integrals about horizontal or vertical axes.","AP Topics 8.9, 8.10, 8.11, 8.12",rotation_frq,constructed_response,u8_sum_v7_q20_sum_rotation.png,"Unit 8 Assessment Plan + AP Calculus AB Course Framework; supplied AP Topic scoring guides consulted for authentic representations and rigor only, with no published question wording copied.",AP-style mixed selected/constructed response source; no published wording copied.
U8-SUM-V8-Q01,MATH,8,8.1,summative_assessment,summative,v8_q01,unit-synthesis,2,"Use definite integrals to determine average value and net change, and distinguish average value from average rate of change in contextual situations.","I can compute and interpret average value, use a rate function to determine net change, and distinguish those quantities from average rate of change.","AP Topics 8.1, 8.3",average_value_mc,multiple_choice,,"Unit 8 Assessment Plan + AP Calculus AB Course Framework; supplied AP Topic scoring guides consulted for authentic representations and rigor only, with no published question wording copied.",AP-style mixed selected/constructed response source; no published wording copied.
U8-SUM-V8-Q02,MATH,8,8.1,summative_assessment,summative,v8_q02,unit-synthesis,2,"Use definite integrals to determine average value and net change, and distinguish average value from average rate of change in contextual situations.","I can compute and interpret average value, use a rate function to determine net change, and distinguish those quantities from average rate of change.","AP Topics 8.1, 8.3",net_change_mc,multiple_choice,,"Unit 8 Assessment Plan + AP Calculus AB Course Framework; supplied AP Topic scoring guides consulted for authentic representations and rigor only, with no published question wording copied.",AP-style mixed selected/constructed response source; no published wording copied.
U8-SUM-V8-Q03,MATH,8,8.1,summative_assessment,summative,v8_q03,unit-synthesis,2,"Use definite integrals to determine average value and net change, and distinguish average value from average rate of change in contextual situations.","I can compute and interpret average value, use a rate function to determine net change, and distinguish those quantities from average rate of change.","AP Topics 8.1, 8.3",average_value_mc,multiple_choice,,"Unit 8 Assessment Plan + AP Calculus AB Course Framework; supplied AP Topic scoring guides consulted for authentic representations and rigor only, with no published question wording copied.",AP-style mixed selected/constructed response source; no published wording copied.
U8-SUM-V8-Q04,MATH,8,8.1,summative_assessment,summative,v8_q04,unit-synthesis,3,"Use definite integrals to determine average value and net change, and distinguish average value from average rate of change in contextual situations.","I can compute and interpret average value, use a rate function to determine net change, and distinguish those quantities from average rate of change.","AP Topics 8.1, 8.3",accumulation_frq,constructed_response,,"Unit 8 Assessment Plan + AP Calculus AB Course Framework; supplied AP Topic scoring guides consulted for authentic representations and rigor only, with no published question wording copied.",AP-style mixed selected/constructed response source; no published wording copied.
U8-SUM-V8-Q05,MATH,8,8.2,summative_assessment,summative,v8_q05,unit-synthesis,2,"Use integrals to determine displacement, total distance, and position from velocity, while distinguishing velocity from speed and accounting for direction changes.",I can compute displacement and total distance from velocity and recover position from velocity with an initial condition.,AP Topic 8.2,distance_mc,multiple_choice,,"Unit 8 Assessment Plan + AP Calculus AB Course Framework; supplied AP Topic scoring guides consulted for authentic representations and rigor only, with no published question wording copied.",AP-style mixed selected/constructed response source; no published wording copied.
U8-SUM-V8-Q06,MATH,8,8.2,summative_assessment,summative,v8_q06,unit-synthesis,2,"Use integrals to determine displacement, total distance, and position from velocity, while distinguishing velocity from speed and accounting for direction changes.",I can compute displacement and total distance from velocity and recover position from velocity with an initial condition.,AP Topic 8.2,position_mc,multiple_choice,,"Unit 8 Assessment Plan + AP Calculus AB Course Framework; supplied AP Topic scoring guides consulted for authentic representations and rigor only, with no published question wording copied.",AP-style mixed selected/constructed response source; no published wording copied.
U8-SUM-V8-Q07,MATH,8,8.2,summative_assessment,summative,v8_q07,unit-synthesis,3,"Use integrals to determine displacement, total distance, and position from velocity, while distinguishing velocity from speed and accounting for direction changes.",I can compute displacement and total distance from velocity and recover position from velocity with an initial condition.,AP Topic 8.2,motion_frq,constructed_response,u8_sum_v8_q07_sum_velocity.png,"Unit 8 Assessment Plan + AP Calculus AB Course Framework; supplied AP Topic scoring guides consulted for authentic representations and rigor only, with no published question wording copied.",AP-style mixed selected/constructed response source; no published wording copied.
U8-SUM-V8-Q08,MATH,8,8.2,summative_assessment,summative,v8_q08,unit-synthesis,3,"Use integrals to determine displacement, total distance, and position from velocity, while distinguishing velocity from speed and accounting for direction changes.",I can compute displacement and total distance from velocity and recover position from velocity with an initial condition.,AP Topic 8.2,motion_frq,constructed_response,u8_sum_v8_q08_sum_velocity.png,"Unit 8 Assessment Plan + AP Calculus AB Course Framework; supplied AP Topic scoring guides consulted for authentic representations and rigor only, with no published question wording copied.",AP-style mixed selected/constructed response source; no published wording copied.
U8-SUM-V8-Q09,MATH,8,8.3,summative_assessment,summative,v8_q09,unit-synthesis,2,"Set up and evaluate area between curves with respect to $x$ or $y$, including multiple intersections and orientation decisions.","I can identify bounding functions and intersections, set up area with respect to $x$ or $y$, and justify when a region requires splitting.","AP Topics 8.4, 8.5, 8.6",area_setup_mc,multiple_choice,,"Unit 8 Assessment Plan + AP Calculus AB Course Framework; supplied AP Topic scoring guides consulted for authentic representations and rigor only, with no published question wording copied.",AP-style mixed selected/constructed response source; no published wording copied.
U8-SUM-V8-Q10,MATH,8,8.3,summative_assessment,summative,v8_q10,unit-synthesis,2,"Set up and evaluate area between curves with respect to $x$ or $y$, including multiple intersections and orientation decisions.","I can identify bounding functions and intersections, set up area with respect to $x$ or $y$, and justify when a region requires splitting.","AP Topics 8.4, 8.5, 8.6",area_setup_mc,multiple_choice,,"Unit 8 Assessment Plan + AP Calculus AB Course Framework; supplied AP Topic scoring guides consulted for authentic representations and rigor only, with no published question wording copied.",AP-style mixed selected/constructed response source; no published wording copied.
U8-SUM-V8-Q11,MATH,8,8.3,summative_assessment,summative,v8_q11,unit-synthesis,3,"Set up and evaluate area between curves with respect to $x$ or $y$, including multiple intersections and orientation decisions.","I can identify bounding functions and intersections, set up area with respect to $x$ or $y$, and justify when a region requires splitting.","AP Topics 8.4, 8.5, 8.6",area_frq,constructed_response,u8_sum_v8_q11_sum_area.png,"Unit 8 Assessment Plan + AP Calculus AB Course Framework; supplied AP Topic scoring guides consulted for authentic representations and rigor only, with no published question wording copied.",AP-style mixed selected/constructed response source; no published wording copied.
U8-SUM-V8-Q12,MATH,8,8.3,summative_assessment,summative,v8_q12,unit-synthesis,3,"Set up and evaluate area between curves with respect to $x$ or $y$, including multiple intersections and orientation decisions.","I can identify bounding functions and intersections, set up area with respect to $x$ or $y$, and justify when a region requires splitting.","AP Topics 8.4, 8.5, 8.6",area_dy_frq,constructed_response,,"Unit 8 Assessment Plan + AP Calculus AB Course Framework; supplied AP Topic scoring guides consulted for authentic representations and rigor only, with no published question wording copied.",AP-style mixed selected/constructed response source; no published wording copied.
U8-SUM-V8-Q13,MATH,8,8.4,summative_assessment,summative,v8_q13,unit-synthesis,1,Model volumes with known cross-sectional shapes by converting a base region into an area function and integrating over the appropriate interval.,"I can build a cross-sectional area function from a base region and set up volumes for square, rectangular, triangular, or semicircular cross sections.","AP Topics 8.7, 8.8",cross_section_area_mc,multiple_choice,,"Unit 8 Assessment Plan + AP Calculus AB Course Framework; supplied AP Topic scoring guides consulted for authentic representations and rigor only, with no published question wording copied.",AP-style mixed selected/constructed response source; no published wording copied.
U8-SUM-V8-Q14,MATH,8,8.4,summative_assessment,summative,v8_q14,unit-synthesis,2,Model volumes with known cross-sectional shapes by converting a base region into an area function and integrating over the appropriate interval.,"I can build a cross-sectional area function from a base region and set up volumes for square, rectangular, triangular, or semicircular cross sections.","AP Topics 8.7, 8.8",semicircle_area_mc,multiple_choice,,"Unit 8 Assessment Plan + AP Calculus AB Course Framework; supplied AP Topic scoring guides consulted for authentic representations and rigor only, with no published question wording copied.",AP-style mixed selected/constructed response source; no published wording copied.
U8-SUM-V8-Q15,MATH,8,8.4,summative_assessment,summative,v8_q15,unit-synthesis,3,Model volumes with known cross-sectional shapes by converting a base region into an area function and integrating over the appropriate interval.,"I can build a cross-sectional area function from a base region and set up volumes for square, rectangular, triangular, or semicircular cross sections.","AP Topics 8.7, 8.8",cross_section_frq,constructed_response,u8_sum_v8_q15_sum_base.png,"Unit 8 Assessment Plan + AP Calculus AB Course Framework; supplied AP Topic scoring guides consulted for authentic representations and rigor only, with no published question wording copied.",AP-style mixed selected/constructed response source; no published wording copied.
U8-SUM-V8-Q16,MATH,8,8.4,summative_assessment,summative,v8_q16,unit-synthesis,3,Model volumes with known cross-sectional shapes by converting a base region into an area function and integrating over the appropriate interval.,"I can build a cross-sectional area function from a base region and set up volumes for square, rectangular, triangular, or semicircular cross sections.","AP Topics 8.7, 8.8",cross_section_frq,constructed_response,u8_sum_v8_q16_sum_base.png,"Unit 8 Assessment Plan + AP Calculus AB Course Framework; supplied AP Topic scoring guides consulted for authentic representations and rigor only, with no published question wording copied.",AP-style mixed selected/constructed response source; no published wording copied.
U8-SUM-V8-Q17,MATH,8,8.5,summative_assessment,summative,v8_q17,unit-synthesis,1,"Set up disc and washer volume integrals about coordinate or shifted axes, making correct radius and orientation decisions.","I can measure radii from the axis of rotation, distinguish outer from inner radius, and set up disc or washer integrals about horizontal or vertical axes.","AP Topics 8.9, 8.10, 8.11, 8.12",radius_mc,multiple_choice,,"Unit 8 Assessment Plan + AP Calculus AB Course Framework; supplied AP Topic scoring guides consulted for authentic representations and rigor only, with no published question wording copied.",AP-style mixed selected/constructed response source; no published wording copied.
U8-SUM-V8-Q18,MATH,8,8.5,summative_assessment,summative,v8_q18,unit-synthesis,1,"Set up disc and washer volume integrals about coordinate or shifted axes, making correct radius and orientation decisions.","I can measure radii from the axis of rotation, distinguish outer from inner radius, and set up disc or washer integrals about horizontal or vertical axes.","AP Topics 8.9, 8.10, 8.11, 8.12",washer_formula_mc,multiple_choice,,"Unit 8 Assessment Plan + AP Calculus AB Course Framework; supplied AP Topic scoring guides consulted for authentic representations and rigor only, with no published question wording copied.",AP-style mixed selected/constructed response source; no published wording copied.
U8-SUM-V8-Q19,MATH,8,8.5,summative_assessment,summative,v8_q19,unit-synthesis,1,"Set up disc and washer volume integrals about coordinate or shifted axes, making correct radius and orientation decisions.","I can measure radii from the axis of rotation, distinguish outer from inner radius, and set up disc or washer integrals about horizontal or vertical axes.","AP Topics 8.9, 8.10, 8.11, 8.12",slice_orientation_mc,multiple_choice,,"Unit 8 Assessment Plan + AP Calculus AB Course Framework; supplied AP Topic scoring guides consulted for authentic representations and rigor only, with no published question wording copied.",AP-style mixed selected/constructed response source; no published wording copied.
U8-SUM-V8-Q20,MATH,8,8.5,summative_assessment,summative,v8_q20,unit-synthesis,3,"Set up disc and washer volume integrals about coordinate or shifted axes, making correct radius and orientation decisions.","I can measure radii from the axis of rotation, distinguish outer from inner radius, and set up disc or washer integrals about horizontal or vertical axes.","AP Topics 8.9, 8.10, 8.11, 8.12",rotation_frq,constructed_response,u8_sum_v8_q20_sum_rotation.png,"Unit 8 Assessment Plan + AP Calculus AB Course Framework; supplied AP Topic scoring guides consulted for authentic representations and rigor only, with no published question wording copied.",AP-style mixed selected/constructed response source; no published wording copied.
