bank_id,course_family,unit,section,destination,destination_group,destination_slot,spiral_role,dok,learning_target,i_can,framework_alignment,item_type,answer_type,figure_files,source_basis,notes
U1-S1-WTC01,MATH,1,1.1,whats_to_come,notes,WTC01,n-a,2,Relate average versus instantaneous change to the idea of a limit and read and interpret limit notation.,I can relate average versus instantaneous change to the idea of a limit and read and interpret limit notation.,"AP Topics 1.1, 1.2",notes-preview-task,constructed-response,,"Unit 1 Assessment Plan; Framework AP Topics 1.1, 1.2; optional AP-topic source used for task-form/rigor reference",Canonical Notes What's To Come preview; unique from formative/summative assessment items.
U1-S2-WTC01,MATH,1,1.2,whats_to_come,notes,WTC01,n-a,2,"Determine one-sided and two-sided limits from graphs and tables, including when a limit does not exist.","I can determine one-sided and two-sided limits from graphs and tables, including when a limit does not exist.","AP Topics 1.3, 1.4, 1.9",notes-preview-task,constructed-response,,"Unit 1 Assessment Plan; Framework AP Topics 1.3, 1.4, 1.9; optional AP-topic source used for task-form/rigor reference",Canonical Notes What's To Come preview; unique from formative/summative assessment items.
U1-S3-WTC01,MATH,1,1.3,whats_to_come,notes,WTC01,n-a,3,"Evaluate limits algebraically using direct substitution, limit laws, factoring, conjugates, and appropriate trigonometric or squeeze reasoning.",I can select an algebraic method for a limit form.,"AP Topics 1.5, 1.6, 1.7, 1.8",notes-preview-task,constructed-response,,"Unit 1 Assessment Plan; Framework AP Topics 1.5, 1.6, 1.7, 1.8; optional AP-topic source used for task-form/rigor reference",Canonical Notes What's To Come preview; unique from formative/summative assessment items.
U1-S4-WTC01,MATH,1,1.4,whats_to_come,notes,WTC01,n-a,2,"Analyze continuity at a point and on intervals, and classify discontinuities using limits, function values, and piecewise definitions.",I can justify a discontinuity classification from multiple representations.,"AP Topics 1.10, 1.11, 1.12, 1.13",notes-preview-task,constructed-response,,"Unit 1 Assessment Plan; Framework AP Topics 1.10, 1.11, 1.12, 1.13; optional AP-topic source used for task-form/rigor reference",Canonical Notes What's To Come preview; unique from formative/summative assessment items.
U1-S5-WTC01,MATH,1,1.5,whats_to_come,notes,WTC01,n-a,3,"Interpret infinite limits and limits at infinity to identify asymptotic behavior, and apply the Intermediate Value Theorem when its hypotheses are satisfied.","I can interpret infinite limits and limits at infinity to identify asymptotic behavior, and apply the Intermediate Value Theorem when its hypotheses are satisfied.","AP Topics 1.14, 1.15, 1.16",notes-preview-task,constructed-response,,"Unit 1 Assessment Plan; Framework AP Topics 1.14, 1.15, 1.16; optional AP-topic source used for task-form/rigor reference",Canonical Notes What's To Come preview; unique from formative/summative assessment items.
U1-S1-NOTE-EX01,MATH,1,1.1,notes,notes,pair_1_ex,current,2,Relate average versus instantaneous change to the idea of a limit and read and interpret limit notation.,I can estimate a limit from a graph or table.,"AP Topics 1.1, 1.2",worked-example,exact,,"Unit 1 Assessment Plan; Framework AP Topics 1.1, 1.2; optional AP-topic source used for task-form/rigor reference",Multi-part Notes concept bundle; downstream copy verbatim.
U1-S1-NOTE-YTI01,MATH,1,1.1,notes,notes,pair_1_yti,current,2,Relate average versus instantaneous change to the idea of a limit and read and interpret limit notation.,I can estimate a limit from a graph or table.,"AP Topics 1.1, 1.2",you-try-it,exact,,"Unit 1 Assessment Plan; Framework AP Topics 1.1, 1.2; optional AP-topic source used for task-form/rigor reference",Multi-part Notes concept bundle; downstream copy verbatim.
U1-S1-NOTE-EX02,MATH,1,1.1,notes,notes,pair_2_ex,current,2,Relate average versus instantaneous change to the idea of a limit and read and interpret limit notation.,I can estimate a limit from a graph or table.,"AP Topics 1.1, 1.2",worked-example,exact,u1_s1_note_ex02_limit_graph.png,"Unit 1 Assessment Plan; Framework AP Topics 1.1, 1.2; optional AP-topic source used for task-form/rigor reference",Multi-part Notes concept bundle; downstream copy verbatim.
U1-S1-NOTE-YTI02,MATH,1,1.1,notes,notes,pair_2_yti,current,2,Relate average versus instantaneous change to the idea of a limit and read and interpret limit notation.,I can estimate a limit from a graph or table.,"AP Topics 1.1, 1.2",you-try-it,exact,,"Unit 1 Assessment Plan; Framework AP Topics 1.1, 1.2; optional AP-topic source used for task-form/rigor reference",Multi-part Notes concept bundle; downstream copy verbatim.
U1-S1-NOTE-EX03,MATH,1,1.1,notes,notes,pair_3_ex,current,2,Relate average versus instantaneous change to the idea of a limit and read and interpret limit notation.,I can connect shrinking secant intervals to instantaneous change.,"AP Topics 1.1, 1.2",worked-example,exact,,"Unit 1 Assessment Plan; Framework AP Topics 1.1, 1.2; optional AP-topic source used for task-form/rigor reference",Multi-part Notes concept bundle; downstream copy verbatim.
U1-S1-NOTE-YTI03,MATH,1,1.1,notes,notes,pair_3_yti,current,2,Relate average versus instantaneous change to the idea of a limit and read and interpret limit notation.,I can connect shrinking secant intervals to instantaneous change.,"AP Topics 1.1, 1.2",you-try-it,exact,,"Unit 1 Assessment Plan; Framework AP Topics 1.1, 1.2; optional AP-topic source used for task-form/rigor reference",Multi-part Notes concept bundle; downstream copy verbatim.
U1-S1-NOTE-EX04,MATH,1,1.1,notes,notes,pair_4_ex,current,2,Relate average versus instantaneous change to the idea of a limit and read and interpret limit notation.,I can relate average versus instantaneous change to the idea of a limit and read and interpret limit notation.,"AP Topics 1.1, 1.2",worked-example,exact,,"Unit 1 Assessment Plan; Framework AP Topics 1.1, 1.2; optional AP-topic source used for task-form/rigor reference",Multi-part Notes concept bundle; downstream copy verbatim.
U1-S1-NOTE-YTI04,MATH,1,1.1,notes,notes,pair_4_yti,current,2,Relate average versus instantaneous change to the idea of a limit and read and interpret limit notation.,I can relate average versus instantaneous change to the idea of a limit and read and interpret limit notation.,"AP Topics 1.1, 1.2",you-try-it,exact,,"Unit 1 Assessment Plan; Framework AP Topics 1.1, 1.2; optional AP-topic source used for task-form/rigor reference",Multi-part Notes concept bundle; downstream copy verbatim.
U1-S2-NOTE-EX01,MATH,1,1.2,notes,notes,pair_1_ex,current,2,"Determine one-sided and two-sided limits from graphs and tables, including when a limit does not exist.","I can determine one-sided and two-sided limits from graphs and tables, including when a limit does not exist.","AP Topics 1.3, 1.4, 1.9",worked-example,exact,,"Unit 1 Assessment Plan; Framework AP Topics 1.3, 1.4, 1.9; optional AP-topic source used for task-form/rigor reference",Multi-part Notes concept bundle; downstream copy verbatim.
U1-S2-NOTE-YTI01,MATH,1,1.2,notes,notes,pair_1_yti,current,2,"Determine one-sided and two-sided limits from graphs and tables, including when a limit does not exist.","I can determine one-sided and two-sided limits from graphs and tables, including when a limit does not exist.","AP Topics 1.3, 1.4, 1.9",you-try-it,exact,,"Unit 1 Assessment Plan; Framework AP Topics 1.3, 1.4, 1.9; optional AP-topic source used for task-form/rigor reference",Multi-part Notes concept bundle; downstream copy verbatim.
U1-S2-NOTE-EX02,MATH,1,1.2,notes,notes,pair_2_ex,current,2,"Determine one-sided and two-sided limits from graphs and tables, including when a limit does not exist.","I can determine one-sided and two-sided limits from graphs and tables, including when a limit does not exist.","AP Topics 1.3, 1.4, 1.9",worked-example,exact,u1_s2_note_ex02_one_sided_graph.png,"Unit 1 Assessment Plan; Framework AP Topics 1.3, 1.4, 1.9; optional AP-topic source used for task-form/rigor reference",Multi-part Notes concept bundle; downstream copy verbatim.
U1-S2-NOTE-YTI02,MATH,1,1.2,notes,notes,pair_2_yti,current,2,"Determine one-sided and two-sided limits from graphs and tables, including when a limit does not exist.",I can compare graphical and numerical estimates of the same limit.,"AP Topics 1.3, 1.4, 1.9",you-try-it,exact,,"Unit 1 Assessment Plan; Framework AP Topics 1.3, 1.4, 1.9; optional AP-topic source used for task-form/rigor reference",Multi-part Notes concept bundle; downstream copy verbatim.
U1-S2-NOTE-EX03,MATH,1,1.2,notes,notes,pair_3_ex,current,2,"Determine one-sided and two-sided limits from graphs and tables, including when a limit does not exist.","I can determine one-sided and two-sided limits from graphs and tables, including when a limit does not exist.","AP Topics 1.3, 1.4, 1.9",worked-example,exact,,"Unit 1 Assessment Plan; Framework AP Topics 1.3, 1.4, 1.9; optional AP-topic source used for task-form/rigor reference",Multi-part Notes concept bundle; downstream copy verbatim.
U1-S2-NOTE-YTI03,MATH,1,1.2,notes,notes,pair_3_yti,current,2,"Determine one-sided and two-sided limits from graphs and tables, including when a limit does not exist.","I can determine one-sided and two-sided limits from graphs and tables, including when a limit does not exist.","AP Topics 1.3, 1.4, 1.9",you-try-it,exact,,"Unit 1 Assessment Plan; Framework AP Topics 1.3, 1.4, 1.9; optional AP-topic source used for task-form/rigor reference",Multi-part Notes concept bundle; downstream copy verbatim.
U1-S2-NOTE-EX04,MATH,1,1.2,notes,notes,pair_4_ex,current,1,"Determine one-sided and two-sided limits from graphs and tables, including when a limit does not exist.","I can determine one-sided and two-sided limits from graphs and tables, including when a limit does not exist.","AP Topics 1.3, 1.4, 1.9",worked-example,exact,,"Unit 1 Assessment Plan; Framework AP Topics 1.3, 1.4, 1.9; optional AP-topic source used for task-form/rigor reference",Multi-part Notes concept bundle; downstream copy verbatim.
U1-S2-NOTE-YTI04,MATH,1,1.2,notes,notes,pair_4_yti,current,1,"Determine one-sided and two-sided limits from graphs and tables, including when a limit does not exist.","I can determine one-sided and two-sided limits from graphs and tables, including when a limit does not exist.","AP Topics 1.3, 1.4, 1.9",you-try-it,exact,,"Unit 1 Assessment Plan; Framework AP Topics 1.3, 1.4, 1.9; optional AP-topic source used for task-form/rigor reference",Multi-part Notes concept bundle; downstream copy verbatim.
U1-S3-NOTE-EX01,MATH,1,1.3,notes,notes,pair_1_ex,current,2,"Evaluate limits algebraically using direct substitution, limit laws, factoring, conjugates, and appropriate trigonometric or squeeze reasoning.","I can evaluate limits algebraically using direct substitution, limit laws, factoring, conjugates, and appropriate trigonometric or squeeze reasoning.","AP Topics 1.5, 1.6, 1.7, 1.8",worked-example,exact,,"Unit 1 Assessment Plan; Framework AP Topics 1.5, 1.6, 1.7, 1.8; optional AP-topic source used for task-form/rigor reference",Multi-part Notes concept bundle; downstream copy verbatim.
U1-S3-NOTE-YTI01,MATH,1,1.3,notes,notes,pair_1_yti,current,2,"Evaluate limits algebraically using direct substitution, limit laws, factoring, conjugates, and appropriate trigonometric or squeeze reasoning.","I can evaluate limits algebraically using direct substitution, limit laws, factoring, conjugates, and appropriate trigonometric or squeeze reasoning.","AP Topics 1.5, 1.6, 1.7, 1.8",you-try-it,exact,,"Unit 1 Assessment Plan; Framework AP Topics 1.5, 1.6, 1.7, 1.8; optional AP-topic source used for task-form/rigor reference",Multi-part Notes concept bundle; downstream copy verbatim.
U1-S3-NOTE-EX02,MATH,1,1.3,notes,notes,pair_2_ex,current,2,"Evaluate limits algebraically using direct substitution, limit laws, factoring, conjugates, and appropriate trigonometric or squeeze reasoning.","I can evaluate limits algebraically using direct substitution, limit laws, factoring, conjugates, and appropriate trigonometric or squeeze reasoning.","AP Topics 1.5, 1.6, 1.7, 1.8",worked-example,exact,,"Unit 1 Assessment Plan; Framework AP Topics 1.5, 1.6, 1.7, 1.8; optional AP-topic source used for task-form/rigor reference",Multi-part Notes concept bundle; downstream copy verbatim.
U1-S3-NOTE-YTI02,MATH,1,1.3,notes,notes,pair_2_yti,current,2,"Evaluate limits algebraically using direct substitution, limit laws, factoring, conjugates, and appropriate trigonometric or squeeze reasoning.","I can evaluate limits algebraically using direct substitution, limit laws, factoring, conjugates, and appropriate trigonometric or squeeze reasoning.","AP Topics 1.5, 1.6, 1.7, 1.8",you-try-it,exact,,"Unit 1 Assessment Plan; Framework AP Topics 1.5, 1.6, 1.7, 1.8; optional AP-topic source used for task-form/rigor reference",Multi-part Notes concept bundle; downstream copy verbatim.
U1-S3-NOTE-EX03,MATH,1,1.3,notes,notes,pair_3_ex,current,2,"Evaluate limits algebraically using direct substitution, limit laws, factoring, conjugates, and appropriate trigonometric or squeeze reasoning.","I can evaluate limits algebraically using direct substitution, limit laws, factoring, conjugates, and appropriate trigonometric or squeeze reasoning.","AP Topics 1.5, 1.6, 1.7, 1.8",worked-example,exact,,"Unit 1 Assessment Plan; Framework AP Topics 1.5, 1.6, 1.7, 1.8; optional AP-topic source used for task-form/rigor reference",Multi-part Notes concept bundle; downstream copy verbatim.
U1-S3-NOTE-YTI03,MATH,1,1.3,notes,notes,pair_3_yti,current,2,"Evaluate limits algebraically using direct substitution, limit laws, factoring, conjugates, and appropriate trigonometric or squeeze reasoning.","I can evaluate limits algebraically using direct substitution, limit laws, factoring, conjugates, and appropriate trigonometric or squeeze reasoning.","AP Topics 1.5, 1.6, 1.7, 1.8",you-try-it,exact,,"Unit 1 Assessment Plan; Framework AP Topics 1.5, 1.6, 1.7, 1.8; optional AP-topic source used for task-form/rigor reference",Multi-part Notes concept bundle; downstream copy verbatim.
U1-S3-NOTE-EX04,MATH,1,1.3,notes,notes,pair_4_ex,current,3,"Evaluate limits algebraically using direct substitution, limit laws, factoring, conjugates, and appropriate trigonometric or squeeze reasoning.",I can select an algebraic method for a limit form.,"AP Topics 1.5, 1.6, 1.7, 1.8",worked-example,exact,,"Unit 1 Assessment Plan; Framework AP Topics 1.5, 1.6, 1.7, 1.8; optional AP-topic source used for task-form/rigor reference",Multi-part Notes concept bundle; downstream copy verbatim.
U1-S3-NOTE-YTI04,MATH,1,1.3,notes,notes,pair_4_yti,current,3,"Evaluate limits algebraically using direct substitution, limit laws, factoring, conjugates, and appropriate trigonometric or squeeze reasoning.",I can select an algebraic method for a limit form.,"AP Topics 1.5, 1.6, 1.7, 1.8",you-try-it,exact,,"Unit 1 Assessment Plan; Framework AP Topics 1.5, 1.6, 1.7, 1.8; optional AP-topic source used for task-form/rigor reference",Multi-part Notes concept bundle; downstream copy verbatim.
U1-S4-NOTE-EX01,MATH,1,1.4,notes,notes,pair_1_ex,current,2,"Analyze continuity at a point and on intervals, and classify discontinuities using limits, function values, and piecewise definitions.","I can analyze continuity at a point and on intervals, and classify discontinuities using limits, function values, and piecewise definitions.","AP Topics 1.10, 1.11, 1.12, 1.13",worked-example,exact,,"Unit 1 Assessment Plan; Framework AP Topics 1.10, 1.11, 1.12, 1.13; optional AP-topic source used for task-form/rigor reference",Multi-part Notes concept bundle; downstream copy verbatim.
U1-S4-NOTE-YTI01,MATH,1,1.4,notes,notes,pair_1_yti,current,2,"Analyze continuity at a point and on intervals, and classify discontinuities using limits, function values, and piecewise definitions.","I can analyze continuity at a point and on intervals, and classify discontinuities using limits, function values, and piecewise definitions.","AP Topics 1.10, 1.11, 1.12, 1.13",you-try-it,exact,,"Unit 1 Assessment Plan; Framework AP Topics 1.10, 1.11, 1.12, 1.13; optional AP-topic source used for task-form/rigor reference",Multi-part Notes concept bundle; downstream copy verbatim.
U1-S4-NOTE-EX02,MATH,1,1.4,notes,notes,pair_2_ex,current,2,"Analyze continuity at a point and on intervals, and classify discontinuities using limits, function values, and piecewise definitions.",I can determine parameter values that make a piecewise function continuous.,"AP Topics 1.10, 1.11, 1.12, 1.13",worked-example,exact,,"Unit 1 Assessment Plan; Framework AP Topics 1.10, 1.11, 1.12, 1.13; optional AP-topic source used for task-form/rigor reference",Multi-part Notes concept bundle; downstream copy verbatim.
U1-S4-NOTE-YTI02,MATH,1,1.4,notes,notes,pair_2_yti,current,2,"Analyze continuity at a point and on intervals, and classify discontinuities using limits, function values, and piecewise definitions.",I can determine parameter values that make a piecewise function continuous.,"AP Topics 1.10, 1.11, 1.12, 1.13",you-try-it,exact,,"Unit 1 Assessment Plan; Framework AP Topics 1.10, 1.11, 1.12, 1.13; optional AP-topic source used for task-form/rigor reference",Multi-part Notes concept bundle; downstream copy verbatim.
U1-S4-NOTE-EX03,MATH,1,1.4,notes,notes,pair_3_ex,current,2,"Analyze continuity at a point and on intervals, and classify discontinuities using limits, function values, and piecewise definitions.",I can justify a discontinuity classification from multiple representations.,"AP Topics 1.10, 1.11, 1.12, 1.13",worked-example,exact,u1_s4_note_ex03_discontinuity_graph.png,"Unit 1 Assessment Plan; Framework AP Topics 1.10, 1.11, 1.12, 1.13; optional AP-topic source used for task-form/rigor reference",Multi-part Notes concept bundle; downstream copy verbatim.
U1-S4-NOTE-YTI03,MATH,1,1.4,notes,notes,pair_3_yti,current,2,"Analyze continuity at a point and on intervals, and classify discontinuities using limits, function values, and piecewise definitions.",I can justify a discontinuity classification from multiple representations.,"AP Topics 1.10, 1.11, 1.12, 1.13",you-try-it,exact,,"Unit 1 Assessment Plan; Framework AP Topics 1.10, 1.11, 1.12, 1.13; optional AP-topic source used for task-form/rigor reference",Multi-part Notes concept bundle; downstream copy verbatim.
U1-S4-NOTE-EX04,MATH,1,1.4,notes,notes,pair_4_ex,current,3,"Analyze continuity at a point and on intervals, and classify discontinuities using limits, function values, and piecewise definitions.",I can justify a discontinuity classification from multiple representations.,"AP Topics 1.10, 1.11, 1.12, 1.13",worked-example,exact,,"Unit 1 Assessment Plan; Framework AP Topics 1.10, 1.11, 1.12, 1.13; optional AP-topic source used for task-form/rigor reference",Multi-part Notes concept bundle; downstream copy verbatim.
U1-S4-NOTE-YTI04,MATH,1,1.4,notes,notes,pair_4_yti,current,3,"Analyze continuity at a point and on intervals, and classify discontinuities using limits, function values, and piecewise definitions.",I can justify a discontinuity classification from multiple representations.,"AP Topics 1.10, 1.11, 1.12, 1.13",you-try-it,exact,,"Unit 1 Assessment Plan; Framework AP Topics 1.10, 1.11, 1.12, 1.13; optional AP-topic source used for task-form/rigor reference",Multi-part Notes concept bundle; downstream copy verbatim.
U1-S5-NOTE-EX01,MATH,1,1.5,notes,notes,pair_1_ex,current,2,"Interpret infinite limits and limits at infinity to identify asymptotic behavior, and apply the Intermediate Value Theorem when its hypotheses are satisfied.","I can interpret infinite limits and limits at infinity to identify asymptotic behavior, and apply the Intermediate Value Theorem when its hypotheses are satisfied.","AP Topics 1.14, 1.15, 1.16",worked-example,exact,u1_s5_note_ex01_asymptote_graph.png,"Unit 1 Assessment Plan; Framework AP Topics 1.14, 1.15, 1.16; optional AP-topic source used for task-form/rigor reference",Multi-part Notes concept bundle; downstream copy verbatim.
U1-S5-NOTE-YTI01,MATH,1,1.5,notes,notes,pair_1_yti,current,2,"Interpret infinite limits and limits at infinity to identify asymptotic behavior, and apply the Intermediate Value Theorem when its hypotheses are satisfied.","I can interpret infinite limits and limits at infinity to identify asymptotic behavior, and apply the Intermediate Value Theorem when its hypotheses are satisfied.","AP Topics 1.14, 1.15, 1.16",you-try-it,exact,,"Unit 1 Assessment Plan; Framework AP Topics 1.14, 1.15, 1.16; optional AP-topic source used for task-form/rigor reference",Multi-part Notes concept bundle; downstream copy verbatim.
U1-S5-NOTE-EX02,MATH,1,1.5,notes,notes,pair_2_ex,current,2,"Interpret infinite limits and limits at infinity to identify asymptotic behavior, and apply the Intermediate Value Theorem when its hypotheses are satisfied.",I can use asymptotic behavior to describe a function model.,"AP Topics 1.14, 1.15, 1.16",worked-example,exact,,"Unit 1 Assessment Plan; Framework AP Topics 1.14, 1.15, 1.16; optional AP-topic source used for task-form/rigor reference",Multi-part Notes concept bundle; downstream copy verbatim.
U1-S5-NOTE-YTI02,MATH,1,1.5,notes,notes,pair_2_yti,current,2,"Interpret infinite limits and limits at infinity to identify asymptotic behavior, and apply the Intermediate Value Theorem when its hypotheses are satisfied.",I can use asymptotic behavior to describe a function model.,"AP Topics 1.14, 1.15, 1.16",you-try-it,exact,,"Unit 1 Assessment Plan; Framework AP Topics 1.14, 1.15, 1.16; optional AP-topic source used for task-form/rigor reference",Multi-part Notes concept bundle; downstream copy verbatim.
U1-S5-NOTE-EX03,MATH,1,1.5,notes,notes,pair_3_ex,current,3,"Interpret infinite limits and limits at infinity to identify asymptotic behavior, and apply the Intermediate Value Theorem when its hypotheses are satisfied.",I can determine whether IVT guarantees a value and justify the conclusion.,"AP Topics 1.14, 1.15, 1.16",worked-example,exact,,"Unit 1 Assessment Plan; Framework AP Topics 1.14, 1.15, 1.16; optional AP-topic source used for task-form/rigor reference",Multi-part Notes concept bundle; downstream copy verbatim.
U1-S5-NOTE-YTI03,MATH,1,1.5,notes,notes,pair_3_yti,current,3,"Interpret infinite limits and limits at infinity to identify asymptotic behavior, and apply the Intermediate Value Theorem when its hypotheses are satisfied.",I can determine whether IVT guarantees a value and justify the conclusion.,"AP Topics 1.14, 1.15, 1.16",you-try-it,exact,,"Unit 1 Assessment Plan; Framework AP Topics 1.14, 1.15, 1.16; optional AP-topic source used for task-form/rigor reference",Multi-part Notes concept bundle; downstream copy verbatim.
U1-S5-NOTE-EX04,MATH,1,1.5,notes,notes,pair_4_ex,current,3,"Interpret infinite limits and limits at infinity to identify asymptotic behavior, and apply the Intermediate Value Theorem when its hypotheses are satisfied.","I can interpret infinite limits and limits at infinity to identify asymptotic behavior, and apply the Intermediate Value Theorem when its hypotheses are satisfied.","AP Topics 1.14, 1.15, 1.16",worked-example,exact,,"Unit 1 Assessment Plan; Framework AP Topics 1.14, 1.15, 1.16; optional AP-topic source used for task-form/rigor reference",Multi-part Notes concept bundle; downstream copy verbatim.
U1-S5-NOTE-YTI04,MATH,1,1.5,notes,notes,pair_4_yti,current,3,"Interpret infinite limits and limits at infinity to identify asymptotic behavior, and apply the Intermediate Value Theorem when its hypotheses are satisfied.","I can interpret infinite limits and limits at infinity to identify asymptotic behavior, and apply the Intermediate Value Theorem when its hypotheses are satisfied.","AP Topics 1.14, 1.15, 1.16",you-try-it,exact,,"Unit 1 Assessment Plan; Framework AP Topics 1.14, 1.15, 1.16; optional AP-topic source used for task-form/rigor reference",Multi-part Notes concept bundle; downstream copy verbatim.
U1-S1-PS1-C01,MATH,1,1.1,practice_set_1,ps1,C01,current,2,Relate average versus instantaneous change to the idea of a limit and read and interpret limit notation.,I can relate average versus instantaneous change to the idea of a limit and read and interpret limit notation.,"AP Topics 1.1, 1.2",short-response,exact,u1_s1_ps1_c01_graph.png,"Unit 1 Assessment Plan; Framework AP Topics 1.1, 1.2; optional AP-topic source used for task-form/rigor reference",
U1-S1-PS1-C02,MATH,1,1.1,practice_set_1,ps1,C02,current,2,Relate average versus instantaneous change to the idea of a limit and read and interpret limit notation.,I can relate average versus instantaneous change to the idea of a limit and read and interpret limit notation.,"AP Topics 1.1, 1.2",short-response,exact,,"Unit 1 Assessment Plan; Framework AP Topics 1.1, 1.2; optional AP-topic source used for task-form/rigor reference",
U1-S1-PS1-C03,MATH,1,1.1,practice_set_1,ps1,C03,current,1,Relate average versus instantaneous change to the idea of a limit and read and interpret limit notation.,I can relate average versus instantaneous change to the idea of a limit and read and interpret limit notation.,"AP Topics 1.1, 1.2",short-response,exact,,"Unit 1 Assessment Plan; Framework AP Topics 1.1, 1.2; optional AP-topic source used for task-form/rigor reference",
U1-S1-PS1-C04,MATH,1,1.1,practice_set_1,ps1,C04,current,1,Relate average versus instantaneous change to the idea of a limit and read and interpret limit notation.,I can relate average versus instantaneous change to the idea of a limit and read and interpret limit notation.,"AP Topics 1.1, 1.2",short-response,exact,,"Unit 1 Assessment Plan; Framework AP Topics 1.1, 1.2; optional AP-topic source used for task-form/rigor reference",
U1-S1-PS1-C05,MATH,1,1.1,practice_set_1,ps1,C05,current,2,Relate average versus instantaneous change to the idea of a limit and read and interpret limit notation.,I can relate average versus instantaneous change to the idea of a limit and read and interpret limit notation.,"AP Topics 1.1, 1.2",short-response,exact,,"Unit 1 Assessment Plan; Framework AP Topics 1.1, 1.2; optional AP-topic source used for task-form/rigor reference",
U1-S1-PS1-L01,MATH,1,1.1,practice_set_1,ps1,L01,last,2,"Prior knowledge on functions, graph interpretation, and rates of change.","I can use function notation, interpret graphs and tables, and compute average rates of change.","AP Topics 1.1, 1.2",short-response,exact,,"Unit 1 Assessment Plan; Framework AP Topics 1.1, 1.2; optional AP-topic source used for task-form/rigor reference",
U1-S1-PS1-L02,MATH,1,1.1,practice_set_1,ps1,L02,last,2,"Prior knowledge on functions, graph interpretation, and rates of change.","I can use function notation, interpret graphs and tables, and compute average rates of change.","AP Topics 1.1, 1.2",short-response,exact,,"Unit 1 Assessment Plan; Framework AP Topics 1.1, 1.2; optional AP-topic source used for task-form/rigor reference",
U1-S1-PS1-L03,MATH,1,1.1,practice_set_1,ps1,L03,last,2,"Prior knowledge on functions, graph interpretation, and rates of change.","I can use function notation, interpret graphs and tables, and compute average rates of change.","AP Topics 1.1, 1.2",short-response,exact,,"Unit 1 Assessment Plan; Framework AP Topics 1.1, 1.2; optional AP-topic source used for task-form/rigor reference",
U1-S1-PS1-L04,MATH,1,1.1,practice_set_1,ps1,L04,last,1,"Prior knowledge on functions, graph interpretation, and rates of change.","I can use function notation, interpret graphs and tables, and compute average rates of change.","AP Topics 1.1, 1.2",short-response,exact,,"Unit 1 Assessment Plan; Framework AP Topics 1.1, 1.2; optional AP-topic source used for task-form/rigor reference",
U1-S1-PS1-L05,MATH,1,1.1,practice_set_1,ps1,L05,last,1,"Prior knowledge on functions, graph interpretation, and rates of change.","I can use function notation, interpret graphs and tables, and compute average rates of change.","AP Topics 1.1, 1.2",short-response,exact,,"Unit 1 Assessment Plan; Framework AP Topics 1.1, 1.2; optional AP-topic source used for task-form/rigor reference",
U1-S1-PS1-M01,MATH,1,1.1,practice_set_1,ps1,M01,mastery,2,Retrieve durable prerequisite learning used throughout Unit 1.,"I can use prerequisite function, representation, algebra, and rate-of-change skills accurately.","AP Topics 1.1, 1.2",short-response,exact,,"Unit 1 Assessment Plan; Framework AP Topics 1.1, 1.2; optional AP-topic source used for task-form/rigor reference",
U1-S1-PS1-M02,MATH,1,1.1,practice_set_1,ps1,M02,mastery,1,Retrieve durable prerequisite learning used throughout Unit 1.,"I can use prerequisite function, representation, algebra, and rate-of-change skills accurately.","AP Topics 1.1, 1.2",short-response,exact,,"Unit 1 Assessment Plan; Framework AP Topics 1.1, 1.2; optional AP-topic source used for task-form/rigor reference",
U1-S1-PS1-M03,MATH,1,1.1,practice_set_1,ps1,M03,mastery,1,Retrieve durable prerequisite learning used throughout Unit 1.,"I can use prerequisite function, representation, algebra, and rate-of-change skills accurately.","AP Topics 1.1, 1.2",short-response,exact,,"Unit 1 Assessment Plan; Framework AP Topics 1.1, 1.2; optional AP-topic source used for task-form/rigor reference",
U1-S1-PS1-M04,MATH,1,1.1,practice_set_1,ps1,M04,mastery,1,Retrieve durable prerequisite learning used throughout Unit 1.,"I can use prerequisite function, representation, algebra, and rate-of-change skills accurately.","AP Topics 1.1, 1.2",short-response,exact,,"Unit 1 Assessment Plan; Framework AP Topics 1.1, 1.2; optional AP-topic source used for task-form/rigor reference",
U1-S1-PS1-M05,MATH,1,1.1,practice_set_1,ps1,M05,mastery,1,Retrieve durable prerequisite learning used throughout Unit 1.,"I can use prerequisite function, representation, algebra, and rate-of-change skills accurately.","AP Topics 1.1, 1.2",short-response,exact,,"Unit 1 Assessment Plan; Framework AP Topics 1.1, 1.2; optional AP-topic source used for task-form/rigor reference",
U1-S1-PS1-M06,MATH,1,1.1,practice_set_1,ps1,M06,mastery,1,Retrieve durable prerequisite learning used throughout Unit 1.,"I can use prerequisite function, representation, algebra, and rate-of-change skills accurately.","AP Topics 1.1, 1.2",short-response,exact,,"Unit 1 Assessment Plan; Framework AP Topics 1.1, 1.2; optional AP-topic source used for task-form/rigor reference",
U1-S1-PS1-M07,MATH,1,1.1,practice_set_1,ps1,M07,mastery,1,Retrieve durable prerequisite learning used throughout Unit 1.,"I can use prerequisite function, representation, algebra, and rate-of-change skills accurately.","AP Topics 1.1, 1.2",short-response,exact,,"Unit 1 Assessment Plan; Framework AP Topics 1.1, 1.2; optional AP-topic source used for task-form/rigor reference",
U1-S1-PS1-M08,MATH,1,1.1,practice_set_1,ps1,M08,mastery,2,Retrieve durable prerequisite learning used throughout Unit 1.,"I can use prerequisite function, representation, algebra, and rate-of-change skills accurately.","AP Topics 1.1, 1.2",short-response,exact,,"Unit 1 Assessment Plan; Framework AP Topics 1.1, 1.2; optional AP-topic source used for task-form/rigor reference",
U1-S1-PS1-M09,MATH,1,1.1,practice_set_1,ps1,M09,mastery,1,Retrieve durable prerequisite learning used throughout Unit 1.,"I can use prerequisite function, representation, algebra, and rate-of-change skills accurately.","AP Topics 1.1, 1.2",short-response,exact,,"Unit 1 Assessment Plan; Framework AP Topics 1.1, 1.2; optional AP-topic source used for task-form/rigor reference",
U1-S1-PS1-M10,MATH,1,1.1,practice_set_1,ps1,M10,mastery,1,Retrieve durable prerequisite learning used throughout Unit 1.,"I can use prerequisite function, representation, algebra, and rate-of-change skills accurately.","AP Topics 1.1, 1.2",short-response,exact,,"Unit 1 Assessment Plan; Framework AP Topics 1.1, 1.2; optional AP-topic source used for task-form/rigor reference",
U1-S1-PS2-C01,MATH,1,1.1,practice_set_2,ps2,C01,current,2,Relate average versus instantaneous change to the idea of a limit and read and interpret limit notation.,I can relate average versus instantaneous change to the idea of a limit and read and interpret limit notation.,"AP Topics 1.1, 1.2",short-response,exact,u1_s1_ps2_c01_graph.png,"Unit 1 Assessment Plan; Framework AP Topics 1.1, 1.2; optional AP-topic source used for task-form/rigor reference",
U1-S1-PS2-C02,MATH,1,1.1,practice_set_2,ps2,C02,current,1,Relate average versus instantaneous change to the idea of a limit and read and interpret limit notation.,I can relate average versus instantaneous change to the idea of a limit and read and interpret limit notation.,"AP Topics 1.1, 1.2",short-response,exact,,"Unit 1 Assessment Plan; Framework AP Topics 1.1, 1.2; optional AP-topic source used for task-form/rigor reference",
U1-S1-PS2-C03,MATH,1,1.1,practice_set_2,ps2,C03,current,2,Relate average versus instantaneous change to the idea of a limit and read and interpret limit notation.,I can relate average versus instantaneous change to the idea of a limit and read and interpret limit notation.,"AP Topics 1.1, 1.2",short-response,exact,,"Unit 1 Assessment Plan; Framework AP Topics 1.1, 1.2; optional AP-topic source used for task-form/rigor reference",
U1-S1-PS2-C04,MATH,1,1.1,practice_set_2,ps2,C04,current,2,Relate average versus instantaneous change to the idea of a limit and read and interpret limit notation.,I can relate average versus instantaneous change to the idea of a limit and read and interpret limit notation.,"AP Topics 1.1, 1.2",short-response,exact,,"Unit 1 Assessment Plan; Framework AP Topics 1.1, 1.2; optional AP-topic source used for task-form/rigor reference",
U1-S1-PS2-C05,MATH,1,1.1,practice_set_2,ps2,C05,current,2,Relate average versus instantaneous change to the idea of a limit and read and interpret limit notation.,I can relate average versus instantaneous change to the idea of a limit and read and interpret limit notation.,"AP Topics 1.1, 1.2",short-response,exact,,"Unit 1 Assessment Plan; Framework AP Topics 1.1, 1.2; optional AP-topic source used for task-form/rigor reference",
U1-S1-PS2-L01,MATH,1,1.1,practice_set_2,ps2,L01,last,1,"Prior knowledge on functions, graph interpretation, and rates of change.","I can use function notation, interpret graphs and tables, and compute average rates of change.","AP Topics 1.1, 1.2",short-response,exact,,"Unit 1 Assessment Plan; Framework AP Topics 1.1, 1.2; optional AP-topic source used for task-form/rigor reference",
U1-S1-PS2-L02,MATH,1,1.1,practice_set_2,ps2,L02,last,1,"Prior knowledge on functions, graph interpretation, and rates of change.","I can use function notation, interpret graphs and tables, and compute average rates of change.","AP Topics 1.1, 1.2",short-response,exact,,"Unit 1 Assessment Plan; Framework AP Topics 1.1, 1.2; optional AP-topic source used for task-form/rigor reference",
U1-S1-PS2-L03,MATH,1,1.1,practice_set_2,ps2,L03,last,1,"Prior knowledge on functions, graph interpretation, and rates of change.","I can use function notation, interpret graphs and tables, and compute average rates of change.","AP Topics 1.1, 1.2",short-response,exact,,"Unit 1 Assessment Plan; Framework AP Topics 1.1, 1.2; optional AP-topic source used for task-form/rigor reference",
U1-S1-PS2-L04,MATH,1,1.1,practice_set_2,ps2,L04,last,1,"Prior knowledge on functions, graph interpretation, and rates of change.","I can use function notation, interpret graphs and tables, and compute average rates of change.","AP Topics 1.1, 1.2",short-response,exact,,"Unit 1 Assessment Plan; Framework AP Topics 1.1, 1.2; optional AP-topic source used for task-form/rigor reference",
U1-S1-PS2-L05,MATH,1,1.1,practice_set_2,ps2,L05,last,2,"Prior knowledge on functions, graph interpretation, and rates of change.","I can use function notation, interpret graphs and tables, and compute average rates of change.","AP Topics 1.1, 1.2",short-response,exact,,"Unit 1 Assessment Plan; Framework AP Topics 1.1, 1.2; optional AP-topic source used for task-form/rigor reference",
U1-S1-PS2-M01,MATH,1,1.1,practice_set_2,ps2,M01,mastery,2,Retrieve durable prerequisite learning used throughout Unit 1.,"I can use prerequisite function, representation, algebra, and rate-of-change skills accurately.","AP Topics 1.1, 1.2",short-response,exact,,"Unit 1 Assessment Plan; Framework AP Topics 1.1, 1.2; optional AP-topic source used for task-form/rigor reference",
U1-S1-PS2-M02,MATH,1,1.1,practice_set_2,ps2,M02,mastery,2,Retrieve durable prerequisite learning used throughout Unit 1.,"I can use prerequisite function, representation, algebra, and rate-of-change skills accurately.","AP Topics 1.1, 1.2",short-response,exact,,"Unit 1 Assessment Plan; Framework AP Topics 1.1, 1.2; optional AP-topic source used for task-form/rigor reference",
U1-S1-PS2-M03,MATH,1,1.1,practice_set_2,ps2,M03,mastery,2,Retrieve durable prerequisite learning used throughout Unit 1.,"I can use prerequisite function, representation, algebra, and rate-of-change skills accurately.","AP Topics 1.1, 1.2",short-response,exact,,"Unit 1 Assessment Plan; Framework AP Topics 1.1, 1.2; optional AP-topic source used for task-form/rigor reference",
U1-S1-PS2-M04,MATH,1,1.1,practice_set_2,ps2,M04,mastery,2,Retrieve durable prerequisite learning used throughout Unit 1.,"I can use prerequisite function, representation, algebra, and rate-of-change skills accurately.","AP Topics 1.1, 1.2",short-response,exact,,"Unit 1 Assessment Plan; Framework AP Topics 1.1, 1.2; optional AP-topic source used for task-form/rigor reference",
U1-S1-PS2-M05,MATH,1,1.1,practice_set_2,ps2,M05,mastery,2,Retrieve durable prerequisite learning used throughout Unit 1.,"I can use prerequisite function, representation, algebra, and rate-of-change skills accurately.","AP Topics 1.1, 1.2",short-response,exact,,"Unit 1 Assessment Plan; Framework AP Topics 1.1, 1.2; optional AP-topic source used for task-form/rigor reference",
U1-S1-PS2-M06,MATH,1,1.1,practice_set_2,ps2,M06,mastery,2,Retrieve durable prerequisite learning used throughout Unit 1.,"I can use prerequisite function, representation, algebra, and rate-of-change skills accurately.","AP Topics 1.1, 1.2",short-response,exact,,"Unit 1 Assessment Plan; Framework AP Topics 1.1, 1.2; optional AP-topic source used for task-form/rigor reference",
U1-S1-PS2-M07,MATH,1,1.1,practice_set_2,ps2,M07,mastery,1,Retrieve durable prerequisite learning used throughout Unit 1.,"I can use prerequisite function, representation, algebra, and rate-of-change skills accurately.","AP Topics 1.1, 1.2",short-response,exact,,"Unit 1 Assessment Plan; Framework AP Topics 1.1, 1.2; optional AP-topic source used for task-form/rigor reference",
U1-S1-PS2-M08,MATH,1,1.1,practice_set_2,ps2,M08,mastery,1,Retrieve durable prerequisite learning used throughout Unit 1.,"I can use prerequisite function, representation, algebra, and rate-of-change skills accurately.","AP Topics 1.1, 1.2",short-response,exact,,"Unit 1 Assessment Plan; Framework AP Topics 1.1, 1.2; optional AP-topic source used for task-form/rigor reference",
U1-S1-PS2-M09,MATH,1,1.1,practice_set_2,ps2,M09,mastery,2,Retrieve durable prerequisite learning used throughout Unit 1.,"I can use prerequisite function, representation, algebra, and rate-of-change skills accurately.","AP Topics 1.1, 1.2",short-response,exact,,"Unit 1 Assessment Plan; Framework AP Topics 1.1, 1.2; optional AP-topic source used for task-form/rigor reference",
U1-S1-PS2-M10,MATH,1,1.1,practice_set_2,ps2,M10,mastery,1,Retrieve durable prerequisite learning used throughout Unit 1.,"I can use prerequisite function, representation, algebra, and rate-of-change skills accurately.","AP Topics 1.1, 1.2",short-response,exact,,"Unit 1 Assessment Plan; Framework AP Topics 1.1, 1.2; optional AP-topic source used for task-form/rigor reference",
U1-S1-PS3-C01,MATH,1,1.1,practice_set_3,ps3,C01,current,2,Relate average versus instantaneous change to the idea of a limit and read and interpret limit notation.,I can relate average versus instantaneous change to the idea of a limit and read and interpret limit notation.,"AP Topics 1.1, 1.2",tarsia-pair,exact,,"Unit 1 Assessment Plan; Framework AP Topics 1.1, 1.2; optional AP-topic source used for task-form/rigor reference",Tarsia-safe dual-use PS3 item: concise single-target prompt; short unique answer; no figure/table; no comma outside math in question.
U1-S1-PS3-C02,MATH,1,1.1,practice_set_3,ps3,C02,current,1,Relate average versus instantaneous change to the idea of a limit and read and interpret limit notation.,I can relate average versus instantaneous change to the idea of a limit and read and interpret limit notation.,"AP Topics 1.1, 1.2",tarsia-pair,exact,,"Unit 1 Assessment Plan; Framework AP Topics 1.1, 1.2; optional AP-topic source used for task-form/rigor reference",Tarsia-safe dual-use PS3 item: concise single-target prompt; short unique answer; no figure/table; no comma outside math in question.
U1-S1-PS3-C03,MATH,1,1.1,practice_set_3,ps3,C03,current,1,Relate average versus instantaneous change to the idea of a limit and read and interpret limit notation.,I can relate average versus instantaneous change to the idea of a limit and read and interpret limit notation.,"AP Topics 1.1, 1.2",tarsia-pair,exact,,"Unit 1 Assessment Plan; Framework AP Topics 1.1, 1.2; optional AP-topic source used for task-form/rigor reference",Tarsia-safe dual-use PS3 item: concise single-target prompt; short unique answer; no figure/table; no comma outside math in question.
U1-S1-PS3-C04,MATH,1,1.1,practice_set_3,ps3,C04,current,2,Relate average versus instantaneous change to the idea of a limit and read and interpret limit notation.,I can relate average versus instantaneous change to the idea of a limit and read and interpret limit notation.,"AP Topics 1.1, 1.2",tarsia-pair,exact,,"Unit 1 Assessment Plan; Framework AP Topics 1.1, 1.2; optional AP-topic source used for task-form/rigor reference",Tarsia-safe dual-use PS3 item: concise single-target prompt; short unique answer; no figure/table; no comma outside math in question.
U1-S1-PS3-C05,MATH,1,1.1,practice_set_3,ps3,C05,current,1,Relate average versus instantaneous change to the idea of a limit and read and interpret limit notation.,I can relate average versus instantaneous change to the idea of a limit and read and interpret limit notation.,"AP Topics 1.1, 1.2",tarsia-pair,exact,,"Unit 1 Assessment Plan; Framework AP Topics 1.1, 1.2; optional AP-topic source used for task-form/rigor reference",Tarsia-safe dual-use PS3 item: concise single-target prompt; short unique answer; no figure/table; no comma outside math in question.
U1-S1-PS3-L01,MATH,1,1.1,practice_set_3,ps3,L01,last,2,"Prior knowledge on functions, graph interpretation, and rates of change.","I can use function notation, interpret graphs and tables, and compute average rates of change.","AP Topics 1.1, 1.2",tarsia-pair,exact,,"Unit 1 Assessment Plan; Framework AP Topics 1.1, 1.2; optional AP-topic source used for task-form/rigor reference",Tarsia-safe dual-use PS3 item: concise single-target prompt; short unique answer; no figure/table; no comma outside math in question.
U1-S1-PS3-L02,MATH,1,1.1,practice_set_3,ps3,L02,last,1,"Prior knowledge on functions, graph interpretation, and rates of change.","I can use function notation, interpret graphs and tables, and compute average rates of change.","AP Topics 1.1, 1.2",tarsia-pair,exact,,"Unit 1 Assessment Plan; Framework AP Topics 1.1, 1.2; optional AP-topic source used for task-form/rigor reference",Tarsia-safe dual-use PS3 item: concise single-target prompt; short unique answer; no figure/table; no comma outside math in question.
U1-S1-PS3-L03,MATH,1,1.1,practice_set_3,ps3,L03,last,1,"Prior knowledge on functions, graph interpretation, and rates of change.","I can use function notation, interpret graphs and tables, and compute average rates of change.","AP Topics 1.1, 1.2",tarsia-pair,exact,,"Unit 1 Assessment Plan; Framework AP Topics 1.1, 1.2; optional AP-topic source used for task-form/rigor reference",Tarsia-safe dual-use PS3 item: concise single-target prompt; short unique answer; no figure/table; no comma outside math in question.
U1-S1-PS3-L04,MATH,1,1.1,practice_set_3,ps3,L04,last,1,"Prior knowledge on functions, graph interpretation, and rates of change.","I can use function notation, interpret graphs and tables, and compute average rates of change.","AP Topics 1.1, 1.2",tarsia-pair,exact,,"Unit 1 Assessment Plan; Framework AP Topics 1.1, 1.2; optional AP-topic source used for task-form/rigor reference",Tarsia-safe dual-use PS3 item: concise single-target prompt; short unique answer; no figure/table; no comma outside math in question.
U1-S1-PS3-L05,MATH,1,1.1,practice_set_3,ps3,L05,last,2,"Prior knowledge on functions, graph interpretation, and rates of change.","I can use function notation, interpret graphs and tables, and compute average rates of change.","AP Topics 1.1, 1.2",tarsia-pair,exact,,"Unit 1 Assessment Plan; Framework AP Topics 1.1, 1.2; optional AP-topic source used for task-form/rigor reference",Tarsia-safe dual-use PS3 item: concise single-target prompt; short unique answer; no figure/table; no comma outside math in question.
U1-S1-PS3-M01,MATH,1,1.1,practice_set_3,ps3,M01,mastery,1,Retrieve durable prerequisite learning used throughout Unit 1.,"I can use prerequisite function, representation, algebra, and rate-of-change skills accurately.","AP Topics 1.1, 1.2",tarsia-pair,exact,,"Unit 1 Assessment Plan; Framework AP Topics 1.1, 1.2; optional AP-topic source used for task-form/rigor reference",Tarsia-safe dual-use PS3 item: concise single-target prompt; short unique answer; no figure/table; no comma outside math in question.
U1-S1-PS3-M02,MATH,1,1.1,practice_set_3,ps3,M02,mastery,1,Retrieve durable prerequisite learning used throughout Unit 1.,"I can use prerequisite function, representation, algebra, and rate-of-change skills accurately.","AP Topics 1.1, 1.2",tarsia-pair,exact,,"Unit 1 Assessment Plan; Framework AP Topics 1.1, 1.2; optional AP-topic source used for task-form/rigor reference",Tarsia-safe dual-use PS3 item: concise single-target prompt; short unique answer; no figure/table; no comma outside math in question.
U1-S1-PS3-M03,MATH,1,1.1,practice_set_3,ps3,M03,mastery,1,Retrieve durable prerequisite learning used throughout Unit 1.,"I can use prerequisite function, representation, algebra, and rate-of-change skills accurately.","AP Topics 1.1, 1.2",tarsia-pair,exact,,"Unit 1 Assessment Plan; Framework AP Topics 1.1, 1.2; optional AP-topic source used for task-form/rigor reference",Tarsia-safe dual-use PS3 item: concise single-target prompt; short unique answer; no figure/table; no comma outside math in question.
U1-S1-PS3-M04,MATH,1,1.1,practice_set_3,ps3,M04,mastery,1,Retrieve durable prerequisite learning used throughout Unit 1.,"I can use prerequisite function, representation, algebra, and rate-of-change skills accurately.","AP Topics 1.1, 1.2",tarsia-pair,exact,,"Unit 1 Assessment Plan; Framework AP Topics 1.1, 1.2; optional AP-topic source used for task-form/rigor reference",Tarsia-safe dual-use PS3 item: concise single-target prompt; short unique answer; no figure/table; no comma outside math in question.
U1-S1-PS3-M05,MATH,1,1.1,practice_set_3,ps3,M05,mastery,1,Retrieve durable prerequisite learning used throughout Unit 1.,"I can use prerequisite function, representation, algebra, and rate-of-change skills accurately.","AP Topics 1.1, 1.2",tarsia-pair,exact,,"Unit 1 Assessment Plan; Framework AP Topics 1.1, 1.2; optional AP-topic source used for task-form/rigor reference",Tarsia-safe dual-use PS3 item: concise single-target prompt; short unique answer; no figure/table; no comma outside math in question.
U1-S1-PS3-M06,MATH,1,1.1,practice_set_3,ps3,M06,mastery,2,Retrieve durable prerequisite learning used throughout Unit 1.,"I can use prerequisite function, representation, algebra, and rate-of-change skills accurately.","AP Topics 1.1, 1.2",tarsia-pair,exact,,"Unit 1 Assessment Plan; Framework AP Topics 1.1, 1.2; optional AP-topic source used for task-form/rigor reference",Tarsia-safe dual-use PS3 item: concise single-target prompt; short unique answer; no figure/table; no comma outside math in question.
U1-S1-PS3-M07,MATH,1,1.1,practice_set_3,ps3,M07,mastery,1,Retrieve durable prerequisite learning used throughout Unit 1.,"I can use prerequisite function, representation, algebra, and rate-of-change skills accurately.","AP Topics 1.1, 1.2",tarsia-pair,exact,,"Unit 1 Assessment Plan; Framework AP Topics 1.1, 1.2; optional AP-topic source used for task-form/rigor reference",Tarsia-safe dual-use PS3 item: concise single-target prompt; short unique answer; no figure/table; no comma outside math in question.
U1-S1-PS3-M08,MATH,1,1.1,practice_set_3,ps3,M08,mastery,1,Retrieve durable prerequisite learning used throughout Unit 1.,"I can use prerequisite function, representation, algebra, and rate-of-change skills accurately.","AP Topics 1.1, 1.2",tarsia-pair,exact,,"Unit 1 Assessment Plan; Framework AP Topics 1.1, 1.2; optional AP-topic source used for task-form/rigor reference",Tarsia-safe dual-use PS3 item: concise single-target prompt; short unique answer; no figure/table; no comma outside math in question.
U1-S1-PS3-M09,MATH,1,1.1,practice_set_3,ps3,M09,mastery,1,Retrieve durable prerequisite learning used throughout Unit 1.,"I can use prerequisite function, representation, algebra, and rate-of-change skills accurately.","AP Topics 1.1, 1.2",tarsia-pair,exact,,"Unit 1 Assessment Plan; Framework AP Topics 1.1, 1.2; optional AP-topic source used for task-form/rigor reference",Tarsia-safe dual-use PS3 item: concise single-target prompt; short unique answer; no figure/table; no comma outside math in question.
U1-S1-PS3-M10,MATH,1,1.1,practice_set_3,ps3,M10,mastery,2,Retrieve durable prerequisite learning used throughout Unit 1.,"I can use prerequisite function, representation, algebra, and rate-of-change skills accurately.","AP Topics 1.1, 1.2",tarsia-pair,exact,,"Unit 1 Assessment Plan; Framework AP Topics 1.1, 1.2; optional AP-topic source used for task-form/rigor reference",Tarsia-safe dual-use PS3 item: concise single-target prompt; short unique answer; no figure/table; no comma outside math in question.
U1-S1-XP-C01,MATH,1,1.1,extra_practice,xp,C01,current,1,Relate average versus instantaneous change to the idea of a limit and read and interpret limit notation.,I can relate average versus instantaneous change to the idea of a limit and read and interpret limit notation.,"AP Topics 1.1, 1.2",short-response,exact,,"Unit 1 Assessment Plan; Framework AP Topics 1.1, 1.2; optional AP-topic source used for task-form/rigor reference",
U1-S1-XP-C02,MATH,1,1.1,extra_practice,xp,C02,current,2,Relate average versus instantaneous change to the idea of a limit and read and interpret limit notation.,I can relate average versus instantaneous change to the idea of a limit and read and interpret limit notation.,"AP Topics 1.1, 1.2",short-response,exact,,"Unit 1 Assessment Plan; Framework AP Topics 1.1, 1.2; optional AP-topic source used for task-form/rigor reference",
U1-S1-XP-C03,MATH,1,1.1,extra_practice,xp,C03,current,1,Relate average versus instantaneous change to the idea of a limit and read and interpret limit notation.,I can relate average versus instantaneous change to the idea of a limit and read and interpret limit notation.,"AP Topics 1.1, 1.2",short-response,exact,,"Unit 1 Assessment Plan; Framework AP Topics 1.1, 1.2; optional AP-topic source used for task-form/rigor reference",
U1-S1-XP-C04,MATH,1,1.1,extra_practice,xp,C04,current,1,Relate average versus instantaneous change to the idea of a limit and read and interpret limit notation.,I can relate average versus instantaneous change to the idea of a limit and read and interpret limit notation.,"AP Topics 1.1, 1.2",short-response,exact,,"Unit 1 Assessment Plan; Framework AP Topics 1.1, 1.2; optional AP-topic source used for task-form/rigor reference",
U1-S1-XP-C05,MATH,1,1.1,extra_practice,xp,C05,current,2,Relate average versus instantaneous change to the idea of a limit and read and interpret limit notation.,I can relate average versus instantaneous change to the idea of a limit and read and interpret limit notation.,"AP Topics 1.1, 1.2",short-response,exact,,"Unit 1 Assessment Plan; Framework AP Topics 1.1, 1.2; optional AP-topic source used for task-form/rigor reference",
U1-S1-XP-L01,MATH,1,1.1,extra_practice,xp,L01,last,2,"Prior knowledge on functions, graph interpretation, and rates of change.","I can use function notation, interpret graphs and tables, and compute average rates of change.","AP Topics 1.1, 1.2",short-response,exact,,"Unit 1 Assessment Plan; Framework AP Topics 1.1, 1.2; optional AP-topic source used for task-form/rigor reference",
U1-S1-XP-L02,MATH,1,1.1,extra_practice,xp,L02,last,2,"Prior knowledge on functions, graph interpretation, and rates of change.","I can use function notation, interpret graphs and tables, and compute average rates of change.","AP Topics 1.1, 1.2",short-response,exact,,"Unit 1 Assessment Plan; Framework AP Topics 1.1, 1.2; optional AP-topic source used for task-form/rigor reference",
U1-S1-XP-L03,MATH,1,1.1,extra_practice,xp,L03,last,2,"Prior knowledge on functions, graph interpretation, and rates of change.","I can use function notation, interpret graphs and tables, and compute average rates of change.","AP Topics 1.1, 1.2",short-response,exact,,"Unit 1 Assessment Plan; Framework AP Topics 1.1, 1.2; optional AP-topic source used for task-form/rigor reference",
U1-S1-XP-L04,MATH,1,1.1,extra_practice,xp,L04,last,1,"Prior knowledge on functions, graph interpretation, and rates of change.","I can use function notation, interpret graphs and tables, and compute average rates of change.","AP Topics 1.1, 1.2",short-response,exact,,"Unit 1 Assessment Plan; Framework AP Topics 1.1, 1.2; optional AP-topic source used for task-form/rigor reference",
U1-S1-XP-L05,MATH,1,1.1,extra_practice,xp,L05,last,1,"Prior knowledge on functions, graph interpretation, and rates of change.","I can use function notation, interpret graphs and tables, and compute average rates of change.","AP Topics 1.1, 1.2",short-response,exact,,"Unit 1 Assessment Plan; Framework AP Topics 1.1, 1.2; optional AP-topic source used for task-form/rigor reference",
U1-S1-XP-M01,MATH,1,1.1,extra_practice,xp,M01,mastery,2,Retrieve durable prerequisite learning used throughout Unit 1.,"I can use prerequisite function, representation, algebra, and rate-of-change skills accurately.","AP Topics 1.1, 1.2",short-response,exact,,"Unit 1 Assessment Plan; Framework AP Topics 1.1, 1.2; optional AP-topic source used for task-form/rigor reference",
U1-S1-XP-M02,MATH,1,1.1,extra_practice,xp,M02,mastery,1,Retrieve durable prerequisite learning used throughout Unit 1.,"I can use prerequisite function, representation, algebra, and rate-of-change skills accurately.","AP Topics 1.1, 1.2",short-response,exact,,"Unit 1 Assessment Plan; Framework AP Topics 1.1, 1.2; optional AP-topic source used for task-form/rigor reference",
U1-S1-XP-M03,MATH,1,1.1,extra_practice,xp,M03,mastery,1,Retrieve durable prerequisite learning used throughout Unit 1.,"I can use prerequisite function, representation, algebra, and rate-of-change skills accurately.","AP Topics 1.1, 1.2",short-response,exact,,"Unit 1 Assessment Plan; Framework AP Topics 1.1, 1.2; optional AP-topic source used for task-form/rigor reference",
U1-S1-XP-M04,MATH,1,1.1,extra_practice,xp,M04,mastery,1,Retrieve durable prerequisite learning used throughout Unit 1.,"I can use prerequisite function, representation, algebra, and rate-of-change skills accurately.","AP Topics 1.1, 1.2",short-response,exact,,"Unit 1 Assessment Plan; Framework AP Topics 1.1, 1.2; optional AP-topic source used for task-form/rigor reference",
U1-S1-XP-M05,MATH,1,1.1,extra_practice,xp,M05,mastery,1,Retrieve durable prerequisite learning used throughout Unit 1.,"I can use prerequisite function, representation, algebra, and rate-of-change skills accurately.","AP Topics 1.1, 1.2",short-response,exact,,"Unit 1 Assessment Plan; Framework AP Topics 1.1, 1.2; optional AP-topic source used for task-form/rigor reference",
U1-S1-XP-M06,MATH,1,1.1,extra_practice,xp,M06,mastery,1,Retrieve durable prerequisite learning used throughout Unit 1.,"I can use prerequisite function, representation, algebra, and rate-of-change skills accurately.","AP Topics 1.1, 1.2",short-response,exact,,"Unit 1 Assessment Plan; Framework AP Topics 1.1, 1.2; optional AP-topic source used for task-form/rigor reference",
U1-S1-XP-M07,MATH,1,1.1,extra_practice,xp,M07,mastery,1,Retrieve durable prerequisite learning used throughout Unit 1.,"I can use prerequisite function, representation, algebra, and rate-of-change skills accurately.","AP Topics 1.1, 1.2",short-response,exact,,"Unit 1 Assessment Plan; Framework AP Topics 1.1, 1.2; optional AP-topic source used for task-form/rigor reference",
U1-S1-XP-M08,MATH,1,1.1,extra_practice,xp,M08,mastery,2,Retrieve durable prerequisite learning used throughout Unit 1.,"I can use prerequisite function, representation, algebra, and rate-of-change skills accurately.","AP Topics 1.1, 1.2",short-response,exact,,"Unit 1 Assessment Plan; Framework AP Topics 1.1, 1.2; optional AP-topic source used for task-form/rigor reference",
U1-S1-XP-M09,MATH,1,1.1,extra_practice,xp,M09,mastery,1,Retrieve durable prerequisite learning used throughout Unit 1.,"I can use prerequisite function, representation, algebra, and rate-of-change skills accurately.","AP Topics 1.1, 1.2",short-response,exact,,"Unit 1 Assessment Plan; Framework AP Topics 1.1, 1.2; optional AP-topic source used for task-form/rigor reference",
U1-S1-XP-M10,MATH,1,1.1,extra_practice,xp,M10,mastery,1,Retrieve durable prerequisite learning used throughout Unit 1.,"I can use prerequisite function, representation, algebra, and rate-of-change skills accurately.","AP Topics 1.1, 1.2",short-response,exact,,"Unit 1 Assessment Plan; Framework AP Topics 1.1, 1.2; optional AP-topic source used for task-form/rigor reference",
U1-S2-PS1-C01,MATH,1,1.2,practice_set_1,ps1,C01,current,2,"Determine one-sided and two-sided limits from graphs and tables, including when a limit does not exist.","I can determine one-sided and two-sided limits from graphs and tables, including when a limit does not exist.","AP Topics 1.3, 1.4, 1.9",short-response,exact,u1_s2_ps1_c01_graph.png,"Unit 1 Assessment Plan; Framework AP Topics 1.3, 1.4, 1.9; optional AP-topic source used for task-form/rigor reference",
U1-S2-PS1-C02,MATH,1,1.2,practice_set_1,ps1,C02,current,1,"Determine one-sided and two-sided limits from graphs and tables, including when a limit does not exist.","I can determine one-sided and two-sided limits from graphs and tables, including when a limit does not exist.","AP Topics 1.3, 1.4, 1.9",short-response,exact,,"Unit 1 Assessment Plan; Framework AP Topics 1.3, 1.4, 1.9; optional AP-topic source used for task-form/rigor reference",
U1-S2-PS1-C03,MATH,1,1.2,practice_set_1,ps1,C03,current,2,"Determine one-sided and two-sided limits from graphs and tables, including when a limit does not exist.","I can determine one-sided and two-sided limits from graphs and tables, including when a limit does not exist.","AP Topics 1.3, 1.4, 1.9",short-response,exact,,"Unit 1 Assessment Plan; Framework AP Topics 1.3, 1.4, 1.9; optional AP-topic source used for task-form/rigor reference",
U1-S2-PS1-C04,MATH,1,1.2,practice_set_1,ps1,C04,current,1,"Determine one-sided and two-sided limits from graphs and tables, including when a limit does not exist.","I can determine one-sided and two-sided limits from graphs and tables, including when a limit does not exist.","AP Topics 1.3, 1.4, 1.9",short-response,exact,,"Unit 1 Assessment Plan; Framework AP Topics 1.3, 1.4, 1.9; optional AP-topic source used for task-form/rigor reference",
U1-S2-PS1-C05,MATH,1,1.2,practice_set_1,ps1,C05,current,1,"Determine one-sided and two-sided limits from graphs and tables, including when a limit does not exist.","I can determine one-sided and two-sided limits from graphs and tables, including when a limit does not exist.","AP Topics 1.3, 1.4, 1.9",short-response,exact,,"Unit 1 Assessment Plan; Framework AP Topics 1.3, 1.4, 1.9; optional AP-topic source used for task-form/rigor reference",
U1-S2-PS1-L01,MATH,1,1.2,practice_set_1,ps1,L01,last,1,Relate average versus instantaneous change to the idea of a limit and read and interpret limit notation.,I can estimate limits and interpret limit notation.,"AP Topics 1.3, 1.4, 1.9",short-response,exact,,"Unit 1 Assessment Plan; Framework AP Topics 1.3, 1.4, 1.9; optional AP-topic source used for task-form/rigor reference",
U1-S2-PS1-L02,MATH,1,1.2,practice_set_1,ps1,L02,last,2,Relate average versus instantaneous change to the idea of a limit and read and interpret limit notation.,I can estimate limits and interpret limit notation.,"AP Topics 1.3, 1.4, 1.9",short-response,exact,,"Unit 1 Assessment Plan; Framework AP Topics 1.3, 1.4, 1.9; optional AP-topic source used for task-form/rigor reference",
U1-S2-PS1-L03,MATH,1,1.2,practice_set_1,ps1,L03,last,1,Relate average versus instantaneous change to the idea of a limit and read and interpret limit notation.,I can estimate limits and interpret limit notation.,"AP Topics 1.3, 1.4, 1.9",short-response,exact,,"Unit 1 Assessment Plan; Framework AP Topics 1.3, 1.4, 1.9; optional AP-topic source used for task-form/rigor reference",
U1-S2-PS1-L04,MATH,1,1.2,practice_set_1,ps1,L04,last,1,Relate average versus instantaneous change to the idea of a limit and read and interpret limit notation.,I can estimate limits and interpret limit notation.,"AP Topics 1.3, 1.4, 1.9",short-response,exact,,"Unit 1 Assessment Plan; Framework AP Topics 1.3, 1.4, 1.9; optional AP-topic source used for task-form/rigor reference",
U1-S2-PS1-L05,MATH,1,1.2,practice_set_1,ps1,L05,last,2,Relate average versus instantaneous change to the idea of a limit and read and interpret limit notation.,I can estimate limits and interpret limit notation.,"AP Topics 1.3, 1.4, 1.9",short-response,exact,,"Unit 1 Assessment Plan; Framework AP Topics 1.3, 1.4, 1.9; optional AP-topic source used for task-form/rigor reference",
U1-S2-PS1-M01,MATH,1,1.2,practice_set_1,ps1,M01,mastery,1,Retrieve durable prerequisite learning used throughout Unit 1.,"I can use prerequisite function, representation, algebra, and rate-of-change skills accurately.","AP Topics 1.3, 1.4, 1.9",short-response,exact,,"Unit 1 Assessment Plan; Framework AP Topics 1.3, 1.4, 1.9; optional AP-topic source used for task-form/rigor reference",
U1-S2-PS1-M02,MATH,1,1.2,practice_set_1,ps1,M02,mastery,1,Retrieve durable prerequisite learning used throughout Unit 1.,"I can use prerequisite function, representation, algebra, and rate-of-change skills accurately.","AP Topics 1.3, 1.4, 1.9",short-response,exact,,"Unit 1 Assessment Plan; Framework AP Topics 1.3, 1.4, 1.9; optional AP-topic source used for task-form/rigor reference",
U1-S2-PS1-M03,MATH,1,1.2,practice_set_1,ps1,M03,mastery,1,Retrieve durable prerequisite learning used throughout Unit 1.,"I can use prerequisite function, representation, algebra, and rate-of-change skills accurately.","AP Topics 1.3, 1.4, 1.9",short-response,exact,,"Unit 1 Assessment Plan; Framework AP Topics 1.3, 1.4, 1.9; optional AP-topic source used for task-form/rigor reference",
U1-S2-PS1-M04,MATH,1,1.2,practice_set_1,ps1,M04,mastery,1,Retrieve durable prerequisite learning used throughout Unit 1.,"I can use prerequisite function, representation, algebra, and rate-of-change skills accurately.","AP Topics 1.3, 1.4, 1.9",short-response,exact,,"Unit 1 Assessment Plan; Framework AP Topics 1.3, 1.4, 1.9; optional AP-topic source used for task-form/rigor reference",
U1-S2-PS1-M05,MATH,1,1.2,practice_set_1,ps1,M05,mastery,1,Retrieve durable prerequisite learning used throughout Unit 1.,"I can use prerequisite function, representation, algebra, and rate-of-change skills accurately.","AP Topics 1.3, 1.4, 1.9",short-response,exact,,"Unit 1 Assessment Plan; Framework AP Topics 1.3, 1.4, 1.9; optional AP-topic source used for task-form/rigor reference",
U1-S2-PS1-M06,MATH,1,1.2,practice_set_1,ps1,M06,mastery,2,Retrieve durable prerequisite learning used throughout Unit 1.,"I can use prerequisite function, representation, algebra, and rate-of-change skills accurately.","AP Topics 1.3, 1.4, 1.9",short-response,exact,,"Unit 1 Assessment Plan; Framework AP Topics 1.3, 1.4, 1.9; optional AP-topic source used for task-form/rigor reference",
U1-S2-PS1-M07,MATH,1,1.2,practice_set_1,ps1,M07,mastery,1,Retrieve durable prerequisite learning used throughout Unit 1.,"I can use prerequisite function, representation, algebra, and rate-of-change skills accurately.","AP Topics 1.3, 1.4, 1.9",short-response,exact,,"Unit 1 Assessment Plan; Framework AP Topics 1.3, 1.4, 1.9; optional AP-topic source used for task-form/rigor reference",
U1-S2-PS1-M08,MATH,1,1.2,practice_set_1,ps1,M08,mastery,1,Retrieve durable prerequisite learning used throughout Unit 1.,"I can use prerequisite function, representation, algebra, and rate-of-change skills accurately.","AP Topics 1.3, 1.4, 1.9",short-response,exact,,"Unit 1 Assessment Plan; Framework AP Topics 1.3, 1.4, 1.9; optional AP-topic source used for task-form/rigor reference",
U1-S2-PS1-M09,MATH,1,1.2,practice_set_1,ps1,M09,mastery,2,Retrieve durable prerequisite learning used throughout Unit 1.,"I can use prerequisite function, representation, algebra, and rate-of-change skills accurately.","AP Topics 1.3, 1.4, 1.9",short-response,exact,,"Unit 1 Assessment Plan; Framework AP Topics 1.3, 1.4, 1.9; optional AP-topic source used for task-form/rigor reference",
U1-S2-PS1-M10,MATH,1,1.2,practice_set_1,ps1,M10,mastery,2,Retrieve durable prerequisite learning used throughout Unit 1.,"I can use prerequisite function, representation, algebra, and rate-of-change skills accurately.","AP Topics 1.3, 1.4, 1.9",short-response,exact,,"Unit 1 Assessment Plan; Framework AP Topics 1.3, 1.4, 1.9; optional AP-topic source used for task-form/rigor reference",
U1-S2-PS2-C01,MATH,1,1.2,practice_set_2,ps2,C01,current,2,"Determine one-sided and two-sided limits from graphs and tables, including when a limit does not exist.","I can determine one-sided and two-sided limits from graphs and tables, including when a limit does not exist.","AP Topics 1.3, 1.4, 1.9",short-response,exact,u1_s2_ps2_c01_graph.png,"Unit 1 Assessment Plan; Framework AP Topics 1.3, 1.4, 1.9; optional AP-topic source used for task-form/rigor reference",
U1-S2-PS2-C02,MATH,1,1.2,practice_set_2,ps2,C02,current,2,"Determine one-sided and two-sided limits from graphs and tables, including when a limit does not exist.","I can determine one-sided and two-sided limits from graphs and tables, including when a limit does not exist.","AP Topics 1.3, 1.4, 1.9",short-response,exact,,"Unit 1 Assessment Plan; Framework AP Topics 1.3, 1.4, 1.9; optional AP-topic source used for task-form/rigor reference",
U1-S2-PS2-C03,MATH,1,1.2,practice_set_2,ps2,C03,current,1,"Determine one-sided and two-sided limits from graphs and tables, including when a limit does not exist.","I can determine one-sided and two-sided limits from graphs and tables, including when a limit does not exist.","AP Topics 1.3, 1.4, 1.9",short-response,exact,,"Unit 1 Assessment Plan; Framework AP Topics 1.3, 1.4, 1.9; optional AP-topic source used for task-form/rigor reference",
U1-S2-PS2-C04,MATH,1,1.2,practice_set_2,ps2,C04,current,1,"Determine one-sided and two-sided limits from graphs and tables, including when a limit does not exist.","I can determine one-sided and two-sided limits from graphs and tables, including when a limit does not exist.","AP Topics 1.3, 1.4, 1.9",short-response,exact,,"Unit 1 Assessment Plan; Framework AP Topics 1.3, 1.4, 1.9; optional AP-topic source used for task-form/rigor reference",
U1-S2-PS2-C05,MATH,1,1.2,practice_set_2,ps2,C05,current,2,"Determine one-sided and two-sided limits from graphs and tables, including when a limit does not exist.","I can determine one-sided and two-sided limits from graphs and tables, including when a limit does not exist.","AP Topics 1.3, 1.4, 1.9",short-response,exact,,"Unit 1 Assessment Plan; Framework AP Topics 1.3, 1.4, 1.9; optional AP-topic source used for task-form/rigor reference",
U1-S2-PS2-L01,MATH,1,1.2,practice_set_2,ps2,L01,last,1,Relate average versus instantaneous change to the idea of a limit and read and interpret limit notation.,I can estimate limits and interpret limit notation.,"AP Topics 1.3, 1.4, 1.9",short-response,exact,,"Unit 1 Assessment Plan; Framework AP Topics 1.3, 1.4, 1.9; optional AP-topic source used for task-form/rigor reference",
U1-S2-PS2-L02,MATH,1,1.2,practice_set_2,ps2,L02,last,2,Relate average versus instantaneous change to the idea of a limit and read and interpret limit notation.,I can estimate limits and interpret limit notation.,"AP Topics 1.3, 1.4, 1.9",short-response,exact,,"Unit 1 Assessment Plan; Framework AP Topics 1.3, 1.4, 1.9; optional AP-topic source used for task-form/rigor reference",
U1-S2-PS2-L03,MATH,1,1.2,practice_set_2,ps2,L03,last,1,Relate average versus instantaneous change to the idea of a limit and read and interpret limit notation.,I can estimate limits and interpret limit notation.,"AP Topics 1.3, 1.4, 1.9",short-response,exact,,"Unit 1 Assessment Plan; Framework AP Topics 1.3, 1.4, 1.9; optional AP-topic source used for task-form/rigor reference",
U1-S2-PS2-L04,MATH,1,1.2,practice_set_2,ps2,L04,last,1,Relate average versus instantaneous change to the idea of a limit and read and interpret limit notation.,I can estimate limits and interpret limit notation.,"AP Topics 1.3, 1.4, 1.9",short-response,exact,,"Unit 1 Assessment Plan; Framework AP Topics 1.3, 1.4, 1.9; optional AP-topic source used for task-form/rigor reference",
U1-S2-PS2-L05,MATH,1,1.2,practice_set_2,ps2,L05,last,2,Relate average versus instantaneous change to the idea of a limit and read and interpret limit notation.,I can estimate limits and interpret limit notation.,"AP Topics 1.3, 1.4, 1.9",short-response,exact,,"Unit 1 Assessment Plan; Framework AP Topics 1.3, 1.4, 1.9; optional AP-topic source used for task-form/rigor reference",
U1-S2-PS2-M01,MATH,1,1.2,practice_set_2,ps2,M01,mastery,2,Retrieve durable prerequisite learning used throughout Unit 1.,"I can use prerequisite function, representation, algebra, and rate-of-change skills accurately.","AP Topics 1.3, 1.4, 1.9",short-response,exact,,"Unit 1 Assessment Plan; Framework AP Topics 1.3, 1.4, 1.9; optional AP-topic source used for task-form/rigor reference",
U1-S2-PS2-M02,MATH,1,1.2,practice_set_2,ps2,M02,mastery,2,Retrieve durable prerequisite learning used throughout Unit 1.,"I can use prerequisite function, representation, algebra, and rate-of-change skills accurately.","AP Topics 1.3, 1.4, 1.9",short-response,exact,,"Unit 1 Assessment Plan; Framework AP Topics 1.3, 1.4, 1.9; optional AP-topic source used for task-form/rigor reference",
U1-S2-PS2-M03,MATH,1,1.2,practice_set_2,ps2,M03,mastery,2,Retrieve durable prerequisite learning used throughout Unit 1.,"I can use prerequisite function, representation, algebra, and rate-of-change skills accurately.","AP Topics 1.3, 1.4, 1.9",short-response,exact,,"Unit 1 Assessment Plan; Framework AP Topics 1.3, 1.4, 1.9; optional AP-topic source used for task-form/rigor reference",
U1-S2-PS2-M04,MATH,1,1.2,practice_set_2,ps2,M04,mastery,2,Retrieve durable prerequisite learning used throughout Unit 1.,"I can use prerequisite function, representation, algebra, and rate-of-change skills accurately.","AP Topics 1.3, 1.4, 1.9",short-response,exact,,"Unit 1 Assessment Plan; Framework AP Topics 1.3, 1.4, 1.9; optional AP-topic source used for task-form/rigor reference",
U1-S2-PS2-M05,MATH,1,1.2,practice_set_2,ps2,M05,mastery,1,Retrieve durable prerequisite learning used throughout Unit 1.,"I can use prerequisite function, representation, algebra, and rate-of-change skills accurately.","AP Topics 1.3, 1.4, 1.9",short-response,exact,,"Unit 1 Assessment Plan; Framework AP Topics 1.3, 1.4, 1.9; optional AP-topic source used for task-form/rigor reference",
U1-S2-PS2-M06,MATH,1,1.2,practice_set_2,ps2,M06,mastery,2,Retrieve durable prerequisite learning used throughout Unit 1.,"I can use prerequisite function, representation, algebra, and rate-of-change skills accurately.","AP Topics 1.3, 1.4, 1.9",short-response,exact,,"Unit 1 Assessment Plan; Framework AP Topics 1.3, 1.4, 1.9; optional AP-topic source used for task-form/rigor reference",
U1-S2-PS2-M07,MATH,1,1.2,practice_set_2,ps2,M07,mastery,1,Retrieve durable prerequisite learning used throughout Unit 1.,"I can use prerequisite function, representation, algebra, and rate-of-change skills accurately.","AP Topics 1.3, 1.4, 1.9",short-response,exact,,"Unit 1 Assessment Plan; Framework AP Topics 1.3, 1.4, 1.9; optional AP-topic source used for task-form/rigor reference",
U1-S2-PS2-M08,MATH,1,1.2,practice_set_2,ps2,M08,mastery,2,Retrieve durable prerequisite learning used throughout Unit 1.,"I can use prerequisite function, representation, algebra, and rate-of-change skills accurately.","AP Topics 1.3, 1.4, 1.9",short-response,exact,,"Unit 1 Assessment Plan; Framework AP Topics 1.3, 1.4, 1.9; optional AP-topic source used for task-form/rigor reference",
U1-S2-PS2-M09,MATH,1,1.2,practice_set_2,ps2,M09,mastery,2,Retrieve durable prerequisite learning used throughout Unit 1.,"I can use prerequisite function, representation, algebra, and rate-of-change skills accurately.","AP Topics 1.3, 1.4, 1.9",short-response,exact,,"Unit 1 Assessment Plan; Framework AP Topics 1.3, 1.4, 1.9; optional AP-topic source used for task-form/rigor reference",
U1-S2-PS2-M10,MATH,1,1.2,practice_set_2,ps2,M10,mastery,1,Retrieve durable prerequisite learning used throughout Unit 1.,"I can use prerequisite function, representation, algebra, and rate-of-change skills accurately.","AP Topics 1.3, 1.4, 1.9",short-response,exact,,"Unit 1 Assessment Plan; Framework AP Topics 1.3, 1.4, 1.9; optional AP-topic source used for task-form/rigor reference",
U1-S2-PS3-C01,MATH,1,1.2,practice_set_3,ps3,C01,current,3,"Determine one-sided and two-sided limits from graphs and tables, including when a limit does not exist.","I can determine one-sided and two-sided limits from graphs and tables, including when a limit does not exist.","AP Topics 1.3, 1.4, 1.9",tarsia-pair,exact,,"Unit 1 Assessment Plan; Framework AP Topics 1.3, 1.4, 1.9; optional AP-topic source used for task-form/rigor reference",Tarsia-safe dual-use PS3 item: concise single-target prompt; short unique answer; no figure/table; no comma outside math in question.
U1-S2-PS3-C02,MATH,1,1.2,practice_set_3,ps3,C02,current,1,"Determine one-sided and two-sided limits from graphs and tables, including when a limit does not exist.","I can determine one-sided and two-sided limits from graphs and tables, including when a limit does not exist.","AP Topics 1.3, 1.4, 1.9",tarsia-pair,exact,,"Unit 1 Assessment Plan; Framework AP Topics 1.3, 1.4, 1.9; optional AP-topic source used for task-form/rigor reference",Tarsia-safe dual-use PS3 item: concise single-target prompt; short unique answer; no figure/table; no comma outside math in question.
U1-S2-PS3-C03,MATH,1,1.2,practice_set_3,ps3,C03,current,1,"Determine one-sided and two-sided limits from graphs and tables, including when a limit does not exist.","I can determine one-sided and two-sided limits from graphs and tables, including when a limit does not exist.","AP Topics 1.3, 1.4, 1.9",tarsia-pair,exact,,"Unit 1 Assessment Plan; Framework AP Topics 1.3, 1.4, 1.9; optional AP-topic source used for task-form/rigor reference",Tarsia-safe dual-use PS3 item: concise single-target prompt; short unique answer; no figure/table; no comma outside math in question.
U1-S2-PS3-C04,MATH,1,1.2,practice_set_3,ps3,C04,current,3,"Determine one-sided and two-sided limits from graphs and tables, including when a limit does not exist.","I can determine one-sided and two-sided limits from graphs and tables, including when a limit does not exist.","AP Topics 1.3, 1.4, 1.9",tarsia-pair,exact,,"Unit 1 Assessment Plan; Framework AP Topics 1.3, 1.4, 1.9; optional AP-topic source used for task-form/rigor reference",Tarsia-safe dual-use PS3 item: concise single-target prompt; short unique answer; no figure/table; no comma outside math in question.
U1-S2-PS3-C05,MATH,1,1.2,practice_set_3,ps3,C05,current,1,"Determine one-sided and two-sided limits from graphs and tables, including when a limit does not exist.","I can determine one-sided and two-sided limits from graphs and tables, including when a limit does not exist.","AP Topics 1.3, 1.4, 1.9",tarsia-pair,exact,,"Unit 1 Assessment Plan; Framework AP Topics 1.3, 1.4, 1.9; optional AP-topic source used for task-form/rigor reference",Tarsia-safe dual-use PS3 item: concise single-target prompt; short unique answer; no figure/table; no comma outside math in question.
U1-S2-PS3-L01,MATH,1,1.2,practice_set_3,ps3,L01,last,2,Relate average versus instantaneous change to the idea of a limit and read and interpret limit notation.,I can estimate limits and interpret limit notation.,"AP Topics 1.3, 1.4, 1.9",tarsia-pair,exact,,"Unit 1 Assessment Plan; Framework AP Topics 1.3, 1.4, 1.9; optional AP-topic source used for task-form/rigor reference",Tarsia-safe dual-use PS3 item: concise single-target prompt; short unique answer; no figure/table; no comma outside math in question.
U1-S2-PS3-L02,MATH,1,1.2,practice_set_3,ps3,L02,last,1,Relate average versus instantaneous change to the idea of a limit and read and interpret limit notation.,I can estimate limits and interpret limit notation.,"AP Topics 1.3, 1.4, 1.9",tarsia-pair,exact,,"Unit 1 Assessment Plan; Framework AP Topics 1.3, 1.4, 1.9; optional AP-topic source used for task-form/rigor reference",Tarsia-safe dual-use PS3 item: concise single-target prompt; short unique answer; no figure/table; no comma outside math in question.
U1-S2-PS3-L03,MATH,1,1.2,practice_set_3,ps3,L03,last,1,Relate average versus instantaneous change to the idea of a limit and read and interpret limit notation.,I can estimate limits and interpret limit notation.,"AP Topics 1.3, 1.4, 1.9",tarsia-pair,exact,,"Unit 1 Assessment Plan; Framework AP Topics 1.3, 1.4, 1.9; optional AP-topic source used for task-form/rigor reference",Tarsia-safe dual-use PS3 item: concise single-target prompt; short unique answer; no figure/table; no comma outside math in question.
U1-S2-PS3-L04,MATH,1,1.2,practice_set_3,ps3,L04,last,2,Relate average versus instantaneous change to the idea of a limit and read and interpret limit notation.,I can estimate limits and interpret limit notation.,"AP Topics 1.3, 1.4, 1.9",tarsia-pair,exact,,"Unit 1 Assessment Plan; Framework AP Topics 1.3, 1.4, 1.9; optional AP-topic source used for task-form/rigor reference",Tarsia-safe dual-use PS3 item: concise single-target prompt; short unique answer; no figure/table; no comma outside math in question.
U1-S2-PS3-L05,MATH,1,1.2,practice_set_3,ps3,L05,last,1,Relate average versus instantaneous change to the idea of a limit and read and interpret limit notation.,I can estimate limits and interpret limit notation.,"AP Topics 1.3, 1.4, 1.9",tarsia-pair,exact,,"Unit 1 Assessment Plan; Framework AP Topics 1.3, 1.4, 1.9; optional AP-topic source used for task-form/rigor reference",Tarsia-safe dual-use PS3 item: concise single-target prompt; short unique answer; no figure/table; no comma outside math in question.
U1-S2-PS3-M01,MATH,1,1.2,practice_set_3,ps3,M01,mastery,1,Retrieve durable prerequisite learning used throughout Unit 1.,"I can use prerequisite function, representation, algebra, and rate-of-change skills accurately.","AP Topics 1.3, 1.4, 1.9",tarsia-pair,exact,,"Unit 1 Assessment Plan; Framework AP Topics 1.3, 1.4, 1.9; optional AP-topic source used for task-form/rigor reference",Tarsia-safe dual-use PS3 item: concise single-target prompt; short unique answer; no figure/table; no comma outside math in question.
U1-S2-PS3-M02,MATH,1,1.2,practice_set_3,ps3,M02,mastery,1,Retrieve durable prerequisite learning used throughout Unit 1.,"I can use prerequisite function, representation, algebra, and rate-of-change skills accurately.","AP Topics 1.3, 1.4, 1.9",tarsia-pair,exact,,"Unit 1 Assessment Plan; Framework AP Topics 1.3, 1.4, 1.9; optional AP-topic source used for task-form/rigor reference",Tarsia-safe dual-use PS3 item: concise single-target prompt; short unique answer; no figure/table; no comma outside math in question.
U1-S2-PS3-M03,MATH,1,1.2,practice_set_3,ps3,M03,mastery,1,Retrieve durable prerequisite learning used throughout Unit 1.,"I can use prerequisite function, representation, algebra, and rate-of-change skills accurately.","AP Topics 1.3, 1.4, 1.9",tarsia-pair,exact,,"Unit 1 Assessment Plan; Framework AP Topics 1.3, 1.4, 1.9; optional AP-topic source used for task-form/rigor reference",Tarsia-safe dual-use PS3 item: concise single-target prompt; short unique answer; no figure/table; no comma outside math in question.
U1-S2-PS3-M04,MATH,1,1.2,practice_set_3,ps3,M04,mastery,2,Retrieve durable prerequisite learning used throughout Unit 1.,"I can use prerequisite function, representation, algebra, and rate-of-change skills accurately.","AP Topics 1.3, 1.4, 1.9",tarsia-pair,exact,,"Unit 1 Assessment Plan; Framework AP Topics 1.3, 1.4, 1.9; optional AP-topic source used for task-form/rigor reference",Tarsia-safe dual-use PS3 item: concise single-target prompt; short unique answer; no figure/table; no comma outside math in question.
U1-S2-PS3-M05,MATH,1,1.2,practice_set_3,ps3,M05,mastery,1,Retrieve durable prerequisite learning used throughout Unit 1.,"I can use prerequisite function, representation, algebra, and rate-of-change skills accurately.","AP Topics 1.3, 1.4, 1.9",tarsia-pair,exact,,"Unit 1 Assessment Plan; Framework AP Topics 1.3, 1.4, 1.9; optional AP-topic source used for task-form/rigor reference",Tarsia-safe dual-use PS3 item: concise single-target prompt; short unique answer; no figure/table; no comma outside math in question.
U1-S2-PS3-M06,MATH,1,1.2,practice_set_3,ps3,M06,mastery,1,Retrieve durable prerequisite learning used throughout Unit 1.,"I can use prerequisite function, representation, algebra, and rate-of-change skills accurately.","AP Topics 1.3, 1.4, 1.9",tarsia-pair,exact,,"Unit 1 Assessment Plan; Framework AP Topics 1.3, 1.4, 1.9; optional AP-topic source used for task-form/rigor reference",Tarsia-safe dual-use PS3 item: concise single-target prompt; short unique answer; no figure/table; no comma outside math in question.
U1-S2-PS3-M07,MATH,1,1.2,practice_set_3,ps3,M07,mastery,1,Retrieve durable prerequisite learning used throughout Unit 1.,"I can use prerequisite function, representation, algebra, and rate-of-change skills accurately.","AP Topics 1.3, 1.4, 1.9",tarsia-pair,exact,,"Unit 1 Assessment Plan; Framework AP Topics 1.3, 1.4, 1.9; optional AP-topic source used for task-form/rigor reference",Tarsia-safe dual-use PS3 item: concise single-target prompt; short unique answer; no figure/table; no comma outside math in question.
U1-S2-PS3-M08,MATH,1,1.2,practice_set_3,ps3,M08,mastery,1,Retrieve durable prerequisite learning used throughout Unit 1.,"I can use prerequisite function, representation, algebra, and rate-of-change skills accurately.","AP Topics 1.3, 1.4, 1.9",tarsia-pair,exact,,"Unit 1 Assessment Plan; Framework AP Topics 1.3, 1.4, 1.9; optional AP-topic source used for task-form/rigor reference",Tarsia-safe dual-use PS3 item: concise single-target prompt; short unique answer; no figure/table; no comma outside math in question.
U1-S2-PS3-M09,MATH,1,1.2,practice_set_3,ps3,M09,mastery,1,Retrieve durable prerequisite learning used throughout Unit 1.,"I can use prerequisite function, representation, algebra, and rate-of-change skills accurately.","AP Topics 1.3, 1.4, 1.9",tarsia-pair,exact,,"Unit 1 Assessment Plan; Framework AP Topics 1.3, 1.4, 1.9; optional AP-topic source used for task-form/rigor reference",Tarsia-safe dual-use PS3 item: concise single-target prompt; short unique answer; no figure/table; no comma outside math in question.
U1-S2-PS3-M10,MATH,1,1.2,practice_set_3,ps3,M10,mastery,2,Retrieve durable prerequisite learning used throughout Unit 1.,"I can use prerequisite function, representation, algebra, and rate-of-change skills accurately.","AP Topics 1.3, 1.4, 1.9",tarsia-pair,exact,,"Unit 1 Assessment Plan; Framework AP Topics 1.3, 1.4, 1.9; optional AP-topic source used for task-form/rigor reference",Tarsia-safe dual-use PS3 item: concise single-target prompt; short unique answer; no figure/table; no comma outside math in question.
U1-S2-XP-C01,MATH,1,1.2,extra_practice,xp,C01,current,1,"Determine one-sided and two-sided limits from graphs and tables, including when a limit does not exist.","I can determine one-sided and two-sided limits from graphs and tables, including when a limit does not exist.","AP Topics 1.3, 1.4, 1.9",short-response,exact,,"Unit 1 Assessment Plan; Framework AP Topics 1.3, 1.4, 1.9; optional AP-topic source used for task-form/rigor reference",
U1-S2-XP-C02,MATH,1,1.2,extra_practice,xp,C02,current,3,"Determine one-sided and two-sided limits from graphs and tables, including when a limit does not exist.","I can determine one-sided and two-sided limits from graphs and tables, including when a limit does not exist.","AP Topics 1.3, 1.4, 1.9",short-response,exact,,"Unit 1 Assessment Plan; Framework AP Topics 1.3, 1.4, 1.9; optional AP-topic source used for task-form/rigor reference",
U1-S2-XP-C03,MATH,1,1.2,extra_practice,xp,C03,current,1,"Determine one-sided and two-sided limits from graphs and tables, including when a limit does not exist.","I can determine one-sided and two-sided limits from graphs and tables, including when a limit does not exist.","AP Topics 1.3, 1.4, 1.9",short-response,exact,,"Unit 1 Assessment Plan; Framework AP Topics 1.3, 1.4, 1.9; optional AP-topic source used for task-form/rigor reference",
U1-S2-XP-C04,MATH,1,1.2,extra_practice,xp,C04,current,1,"Determine one-sided and two-sided limits from graphs and tables, including when a limit does not exist.","I can determine one-sided and two-sided limits from graphs and tables, including when a limit does not exist.","AP Topics 1.3, 1.4, 1.9",short-response,exact,,"Unit 1 Assessment Plan; Framework AP Topics 1.3, 1.4, 1.9; optional AP-topic source used for task-form/rigor reference",
U1-S2-XP-C05,MATH,1,1.2,extra_practice,xp,C05,current,3,"Determine one-sided and two-sided limits from graphs and tables, including when a limit does not exist.","I can determine one-sided and two-sided limits from graphs and tables, including when a limit does not exist.","AP Topics 1.3, 1.4, 1.9",short-response,exact,,"Unit 1 Assessment Plan; Framework AP Topics 1.3, 1.4, 1.9; optional AP-topic source used for task-form/rigor reference",
U1-S2-XP-L01,MATH,1,1.2,extra_practice,xp,L01,last,1,Relate average versus instantaneous change to the idea of a limit and read and interpret limit notation.,I can estimate limits and interpret limit notation.,"AP Topics 1.3, 1.4, 1.9",short-response,exact,,"Unit 1 Assessment Plan; Framework AP Topics 1.3, 1.4, 1.9; optional AP-topic source used for task-form/rigor reference",
U1-S2-XP-L02,MATH,1,1.2,extra_practice,xp,L02,last,2,Relate average versus instantaneous change to the idea of a limit and read and interpret limit notation.,I can estimate limits and interpret limit notation.,"AP Topics 1.3, 1.4, 1.9",short-response,exact,,"Unit 1 Assessment Plan; Framework AP Topics 1.3, 1.4, 1.9; optional AP-topic source used for task-form/rigor reference",
U1-S2-XP-L03,MATH,1,1.2,extra_practice,xp,L03,last,1,Relate average versus instantaneous change to the idea of a limit and read and interpret limit notation.,I can estimate limits and interpret limit notation.,"AP Topics 1.3, 1.4, 1.9",short-response,exact,,"Unit 1 Assessment Plan; Framework AP Topics 1.3, 1.4, 1.9; optional AP-topic source used for task-form/rigor reference",
U1-S2-XP-L04,MATH,1,1.2,extra_practice,xp,L04,last,1,Relate average versus instantaneous change to the idea of a limit and read and interpret limit notation.,I can estimate limits and interpret limit notation.,"AP Topics 1.3, 1.4, 1.9",short-response,exact,,"Unit 1 Assessment Plan; Framework AP Topics 1.3, 1.4, 1.9; optional AP-topic source used for task-form/rigor reference",
U1-S2-XP-L05,MATH,1,1.2,extra_practice,xp,L05,last,2,Relate average versus instantaneous change to the idea of a limit and read and interpret limit notation.,I can estimate limits and interpret limit notation.,"AP Topics 1.3, 1.4, 1.9",short-response,exact,,"Unit 1 Assessment Plan; Framework AP Topics 1.3, 1.4, 1.9; optional AP-topic source used for task-form/rigor reference",
U1-S2-XP-M01,MATH,1,1.2,extra_practice,xp,M01,mastery,1,Retrieve durable prerequisite learning used throughout Unit 1.,"I can use prerequisite function, representation, algebra, and rate-of-change skills accurately.","AP Topics 1.3, 1.4, 1.9",short-response,exact,,"Unit 1 Assessment Plan; Framework AP Topics 1.3, 1.4, 1.9; optional AP-topic source used for task-form/rigor reference",
U1-S2-XP-M02,MATH,1,1.2,extra_practice,xp,M02,mastery,1,Retrieve durable prerequisite learning used throughout Unit 1.,"I can use prerequisite function, representation, algebra, and rate-of-change skills accurately.","AP Topics 1.3, 1.4, 1.9",short-response,exact,,"Unit 1 Assessment Plan; Framework AP Topics 1.3, 1.4, 1.9; optional AP-topic source used for task-form/rigor reference",
U1-S2-XP-M03,MATH,1,1.2,extra_practice,xp,M03,mastery,1,Retrieve durable prerequisite learning used throughout Unit 1.,"I can use prerequisite function, representation, algebra, and rate-of-change skills accurately.","AP Topics 1.3, 1.4, 1.9",short-response,exact,,"Unit 1 Assessment Plan; Framework AP Topics 1.3, 1.4, 1.9; optional AP-topic source used for task-form/rigor reference",
U1-S2-XP-M04,MATH,1,1.2,extra_practice,xp,M04,mastery,1,Retrieve durable prerequisite learning used throughout Unit 1.,"I can use prerequisite function, representation, algebra, and rate-of-change skills accurately.","AP Topics 1.3, 1.4, 1.9",short-response,exact,,"Unit 1 Assessment Plan; Framework AP Topics 1.3, 1.4, 1.9; optional AP-topic source used for task-form/rigor reference",
U1-S2-XP-M05,MATH,1,1.2,extra_practice,xp,M05,mastery,1,Retrieve durable prerequisite learning used throughout Unit 1.,"I can use prerequisite function, representation, algebra, and rate-of-change skills accurately.","AP Topics 1.3, 1.4, 1.9",short-response,exact,,"Unit 1 Assessment Plan; Framework AP Topics 1.3, 1.4, 1.9; optional AP-topic source used for task-form/rigor reference",
U1-S2-XP-M06,MATH,1,1.2,extra_practice,xp,M06,mastery,2,Retrieve durable prerequisite learning used throughout Unit 1.,"I can use prerequisite function, representation, algebra, and rate-of-change skills accurately.","AP Topics 1.3, 1.4, 1.9",short-response,exact,,"Unit 1 Assessment Plan; Framework AP Topics 1.3, 1.4, 1.9; optional AP-topic source used for task-form/rigor reference",
U1-S2-XP-M07,MATH,1,1.2,extra_practice,xp,M07,mastery,1,Retrieve durable prerequisite learning used throughout Unit 1.,"I can use prerequisite function, representation, algebra, and rate-of-change skills accurately.","AP Topics 1.3, 1.4, 1.9",short-response,exact,,"Unit 1 Assessment Plan; Framework AP Topics 1.3, 1.4, 1.9; optional AP-topic source used for task-form/rigor reference",
U1-S2-XP-M08,MATH,1,1.2,extra_practice,xp,M08,mastery,1,Retrieve durable prerequisite learning used throughout Unit 1.,"I can use prerequisite function, representation, algebra, and rate-of-change skills accurately.","AP Topics 1.3, 1.4, 1.9",short-response,exact,,"Unit 1 Assessment Plan; Framework AP Topics 1.3, 1.4, 1.9; optional AP-topic source used for task-form/rigor reference",
U1-S2-XP-M09,MATH,1,1.2,extra_practice,xp,M09,mastery,1,Retrieve durable prerequisite learning used throughout Unit 1.,"I can use prerequisite function, representation, algebra, and rate-of-change skills accurately.","AP Topics 1.3, 1.4, 1.9",short-response,exact,,"Unit 1 Assessment Plan; Framework AP Topics 1.3, 1.4, 1.9; optional AP-topic source used for task-form/rigor reference",
U1-S2-XP-M10,MATH,1,1.2,extra_practice,xp,M10,mastery,2,Retrieve durable prerequisite learning used throughout Unit 1.,"I can use prerequisite function, representation, algebra, and rate-of-change skills accurately.","AP Topics 1.3, 1.4, 1.9",short-response,exact,,"Unit 1 Assessment Plan; Framework AP Topics 1.3, 1.4, 1.9; optional AP-topic source used for task-form/rigor reference",
U1-S3-PS1-C01,MATH,1,1.3,practice_set_1,ps1,C01,current,2,"Evaluate limits algebraically using direct substitution, limit laws, factoring, conjugates, and appropriate trigonometric or squeeze reasoning.","I can evaluate limits algebraically using direct substitution, limit laws, factoring, conjugates, and appropriate trigonometric or squeeze reasoning.","AP Topics 1.5, 1.6, 1.7, 1.8",short-response,exact,,"Unit 1 Assessment Plan; Framework AP Topics 1.5, 1.6, 1.7, 1.8; optional AP-topic source used for task-form/rigor reference",
U1-S3-PS1-C02,MATH,1,1.3,practice_set_1,ps1,C02,current,3,"Evaluate limits algebraically using direct substitution, limit laws, factoring, conjugates, and appropriate trigonometric or squeeze reasoning.","I can evaluate limits algebraically using direct substitution, limit laws, factoring, conjugates, and appropriate trigonometric or squeeze reasoning.","AP Topics 1.5, 1.6, 1.7, 1.8",short-response,exact,,"Unit 1 Assessment Plan; Framework AP Topics 1.5, 1.6, 1.7, 1.8; optional AP-topic source used for task-form/rigor reference",
U1-S3-PS1-C03,MATH,1,1.3,practice_set_1,ps1,C03,current,1,"Evaluate limits algebraically using direct substitution, limit laws, factoring, conjugates, and appropriate trigonometric or squeeze reasoning.","I can evaluate limits algebraically using direct substitution, limit laws, factoring, conjugates, and appropriate trigonometric or squeeze reasoning.","AP Topics 1.5, 1.6, 1.7, 1.8",short-response,exact,,"Unit 1 Assessment Plan; Framework AP Topics 1.5, 1.6, 1.7, 1.8; optional AP-topic source used for task-form/rigor reference",
U1-S3-PS1-C04,MATH,1,1.3,practice_set_1,ps1,C04,current,2,"Evaluate limits algebraically using direct substitution, limit laws, factoring, conjugates, and appropriate trigonometric or squeeze reasoning.","I can evaluate limits algebraically using direct substitution, limit laws, factoring, conjugates, and appropriate trigonometric or squeeze reasoning.","AP Topics 1.5, 1.6, 1.7, 1.8",short-response,exact,,"Unit 1 Assessment Plan; Framework AP Topics 1.5, 1.6, 1.7, 1.8; optional AP-topic source used for task-form/rigor reference",
U1-S3-PS1-C05,MATH,1,1.3,practice_set_1,ps1,C05,current,2,"Evaluate limits algebraically using direct substitution, limit laws, factoring, conjugates, and appropriate trigonometric or squeeze reasoning.","I can evaluate limits algebraically using direct substitution, limit laws, factoring, conjugates, and appropriate trigonometric or squeeze reasoning.","AP Topics 1.5, 1.6, 1.7, 1.8",short-response,exact,,"Unit 1 Assessment Plan; Framework AP Topics 1.5, 1.6, 1.7, 1.8; optional AP-topic source used for task-form/rigor reference",
U1-S3-PS1-L01,MATH,1,1.3,practice_set_1,ps1,L01,last,2,"Determine one-sided and two-sided limits from graphs and tables, including when a limit does not exist.",I can determine one-sided and two-sided limits from graphs and tables.,"AP Topics 1.5, 1.6, 1.7, 1.8",short-response,exact,,"Unit 1 Assessment Plan; Framework AP Topics 1.5, 1.6, 1.7, 1.8; optional AP-topic source used for task-form/rigor reference",
U1-S3-PS1-L02,MATH,1,1.3,practice_set_1,ps1,L02,last,1,"Determine one-sided and two-sided limits from graphs and tables, including when a limit does not exist.",I can determine one-sided and two-sided limits from graphs and tables.,"AP Topics 1.5, 1.6, 1.7, 1.8",short-response,exact,,"Unit 1 Assessment Plan; Framework AP Topics 1.5, 1.6, 1.7, 1.8; optional AP-topic source used for task-form/rigor reference",
U1-S3-PS1-L03,MATH,1,1.3,practice_set_1,ps1,L03,last,2,"Determine one-sided and two-sided limits from graphs and tables, including when a limit does not exist.",I can determine one-sided and two-sided limits from graphs and tables.,"AP Topics 1.5, 1.6, 1.7, 1.8",short-response,exact,,"Unit 1 Assessment Plan; Framework AP Topics 1.5, 1.6, 1.7, 1.8; optional AP-topic source used for task-form/rigor reference",
U1-S3-PS1-L04,MATH,1,1.3,practice_set_1,ps1,L04,last,2,"Determine one-sided and two-sided limits from graphs and tables, including when a limit does not exist.",I can determine one-sided and two-sided limits from graphs and tables.,"AP Topics 1.5, 1.6, 1.7, 1.8",short-response,exact,,"Unit 1 Assessment Plan; Framework AP Topics 1.5, 1.6, 1.7, 1.8; optional AP-topic source used for task-form/rigor reference",
U1-S3-PS1-L05,MATH,1,1.3,practice_set_1,ps1,L05,last,1,"Determine one-sided and two-sided limits from graphs and tables, including when a limit does not exist.",I can determine one-sided and two-sided limits from graphs and tables.,"AP Topics 1.5, 1.6, 1.7, 1.8",short-response,exact,,"Unit 1 Assessment Plan; Framework AP Topics 1.5, 1.6, 1.7, 1.8; optional AP-topic source used for task-form/rigor reference",
U1-S3-PS1-M01,MATH,1,1.3,practice_set_1,ps1,M01,mastery,1,Retrieve durable prerequisite learning used throughout Unit 1.,"I can use prerequisite function, representation, algebra, and rate-of-change skills accurately.","AP Topics 1.5, 1.6, 1.7, 1.8",short-response,exact,,"Unit 1 Assessment Plan; Framework AP Topics 1.5, 1.6, 1.7, 1.8; optional AP-topic source used for task-form/rigor reference",
U1-S3-PS1-M02,MATH,1,1.3,practice_set_1,ps1,M02,mastery,1,Retrieve durable prerequisite learning used throughout Unit 1.,"I can use prerequisite function, representation, algebra, and rate-of-change skills accurately.","AP Topics 1.5, 1.6, 1.7, 1.8",short-response,exact,,"Unit 1 Assessment Plan; Framework AP Topics 1.5, 1.6, 1.7, 1.8; optional AP-topic source used for task-form/rigor reference",
U1-S3-PS1-M03,MATH,1,1.3,practice_set_1,ps1,M03,mastery,1,Retrieve durable prerequisite learning used throughout Unit 1.,"I can use prerequisite function, representation, algebra, and rate-of-change skills accurately.","AP Topics 1.5, 1.6, 1.7, 1.8",short-response,exact,,"Unit 1 Assessment Plan; Framework AP Topics 1.5, 1.6, 1.7, 1.8; optional AP-topic source used for task-form/rigor reference",
U1-S3-PS1-M04,MATH,1,1.3,practice_set_1,ps1,M04,mastery,2,Retrieve durable prerequisite learning used throughout Unit 1.,"I can use prerequisite function, representation, algebra, and rate-of-change skills accurately.","AP Topics 1.5, 1.6, 1.7, 1.8",short-response,exact,,"Unit 1 Assessment Plan; Framework AP Topics 1.5, 1.6, 1.7, 1.8; optional AP-topic source used for task-form/rigor reference",
U1-S3-PS1-M05,MATH,1,1.3,practice_set_1,ps1,M05,mastery,1,Retrieve durable prerequisite learning used throughout Unit 1.,"I can use prerequisite function, representation, algebra, and rate-of-change skills accurately.","AP Topics 1.5, 1.6, 1.7, 1.8",short-response,exact,,"Unit 1 Assessment Plan; Framework AP Topics 1.5, 1.6, 1.7, 1.8; optional AP-topic source used for task-form/rigor reference",
U1-S3-PS1-M06,MATH,1,1.3,practice_set_1,ps1,M06,mastery,1,Retrieve durable prerequisite learning used throughout Unit 1.,"I can use prerequisite function, representation, algebra, and rate-of-change skills accurately.","AP Topics 1.5, 1.6, 1.7, 1.8",short-response,exact,,"Unit 1 Assessment Plan; Framework AP Topics 1.5, 1.6, 1.7, 1.8; optional AP-topic source used for task-form/rigor reference",
U1-S3-PS1-M07,MATH,1,1.3,practice_set_1,ps1,M07,mastery,2,Retrieve durable prerequisite learning used throughout Unit 1.,"I can use prerequisite function, representation, algebra, and rate-of-change skills accurately.","AP Topics 1.5, 1.6, 1.7, 1.8",short-response,exact,,"Unit 1 Assessment Plan; Framework AP Topics 1.5, 1.6, 1.7, 1.8; optional AP-topic source used for task-form/rigor reference",
U1-S3-PS1-M08,MATH,1,1.3,practice_set_1,ps1,M08,mastery,1,Retrieve durable prerequisite learning used throughout Unit 1.,"I can use prerequisite function, representation, algebra, and rate-of-change skills accurately.","AP Topics 1.5, 1.6, 1.7, 1.8",short-response,exact,,"Unit 1 Assessment Plan; Framework AP Topics 1.5, 1.6, 1.7, 1.8; optional AP-topic source used for task-form/rigor reference",
U1-S3-PS1-M09,MATH,1,1.3,practice_set_1,ps1,M09,mastery,1,Retrieve durable prerequisite learning used throughout Unit 1.,"I can use prerequisite function, representation, algebra, and rate-of-change skills accurately.","AP Topics 1.5, 1.6, 1.7, 1.8",short-response,exact,,"Unit 1 Assessment Plan; Framework AP Topics 1.5, 1.6, 1.7, 1.8; optional AP-topic source used for task-form/rigor reference",
U1-S3-PS1-M10,MATH,1,1.3,practice_set_1,ps1,M10,mastery,2,Retrieve durable prerequisite learning used throughout Unit 1.,"I can use prerequisite function, representation, algebra, and rate-of-change skills accurately.","AP Topics 1.5, 1.6, 1.7, 1.8",short-response,exact,,"Unit 1 Assessment Plan; Framework AP Topics 1.5, 1.6, 1.7, 1.8; optional AP-topic source used for task-form/rigor reference",
U1-S3-PS2-C01,MATH,1,1.3,practice_set_2,ps2,C01,current,3,"Evaluate limits algebraically using direct substitution, limit laws, factoring, conjugates, and appropriate trigonometric or squeeze reasoning.","I can evaluate limits algebraically using direct substitution, limit laws, factoring, conjugates, and appropriate trigonometric or squeeze reasoning.","AP Topics 1.5, 1.6, 1.7, 1.8",short-response,exact,,"Unit 1 Assessment Plan; Framework AP Topics 1.5, 1.6, 1.7, 1.8; optional AP-topic source used for task-form/rigor reference",
U1-S3-PS2-C02,MATH,1,1.3,practice_set_2,ps2,C02,current,1,"Evaluate limits algebraically using direct substitution, limit laws, factoring, conjugates, and appropriate trigonometric or squeeze reasoning.","I can evaluate limits algebraically using direct substitution, limit laws, factoring, conjugates, and appropriate trigonometric or squeeze reasoning.","AP Topics 1.5, 1.6, 1.7, 1.8",short-response,exact,,"Unit 1 Assessment Plan; Framework AP Topics 1.5, 1.6, 1.7, 1.8; optional AP-topic source used for task-form/rigor reference",
U1-S3-PS2-C03,MATH,1,1.3,practice_set_2,ps2,C03,current,1,"Evaluate limits algebraically using direct substitution, limit laws, factoring, conjugates, and appropriate trigonometric or squeeze reasoning.","I can evaluate limits algebraically using direct substitution, limit laws, factoring, conjugates, and appropriate trigonometric or squeeze reasoning.","AP Topics 1.5, 1.6, 1.7, 1.8",short-response,exact,,"Unit 1 Assessment Plan; Framework AP Topics 1.5, 1.6, 1.7, 1.8; optional AP-topic source used for task-form/rigor reference",
U1-S3-PS2-C04,MATH,1,1.3,practice_set_2,ps2,C04,current,2,"Evaluate limits algebraically using direct substitution, limit laws, factoring, conjugates, and appropriate trigonometric or squeeze reasoning.","I can evaluate limits algebraically using direct substitution, limit laws, factoring, conjugates, and appropriate trigonometric or squeeze reasoning.","AP Topics 1.5, 1.6, 1.7, 1.8",short-response,exact,,"Unit 1 Assessment Plan; Framework AP Topics 1.5, 1.6, 1.7, 1.8; optional AP-topic source used for task-form/rigor reference",
U1-S3-PS2-C05,MATH,1,1.3,practice_set_2,ps2,C05,current,2,"Evaluate limits algebraically using direct substitution, limit laws, factoring, conjugates, and appropriate trigonometric or squeeze reasoning.","I can evaluate limits algebraically using direct substitution, limit laws, factoring, conjugates, and appropriate trigonometric or squeeze reasoning.","AP Topics 1.5, 1.6, 1.7, 1.8",short-response,exact,,"Unit 1 Assessment Plan; Framework AP Topics 1.5, 1.6, 1.7, 1.8; optional AP-topic source used for task-form/rigor reference",
U1-S3-PS2-L01,MATH,1,1.3,practice_set_2,ps2,L01,last,1,"Determine one-sided and two-sided limits from graphs and tables, including when a limit does not exist.",I can determine one-sided and two-sided limits from graphs and tables.,"AP Topics 1.5, 1.6, 1.7, 1.8",short-response,exact,,"Unit 1 Assessment Plan; Framework AP Topics 1.5, 1.6, 1.7, 1.8; optional AP-topic source used for task-form/rigor reference",
U1-S3-PS2-L02,MATH,1,1.3,practice_set_2,ps2,L02,last,2,"Determine one-sided and two-sided limits from graphs and tables, including when a limit does not exist.",I can determine one-sided and two-sided limits from graphs and tables.,"AP Topics 1.5, 1.6, 1.7, 1.8",short-response,exact,,"Unit 1 Assessment Plan; Framework AP Topics 1.5, 1.6, 1.7, 1.8; optional AP-topic source used for task-form/rigor reference",
U1-S3-PS2-L03,MATH,1,1.3,practice_set_2,ps2,L03,last,1,"Determine one-sided and two-sided limits from graphs and tables, including when a limit does not exist.",I can determine one-sided and two-sided limits from graphs and tables.,"AP Topics 1.5, 1.6, 1.7, 1.8",short-response,exact,,"Unit 1 Assessment Plan; Framework AP Topics 1.5, 1.6, 1.7, 1.8; optional AP-topic source used for task-form/rigor reference",
U1-S3-PS2-L04,MATH,1,1.3,practice_set_2,ps2,L04,last,1,"Determine one-sided and two-sided limits from graphs and tables, including when a limit does not exist.",I can determine one-sided and two-sided limits from graphs and tables.,"AP Topics 1.5, 1.6, 1.7, 1.8",short-response,exact,,"Unit 1 Assessment Plan; Framework AP Topics 1.5, 1.6, 1.7, 1.8; optional AP-topic source used for task-form/rigor reference",
U1-S3-PS2-L05,MATH,1,1.3,practice_set_2,ps2,L05,last,2,"Determine one-sided and two-sided limits from graphs and tables, including when a limit does not exist.",I can determine one-sided and two-sided limits from graphs and tables.,"AP Topics 1.5, 1.6, 1.7, 1.8",short-response,exact,,"Unit 1 Assessment Plan; Framework AP Topics 1.5, 1.6, 1.7, 1.8; optional AP-topic source used for task-form/rigor reference",
U1-S3-PS2-M01,MATH,1,1.3,practice_set_2,ps2,M01,mastery,2,Retrieve durable prerequisite learning used throughout Unit 1.,"I can use prerequisite function, representation, algebra, and rate-of-change skills accurately.","AP Topics 1.5, 1.6, 1.7, 1.8",short-response,exact,,"Unit 1 Assessment Plan; Framework AP Topics 1.5, 1.6, 1.7, 1.8; optional AP-topic source used for task-form/rigor reference",
U1-S3-PS2-M02,MATH,1,1.3,practice_set_2,ps2,M02,mastery,2,Retrieve durable prerequisite learning used throughout Unit 1.,"I can use prerequisite function, representation, algebra, and rate-of-change skills accurately.","AP Topics 1.5, 1.6, 1.7, 1.8",short-response,exact,,"Unit 1 Assessment Plan; Framework AP Topics 1.5, 1.6, 1.7, 1.8; optional AP-topic source used for task-form/rigor reference",
U1-S3-PS2-M03,MATH,1,1.3,practice_set_2,ps2,M03,mastery,1,Retrieve durable prerequisite learning used throughout Unit 1.,"I can use prerequisite function, representation, algebra, and rate-of-change skills accurately.","AP Topics 1.5, 1.6, 1.7, 1.8",short-response,exact,,"Unit 1 Assessment Plan; Framework AP Topics 1.5, 1.6, 1.7, 1.8; optional AP-topic source used for task-form/rigor reference",
U1-S3-PS2-M04,MATH,1,1.3,practice_set_2,ps2,M04,mastery,2,Retrieve durable prerequisite learning used throughout Unit 1.,"I can use prerequisite function, representation, algebra, and rate-of-change skills accurately.","AP Topics 1.5, 1.6, 1.7, 1.8",short-response,exact,,"Unit 1 Assessment Plan; Framework AP Topics 1.5, 1.6, 1.7, 1.8; optional AP-topic source used for task-form/rigor reference",
U1-S3-PS2-M05,MATH,1,1.3,practice_set_2,ps2,M05,mastery,2,Retrieve durable prerequisite learning used throughout Unit 1.,"I can use prerequisite function, representation, algebra, and rate-of-change skills accurately.","AP Topics 1.5, 1.6, 1.7, 1.8",short-response,exact,,"Unit 1 Assessment Plan; Framework AP Topics 1.5, 1.6, 1.7, 1.8; optional AP-topic source used for task-form/rigor reference",
U1-S3-PS2-M06,MATH,1,1.3,practice_set_2,ps2,M06,mastery,2,Retrieve durable prerequisite learning used throughout Unit 1.,"I can use prerequisite function, representation, algebra, and rate-of-change skills accurately.","AP Topics 1.5, 1.6, 1.7, 1.8",short-response,exact,,"Unit 1 Assessment Plan; Framework AP Topics 1.5, 1.6, 1.7, 1.8; optional AP-topic source used for task-form/rigor reference",
U1-S3-PS2-M07,MATH,1,1.3,practice_set_2,ps2,M07,mastery,2,Retrieve durable prerequisite learning used throughout Unit 1.,"I can use prerequisite function, representation, algebra, and rate-of-change skills accurately.","AP Topics 1.5, 1.6, 1.7, 1.8",short-response,exact,,"Unit 1 Assessment Plan; Framework AP Topics 1.5, 1.6, 1.7, 1.8; optional AP-topic source used for task-form/rigor reference",
U1-S3-PS2-M08,MATH,1,1.3,practice_set_2,ps2,M08,mastery,2,Retrieve durable prerequisite learning used throughout Unit 1.,"I can use prerequisite function, representation, algebra, and rate-of-change skills accurately.","AP Topics 1.5, 1.6, 1.7, 1.8",short-response,exact,,"Unit 1 Assessment Plan; Framework AP Topics 1.5, 1.6, 1.7, 1.8; optional AP-topic source used for task-form/rigor reference",
U1-S3-PS2-M09,MATH,1,1.3,practice_set_2,ps2,M09,mastery,2,Retrieve durable prerequisite learning used throughout Unit 1.,"I can use prerequisite function, representation, algebra, and rate-of-change skills accurately.","AP Topics 1.5, 1.6, 1.7, 1.8",short-response,exact,,"Unit 1 Assessment Plan; Framework AP Topics 1.5, 1.6, 1.7, 1.8; optional AP-topic source used for task-form/rigor reference",
U1-S3-PS2-M10,MATH,1,1.3,practice_set_2,ps2,M10,mastery,1,Retrieve durable prerequisite learning used throughout Unit 1.,"I can use prerequisite function, representation, algebra, and rate-of-change skills accurately.","AP Topics 1.5, 1.6, 1.7, 1.8",short-response,exact,,"Unit 1 Assessment Plan; Framework AP Topics 1.5, 1.6, 1.7, 1.8; optional AP-topic source used for task-form/rigor reference",
U1-S3-PS3-C01,MATH,1,1.3,practice_set_3,ps3,C01,current,2,"Evaluate limits algebraically using direct substitution, limit laws, factoring, conjugates, and appropriate trigonometric or squeeze reasoning.","I can evaluate limits algebraically using direct substitution, limit laws, factoring, conjugates, and appropriate trigonometric or squeeze reasoning.","AP Topics 1.5, 1.6, 1.7, 1.8",tarsia-pair,exact,,"Unit 1 Assessment Plan; Framework AP Topics 1.5, 1.6, 1.7, 1.8; optional AP-topic source used for task-form/rigor reference",Tarsia-safe dual-use PS3 item: concise single-target prompt; short unique answer; no figure/table; no comma outside math in question.
U1-S3-PS3-C02,MATH,1,1.3,practice_set_3,ps3,C02,current,2,"Evaluate limits algebraically using direct substitution, limit laws, factoring, conjugates, and appropriate trigonometric or squeeze reasoning.","I can evaluate limits algebraically using direct substitution, limit laws, factoring, conjugates, and appropriate trigonometric or squeeze reasoning.","AP Topics 1.5, 1.6, 1.7, 1.8",tarsia-pair,exact,,"Unit 1 Assessment Plan; Framework AP Topics 1.5, 1.6, 1.7, 1.8; optional AP-topic source used for task-form/rigor reference",Tarsia-safe dual-use PS3 item: concise single-target prompt; short unique answer; no figure/table; no comma outside math in question.
U1-S3-PS3-C03,MATH,1,1.3,practice_set_3,ps3,C03,current,2,"Evaluate limits algebraically using direct substitution, limit laws, factoring, conjugates, and appropriate trigonometric or squeeze reasoning.","I can evaluate limits algebraically using direct substitution, limit laws, factoring, conjugates, and appropriate trigonometric or squeeze reasoning.","AP Topics 1.5, 1.6, 1.7, 1.8",tarsia-pair,exact,,"Unit 1 Assessment Plan; Framework AP Topics 1.5, 1.6, 1.7, 1.8; optional AP-topic source used for task-form/rigor reference",Tarsia-safe dual-use PS3 item: concise single-target prompt; short unique answer; no figure/table; no comma outside math in question.
U1-S3-PS3-C04,MATH,1,1.3,practice_set_3,ps3,C04,current,3,"Evaluate limits algebraically using direct substitution, limit laws, factoring, conjugates, and appropriate trigonometric or squeeze reasoning.","I can evaluate limits algebraically using direct substitution, limit laws, factoring, conjugates, and appropriate trigonometric or squeeze reasoning.","AP Topics 1.5, 1.6, 1.7, 1.8",tarsia-pair,exact,,"Unit 1 Assessment Plan; Framework AP Topics 1.5, 1.6, 1.7, 1.8; optional AP-topic source used for task-form/rigor reference",Tarsia-safe dual-use PS3 item: concise single-target prompt; short unique answer; no figure/table; no comma outside math in question.
U1-S3-PS3-C05,MATH,1,1.3,practice_set_3,ps3,C05,current,1,"Evaluate limits algebraically using direct substitution, limit laws, factoring, conjugates, and appropriate trigonometric or squeeze reasoning.","I can evaluate limits algebraically using direct substitution, limit laws, factoring, conjugates, and appropriate trigonometric or squeeze reasoning.","AP Topics 1.5, 1.6, 1.7, 1.8",tarsia-pair,exact,,"Unit 1 Assessment Plan; Framework AP Topics 1.5, 1.6, 1.7, 1.8; optional AP-topic source used for task-form/rigor reference",Tarsia-safe dual-use PS3 item: concise single-target prompt; short unique answer; no figure/table; no comma outside math in question.
U1-S3-PS3-L01,MATH,1,1.3,practice_set_3,ps3,L01,last,2,"Determine one-sided and two-sided limits from graphs and tables, including when a limit does not exist.",I can determine one-sided and two-sided limits from graphs and tables.,"AP Topics 1.5, 1.6, 1.7, 1.8",tarsia-pair,exact,,"Unit 1 Assessment Plan; Framework AP Topics 1.5, 1.6, 1.7, 1.8; optional AP-topic source used for task-form/rigor reference",Tarsia-safe dual-use PS3 item: concise single-target prompt; short unique answer; no figure/table; no comma outside math in question.
U1-S3-PS3-L02,MATH,1,1.3,practice_set_3,ps3,L02,last,2,"Determine one-sided and two-sided limits from graphs and tables, including when a limit does not exist.",I can determine one-sided and two-sided limits from graphs and tables.,"AP Topics 1.5, 1.6, 1.7, 1.8",tarsia-pair,exact,,"Unit 1 Assessment Plan; Framework AP Topics 1.5, 1.6, 1.7, 1.8; optional AP-topic source used for task-form/rigor reference",Tarsia-safe dual-use PS3 item: concise single-target prompt; short unique answer; no figure/table; no comma outside math in question.
U1-S3-PS3-L03,MATH,1,1.3,practice_set_3,ps3,L03,last,1,"Determine one-sided and two-sided limits from graphs and tables, including when a limit does not exist.",I can determine one-sided and two-sided limits from graphs and tables.,"AP Topics 1.5, 1.6, 1.7, 1.8",tarsia-pair,exact,,"Unit 1 Assessment Plan; Framework AP Topics 1.5, 1.6, 1.7, 1.8; optional AP-topic source used for task-form/rigor reference",Tarsia-safe dual-use PS3 item: concise single-target prompt; short unique answer; no figure/table; no comma outside math in question.
U1-S3-PS3-L04,MATH,1,1.3,practice_set_3,ps3,L04,last,2,"Determine one-sided and two-sided limits from graphs and tables, including when a limit does not exist.",I can determine one-sided and two-sided limits from graphs and tables.,"AP Topics 1.5, 1.6, 1.7, 1.8",tarsia-pair,exact,,"Unit 1 Assessment Plan; Framework AP Topics 1.5, 1.6, 1.7, 1.8; optional AP-topic source used for task-form/rigor reference",Tarsia-safe dual-use PS3 item: concise single-target prompt; short unique answer; no figure/table; no comma outside math in question.
U1-S3-PS3-L05,MATH,1,1.3,practice_set_3,ps3,L05,last,2,"Determine one-sided and two-sided limits from graphs and tables, including when a limit does not exist.",I can determine one-sided and two-sided limits from graphs and tables.,"AP Topics 1.5, 1.6, 1.7, 1.8",tarsia-pair,exact,,"Unit 1 Assessment Plan; Framework AP Topics 1.5, 1.6, 1.7, 1.8; optional AP-topic source used for task-form/rigor reference",Tarsia-safe dual-use PS3 item: concise single-target prompt; short unique answer; no figure/table; no comma outside math in question.
U1-S3-PS3-M01,MATH,1,1.3,practice_set_3,ps3,M01,mastery,1,Retrieve durable prerequisite learning used throughout Unit 1.,"I can use prerequisite function, representation, algebra, and rate-of-change skills accurately.","AP Topics 1.5, 1.6, 1.7, 1.8",tarsia-pair,exact,,"Unit 1 Assessment Plan; Framework AP Topics 1.5, 1.6, 1.7, 1.8; optional AP-topic source used for task-form/rigor reference",Tarsia-safe dual-use PS3 item: concise single-target prompt; short unique answer; no figure/table; no comma outside math in question.
U1-S3-PS3-M02,MATH,1,1.3,practice_set_3,ps3,M02,mastery,2,Retrieve durable prerequisite learning used throughout Unit 1.,"I can use prerequisite function, representation, algebra, and rate-of-change skills accurately.","AP Topics 1.5, 1.6, 1.7, 1.8",tarsia-pair,exact,,"Unit 1 Assessment Plan; Framework AP Topics 1.5, 1.6, 1.7, 1.8; optional AP-topic source used for task-form/rigor reference",Tarsia-safe dual-use PS3 item: concise single-target prompt; short unique answer; no figure/table; no comma outside math in question.
U1-S3-PS3-M03,MATH,1,1.3,practice_set_3,ps3,M03,mastery,1,Retrieve durable prerequisite learning used throughout Unit 1.,"I can use prerequisite function, representation, algebra, and rate-of-change skills accurately.","AP Topics 1.5, 1.6, 1.7, 1.8",tarsia-pair,exact,,"Unit 1 Assessment Plan; Framework AP Topics 1.5, 1.6, 1.7, 1.8; optional AP-topic source used for task-form/rigor reference",Tarsia-safe dual-use PS3 item: concise single-target prompt; short unique answer; no figure/table; no comma outside math in question.
U1-S3-PS3-M04,MATH,1,1.3,practice_set_3,ps3,M04,mastery,1,Retrieve durable prerequisite learning used throughout Unit 1.,"I can use prerequisite function, representation, algebra, and rate-of-change skills accurately.","AP Topics 1.5, 1.6, 1.7, 1.8",tarsia-pair,exact,,"Unit 1 Assessment Plan; Framework AP Topics 1.5, 1.6, 1.7, 1.8; optional AP-topic source used for task-form/rigor reference",Tarsia-safe dual-use PS3 item: concise single-target prompt; short unique answer; no figure/table; no comma outside math in question.
U1-S3-PS3-M05,MATH,1,1.3,practice_set_3,ps3,M05,mastery,2,Retrieve durable prerequisite learning used throughout Unit 1.,"I can use prerequisite function, representation, algebra, and rate-of-change skills accurately.","AP Topics 1.5, 1.6, 1.7, 1.8",tarsia-pair,exact,,"Unit 1 Assessment Plan; Framework AP Topics 1.5, 1.6, 1.7, 1.8; optional AP-topic source used for task-form/rigor reference",Tarsia-safe dual-use PS3 item: concise single-target prompt; short unique answer; no figure/table; no comma outside math in question.
U1-S3-PS3-M06,MATH,1,1.3,practice_set_3,ps3,M06,mastery,1,Retrieve durable prerequisite learning used throughout Unit 1.,"I can use prerequisite function, representation, algebra, and rate-of-change skills accurately.","AP Topics 1.5, 1.6, 1.7, 1.8",tarsia-pair,exact,,"Unit 1 Assessment Plan; Framework AP Topics 1.5, 1.6, 1.7, 1.8; optional AP-topic source used for task-form/rigor reference",Tarsia-safe dual-use PS3 item: concise single-target prompt; short unique answer; no figure/table; no comma outside math in question.
U1-S3-PS3-M07,MATH,1,1.3,practice_set_3,ps3,M07,mastery,1,Retrieve durable prerequisite learning used throughout Unit 1.,"I can use prerequisite function, representation, algebra, and rate-of-change skills accurately.","AP Topics 1.5, 1.6, 1.7, 1.8",tarsia-pair,exact,,"Unit 1 Assessment Plan; Framework AP Topics 1.5, 1.6, 1.7, 1.8; optional AP-topic source used for task-form/rigor reference",Tarsia-safe dual-use PS3 item: concise single-target prompt; short unique answer; no figure/table; no comma outside math in question.
U1-S3-PS3-M08,MATH,1,1.3,practice_set_3,ps3,M08,mastery,1,Retrieve durable prerequisite learning used throughout Unit 1.,"I can use prerequisite function, representation, algebra, and rate-of-change skills accurately.","AP Topics 1.5, 1.6, 1.7, 1.8",tarsia-pair,exact,,"Unit 1 Assessment Plan; Framework AP Topics 1.5, 1.6, 1.7, 1.8; optional AP-topic source used for task-form/rigor reference",Tarsia-safe dual-use PS3 item: concise single-target prompt; short unique answer; no figure/table; no comma outside math in question.
U1-S3-PS3-M09,MATH,1,1.3,practice_set_3,ps3,M09,mastery,2,Retrieve durable prerequisite learning used throughout Unit 1.,"I can use prerequisite function, representation, algebra, and rate-of-change skills accurately.","AP Topics 1.5, 1.6, 1.7, 1.8",tarsia-pair,exact,,"Unit 1 Assessment Plan; Framework AP Topics 1.5, 1.6, 1.7, 1.8; optional AP-topic source used for task-form/rigor reference",Tarsia-safe dual-use PS3 item: concise single-target prompt; short unique answer; no figure/table; no comma outside math in question.
U1-S3-PS3-M10,MATH,1,1.3,practice_set_3,ps3,M10,mastery,1,Retrieve durable prerequisite learning used throughout Unit 1.,"I can use prerequisite function, representation, algebra, and rate-of-change skills accurately.","AP Topics 1.5, 1.6, 1.7, 1.8",tarsia-pair,exact,,"Unit 1 Assessment Plan; Framework AP Topics 1.5, 1.6, 1.7, 1.8; optional AP-topic source used for task-form/rigor reference",Tarsia-safe dual-use PS3 item: concise single-target prompt; short unique answer; no figure/table; no comma outside math in question.
U1-S3-XP-C01,MATH,1,1.3,extra_practice,xp,C01,current,3,"Evaluate limits algebraically using direct substitution, limit laws, factoring, conjugates, and appropriate trigonometric or squeeze reasoning.","I can evaluate limits algebraically using direct substitution, limit laws, factoring, conjugates, and appropriate trigonometric or squeeze reasoning.","AP Topics 1.5, 1.6, 1.7, 1.8",short-response,exact,,"Unit 1 Assessment Plan; Framework AP Topics 1.5, 1.6, 1.7, 1.8; optional AP-topic source used for task-form/rigor reference",
U1-S3-XP-C02,MATH,1,1.3,extra_practice,xp,C02,current,1,"Evaluate limits algebraically using direct substitution, limit laws, factoring, conjugates, and appropriate trigonometric or squeeze reasoning.","I can evaluate limits algebraically using direct substitution, limit laws, factoring, conjugates, and appropriate trigonometric or squeeze reasoning.","AP Topics 1.5, 1.6, 1.7, 1.8",short-response,exact,,"Unit 1 Assessment Plan; Framework AP Topics 1.5, 1.6, 1.7, 1.8; optional AP-topic source used for task-form/rigor reference",
U1-S3-XP-C03,MATH,1,1.3,extra_practice,xp,C03,current,2,"Evaluate limits algebraically using direct substitution, limit laws, factoring, conjugates, and appropriate trigonometric or squeeze reasoning.","I can evaluate limits algebraically using direct substitution, limit laws, factoring, conjugates, and appropriate trigonometric or squeeze reasoning.","AP Topics 1.5, 1.6, 1.7, 1.8",short-response,exact,,"Unit 1 Assessment Plan; Framework AP Topics 1.5, 1.6, 1.7, 1.8; optional AP-topic source used for task-form/rigor reference",
U1-S3-XP-C04,MATH,1,1.3,extra_practice,xp,C04,current,2,"Evaluate limits algebraically using direct substitution, limit laws, factoring, conjugates, and appropriate trigonometric or squeeze reasoning.","I can evaluate limits algebraically using direct substitution, limit laws, factoring, conjugates, and appropriate trigonometric or squeeze reasoning.","AP Topics 1.5, 1.6, 1.7, 1.8",short-response,exact,,"Unit 1 Assessment Plan; Framework AP Topics 1.5, 1.6, 1.7, 1.8; optional AP-topic source used for task-form/rigor reference",
U1-S3-XP-C05,MATH,1,1.3,extra_practice,xp,C05,current,2,"Evaluate limits algebraically using direct substitution, limit laws, factoring, conjugates, and appropriate trigonometric or squeeze reasoning.","I can evaluate limits algebraically using direct substitution, limit laws, factoring, conjugates, and appropriate trigonometric or squeeze reasoning.","AP Topics 1.5, 1.6, 1.7, 1.8",short-response,exact,,"Unit 1 Assessment Plan; Framework AP Topics 1.5, 1.6, 1.7, 1.8; optional AP-topic source used for task-form/rigor reference",
U1-S3-XP-L01,MATH,1,1.3,extra_practice,xp,L01,last,1,"Determine one-sided and two-sided limits from graphs and tables, including when a limit does not exist.",I can determine one-sided and two-sided limits from graphs and tables.,"AP Topics 1.5, 1.6, 1.7, 1.8",short-response,exact,,"Unit 1 Assessment Plan; Framework AP Topics 1.5, 1.6, 1.7, 1.8; optional AP-topic source used for task-form/rigor reference",
U1-S3-XP-L02,MATH,1,1.3,extra_practice,xp,L02,last,2,"Determine one-sided and two-sided limits from graphs and tables, including when a limit does not exist.",I can determine one-sided and two-sided limits from graphs and tables.,"AP Topics 1.5, 1.6, 1.7, 1.8",short-response,exact,,"Unit 1 Assessment Plan; Framework AP Topics 1.5, 1.6, 1.7, 1.8; optional AP-topic source used for task-form/rigor reference",
U1-S3-XP-L03,MATH,1,1.3,extra_practice,xp,L03,last,2,"Determine one-sided and two-sided limits from graphs and tables, including when a limit does not exist.",I can determine one-sided and two-sided limits from graphs and tables.,"AP Topics 1.5, 1.6, 1.7, 1.8",short-response,exact,,"Unit 1 Assessment Plan; Framework AP Topics 1.5, 1.6, 1.7, 1.8; optional AP-topic source used for task-form/rigor reference",
U1-S3-XP-L04,MATH,1,1.3,extra_practice,xp,L04,last,1,"Determine one-sided and two-sided limits from graphs and tables, including when a limit does not exist.",I can determine one-sided and two-sided limits from graphs and tables.,"AP Topics 1.5, 1.6, 1.7, 1.8",short-response,exact,,"Unit 1 Assessment Plan; Framework AP Topics 1.5, 1.6, 1.7, 1.8; optional AP-topic source used for task-form/rigor reference",
U1-S3-XP-L05,MATH,1,1.3,extra_practice,xp,L05,last,2,"Determine one-sided and two-sided limits from graphs and tables, including when a limit does not exist.",I can determine one-sided and two-sided limits from graphs and tables.,"AP Topics 1.5, 1.6, 1.7, 1.8",short-response,exact,,"Unit 1 Assessment Plan; Framework AP Topics 1.5, 1.6, 1.7, 1.8; optional AP-topic source used for task-form/rigor reference",
U1-S3-XP-M01,MATH,1,1.3,extra_practice,xp,M01,mastery,1,Retrieve durable prerequisite learning used throughout Unit 1.,"I can use prerequisite function, representation, algebra, and rate-of-change skills accurately.","AP Topics 1.5, 1.6, 1.7, 1.8",short-response,exact,,"Unit 1 Assessment Plan; Framework AP Topics 1.5, 1.6, 1.7, 1.8; optional AP-topic source used for task-form/rigor reference",
U1-S3-XP-M02,MATH,1,1.3,extra_practice,xp,M02,mastery,1,Retrieve durable prerequisite learning used throughout Unit 1.,"I can use prerequisite function, representation, algebra, and rate-of-change skills accurately.","AP Topics 1.5, 1.6, 1.7, 1.8",short-response,exact,,"Unit 1 Assessment Plan; Framework AP Topics 1.5, 1.6, 1.7, 1.8; optional AP-topic source used for task-form/rigor reference",
U1-S3-XP-M03,MATH,1,1.3,extra_practice,xp,M03,mastery,1,Retrieve durable prerequisite learning used throughout Unit 1.,"I can use prerequisite function, representation, algebra, and rate-of-change skills accurately.","AP Topics 1.5, 1.6, 1.7, 1.8",short-response,exact,,"Unit 1 Assessment Plan; Framework AP Topics 1.5, 1.6, 1.7, 1.8; optional AP-topic source used for task-form/rigor reference",
U1-S3-XP-M04,MATH,1,1.3,extra_practice,xp,M04,mastery,1,Retrieve durable prerequisite learning used throughout Unit 1.,"I can use prerequisite function, representation, algebra, and rate-of-change skills accurately.","AP Topics 1.5, 1.6, 1.7, 1.8",short-response,exact,,"Unit 1 Assessment Plan; Framework AP Topics 1.5, 1.6, 1.7, 1.8; optional AP-topic source used for task-form/rigor reference",
U1-S3-XP-M05,MATH,1,1.3,extra_practice,xp,M05,mastery,2,Retrieve durable prerequisite learning used throughout Unit 1.,"I can use prerequisite function, representation, algebra, and rate-of-change skills accurately.","AP Topics 1.5, 1.6, 1.7, 1.8",short-response,exact,,"Unit 1 Assessment Plan; Framework AP Topics 1.5, 1.6, 1.7, 1.8; optional AP-topic source used for task-form/rigor reference",
U1-S3-XP-M06,MATH,1,1.3,extra_practice,xp,M06,mastery,1,Retrieve durable prerequisite learning used throughout Unit 1.,"I can use prerequisite function, representation, algebra, and rate-of-change skills accurately.","AP Topics 1.5, 1.6, 1.7, 1.8",short-response,exact,,"Unit 1 Assessment Plan; Framework AP Topics 1.5, 1.6, 1.7, 1.8; optional AP-topic source used for task-form/rigor reference",
U1-S3-XP-M07,MATH,1,1.3,extra_practice,xp,M07,mastery,2,Retrieve durable prerequisite learning used throughout Unit 1.,"I can use prerequisite function, representation, algebra, and rate-of-change skills accurately.","AP Topics 1.5, 1.6, 1.7, 1.8",short-response,exact,,"Unit 1 Assessment Plan; Framework AP Topics 1.5, 1.6, 1.7, 1.8; optional AP-topic source used for task-form/rigor reference",
U1-S3-XP-M08,MATH,1,1.3,extra_practice,xp,M08,mastery,1,Retrieve durable prerequisite learning used throughout Unit 1.,"I can use prerequisite function, representation, algebra, and rate-of-change skills accurately.","AP Topics 1.5, 1.6, 1.7, 1.8",short-response,exact,,"Unit 1 Assessment Plan; Framework AP Topics 1.5, 1.6, 1.7, 1.8; optional AP-topic source used for task-form/rigor reference",
U1-S3-XP-M09,MATH,1,1.3,extra_practice,xp,M09,mastery,1,Retrieve durable prerequisite learning used throughout Unit 1.,"I can use prerequisite function, representation, algebra, and rate-of-change skills accurately.","AP Topics 1.5, 1.6, 1.7, 1.8",short-response,exact,,"Unit 1 Assessment Plan; Framework AP Topics 1.5, 1.6, 1.7, 1.8; optional AP-topic source used for task-form/rigor reference",
U1-S3-XP-M10,MATH,1,1.3,extra_practice,xp,M10,mastery,2,Retrieve durable prerequisite learning used throughout Unit 1.,"I can use prerequisite function, representation, algebra, and rate-of-change skills accurately.","AP Topics 1.5, 1.6, 1.7, 1.8",short-response,exact,,"Unit 1 Assessment Plan; Framework AP Topics 1.5, 1.6, 1.7, 1.8; optional AP-topic source used for task-form/rigor reference",
U1-S4-PS1-C01,MATH,1,1.4,practice_set_1,ps1,C01,current,2,"Analyze continuity at a point and on intervals, and classify discontinuities using limits, function values, and piecewise definitions.","I can analyze continuity at a point and on intervals, and classify discontinuities using limits, function values, and piecewise definitions.","AP Topics 1.10, 1.11, 1.12, 1.13",short-response,exact,u1_s4_ps1_c01_graph.png,"Unit 1 Assessment Plan; Framework AP Topics 1.10, 1.11, 1.12, 1.13; optional AP-topic source used for task-form/rigor reference",
U1-S4-PS1-C02,MATH,1,1.4,practice_set_1,ps1,C02,current,1,"Analyze continuity at a point and on intervals, and classify discontinuities using limits, function values, and piecewise definitions.","I can analyze continuity at a point and on intervals, and classify discontinuities using limits, function values, and piecewise definitions.","AP Topics 1.10, 1.11, 1.12, 1.13",short-response,exact,,"Unit 1 Assessment Plan; Framework AP Topics 1.10, 1.11, 1.12, 1.13; optional AP-topic source used for task-form/rigor reference",
U1-S4-PS1-C03,MATH,1,1.4,practice_set_1,ps1,C03,current,1,"Analyze continuity at a point and on intervals, and classify discontinuities using limits, function values, and piecewise definitions.","I can analyze continuity at a point and on intervals, and classify discontinuities using limits, function values, and piecewise definitions.","AP Topics 1.10, 1.11, 1.12, 1.13",short-response,exact,,"Unit 1 Assessment Plan; Framework AP Topics 1.10, 1.11, 1.12, 1.13; optional AP-topic source used for task-form/rigor reference",
U1-S4-PS1-C04,MATH,1,1.4,practice_set_1,ps1,C04,current,1,"Analyze continuity at a point and on intervals, and classify discontinuities using limits, function values, and piecewise definitions.","I can analyze continuity at a point and on intervals, and classify discontinuities using limits, function values, and piecewise definitions.","AP Topics 1.10, 1.11, 1.12, 1.13",short-response,exact,,"Unit 1 Assessment Plan; Framework AP Topics 1.10, 1.11, 1.12, 1.13; optional AP-topic source used for task-form/rigor reference",
U1-S4-PS1-C05,MATH,1,1.4,practice_set_1,ps1,C05,current,1,"Analyze continuity at a point and on intervals, and classify discontinuities using limits, function values, and piecewise definitions.","I can analyze continuity at a point and on intervals, and classify discontinuities using limits, function values, and piecewise definitions.","AP Topics 1.10, 1.11, 1.12, 1.13",short-response,exact,,"Unit 1 Assessment Plan; Framework AP Topics 1.10, 1.11, 1.12, 1.13; optional AP-topic source used for task-form/rigor reference",
U1-S4-PS1-L01,MATH,1,1.4,practice_set_1,ps1,L01,last,1,"Evaluate limits algebraically using direct substitution, limit laws, factoring, conjugates, and appropriate trigonometric or squeeze reasoning.",I can evaluate limits algebraically and select an appropriate routine method.,"AP Topics 1.10, 1.11, 1.12, 1.13",short-response,exact,,"Unit 1 Assessment Plan; Framework AP Topics 1.10, 1.11, 1.12, 1.13; optional AP-topic source used for task-form/rigor reference",
U1-S4-PS1-L02,MATH,1,1.4,practice_set_1,ps1,L02,last,2,"Evaluate limits algebraically using direct substitution, limit laws, factoring, conjugates, and appropriate trigonometric or squeeze reasoning.",I can evaluate limits algebraically and select an appropriate routine method.,"AP Topics 1.10, 1.11, 1.12, 1.13",short-response,exact,,"Unit 1 Assessment Plan; Framework AP Topics 1.10, 1.11, 1.12, 1.13; optional AP-topic source used for task-form/rigor reference",
U1-S4-PS1-L03,MATH,1,1.4,practice_set_1,ps1,L03,last,2,"Evaluate limits algebraically using direct substitution, limit laws, factoring, conjugates, and appropriate trigonometric or squeeze reasoning.",I can evaluate limits algebraically and select an appropriate routine method.,"AP Topics 1.10, 1.11, 1.12, 1.13",short-response,exact,,"Unit 1 Assessment Plan; Framework AP Topics 1.10, 1.11, 1.12, 1.13; optional AP-topic source used for task-form/rigor reference",
U1-S4-PS1-L04,MATH,1,1.4,practice_set_1,ps1,L04,last,3,"Evaluate limits algebraically using direct substitution, limit laws, factoring, conjugates, and appropriate trigonometric or squeeze reasoning.",I can evaluate limits algebraically and select an appropriate routine method.,"AP Topics 1.10, 1.11, 1.12, 1.13",short-response,exact,,"Unit 1 Assessment Plan; Framework AP Topics 1.10, 1.11, 1.12, 1.13; optional AP-topic source used for task-form/rigor reference",
U1-S4-PS1-L05,MATH,1,1.4,practice_set_1,ps1,L05,last,2,"Evaluate limits algebraically using direct substitution, limit laws, factoring, conjugates, and appropriate trigonometric or squeeze reasoning.",I can evaluate limits algebraically and select an appropriate routine method.,"AP Topics 1.10, 1.11, 1.12, 1.13",short-response,exact,,"Unit 1 Assessment Plan; Framework AP Topics 1.10, 1.11, 1.12, 1.13; optional AP-topic source used for task-form/rigor reference",
U1-S4-PS1-M01,MATH,1,1.4,practice_set_1,ps1,M01,mastery,1,Retrieve durable prerequisite learning used throughout Unit 1.,"I can use prerequisite function, representation, algebra, and rate-of-change skills accurately.","AP Topics 1.10, 1.11, 1.12, 1.13",short-response,exact,,"Unit 1 Assessment Plan; Framework AP Topics 1.10, 1.11, 1.12, 1.13; optional AP-topic source used for task-form/rigor reference",
U1-S4-PS1-M02,MATH,1,1.4,practice_set_1,ps1,M02,mastery,2,Retrieve durable prerequisite learning used throughout Unit 1.,"I can use prerequisite function, representation, algebra, and rate-of-change skills accurately.","AP Topics 1.10, 1.11, 1.12, 1.13",short-response,exact,,"Unit 1 Assessment Plan; Framework AP Topics 1.10, 1.11, 1.12, 1.13; optional AP-topic source used for task-form/rigor reference",
U1-S4-PS1-M03,MATH,1,1.4,practice_set_1,ps1,M03,mastery,1,Retrieve durable prerequisite learning used throughout Unit 1.,"I can use prerequisite function, representation, algebra, and rate-of-change skills accurately.","AP Topics 1.10, 1.11, 1.12, 1.13",short-response,exact,,"Unit 1 Assessment Plan; Framework AP Topics 1.10, 1.11, 1.12, 1.13; optional AP-topic source used for task-form/rigor reference",
U1-S4-PS1-M04,MATH,1,1.4,practice_set_1,ps1,M04,mastery,1,Retrieve durable prerequisite learning used throughout Unit 1.,"I can use prerequisite function, representation, algebra, and rate-of-change skills accurately.","AP Topics 1.10, 1.11, 1.12, 1.13",short-response,exact,,"Unit 1 Assessment Plan; Framework AP Topics 1.10, 1.11, 1.12, 1.13; optional AP-topic source used for task-form/rigor reference",
U1-S4-PS1-M05,MATH,1,1.4,practice_set_1,ps1,M05,mastery,1,Retrieve durable prerequisite learning used throughout Unit 1.,"I can use prerequisite function, representation, algebra, and rate-of-change skills accurately.","AP Topics 1.10, 1.11, 1.12, 1.13",short-response,exact,,"Unit 1 Assessment Plan; Framework AP Topics 1.10, 1.11, 1.12, 1.13; optional AP-topic source used for task-form/rigor reference",
U1-S4-PS1-M06,MATH,1,1.4,practice_set_1,ps1,M06,mastery,1,Retrieve durable prerequisite learning used throughout Unit 1.,"I can use prerequisite function, representation, algebra, and rate-of-change skills accurately.","AP Topics 1.10, 1.11, 1.12, 1.13",short-response,exact,,"Unit 1 Assessment Plan; Framework AP Topics 1.10, 1.11, 1.12, 1.13; optional AP-topic source used for task-form/rigor reference",
U1-S4-PS1-M07,MATH,1,1.4,practice_set_1,ps1,M07,mastery,1,Retrieve durable prerequisite learning used throughout Unit 1.,"I can use prerequisite function, representation, algebra, and rate-of-change skills accurately.","AP Topics 1.10, 1.11, 1.12, 1.13",short-response,exact,,"Unit 1 Assessment Plan; Framework AP Topics 1.10, 1.11, 1.12, 1.13; optional AP-topic source used for task-form/rigor reference",
U1-S4-PS1-M08,MATH,1,1.4,practice_set_1,ps1,M08,mastery,1,Retrieve durable prerequisite learning used throughout Unit 1.,"I can use prerequisite function, representation, algebra, and rate-of-change skills accurately.","AP Topics 1.10, 1.11, 1.12, 1.13",short-response,exact,,"Unit 1 Assessment Plan; Framework AP Topics 1.10, 1.11, 1.12, 1.13; optional AP-topic source used for task-form/rigor reference",
U1-S4-PS1-M09,MATH,1,1.4,practice_set_1,ps1,M09,mastery,2,Retrieve durable prerequisite learning used throughout Unit 1.,"I can use prerequisite function, representation, algebra, and rate-of-change skills accurately.","AP Topics 1.10, 1.11, 1.12, 1.13",short-response,exact,,"Unit 1 Assessment Plan; Framework AP Topics 1.10, 1.11, 1.12, 1.13; optional AP-topic source used for task-form/rigor reference",
U1-S4-PS1-M10,MATH,1,1.4,practice_set_1,ps1,M10,mastery,1,Retrieve durable prerequisite learning used throughout Unit 1.,"I can use prerequisite function, representation, algebra, and rate-of-change skills accurately.","AP Topics 1.10, 1.11, 1.12, 1.13",short-response,exact,,"Unit 1 Assessment Plan; Framework AP Topics 1.10, 1.11, 1.12, 1.13; optional AP-topic source used for task-form/rigor reference",
U1-S4-PS2-C01,MATH,1,1.4,practice_set_2,ps2,C01,current,2,"Analyze continuity at a point and on intervals, and classify discontinuities using limits, function values, and piecewise definitions.","I can analyze continuity at a point and on intervals, and classify discontinuities using limits, function values, and piecewise definitions.","AP Topics 1.10, 1.11, 1.12, 1.13",short-response,exact,u1_s4_ps2_c01_graph.png,"Unit 1 Assessment Plan; Framework AP Topics 1.10, 1.11, 1.12, 1.13; optional AP-topic source used for task-form/rigor reference",
U1-S4-PS2-C02,MATH,1,1.4,practice_set_2,ps2,C02,current,2,"Analyze continuity at a point and on intervals, and classify discontinuities using limits, function values, and piecewise definitions.","I can analyze continuity at a point and on intervals, and classify discontinuities using limits, function values, and piecewise definitions.","AP Topics 1.10, 1.11, 1.12, 1.13",short-response,exact,,"Unit 1 Assessment Plan; Framework AP Topics 1.10, 1.11, 1.12, 1.13; optional AP-topic source used for task-form/rigor reference",
U1-S4-PS2-C03,MATH,1,1.4,practice_set_2,ps2,C03,current,3,"Analyze continuity at a point and on intervals, and classify discontinuities using limits, function values, and piecewise definitions.","I can analyze continuity at a point and on intervals, and classify discontinuities using limits, function values, and piecewise definitions.","AP Topics 1.10, 1.11, 1.12, 1.13",short-response,exact,,"Unit 1 Assessment Plan; Framework AP Topics 1.10, 1.11, 1.12, 1.13; optional AP-topic source used for task-form/rigor reference",
U1-S4-PS2-C04,MATH,1,1.4,practice_set_2,ps2,C04,current,1,"Analyze continuity at a point and on intervals, and classify discontinuities using limits, function values, and piecewise definitions.","I can analyze continuity at a point and on intervals, and classify discontinuities using limits, function values, and piecewise definitions.","AP Topics 1.10, 1.11, 1.12, 1.13",short-response,exact,,"Unit 1 Assessment Plan; Framework AP Topics 1.10, 1.11, 1.12, 1.13; optional AP-topic source used for task-form/rigor reference",
U1-S4-PS2-C05,MATH,1,1.4,practice_set_2,ps2,C05,current,2,"Analyze continuity at a point and on intervals, and classify discontinuities using limits, function values, and piecewise definitions.","I can analyze continuity at a point and on intervals, and classify discontinuities using limits, function values, and piecewise definitions.","AP Topics 1.10, 1.11, 1.12, 1.13",short-response,exact,,"Unit 1 Assessment Plan; Framework AP Topics 1.10, 1.11, 1.12, 1.13; optional AP-topic source used for task-form/rigor reference",
U1-S4-PS2-L01,MATH,1,1.4,practice_set_2,ps2,L01,last,2,"Evaluate limits algebraically using direct substitution, limit laws, factoring, conjugates, and appropriate trigonometric or squeeze reasoning.",I can evaluate limits algebraically and select an appropriate routine method.,"AP Topics 1.10, 1.11, 1.12, 1.13",short-response,exact,,"Unit 1 Assessment Plan; Framework AP Topics 1.10, 1.11, 1.12, 1.13; optional AP-topic source used for task-form/rigor reference",
U1-S4-PS2-L02,MATH,1,1.4,practice_set_2,ps2,L02,last,1,"Evaluate limits algebraically using direct substitution, limit laws, factoring, conjugates, and appropriate trigonometric or squeeze reasoning.",I can evaluate limits algebraically and select an appropriate routine method.,"AP Topics 1.10, 1.11, 1.12, 1.13",short-response,exact,,"Unit 1 Assessment Plan; Framework AP Topics 1.10, 1.11, 1.12, 1.13; optional AP-topic source used for task-form/rigor reference",
U1-S4-PS2-L03,MATH,1,1.4,practice_set_2,ps2,L03,last,1,"Evaluate limits algebraically using direct substitution, limit laws, factoring, conjugates, and appropriate trigonometric or squeeze reasoning.",I can evaluate limits algebraically and select an appropriate routine method.,"AP Topics 1.10, 1.11, 1.12, 1.13",short-response,exact,,"Unit 1 Assessment Plan; Framework AP Topics 1.10, 1.11, 1.12, 1.13; optional AP-topic source used for task-form/rigor reference",
U1-S4-PS2-L04,MATH,1,1.4,practice_set_2,ps2,L04,last,1,"Evaluate limits algebraically using direct substitution, limit laws, factoring, conjugates, and appropriate trigonometric or squeeze reasoning.",I can evaluate limits algebraically and select an appropriate routine method.,"AP Topics 1.10, 1.11, 1.12, 1.13",short-response,exact,,"Unit 1 Assessment Plan; Framework AP Topics 1.10, 1.11, 1.12, 1.13; optional AP-topic source used for task-form/rigor reference",
U1-S4-PS2-L05,MATH,1,1.4,practice_set_2,ps2,L05,last,2,"Evaluate limits algebraically using direct substitution, limit laws, factoring, conjugates, and appropriate trigonometric or squeeze reasoning.",I can evaluate limits algebraically and select an appropriate routine method.,"AP Topics 1.10, 1.11, 1.12, 1.13",short-response,exact,,"Unit 1 Assessment Plan; Framework AP Topics 1.10, 1.11, 1.12, 1.13; optional AP-topic source used for task-form/rigor reference",
U1-S4-PS2-M01,MATH,1,1.4,practice_set_2,ps2,M01,mastery,1,Retrieve durable prerequisite learning used throughout Unit 1.,"I can use prerequisite function, representation, algebra, and rate-of-change skills accurately.","AP Topics 1.10, 1.11, 1.12, 1.13",short-response,exact,,"Unit 1 Assessment Plan; Framework AP Topics 1.10, 1.11, 1.12, 1.13; optional AP-topic source used for task-form/rigor reference",
U1-S4-PS2-M02,MATH,1,1.4,practice_set_2,ps2,M02,mastery,1,Retrieve durable prerequisite learning used throughout Unit 1.,"I can use prerequisite function, representation, algebra, and rate-of-change skills accurately.","AP Topics 1.10, 1.11, 1.12, 1.13",short-response,exact,,"Unit 1 Assessment Plan; Framework AP Topics 1.10, 1.11, 1.12, 1.13; optional AP-topic source used for task-form/rigor reference",
U1-S4-PS2-M03,MATH,1,1.4,practice_set_2,ps2,M03,mastery,2,Retrieve durable prerequisite learning used throughout Unit 1.,"I can use prerequisite function, representation, algebra, and rate-of-change skills accurately.","AP Topics 1.10, 1.11, 1.12, 1.13",short-response,exact,,"Unit 1 Assessment Plan; Framework AP Topics 1.10, 1.11, 1.12, 1.13; optional AP-topic source used for task-form/rigor reference",
U1-S4-PS2-M04,MATH,1,1.4,practice_set_2,ps2,M04,mastery,2,Retrieve durable prerequisite learning used throughout Unit 1.,"I can use prerequisite function, representation, algebra, and rate-of-change skills accurately.","AP Topics 1.10, 1.11, 1.12, 1.13",short-response,exact,,"Unit 1 Assessment Plan; Framework AP Topics 1.10, 1.11, 1.12, 1.13; optional AP-topic source used for task-form/rigor reference",
U1-S4-PS2-M05,MATH,1,1.4,practice_set_2,ps2,M05,mastery,2,Retrieve durable prerequisite learning used throughout Unit 1.,"I can use prerequisite function, representation, algebra, and rate-of-change skills accurately.","AP Topics 1.10, 1.11, 1.12, 1.13",short-response,exact,,"Unit 1 Assessment Plan; Framework AP Topics 1.10, 1.11, 1.12, 1.13; optional AP-topic source used for task-form/rigor reference",
U1-S4-PS2-M06,MATH,1,1.4,practice_set_2,ps2,M06,mastery,2,Retrieve durable prerequisite learning used throughout Unit 1.,"I can use prerequisite function, representation, algebra, and rate-of-change skills accurately.","AP Topics 1.10, 1.11, 1.12, 1.13",short-response,exact,,"Unit 1 Assessment Plan; Framework AP Topics 1.10, 1.11, 1.12, 1.13; optional AP-topic source used for task-form/rigor reference",
U1-S4-PS2-M07,MATH,1,1.4,practice_set_2,ps2,M07,mastery,2,Retrieve durable prerequisite learning used throughout Unit 1.,"I can use prerequisite function, representation, algebra, and rate-of-change skills accurately.","AP Topics 1.10, 1.11, 1.12, 1.13",short-response,exact,,"Unit 1 Assessment Plan; Framework AP Topics 1.10, 1.11, 1.12, 1.13; optional AP-topic source used for task-form/rigor reference",
U1-S4-PS2-M08,MATH,1,1.4,practice_set_2,ps2,M08,mastery,2,Retrieve durable prerequisite learning used throughout Unit 1.,"I can use prerequisite function, representation, algebra, and rate-of-change skills accurately.","AP Topics 1.10, 1.11, 1.12, 1.13",short-response,exact,,"Unit 1 Assessment Plan; Framework AP Topics 1.10, 1.11, 1.12, 1.13; optional AP-topic source used for task-form/rigor reference",
U1-S4-PS2-M09,MATH,1,1.4,practice_set_2,ps2,M09,mastery,1,Retrieve durable prerequisite learning used throughout Unit 1.,"I can use prerequisite function, representation, algebra, and rate-of-change skills accurately.","AP Topics 1.10, 1.11, 1.12, 1.13",short-response,exact,,"Unit 1 Assessment Plan; Framework AP Topics 1.10, 1.11, 1.12, 1.13; optional AP-topic source used for task-form/rigor reference",
U1-S4-PS2-M10,MATH,1,1.4,practice_set_2,ps2,M10,mastery,2,Retrieve durable prerequisite learning used throughout Unit 1.,"I can use prerequisite function, representation, algebra, and rate-of-change skills accurately.","AP Topics 1.10, 1.11, 1.12, 1.13",short-response,exact,,"Unit 1 Assessment Plan; Framework AP Topics 1.10, 1.11, 1.12, 1.13; optional AP-topic source used for task-form/rigor reference",
U1-S4-PS3-C01,MATH,1,1.4,practice_set_3,ps3,C01,current,1,"Analyze continuity at a point and on intervals, and classify discontinuities using limits, function values, and piecewise definitions.","I can analyze continuity at a point and on intervals, and classify discontinuities using limits, function values, and piecewise definitions.","AP Topics 1.10, 1.11, 1.12, 1.13",tarsia-pair,exact,,"Unit 1 Assessment Plan; Framework AP Topics 1.10, 1.11, 1.12, 1.13; optional AP-topic source used for task-form/rigor reference",Tarsia-safe dual-use PS3 item: concise single-target prompt; short unique answer; no figure/table; no comma outside math in question.
U1-S4-PS3-C02,MATH,1,1.4,practice_set_3,ps3,C02,current,1,"Analyze continuity at a point and on intervals, and classify discontinuities using limits, function values, and piecewise definitions.","I can analyze continuity at a point and on intervals, and classify discontinuities using limits, function values, and piecewise definitions.","AP Topics 1.10, 1.11, 1.12, 1.13",tarsia-pair,exact,,"Unit 1 Assessment Plan; Framework AP Topics 1.10, 1.11, 1.12, 1.13; optional AP-topic source used for task-form/rigor reference",Tarsia-safe dual-use PS3 item: concise single-target prompt; short unique answer; no figure/table; no comma outside math in question.
U1-S4-PS3-C03,MATH,1,1.4,practice_set_3,ps3,C03,current,2,"Analyze continuity at a point and on intervals, and classify discontinuities using limits, function values, and piecewise definitions.","I can analyze continuity at a point and on intervals, and classify discontinuities using limits, function values, and piecewise definitions.","AP Topics 1.10, 1.11, 1.12, 1.13",tarsia-pair,exact,,"Unit 1 Assessment Plan; Framework AP Topics 1.10, 1.11, 1.12, 1.13; optional AP-topic source used for task-form/rigor reference",Tarsia-safe dual-use PS3 item: concise single-target prompt; short unique answer; no figure/table; no comma outside math in question.
U1-S4-PS3-C04,MATH,1,1.4,practice_set_3,ps3,C04,current,1,"Analyze continuity at a point and on intervals, and classify discontinuities using limits, function values, and piecewise definitions.","I can analyze continuity at a point and on intervals, and classify discontinuities using limits, function values, and piecewise definitions.","AP Topics 1.10, 1.11, 1.12, 1.13",tarsia-pair,exact,,"Unit 1 Assessment Plan; Framework AP Topics 1.10, 1.11, 1.12, 1.13; optional AP-topic source used for task-form/rigor reference",Tarsia-safe dual-use PS3 item: concise single-target prompt; short unique answer; no figure/table; no comma outside math in question.
U1-S4-PS3-C05,MATH,1,1.4,practice_set_3,ps3,C05,current,1,"Analyze continuity at a point and on intervals, and classify discontinuities using limits, function values, and piecewise definitions.","I can analyze continuity at a point and on intervals, and classify discontinuities using limits, function values, and piecewise definitions.","AP Topics 1.10, 1.11, 1.12, 1.13",tarsia-pair,exact,,"Unit 1 Assessment Plan; Framework AP Topics 1.10, 1.11, 1.12, 1.13; optional AP-topic source used for task-form/rigor reference",Tarsia-safe dual-use PS3 item: concise single-target prompt; short unique answer; no figure/table; no comma outside math in question.
U1-S4-PS3-L01,MATH,1,1.4,practice_set_3,ps3,L01,last,3,"Evaluate limits algebraically using direct substitution, limit laws, factoring, conjugates, and appropriate trigonometric or squeeze reasoning.",I can evaluate limits algebraically and select an appropriate routine method.,"AP Topics 1.10, 1.11, 1.12, 1.13",tarsia-pair,exact,,"Unit 1 Assessment Plan; Framework AP Topics 1.10, 1.11, 1.12, 1.13; optional AP-topic source used for task-form/rigor reference",Tarsia-safe dual-use PS3 item: concise single-target prompt; short unique answer; no figure/table; no comma outside math in question.
U1-S4-PS3-L02,MATH,1,1.4,practice_set_3,ps3,L02,last,2,"Evaluate limits algebraically using direct substitution, limit laws, factoring, conjugates, and appropriate trigonometric or squeeze reasoning.",I can evaluate limits algebraically and select an appropriate routine method.,"AP Topics 1.10, 1.11, 1.12, 1.13",tarsia-pair,exact,,"Unit 1 Assessment Plan; Framework AP Topics 1.10, 1.11, 1.12, 1.13; optional AP-topic source used for task-form/rigor reference",Tarsia-safe dual-use PS3 item: concise single-target prompt; short unique answer; no figure/table; no comma outside math in question.
U1-S4-PS3-L03,MATH,1,1.4,practice_set_3,ps3,L03,last,1,"Evaluate limits algebraically using direct substitution, limit laws, factoring, conjugates, and appropriate trigonometric or squeeze reasoning.",I can evaluate limits algebraically and select an appropriate routine method.,"AP Topics 1.10, 1.11, 1.12, 1.13",tarsia-pair,exact,,"Unit 1 Assessment Plan; Framework AP Topics 1.10, 1.11, 1.12, 1.13; optional AP-topic source used for task-form/rigor reference",Tarsia-safe dual-use PS3 item: concise single-target prompt; short unique answer; no figure/table; no comma outside math in question.
U1-S4-PS3-L04,MATH,1,1.4,practice_set_3,ps3,L04,last,2,"Evaluate limits algebraically using direct substitution, limit laws, factoring, conjugates, and appropriate trigonometric or squeeze reasoning.",I can evaluate limits algebraically and select an appropriate routine method.,"AP Topics 1.10, 1.11, 1.12, 1.13",tarsia-pair,exact,,"Unit 1 Assessment Plan; Framework AP Topics 1.10, 1.11, 1.12, 1.13; optional AP-topic source used for task-form/rigor reference",Tarsia-safe dual-use PS3 item: concise single-target prompt; short unique answer; no figure/table; no comma outside math in question.
U1-S4-PS3-L05,MATH,1,1.4,practice_set_3,ps3,L05,last,2,"Evaluate limits algebraically using direct substitution, limit laws, factoring, conjugates, and appropriate trigonometric or squeeze reasoning.",I can evaluate limits algebraically and select an appropriate routine method.,"AP Topics 1.10, 1.11, 1.12, 1.13",tarsia-pair,exact,,"Unit 1 Assessment Plan; Framework AP Topics 1.10, 1.11, 1.12, 1.13; optional AP-topic source used for task-form/rigor reference",Tarsia-safe dual-use PS3 item: concise single-target prompt; short unique answer; no figure/table; no comma outside math in question.
U1-S4-PS3-M01,MATH,1,1.4,practice_set_3,ps3,M01,mastery,1,Retrieve durable prerequisite learning used throughout Unit 1.,"I can use prerequisite function, representation, algebra, and rate-of-change skills accurately.","AP Topics 1.10, 1.11, 1.12, 1.13",tarsia-pair,exact,,"Unit 1 Assessment Plan; Framework AP Topics 1.10, 1.11, 1.12, 1.13; optional AP-topic source used for task-form/rigor reference",Tarsia-safe dual-use PS3 item: concise single-target prompt; short unique answer; no figure/table; no comma outside math in question.
U1-S4-PS3-M02,MATH,1,1.4,practice_set_3,ps3,M02,mastery,1,Retrieve durable prerequisite learning used throughout Unit 1.,"I can use prerequisite function, representation, algebra, and rate-of-change skills accurately.","AP Topics 1.10, 1.11, 1.12, 1.13",tarsia-pair,exact,,"Unit 1 Assessment Plan; Framework AP Topics 1.10, 1.11, 1.12, 1.13; optional AP-topic source used for task-form/rigor reference",Tarsia-safe dual-use PS3 item: concise single-target prompt; short unique answer; no figure/table; no comma outside math in question.
U1-S4-PS3-M03,MATH,1,1.4,practice_set_3,ps3,M03,mastery,1,Retrieve durable prerequisite learning used throughout Unit 1.,"I can use prerequisite function, representation, algebra, and rate-of-change skills accurately.","AP Topics 1.10, 1.11, 1.12, 1.13",tarsia-pair,exact,,"Unit 1 Assessment Plan; Framework AP Topics 1.10, 1.11, 1.12, 1.13; optional AP-topic source used for task-form/rigor reference",Tarsia-safe dual-use PS3 item: concise single-target prompt; short unique answer; no figure/table; no comma outside math in question.
U1-S4-PS3-M04,MATH,1,1.4,practice_set_3,ps3,M04,mastery,1,Retrieve durable prerequisite learning used throughout Unit 1.,"I can use prerequisite function, representation, algebra, and rate-of-change skills accurately.","AP Topics 1.10, 1.11, 1.12, 1.13",tarsia-pair,exact,,"Unit 1 Assessment Plan; Framework AP Topics 1.10, 1.11, 1.12, 1.13; optional AP-topic source used for task-form/rigor reference",Tarsia-safe dual-use PS3 item: concise single-target prompt; short unique answer; no figure/table; no comma outside math in question.
U1-S4-PS3-M05,MATH,1,1.4,practice_set_3,ps3,M05,mastery,1,Retrieve durable prerequisite learning used throughout Unit 1.,"I can use prerequisite function, representation, algebra, and rate-of-change skills accurately.","AP Topics 1.10, 1.11, 1.12, 1.13",tarsia-pair,exact,,"Unit 1 Assessment Plan; Framework AP Topics 1.10, 1.11, 1.12, 1.13; optional AP-topic source used for task-form/rigor reference",Tarsia-safe dual-use PS3 item: concise single-target prompt; short unique answer; no figure/table; no comma outside math in question.
U1-S4-PS3-M06,MATH,1,1.4,practice_set_3,ps3,M06,mastery,1,Retrieve durable prerequisite learning used throughout Unit 1.,"I can use prerequisite function, representation, algebra, and rate-of-change skills accurately.","AP Topics 1.10, 1.11, 1.12, 1.13",tarsia-pair,exact,,"Unit 1 Assessment Plan; Framework AP Topics 1.10, 1.11, 1.12, 1.13; optional AP-topic source used for task-form/rigor reference",Tarsia-safe dual-use PS3 item: concise single-target prompt; short unique answer; no figure/table; no comma outside math in question.
U1-S4-PS3-M07,MATH,1,1.4,practice_set_3,ps3,M07,mastery,2,Retrieve durable prerequisite learning used throughout Unit 1.,"I can use prerequisite function, representation, algebra, and rate-of-change skills accurately.","AP Topics 1.10, 1.11, 1.12, 1.13",tarsia-pair,exact,,"Unit 1 Assessment Plan; Framework AP Topics 1.10, 1.11, 1.12, 1.13; optional AP-topic source used for task-form/rigor reference",Tarsia-safe dual-use PS3 item: concise single-target prompt; short unique answer; no figure/table; no comma outside math in question.
U1-S4-PS3-M08,MATH,1,1.4,practice_set_3,ps3,M08,mastery,1,Retrieve durable prerequisite learning used throughout Unit 1.,"I can use prerequisite function, representation, algebra, and rate-of-change skills accurately.","AP Topics 1.10, 1.11, 1.12, 1.13",tarsia-pair,exact,,"Unit 1 Assessment Plan; Framework AP Topics 1.10, 1.11, 1.12, 1.13; optional AP-topic source used for task-form/rigor reference",Tarsia-safe dual-use PS3 item: concise single-target prompt; short unique answer; no figure/table; no comma outside math in question.
U1-S4-PS3-M09,MATH,1,1.4,practice_set_3,ps3,M09,mastery,1,Retrieve durable prerequisite learning used throughout Unit 1.,"I can use prerequisite function, representation, algebra, and rate-of-change skills accurately.","AP Topics 1.10, 1.11, 1.12, 1.13",tarsia-pair,exact,,"Unit 1 Assessment Plan; Framework AP Topics 1.10, 1.11, 1.12, 1.13; optional AP-topic source used for task-form/rigor reference",Tarsia-safe dual-use PS3 item: concise single-target prompt; short unique answer; no figure/table; no comma outside math in question.
U1-S4-PS3-M10,MATH,1,1.4,practice_set_3,ps3,M10,mastery,2,Retrieve durable prerequisite learning used throughout Unit 1.,"I can use prerequisite function, representation, algebra, and rate-of-change skills accurately.","AP Topics 1.10, 1.11, 1.12, 1.13",tarsia-pair,exact,,"Unit 1 Assessment Plan; Framework AP Topics 1.10, 1.11, 1.12, 1.13; optional AP-topic source used for task-form/rigor reference",Tarsia-safe dual-use PS3 item: concise single-target prompt; short unique answer; no figure/table; no comma outside math in question.
U1-S4-XP-C01,MATH,1,1.4,extra_practice,xp,C01,current,2,"Analyze continuity at a point and on intervals, and classify discontinuities using limits, function values, and piecewise definitions.","I can analyze continuity at a point and on intervals, and classify discontinuities using limits, function values, and piecewise definitions.","AP Topics 1.10, 1.11, 1.12, 1.13",short-response,exact,,"Unit 1 Assessment Plan; Framework AP Topics 1.10, 1.11, 1.12, 1.13; optional AP-topic source used for task-form/rigor reference",
U1-S4-XP-C02,MATH,1,1.4,extra_practice,xp,C02,current,1,"Analyze continuity at a point and on intervals, and classify discontinuities using limits, function values, and piecewise definitions.","I can analyze continuity at a point and on intervals, and classify discontinuities using limits, function values, and piecewise definitions.","AP Topics 1.10, 1.11, 1.12, 1.13",short-response,exact,,"Unit 1 Assessment Plan; Framework AP Topics 1.10, 1.11, 1.12, 1.13; optional AP-topic source used for task-form/rigor reference",
U1-S4-XP-C03,MATH,1,1.4,extra_practice,xp,C03,current,1,"Analyze continuity at a point and on intervals, and classify discontinuities using limits, function values, and piecewise definitions.","I can analyze continuity at a point and on intervals, and classify discontinuities using limits, function values, and piecewise definitions.","AP Topics 1.10, 1.11, 1.12, 1.13",short-response,exact,,"Unit 1 Assessment Plan; Framework AP Topics 1.10, 1.11, 1.12, 1.13; optional AP-topic source used for task-form/rigor reference",
U1-S4-XP-C04,MATH,1,1.4,extra_practice,xp,C04,current,2,"Analyze continuity at a point and on intervals, and classify discontinuities using limits, function values, and piecewise definitions.","I can analyze continuity at a point and on intervals, and classify discontinuities using limits, function values, and piecewise definitions.","AP Topics 1.10, 1.11, 1.12, 1.13",short-response,exact,,"Unit 1 Assessment Plan; Framework AP Topics 1.10, 1.11, 1.12, 1.13; optional AP-topic source used for task-form/rigor reference",
U1-S4-XP-C05,MATH,1,1.4,extra_practice,xp,C05,current,1,"Analyze continuity at a point and on intervals, and classify discontinuities using limits, function values, and piecewise definitions.","I can analyze continuity at a point and on intervals, and classify discontinuities using limits, function values, and piecewise definitions.","AP Topics 1.10, 1.11, 1.12, 1.13",short-response,exact,,"Unit 1 Assessment Plan; Framework AP Topics 1.10, 1.11, 1.12, 1.13; optional AP-topic source used for task-form/rigor reference",
U1-S4-XP-L01,MATH,1,1.4,extra_practice,xp,L01,last,2,"Evaluate limits algebraically using direct substitution, limit laws, factoring, conjugates, and appropriate trigonometric or squeeze reasoning.",I can evaluate limits algebraically and select an appropriate routine method.,"AP Topics 1.10, 1.11, 1.12, 1.13",short-response,exact,,"Unit 1 Assessment Plan; Framework AP Topics 1.10, 1.11, 1.12, 1.13; optional AP-topic source used for task-form/rigor reference",
U1-S4-XP-L02,MATH,1,1.4,extra_practice,xp,L02,last,2,"Evaluate limits algebraically using direct substitution, limit laws, factoring, conjugates, and appropriate trigonometric or squeeze reasoning.",I can evaluate limits algebraically and select an appropriate routine method.,"AP Topics 1.10, 1.11, 1.12, 1.13",short-response,exact,,"Unit 1 Assessment Plan; Framework AP Topics 1.10, 1.11, 1.12, 1.13; optional AP-topic source used for task-form/rigor reference",
U1-S4-XP-L03,MATH,1,1.4,extra_practice,xp,L03,last,3,"Evaluate limits algebraically using direct substitution, limit laws, factoring, conjugates, and appropriate trigonometric or squeeze reasoning.",I can evaluate limits algebraically and select an appropriate routine method.,"AP Topics 1.10, 1.11, 1.12, 1.13",short-response,exact,,"Unit 1 Assessment Plan; Framework AP Topics 1.10, 1.11, 1.12, 1.13; optional AP-topic source used for task-form/rigor reference",
U1-S4-XP-L04,MATH,1,1.4,extra_practice,xp,L04,last,2,"Evaluate limits algebraically using direct substitution, limit laws, factoring, conjugates, and appropriate trigonometric or squeeze reasoning.",I can evaluate limits algebraically and select an appropriate routine method.,"AP Topics 1.10, 1.11, 1.12, 1.13",short-response,exact,,"Unit 1 Assessment Plan; Framework AP Topics 1.10, 1.11, 1.12, 1.13; optional AP-topic source used for task-form/rigor reference",
U1-S4-XP-L05,MATH,1,1.4,extra_practice,xp,L05,last,1,"Evaluate limits algebraically using direct substitution, limit laws, factoring, conjugates, and appropriate trigonometric or squeeze reasoning.",I can evaluate limits algebraically and select an appropriate routine method.,"AP Topics 1.10, 1.11, 1.12, 1.13",short-response,exact,,"Unit 1 Assessment Plan; Framework AP Topics 1.10, 1.11, 1.12, 1.13; optional AP-topic source used for task-form/rigor reference",
U1-S4-XP-M01,MATH,1,1.4,extra_practice,xp,M01,mastery,1,Retrieve durable prerequisite learning used throughout Unit 1.,"I can use prerequisite function, representation, algebra, and rate-of-change skills accurately.","AP Topics 1.10, 1.11, 1.12, 1.13",short-response,exact,,"Unit 1 Assessment Plan; Framework AP Topics 1.10, 1.11, 1.12, 1.13; optional AP-topic source used for task-form/rigor reference",
U1-S4-XP-M02,MATH,1,1.4,extra_practice,xp,M02,mastery,1,Retrieve durable prerequisite learning used throughout Unit 1.,"I can use prerequisite function, representation, algebra, and rate-of-change skills accurately.","AP Topics 1.10, 1.11, 1.12, 1.13",short-response,exact,,"Unit 1 Assessment Plan; Framework AP Topics 1.10, 1.11, 1.12, 1.13; optional AP-topic source used for task-form/rigor reference",
U1-S4-XP-M03,MATH,1,1.4,extra_practice,xp,M03,mastery,1,Retrieve durable prerequisite learning used throughout Unit 1.,"I can use prerequisite function, representation, algebra, and rate-of-change skills accurately.","AP Topics 1.10, 1.11, 1.12, 1.13",short-response,exact,,"Unit 1 Assessment Plan; Framework AP Topics 1.10, 1.11, 1.12, 1.13; optional AP-topic source used for task-form/rigor reference",
U1-S4-XP-M04,MATH,1,1.4,extra_practice,xp,M04,mastery,1,Retrieve durable prerequisite learning used throughout Unit 1.,"I can use prerequisite function, representation, algebra, and rate-of-change skills accurately.","AP Topics 1.10, 1.11, 1.12, 1.13",short-response,exact,,"Unit 1 Assessment Plan; Framework AP Topics 1.10, 1.11, 1.12, 1.13; optional AP-topic source used for task-form/rigor reference",
U1-S4-XP-M05,MATH,1,1.4,extra_practice,xp,M05,mastery,2,Retrieve durable prerequisite learning used throughout Unit 1.,"I can use prerequisite function, representation, algebra, and rate-of-change skills accurately.","AP Topics 1.10, 1.11, 1.12, 1.13",short-response,exact,,"Unit 1 Assessment Plan; Framework AP Topics 1.10, 1.11, 1.12, 1.13; optional AP-topic source used for task-form/rigor reference",
U1-S4-XP-M06,MATH,1,1.4,extra_practice,xp,M06,mastery,1,Retrieve durable prerequisite learning used throughout Unit 1.,"I can use prerequisite function, representation, algebra, and rate-of-change skills accurately.","AP Topics 1.10, 1.11, 1.12, 1.13",short-response,exact,,"Unit 1 Assessment Plan; Framework AP Topics 1.10, 1.11, 1.12, 1.13; optional AP-topic source used for task-form/rigor reference",
U1-S4-XP-M07,MATH,1,1.4,extra_practice,xp,M07,mastery,1,Retrieve durable prerequisite learning used throughout Unit 1.,"I can use prerequisite function, representation, algebra, and rate-of-change skills accurately.","AP Topics 1.10, 1.11, 1.12, 1.13",short-response,exact,,"Unit 1 Assessment Plan; Framework AP Topics 1.10, 1.11, 1.12, 1.13; optional AP-topic source used for task-form/rigor reference",
U1-S4-XP-M08,MATH,1,1.4,extra_practice,xp,M08,mastery,1,Retrieve durable prerequisite learning used throughout Unit 1.,"I can use prerequisite function, representation, algebra, and rate-of-change skills accurately.","AP Topics 1.10, 1.11, 1.12, 1.13",short-response,exact,,"Unit 1 Assessment Plan; Framework AP Topics 1.10, 1.11, 1.12, 1.13; optional AP-topic source used for task-form/rigor reference",
U1-S4-XP-M09,MATH,1,1.4,extra_practice,xp,M09,mastery,2,Retrieve durable prerequisite learning used throughout Unit 1.,"I can use prerequisite function, representation, algebra, and rate-of-change skills accurately.","AP Topics 1.10, 1.11, 1.12, 1.13",short-response,exact,,"Unit 1 Assessment Plan; Framework AP Topics 1.10, 1.11, 1.12, 1.13; optional AP-topic source used for task-form/rigor reference",
U1-S4-XP-M10,MATH,1,1.4,extra_practice,xp,M10,mastery,1,Retrieve durable prerequisite learning used throughout Unit 1.,"I can use prerequisite function, representation, algebra, and rate-of-change skills accurately.","AP Topics 1.10, 1.11, 1.12, 1.13",short-response,exact,,"Unit 1 Assessment Plan; Framework AP Topics 1.10, 1.11, 1.12, 1.13; optional AP-topic source used for task-form/rigor reference",
U1-S5-PS1-C01,MATH,1,1.5,practice_set_1,ps1,C01,current,1,"Interpret infinite limits and limits at infinity to identify asymptotic behavior, and apply the Intermediate Value Theorem when its hypotheses are satisfied.","I can interpret infinite limits and limits at infinity to identify asymptotic behavior, and apply the Intermediate Value Theorem when its hypotheses are satisfied.","AP Topics 1.14, 1.15, 1.16",short-response,exact,u1_s5_ps1_c01_graph.png,"Unit 1 Assessment Plan; Framework AP Topics 1.14, 1.15, 1.16; optional AP-topic source used for task-form/rigor reference",
U1-S5-PS1-C02,MATH,1,1.5,practice_set_1,ps1,C02,current,3,"Interpret infinite limits and limits at infinity to identify asymptotic behavior, and apply the Intermediate Value Theorem when its hypotheses are satisfied.","I can interpret infinite limits and limits at infinity to identify asymptotic behavior, and apply the Intermediate Value Theorem when its hypotheses are satisfied.","AP Topics 1.14, 1.15, 1.16",short-response,exact,,"Unit 1 Assessment Plan; Framework AP Topics 1.14, 1.15, 1.16; optional AP-topic source used for task-form/rigor reference",
U1-S5-PS1-C03,MATH,1,1.5,practice_set_1,ps1,C03,current,2,"Interpret infinite limits and limits at infinity to identify asymptotic behavior, and apply the Intermediate Value Theorem when its hypotheses are satisfied.","I can interpret infinite limits and limits at infinity to identify asymptotic behavior, and apply the Intermediate Value Theorem when its hypotheses are satisfied.","AP Topics 1.14, 1.15, 1.16",short-response,exact,,"Unit 1 Assessment Plan; Framework AP Topics 1.14, 1.15, 1.16; optional AP-topic source used for task-form/rigor reference",
U1-S5-PS1-C04,MATH,1,1.5,practice_set_1,ps1,C04,current,1,"Interpret infinite limits and limits at infinity to identify asymptotic behavior, and apply the Intermediate Value Theorem when its hypotheses are satisfied.","I can interpret infinite limits and limits at infinity to identify asymptotic behavior, and apply the Intermediate Value Theorem when its hypotheses are satisfied.","AP Topics 1.14, 1.15, 1.16",short-response,exact,,"Unit 1 Assessment Plan; Framework AP Topics 1.14, 1.15, 1.16; optional AP-topic source used for task-form/rigor reference",
U1-S5-PS1-C05,MATH,1,1.5,practice_set_1,ps1,C05,current,2,"Interpret infinite limits and limits at infinity to identify asymptotic behavior, and apply the Intermediate Value Theorem when its hypotheses are satisfied.","I can interpret infinite limits and limits at infinity to identify asymptotic behavior, and apply the Intermediate Value Theorem when its hypotheses are satisfied.","AP Topics 1.14, 1.15, 1.16",short-response,exact,,"Unit 1 Assessment Plan; Framework AP Topics 1.14, 1.15, 1.16; optional AP-topic source used for task-form/rigor reference",
U1-S5-PS1-L01,MATH,1,1.5,practice_set_1,ps1,L01,last,2,"Analyze continuity at a point and on intervals, and classify discontinuities using limits, function values, and piecewise definitions.",I can analyze continuity at a point and classify discontinuities.,"AP Topics 1.14, 1.15, 1.16",short-response,exact,,"Unit 1 Assessment Plan; Framework AP Topics 1.14, 1.15, 1.16; optional AP-topic source used for task-form/rigor reference",
U1-S5-PS1-L02,MATH,1,1.5,practice_set_1,ps1,L02,last,1,"Analyze continuity at a point and on intervals, and classify discontinuities using limits, function values, and piecewise definitions.",I can analyze continuity at a point and classify discontinuities.,"AP Topics 1.14, 1.15, 1.16",short-response,exact,,"Unit 1 Assessment Plan; Framework AP Topics 1.14, 1.15, 1.16; optional AP-topic source used for task-form/rigor reference",
U1-S5-PS1-L03,MATH,1,1.5,practice_set_1,ps1,L03,last,2,"Analyze continuity at a point and on intervals, and classify discontinuities using limits, function values, and piecewise definitions.",I can analyze continuity at a point and classify discontinuities.,"AP Topics 1.14, 1.15, 1.16",short-response,exact,,"Unit 1 Assessment Plan; Framework AP Topics 1.14, 1.15, 1.16; optional AP-topic source used for task-form/rigor reference",
U1-S5-PS1-L04,MATH,1,1.5,practice_set_1,ps1,L04,last,2,"Analyze continuity at a point and on intervals, and classify discontinuities using limits, function values, and piecewise definitions.",I can analyze continuity at a point and classify discontinuities.,"AP Topics 1.14, 1.15, 1.16",short-response,exact,,"Unit 1 Assessment Plan; Framework AP Topics 1.14, 1.15, 1.16; optional AP-topic source used for task-form/rigor reference",
U1-S5-PS1-L05,MATH,1,1.5,practice_set_1,ps1,L05,last,1,"Analyze continuity at a point and on intervals, and classify discontinuities using limits, function values, and piecewise definitions.",I can analyze continuity at a point and classify discontinuities.,"AP Topics 1.14, 1.15, 1.16",short-response,exact,,"Unit 1 Assessment Plan; Framework AP Topics 1.14, 1.15, 1.16; optional AP-topic source used for task-form/rigor reference",
U1-S5-PS1-M01,MATH,1,1.5,practice_set_1,ps1,M01,mastery,1,Retrieve durable prerequisite learning used throughout Unit 1.,"I can use prerequisite function, representation, algebra, and rate-of-change skills accurately.","AP Topics 1.14, 1.15, 1.16",short-response,exact,,"Unit 1 Assessment Plan; Framework AP Topics 1.14, 1.15, 1.16; optional AP-topic source used for task-form/rigor reference",
U1-S5-PS1-M02,MATH,1,1.5,practice_set_1,ps1,M02,mastery,1,Retrieve durable prerequisite learning used throughout Unit 1.,"I can use prerequisite function, representation, algebra, and rate-of-change skills accurately.","AP Topics 1.14, 1.15, 1.16",short-response,exact,,"Unit 1 Assessment Plan; Framework AP Topics 1.14, 1.15, 1.16; optional AP-topic source used for task-form/rigor reference",
U1-S5-PS1-M03,MATH,1,1.5,practice_set_1,ps1,M03,mastery,2,Retrieve durable prerequisite learning used throughout Unit 1.,"I can use prerequisite function, representation, algebra, and rate-of-change skills accurately.","AP Topics 1.14, 1.15, 1.16",short-response,exact,,"Unit 1 Assessment Plan; Framework AP Topics 1.14, 1.15, 1.16; optional AP-topic source used for task-form/rigor reference",
U1-S5-PS1-M04,MATH,1,1.5,practice_set_1,ps1,M04,mastery,1,Retrieve durable prerequisite learning used throughout Unit 1.,"I can use prerequisite function, representation, algebra, and rate-of-change skills accurately.","AP Topics 1.14, 1.15, 1.16",short-response,exact,,"Unit 1 Assessment Plan; Framework AP Topics 1.14, 1.15, 1.16; optional AP-topic source used for task-form/rigor reference",
U1-S5-PS1-M05,MATH,1,1.5,practice_set_1,ps1,M05,mastery,1,Retrieve durable prerequisite learning used throughout Unit 1.,"I can use prerequisite function, representation, algebra, and rate-of-change skills accurately.","AP Topics 1.14, 1.15, 1.16",short-response,exact,,"Unit 1 Assessment Plan; Framework AP Topics 1.14, 1.15, 1.16; optional AP-topic source used for task-form/rigor reference",
U1-S5-PS1-M06,MATH,1,1.5,practice_set_1,ps1,M06,mastery,1,Retrieve durable prerequisite learning used throughout Unit 1.,"I can use prerequisite function, representation, algebra, and rate-of-change skills accurately.","AP Topics 1.14, 1.15, 1.16",short-response,exact,,"Unit 1 Assessment Plan; Framework AP Topics 1.14, 1.15, 1.16; optional AP-topic source used for task-form/rigor reference",
U1-S5-PS1-M07,MATH,1,1.5,practice_set_1,ps1,M07,mastery,2,Retrieve durable prerequisite learning used throughout Unit 1.,"I can use prerequisite function, representation, algebra, and rate-of-change skills accurately.","AP Topics 1.14, 1.15, 1.16",short-response,exact,,"Unit 1 Assessment Plan; Framework AP Topics 1.14, 1.15, 1.16; optional AP-topic source used for task-form/rigor reference",
U1-S5-PS1-M08,MATH,1,1.5,practice_set_1,ps1,M08,mastery,1,Retrieve durable prerequisite learning used throughout Unit 1.,"I can use prerequisite function, representation, algebra, and rate-of-change skills accurately.","AP Topics 1.14, 1.15, 1.16",short-response,exact,,"Unit 1 Assessment Plan; Framework AP Topics 1.14, 1.15, 1.16; optional AP-topic source used for task-form/rigor reference",
U1-S5-PS1-M09,MATH,1,1.5,practice_set_1,ps1,M09,mastery,1,Retrieve durable prerequisite learning used throughout Unit 1.,"I can use prerequisite function, representation, algebra, and rate-of-change skills accurately.","AP Topics 1.14, 1.15, 1.16",short-response,exact,,"Unit 1 Assessment Plan; Framework AP Topics 1.14, 1.15, 1.16; optional AP-topic source used for task-form/rigor reference",
U1-S5-PS1-M10,MATH,1,1.5,practice_set_1,ps1,M10,mastery,2,Retrieve durable prerequisite learning used throughout Unit 1.,"I can use prerequisite function, representation, algebra, and rate-of-change skills accurately.","AP Topics 1.14, 1.15, 1.16",short-response,exact,,"Unit 1 Assessment Plan; Framework AP Topics 1.14, 1.15, 1.16; optional AP-topic source used for task-form/rigor reference",
U1-S5-PS2-C01,MATH,1,1.5,practice_set_2,ps2,C01,current,2,"Interpret infinite limits and limits at infinity to identify asymptotic behavior, and apply the Intermediate Value Theorem when its hypotheses are satisfied.","I can interpret infinite limits and limits at infinity to identify asymptotic behavior, and apply the Intermediate Value Theorem when its hypotheses are satisfied.","AP Topics 1.14, 1.15, 1.16",short-response,exact,u1_s5_ps2_c01_graph.png,"Unit 1 Assessment Plan; Framework AP Topics 1.14, 1.15, 1.16; optional AP-topic source used for task-form/rigor reference",
U1-S5-PS2-C02,MATH,1,1.5,practice_set_2,ps2,C02,current,1,"Interpret infinite limits and limits at infinity to identify asymptotic behavior, and apply the Intermediate Value Theorem when its hypotheses are satisfied.","I can interpret infinite limits and limits at infinity to identify asymptotic behavior, and apply the Intermediate Value Theorem when its hypotheses are satisfied.","AP Topics 1.14, 1.15, 1.16",short-response,exact,,"Unit 1 Assessment Plan; Framework AP Topics 1.14, 1.15, 1.16; optional AP-topic source used for task-form/rigor reference",
U1-S5-PS2-C03,MATH,1,1.5,practice_set_2,ps2,C03,current,1,"Interpret infinite limits and limits at infinity to identify asymptotic behavior, and apply the Intermediate Value Theorem when its hypotheses are satisfied.","I can interpret infinite limits and limits at infinity to identify asymptotic behavior, and apply the Intermediate Value Theorem when its hypotheses are satisfied.","AP Topics 1.14, 1.15, 1.16",short-response,exact,,"Unit 1 Assessment Plan; Framework AP Topics 1.14, 1.15, 1.16; optional AP-topic source used for task-form/rigor reference",
U1-S5-PS2-C04,MATH,1,1.5,practice_set_2,ps2,C04,current,2,"Interpret infinite limits and limits at infinity to identify asymptotic behavior, and apply the Intermediate Value Theorem when its hypotheses are satisfied.","I can interpret infinite limits and limits at infinity to identify asymptotic behavior, and apply the Intermediate Value Theorem when its hypotheses are satisfied.","AP Topics 1.14, 1.15, 1.16",short-response,exact,,"Unit 1 Assessment Plan; Framework AP Topics 1.14, 1.15, 1.16; optional AP-topic source used for task-form/rigor reference",
U1-S5-PS2-C05,MATH,1,1.5,practice_set_2,ps2,C05,current,1,"Interpret infinite limits and limits at infinity to identify asymptotic behavior, and apply the Intermediate Value Theorem when its hypotheses are satisfied.","I can interpret infinite limits and limits at infinity to identify asymptotic behavior, and apply the Intermediate Value Theorem when its hypotheses are satisfied.","AP Topics 1.14, 1.15, 1.16",short-response,exact,,"Unit 1 Assessment Plan; Framework AP Topics 1.14, 1.15, 1.16; optional AP-topic source used for task-form/rigor reference",
U1-S5-PS2-L01,MATH,1,1.5,practice_set_2,ps2,L01,last,3,"Analyze continuity at a point and on intervals, and classify discontinuities using limits, function values, and piecewise definitions.",I can analyze continuity at a point and classify discontinuities.,"AP Topics 1.14, 1.15, 1.16",short-response,exact,,"Unit 1 Assessment Plan; Framework AP Topics 1.14, 1.15, 1.16; optional AP-topic source used for task-form/rigor reference",
U1-S5-PS2-L02,MATH,1,1.5,practice_set_2,ps2,L02,last,1,"Analyze continuity at a point and on intervals, and classify discontinuities using limits, function values, and piecewise definitions.",I can analyze continuity at a point and classify discontinuities.,"AP Topics 1.14, 1.15, 1.16",short-response,exact,,"Unit 1 Assessment Plan; Framework AP Topics 1.14, 1.15, 1.16; optional AP-topic source used for task-form/rigor reference",
U1-S5-PS2-L03,MATH,1,1.5,practice_set_2,ps2,L03,last,1,"Analyze continuity at a point and on intervals, and classify discontinuities using limits, function values, and piecewise definitions.",I can analyze continuity at a point and classify discontinuities.,"AP Topics 1.14, 1.15, 1.16",short-response,exact,,"Unit 1 Assessment Plan; Framework AP Topics 1.14, 1.15, 1.16; optional AP-topic source used for task-form/rigor reference",
U1-S5-PS2-L04,MATH,1,1.5,practice_set_2,ps2,L04,last,1,"Analyze continuity at a point and on intervals, and classify discontinuities using limits, function values, and piecewise definitions.",I can analyze continuity at a point and classify discontinuities.,"AP Topics 1.14, 1.15, 1.16",short-response,exact,,"Unit 1 Assessment Plan; Framework AP Topics 1.14, 1.15, 1.16; optional AP-topic source used for task-form/rigor reference",
U1-S5-PS2-L05,MATH,1,1.5,practice_set_2,ps2,L05,last,2,"Analyze continuity at a point and on intervals, and classify discontinuities using limits, function values, and piecewise definitions.",I can analyze continuity at a point and classify discontinuities.,"AP Topics 1.14, 1.15, 1.16",short-response,exact,,"Unit 1 Assessment Plan; Framework AP Topics 1.14, 1.15, 1.16; optional AP-topic source used for task-form/rigor reference",
U1-S5-PS2-M01,MATH,1,1.5,practice_set_2,ps2,M01,mastery,2,Retrieve durable prerequisite learning used throughout Unit 1.,"I can use prerequisite function, representation, algebra, and rate-of-change skills accurately.","AP Topics 1.14, 1.15, 1.16",short-response,exact,,"Unit 1 Assessment Plan; Framework AP Topics 1.14, 1.15, 1.16; optional AP-topic source used for task-form/rigor reference",
U1-S5-PS2-M02,MATH,1,1.5,practice_set_2,ps2,M02,mastery,2,Retrieve durable prerequisite learning used throughout Unit 1.,"I can use prerequisite function, representation, algebra, and rate-of-change skills accurately.","AP Topics 1.14, 1.15, 1.16",short-response,exact,,"Unit 1 Assessment Plan; Framework AP Topics 1.14, 1.15, 1.16; optional AP-topic source used for task-form/rigor reference",
U1-S5-PS2-M03,MATH,1,1.5,practice_set_2,ps2,M03,mastery,2,Retrieve durable prerequisite learning used throughout Unit 1.,"I can use prerequisite function, representation, algebra, and rate-of-change skills accurately.","AP Topics 1.14, 1.15, 1.16",short-response,exact,,"Unit 1 Assessment Plan; Framework AP Topics 1.14, 1.15, 1.16; optional AP-topic source used for task-form/rigor reference",
U1-S5-PS2-M04,MATH,1,1.5,practice_set_2,ps2,M04,mastery,2,Retrieve durable prerequisite learning used throughout Unit 1.,"I can use prerequisite function, representation, algebra, and rate-of-change skills accurately.","AP Topics 1.14, 1.15, 1.16",short-response,exact,,"Unit 1 Assessment Plan; Framework AP Topics 1.14, 1.15, 1.16; optional AP-topic source used for task-form/rigor reference",
U1-S5-PS2-M05,MATH,1,1.5,practice_set_2,ps2,M05,mastery,2,Retrieve durable prerequisite learning used throughout Unit 1.,"I can use prerequisite function, representation, algebra, and rate-of-change skills accurately.","AP Topics 1.14, 1.15, 1.16",short-response,exact,,"Unit 1 Assessment Plan; Framework AP Topics 1.14, 1.15, 1.16; optional AP-topic source used for task-form/rigor reference",
U1-S5-PS2-M06,MATH,1,1.5,practice_set_2,ps2,M06,mastery,2,Retrieve durable prerequisite learning used throughout Unit 1.,"I can use prerequisite function, representation, algebra, and rate-of-change skills accurately.","AP Topics 1.14, 1.15, 1.16",short-response,exact,,"Unit 1 Assessment Plan; Framework AP Topics 1.14, 1.15, 1.16; optional AP-topic source used for task-form/rigor reference",
U1-S5-PS2-M07,MATH,1,1.5,practice_set_2,ps2,M07,mastery,2,Retrieve durable prerequisite learning used throughout Unit 1.,"I can use prerequisite function, representation, algebra, and rate-of-change skills accurately.","AP Topics 1.14, 1.15, 1.16",short-response,exact,,"Unit 1 Assessment Plan; Framework AP Topics 1.14, 1.15, 1.16; optional AP-topic source used for task-form/rigor reference",
U1-S5-PS2-M08,MATH,1,1.5,practice_set_2,ps2,M08,mastery,2,Retrieve durable prerequisite learning used throughout Unit 1.,"I can use prerequisite function, representation, algebra, and rate-of-change skills accurately.","AP Topics 1.14, 1.15, 1.16",short-response,exact,,"Unit 1 Assessment Plan; Framework AP Topics 1.14, 1.15, 1.16; optional AP-topic source used for task-form/rigor reference",
U1-S5-PS2-M09,MATH,1,1.5,practice_set_2,ps2,M09,mastery,2,Retrieve durable prerequisite learning used throughout Unit 1.,"I can use prerequisite function, representation, algebra, and rate-of-change skills accurately.","AP Topics 1.14, 1.15, 1.16",short-response,exact,,"Unit 1 Assessment Plan; Framework AP Topics 1.14, 1.15, 1.16; optional AP-topic source used for task-form/rigor reference",
U1-S5-PS2-M10,MATH,1,1.5,practice_set_2,ps2,M10,mastery,1,Retrieve durable prerequisite learning used throughout Unit 1.,"I can use prerequisite function, representation, algebra, and rate-of-change skills accurately.","AP Topics 1.14, 1.15, 1.16",short-response,exact,,"Unit 1 Assessment Plan; Framework AP Topics 1.14, 1.15, 1.16; optional AP-topic source used for task-form/rigor reference",
U1-S5-PS3-C01,MATH,1,1.5,practice_set_3,ps3,C01,current,1,"Interpret infinite limits and limits at infinity to identify asymptotic behavior, and apply the Intermediate Value Theorem when its hypotheses are satisfied.","I can interpret infinite limits and limits at infinity to identify asymptotic behavior, and apply the Intermediate Value Theorem when its hypotheses are satisfied.","AP Topics 1.14, 1.15, 1.16",tarsia-pair,exact,,"Unit 1 Assessment Plan; Framework AP Topics 1.14, 1.15, 1.16; optional AP-topic source used for task-form/rigor reference",Tarsia-safe dual-use PS3 item: concise single-target prompt; short unique answer; no figure/table; no comma outside math in question.
U1-S5-PS3-C02,MATH,1,1.5,practice_set_3,ps3,C02,current,2,"Interpret infinite limits and limits at infinity to identify asymptotic behavior, and apply the Intermediate Value Theorem when its hypotheses are satisfied.","I can interpret infinite limits and limits at infinity to identify asymptotic behavior, and apply the Intermediate Value Theorem when its hypotheses are satisfied.","AP Topics 1.14, 1.15, 1.16",tarsia-pair,exact,,"Unit 1 Assessment Plan; Framework AP Topics 1.14, 1.15, 1.16; optional AP-topic source used for task-form/rigor reference",Tarsia-safe dual-use PS3 item: concise single-target prompt; short unique answer; no figure/table; no comma outside math in question.
U1-S5-PS3-C03,MATH,1,1.5,practice_set_3,ps3,C03,current,2,"Interpret infinite limits and limits at infinity to identify asymptotic behavior, and apply the Intermediate Value Theorem when its hypotheses are satisfied.","I can interpret infinite limits and limits at infinity to identify asymptotic behavior, and apply the Intermediate Value Theorem when its hypotheses are satisfied.","AP Topics 1.14, 1.15, 1.16",tarsia-pair,exact,,"Unit 1 Assessment Plan; Framework AP Topics 1.14, 1.15, 1.16; optional AP-topic source used for task-form/rigor reference",Tarsia-safe dual-use PS3 item: concise single-target prompt; short unique answer; no figure/table; no comma outside math in question.
U1-S5-PS3-C04,MATH,1,1.5,practice_set_3,ps3,C04,current,3,"Interpret infinite limits and limits at infinity to identify asymptotic behavior, and apply the Intermediate Value Theorem when its hypotheses are satisfied.","I can interpret infinite limits and limits at infinity to identify asymptotic behavior, and apply the Intermediate Value Theorem when its hypotheses are satisfied.","AP Topics 1.14, 1.15, 1.16",tarsia-pair,exact,,"Unit 1 Assessment Plan; Framework AP Topics 1.14, 1.15, 1.16; optional AP-topic source used for task-form/rigor reference",Tarsia-safe dual-use PS3 item: concise single-target prompt; short unique answer; no figure/table; no comma outside math in question.
U1-S5-PS3-C05,MATH,1,1.5,practice_set_3,ps3,C05,current,2,"Interpret infinite limits and limits at infinity to identify asymptotic behavior, and apply the Intermediate Value Theorem when its hypotheses are satisfied.","I can interpret infinite limits and limits at infinity to identify asymptotic behavior, and apply the Intermediate Value Theorem when its hypotheses are satisfied.","AP Topics 1.14, 1.15, 1.16",tarsia-pair,exact,,"Unit 1 Assessment Plan; Framework AP Topics 1.14, 1.15, 1.16; optional AP-topic source used for task-form/rigor reference",Tarsia-safe dual-use PS3 item: concise single-target prompt; short unique answer; no figure/table; no comma outside math in question.
U1-S5-PS3-L01,MATH,1,1.5,practice_set_3,ps3,L01,last,2,"Analyze continuity at a point and on intervals, and classify discontinuities using limits, function values, and piecewise definitions.",I can analyze continuity at a point and classify discontinuities.,"AP Topics 1.14, 1.15, 1.16",tarsia-pair,exact,,"Unit 1 Assessment Plan; Framework AP Topics 1.14, 1.15, 1.16; optional AP-topic source used for task-form/rigor reference",Tarsia-safe dual-use PS3 item: concise single-target prompt; short unique answer; no figure/table; no comma outside math in question.
U1-S5-PS3-L02,MATH,1,1.5,practice_set_3,ps3,L02,last,2,"Analyze continuity at a point and on intervals, and classify discontinuities using limits, function values, and piecewise definitions.",I can analyze continuity at a point and classify discontinuities.,"AP Topics 1.14, 1.15, 1.16",tarsia-pair,exact,,"Unit 1 Assessment Plan; Framework AP Topics 1.14, 1.15, 1.16; optional AP-topic source used for task-form/rigor reference",Tarsia-safe dual-use PS3 item: concise single-target prompt; short unique answer; no figure/table; no comma outside math in question.
U1-S5-PS3-L03,MATH,1,1.5,practice_set_3,ps3,L03,last,2,"Analyze continuity at a point and on intervals, and classify discontinuities using limits, function values, and piecewise definitions.",I can analyze continuity at a point and classify discontinuities.,"AP Topics 1.14, 1.15, 1.16",tarsia-pair,exact,,"Unit 1 Assessment Plan; Framework AP Topics 1.14, 1.15, 1.16; optional AP-topic source used for task-form/rigor reference",Tarsia-safe dual-use PS3 item: concise single-target prompt; short unique answer; no figure/table; no comma outside math in question.
U1-S5-PS3-L04,MATH,1,1.5,practice_set_3,ps3,L04,last,2,"Analyze continuity at a point and on intervals, and classify discontinuities using limits, function values, and piecewise definitions.",I can analyze continuity at a point and classify discontinuities.,"AP Topics 1.14, 1.15, 1.16",tarsia-pair,exact,,"Unit 1 Assessment Plan; Framework AP Topics 1.14, 1.15, 1.16; optional AP-topic source used for task-form/rigor reference",Tarsia-safe dual-use PS3 item: concise single-target prompt; short unique answer; no figure/table; no comma outside math in question.
U1-S5-PS3-L05,MATH,1,1.5,practice_set_3,ps3,L05,last,1,"Analyze continuity at a point and on intervals, and classify discontinuities using limits, function values, and piecewise definitions.",I can analyze continuity at a point and classify discontinuities.,"AP Topics 1.14, 1.15, 1.16",tarsia-pair,exact,,"Unit 1 Assessment Plan; Framework AP Topics 1.14, 1.15, 1.16; optional AP-topic source used for task-form/rigor reference",Tarsia-safe dual-use PS3 item: concise single-target prompt; short unique answer; no figure/table; no comma outside math in question.
U1-S5-PS3-M01,MATH,1,1.5,practice_set_3,ps3,M01,mastery,2,Retrieve durable prerequisite learning used throughout Unit 1.,"I can use prerequisite function, representation, algebra, and rate-of-change skills accurately.","AP Topics 1.14, 1.15, 1.16",tarsia-pair,exact,,"Unit 1 Assessment Plan; Framework AP Topics 1.14, 1.15, 1.16; optional AP-topic source used for task-form/rigor reference",Tarsia-safe dual-use PS3 item: concise single-target prompt; short unique answer; no figure/table; no comma outside math in question.
U1-S5-PS3-M02,MATH,1,1.5,practice_set_3,ps3,M02,mastery,1,Retrieve durable prerequisite learning used throughout Unit 1.,"I can use prerequisite function, representation, algebra, and rate-of-change skills accurately.","AP Topics 1.14, 1.15, 1.16",tarsia-pair,exact,,"Unit 1 Assessment Plan; Framework AP Topics 1.14, 1.15, 1.16; optional AP-topic source used for task-form/rigor reference",Tarsia-safe dual-use PS3 item: concise single-target prompt; short unique answer; no figure/table; no comma outside math in question.
U1-S5-PS3-M03,MATH,1,1.5,practice_set_3,ps3,M03,mastery,1,Retrieve durable prerequisite learning used throughout Unit 1.,"I can use prerequisite function, representation, algebra, and rate-of-change skills accurately.","AP Topics 1.14, 1.15, 1.16",tarsia-pair,exact,,"Unit 1 Assessment Plan; Framework AP Topics 1.14, 1.15, 1.16; optional AP-topic source used for task-form/rigor reference",Tarsia-safe dual-use PS3 item: concise single-target prompt; short unique answer; no figure/table; no comma outside math in question.
U1-S5-PS3-M04,MATH,1,1.5,practice_set_3,ps3,M04,mastery,1,Retrieve durable prerequisite learning used throughout Unit 1.,"I can use prerequisite function, representation, algebra, and rate-of-change skills accurately.","AP Topics 1.14, 1.15, 1.16",tarsia-pair,exact,,"Unit 1 Assessment Plan; Framework AP Topics 1.14, 1.15, 1.16; optional AP-topic source used for task-form/rigor reference",Tarsia-safe dual-use PS3 item: concise single-target prompt; short unique answer; no figure/table; no comma outside math in question.
U1-S5-PS3-M05,MATH,1,1.5,practice_set_3,ps3,M05,mastery,2,Retrieve durable prerequisite learning used throughout Unit 1.,"I can use prerequisite function, representation, algebra, and rate-of-change skills accurately.","AP Topics 1.14, 1.15, 1.16",tarsia-pair,exact,,"Unit 1 Assessment Plan; Framework AP Topics 1.14, 1.15, 1.16; optional AP-topic source used for task-form/rigor reference",Tarsia-safe dual-use PS3 item: concise single-target prompt; short unique answer; no figure/table; no comma outside math in question.
U1-S5-PS3-M06,MATH,1,1.5,practice_set_3,ps3,M06,mastery,1,Retrieve durable prerequisite learning used throughout Unit 1.,"I can use prerequisite function, representation, algebra, and rate-of-change skills accurately.","AP Topics 1.14, 1.15, 1.16",tarsia-pair,exact,,"Unit 1 Assessment Plan; Framework AP Topics 1.14, 1.15, 1.16; optional AP-topic source used for task-form/rigor reference",Tarsia-safe dual-use PS3 item: concise single-target prompt; short unique answer; no figure/table; no comma outside math in question.
U1-S5-PS3-M07,MATH,1,1.5,practice_set_3,ps3,M07,mastery,1,Retrieve durable prerequisite learning used throughout Unit 1.,"I can use prerequisite function, representation, algebra, and rate-of-change skills accurately.","AP Topics 1.14, 1.15, 1.16",tarsia-pair,exact,,"Unit 1 Assessment Plan; Framework AP Topics 1.14, 1.15, 1.16; optional AP-topic source used for task-form/rigor reference",Tarsia-safe dual-use PS3 item: concise single-target prompt; short unique answer; no figure/table; no comma outside math in question.
U1-S5-PS3-M08,MATH,1,1.5,practice_set_3,ps3,M08,mastery,1,Retrieve durable prerequisite learning used throughout Unit 1.,"I can use prerequisite function, representation, algebra, and rate-of-change skills accurately.","AP Topics 1.14, 1.15, 1.16",tarsia-pair,exact,,"Unit 1 Assessment Plan; Framework AP Topics 1.14, 1.15, 1.16; optional AP-topic source used for task-form/rigor reference",Tarsia-safe dual-use PS3 item: concise single-target prompt; short unique answer; no figure/table; no comma outside math in question.
U1-S5-PS3-M09,MATH,1,1.5,practice_set_3,ps3,M09,mastery,1,Retrieve durable prerequisite learning used throughout Unit 1.,"I can use prerequisite function, representation, algebra, and rate-of-change skills accurately.","AP Topics 1.14, 1.15, 1.16",tarsia-pair,exact,,"Unit 1 Assessment Plan; Framework AP Topics 1.14, 1.15, 1.16; optional AP-topic source used for task-form/rigor reference",Tarsia-safe dual-use PS3 item: concise single-target prompt; short unique answer; no figure/table; no comma outside math in question.
U1-S5-PS3-M10,MATH,1,1.5,practice_set_3,ps3,M10,mastery,2,Retrieve durable prerequisite learning used throughout Unit 1.,"I can use prerequisite function, representation, algebra, and rate-of-change skills accurately.","AP Topics 1.14, 1.15, 1.16",tarsia-pair,exact,,"Unit 1 Assessment Plan; Framework AP Topics 1.14, 1.15, 1.16; optional AP-topic source used for task-form/rigor reference",Tarsia-safe dual-use PS3 item: concise single-target prompt; short unique answer; no figure/table; no comma outside math in question.
U1-S5-XP-C01,MATH,1,1.5,extra_practice,xp,C01,current,3,"Interpret infinite limits and limits at infinity to identify asymptotic behavior, and apply the Intermediate Value Theorem when its hypotheses are satisfied.","I can interpret infinite limits and limits at infinity to identify asymptotic behavior, and apply the Intermediate Value Theorem when its hypotheses are satisfied.","AP Topics 1.14, 1.15, 1.16",short-response,exact,,"Unit 1 Assessment Plan; Framework AP Topics 1.14, 1.15, 1.16; optional AP-topic source used for task-form/rigor reference",
U1-S5-XP-C02,MATH,1,1.5,extra_practice,xp,C02,current,2,"Interpret infinite limits and limits at infinity to identify asymptotic behavior, and apply the Intermediate Value Theorem when its hypotheses are satisfied.","I can interpret infinite limits and limits at infinity to identify asymptotic behavior, and apply the Intermediate Value Theorem when its hypotheses are satisfied.","AP Topics 1.14, 1.15, 1.16",short-response,exact,,"Unit 1 Assessment Plan; Framework AP Topics 1.14, 1.15, 1.16; optional AP-topic source used for task-form/rigor reference",
U1-S5-XP-C03,MATH,1,1.5,extra_practice,xp,C03,current,1,"Interpret infinite limits and limits at infinity to identify asymptotic behavior, and apply the Intermediate Value Theorem when its hypotheses are satisfied.","I can interpret infinite limits and limits at infinity to identify asymptotic behavior, and apply the Intermediate Value Theorem when its hypotheses are satisfied.","AP Topics 1.14, 1.15, 1.16",short-response,exact,,"Unit 1 Assessment Plan; Framework AP Topics 1.14, 1.15, 1.16; optional AP-topic source used for task-form/rigor reference",
U1-S5-XP-C04,MATH,1,1.5,extra_practice,xp,C04,current,2,"Interpret infinite limits and limits at infinity to identify asymptotic behavior, and apply the Intermediate Value Theorem when its hypotheses are satisfied.","I can interpret infinite limits and limits at infinity to identify asymptotic behavior, and apply the Intermediate Value Theorem when its hypotheses are satisfied.","AP Topics 1.14, 1.15, 1.16",short-response,exact,,"Unit 1 Assessment Plan; Framework AP Topics 1.14, 1.15, 1.16; optional AP-topic source used for task-form/rigor reference",
U1-S5-XP-C05,MATH,1,1.5,extra_practice,xp,C05,current,2,"Interpret infinite limits and limits at infinity to identify asymptotic behavior, and apply the Intermediate Value Theorem when its hypotheses are satisfied.","I can interpret infinite limits and limits at infinity to identify asymptotic behavior, and apply the Intermediate Value Theorem when its hypotheses are satisfied.","AP Topics 1.14, 1.15, 1.16",short-response,exact,,"Unit 1 Assessment Plan; Framework AP Topics 1.14, 1.15, 1.16; optional AP-topic source used for task-form/rigor reference",
U1-S5-XP-L01,MATH,1,1.5,extra_practice,xp,L01,last,2,"Analyze continuity at a point and on intervals, and classify discontinuities using limits, function values, and piecewise definitions.",I can analyze continuity at a point and classify discontinuities.,"AP Topics 1.14, 1.15, 1.16",short-response,exact,,"Unit 1 Assessment Plan; Framework AP Topics 1.14, 1.15, 1.16; optional AP-topic source used for task-form/rigor reference",
U1-S5-XP-L02,MATH,1,1.5,extra_practice,xp,L02,last,2,"Analyze continuity at a point and on intervals, and classify discontinuities using limits, function values, and piecewise definitions.",I can analyze continuity at a point and classify discontinuities.,"AP Topics 1.14, 1.15, 1.16",short-response,exact,,"Unit 1 Assessment Plan; Framework AP Topics 1.14, 1.15, 1.16; optional AP-topic source used for task-form/rigor reference",
U1-S5-XP-L03,MATH,1,1.5,extra_practice,xp,L03,last,2,"Analyze continuity at a point and on intervals, and classify discontinuities using limits, function values, and piecewise definitions.",I can analyze continuity at a point and classify discontinuities.,"AP Topics 1.14, 1.15, 1.16",short-response,exact,,"Unit 1 Assessment Plan; Framework AP Topics 1.14, 1.15, 1.16; optional AP-topic source used for task-form/rigor reference",
U1-S5-XP-L04,MATH,1,1.5,extra_practice,xp,L04,last,2,"Analyze continuity at a point and on intervals, and classify discontinuities using limits, function values, and piecewise definitions.",I can analyze continuity at a point and classify discontinuities.,"AP Topics 1.14, 1.15, 1.16",short-response,exact,,"Unit 1 Assessment Plan; Framework AP Topics 1.14, 1.15, 1.16; optional AP-topic source used for task-form/rigor reference",
U1-S5-XP-L05,MATH,1,1.5,extra_practice,xp,L05,last,2,"Analyze continuity at a point and on intervals, and classify discontinuities using limits, function values, and piecewise definitions.",I can analyze continuity at a point and classify discontinuities.,"AP Topics 1.14, 1.15, 1.16",short-response,exact,,"Unit 1 Assessment Plan; Framework AP Topics 1.14, 1.15, 1.16; optional AP-topic source used for task-form/rigor reference",
U1-S5-XP-M01,MATH,1,1.5,extra_practice,xp,M01,mastery,1,Retrieve durable prerequisite learning used throughout Unit 1.,"I can use prerequisite function, representation, algebra, and rate-of-change skills accurately.","AP Topics 1.14, 1.15, 1.16",short-response,exact,,"Unit 1 Assessment Plan; Framework AP Topics 1.14, 1.15, 1.16; optional AP-topic source used for task-form/rigor reference",
U1-S5-XP-M02,MATH,1,1.5,extra_practice,xp,M02,mastery,1,Retrieve durable prerequisite learning used throughout Unit 1.,"I can use prerequisite function, representation, algebra, and rate-of-change skills accurately.","AP Topics 1.14, 1.15, 1.16",short-response,exact,,"Unit 1 Assessment Plan; Framework AP Topics 1.14, 1.15, 1.16; optional AP-topic source used for task-form/rigor reference",
U1-S5-XP-M03,MATH,1,1.5,extra_practice,xp,M03,mastery,2,Retrieve durable prerequisite learning used throughout Unit 1.,"I can use prerequisite function, representation, algebra, and rate-of-change skills accurately.","AP Topics 1.14, 1.15, 1.16",short-response,exact,,"Unit 1 Assessment Plan; Framework AP Topics 1.14, 1.15, 1.16; optional AP-topic source used for task-form/rigor reference",
U1-S5-XP-M04,MATH,1,1.5,extra_practice,xp,M04,mastery,1,Retrieve durable prerequisite learning used throughout Unit 1.,"I can use prerequisite function, representation, algebra, and rate-of-change skills accurately.","AP Topics 1.14, 1.15, 1.16",short-response,exact,,"Unit 1 Assessment Plan; Framework AP Topics 1.14, 1.15, 1.16; optional AP-topic source used for task-form/rigor reference",
U1-S5-XP-M05,MATH,1,1.5,extra_practice,xp,M05,mastery,1,Retrieve durable prerequisite learning used throughout Unit 1.,"I can use prerequisite function, representation, algebra, and rate-of-change skills accurately.","AP Topics 1.14, 1.15, 1.16",short-response,exact,,"Unit 1 Assessment Plan; Framework AP Topics 1.14, 1.15, 1.16; optional AP-topic source used for task-form/rigor reference",
U1-S5-XP-M06,MATH,1,1.5,extra_practice,xp,M06,mastery,1,Retrieve durable prerequisite learning used throughout Unit 1.,"I can use prerequisite function, representation, algebra, and rate-of-change skills accurately.","AP Topics 1.14, 1.15, 1.16",short-response,exact,,"Unit 1 Assessment Plan; Framework AP Topics 1.14, 1.15, 1.16; optional AP-topic source used for task-form/rigor reference",
U1-S5-XP-M07,MATH,1,1.5,extra_practice,xp,M07,mastery,2,Retrieve durable prerequisite learning used throughout Unit 1.,"I can use prerequisite function, representation, algebra, and rate-of-change skills accurately.","AP Topics 1.14, 1.15, 1.16",short-response,exact,,"Unit 1 Assessment Plan; Framework AP Topics 1.14, 1.15, 1.16; optional AP-topic source used for task-form/rigor reference",
U1-S5-XP-M08,MATH,1,1.5,extra_practice,xp,M08,mastery,1,Retrieve durable prerequisite learning used throughout Unit 1.,"I can use prerequisite function, representation, algebra, and rate-of-change skills accurately.","AP Topics 1.14, 1.15, 1.16",short-response,exact,,"Unit 1 Assessment Plan; Framework AP Topics 1.14, 1.15, 1.16; optional AP-topic source used for task-form/rigor reference",
U1-S5-XP-M09,MATH,1,1.5,extra_practice,xp,M09,mastery,1,Retrieve durable prerequisite learning used throughout Unit 1.,"I can use prerequisite function, representation, algebra, and rate-of-change skills accurately.","AP Topics 1.14, 1.15, 1.16",short-response,exact,,"Unit 1 Assessment Plan; Framework AP Topics 1.14, 1.15, 1.16; optional AP-topic source used for task-form/rigor reference",
U1-S5-XP-M10,MATH,1,1.5,extra_practice,xp,M10,mastery,2,Retrieve durable prerequisite learning used throughout Unit 1.,"I can use prerequisite function, representation, algebra, and rate-of-change skills accurately.","AP Topics 1.14, 1.15, 1.16",short-response,exact,,"Unit 1 Assessment Plan; Framework AP Topics 1.14, 1.15, 1.16; optional AP-topic source used for task-form/rigor reference",
U1-S1-CYU-C01,MATH,1,1.1,cyu,cyu,C01,current,2,Relate average versus instantaneous change to the idea of a limit and read and interpret limit notation.,I can relate average versus instantaneous change to the idea of a limit and read and interpret limit notation.,"AP Topics 1.1, 1.2",short-response,exact,,"Unit 1 Assessment Plan; Framework AP Topics 1.1, 1.2; optional AP-topic source used for task-form/rigor reference",
U1-S1-CYU-C02,MATH,1,1.1,cyu,cyu,C02,current,1,Relate average versus instantaneous change to the idea of a limit and read and interpret limit notation.,I can relate average versus instantaneous change to the idea of a limit and read and interpret limit notation.,"AP Topics 1.1, 1.2",short-response,exact,,"Unit 1 Assessment Plan; Framework AP Topics 1.1, 1.2; optional AP-topic source used for task-form/rigor reference",
U1-S1-CYU-L01,MATH,1,1.1,cyu,cyu,L01,last,1,"Prior knowledge on functions, graph interpretation, and rates of change.","I can use function notation, interpret graphs and tables, and compute average rates of change.","AP Topics 1.1, 1.2",short-response,exact,,"Unit 1 Assessment Plan; Framework AP Topics 1.1, 1.2; optional AP-topic source used for task-form/rigor reference",
U1-S1-CYU-L02,MATH,1,1.1,cyu,cyu,L02,last,1,"Prior knowledge on functions, graph interpretation, and rates of change.","I can use function notation, interpret graphs and tables, and compute average rates of change.","AP Topics 1.1, 1.2",short-response,exact,,"Unit 1 Assessment Plan; Framework AP Topics 1.1, 1.2; optional AP-topic source used for task-form/rigor reference",
U1-S1-CYU-M01,MATH,1,1.1,cyu,cyu,M01,mastery,1,Retrieve durable prerequisite learning used throughout Unit 1.,"I can use prerequisite function, representation, algebra, and rate-of-change skills accurately.","AP Topics 1.1, 1.2",short-response,exact,,"Unit 1 Assessment Plan; Framework AP Topics 1.1, 1.2; optional AP-topic source used for task-form/rigor reference",
U1-S1-CYU-M02,MATH,1,1.1,cyu,cyu,M02,mastery,1,Retrieve durable prerequisite learning used throughout Unit 1.,"I can use prerequisite function, representation, algebra, and rate-of-change skills accurately.","AP Topics 1.1, 1.2",short-response,exact,,"Unit 1 Assessment Plan; Framework AP Topics 1.1, 1.2; optional AP-topic source used for task-form/rigor reference",
U1-S2-CYU-C01,MATH,1,1.2,cyu,cyu,C01,current,1,"Determine one-sided and two-sided limits from graphs and tables, including when a limit does not exist.","I can determine one-sided and two-sided limits from graphs and tables, including when a limit does not exist.","AP Topics 1.3, 1.4, 1.9",short-response,exact,,"Unit 1 Assessment Plan; Framework AP Topics 1.3, 1.4, 1.9; optional AP-topic source used for task-form/rigor reference",
U1-S2-CYU-C02,MATH,1,1.2,cyu,cyu,C02,current,2,"Determine one-sided and two-sided limits from graphs and tables, including when a limit does not exist.","I can determine one-sided and two-sided limits from graphs and tables, including when a limit does not exist.","AP Topics 1.3, 1.4, 1.9",short-response,exact,,"Unit 1 Assessment Plan; Framework AP Topics 1.3, 1.4, 1.9; optional AP-topic source used for task-form/rigor reference",
U1-S2-CYU-L01,MATH,1,1.2,cyu,cyu,L01,last,2,Relate average versus instantaneous change to the idea of a limit and read and interpret limit notation.,I can estimate limits and interpret limit notation.,"AP Topics 1.3, 1.4, 1.9",short-response,exact,,"Unit 1 Assessment Plan; Framework AP Topics 1.3, 1.4, 1.9; optional AP-topic source used for task-form/rigor reference",
U1-S2-CYU-L02,MATH,1,1.2,cyu,cyu,L02,last,1,Relate average versus instantaneous change to the idea of a limit and read and interpret limit notation.,I can estimate limits and interpret limit notation.,"AP Topics 1.3, 1.4, 1.9",short-response,exact,,"Unit 1 Assessment Plan; Framework AP Topics 1.3, 1.4, 1.9; optional AP-topic source used for task-form/rigor reference",
U1-S2-CYU-M01,MATH,1,1.2,cyu,cyu,M01,mastery,1,Retrieve durable prerequisite learning used throughout Unit 1.,"I can use prerequisite function, representation, algebra, and rate-of-change skills accurately.","AP Topics 1.3, 1.4, 1.9",short-response,exact,,"Unit 1 Assessment Plan; Framework AP Topics 1.3, 1.4, 1.9; optional AP-topic source used for task-form/rigor reference",
U1-S2-CYU-M02,MATH,1,1.2,cyu,cyu,M02,mastery,2,Retrieve durable prerequisite learning used throughout Unit 1.,"I can use prerequisite function, representation, algebra, and rate-of-change skills accurately.","AP Topics 1.3, 1.4, 1.9",short-response,exact,,"Unit 1 Assessment Plan; Framework AP Topics 1.3, 1.4, 1.9; optional AP-topic source used for task-form/rigor reference",
U1-S3-CYU-C01,MATH,1,1.3,cyu,cyu,C01,current,2,"Evaluate limits algebraically using direct substitution, limit laws, factoring, conjugates, and appropriate trigonometric or squeeze reasoning.","I can evaluate limits algebraically using direct substitution, limit laws, factoring, conjugates, and appropriate trigonometric or squeeze reasoning.","AP Topics 1.5, 1.6, 1.7, 1.8",short-response,exact,,"Unit 1 Assessment Plan; Framework AP Topics 1.5, 1.6, 1.7, 1.8; optional AP-topic source used for task-form/rigor reference",
U1-S3-CYU-C02,MATH,1,1.3,cyu,cyu,C02,current,2,"Evaluate limits algebraically using direct substitution, limit laws, factoring, conjugates, and appropriate trigonometric or squeeze reasoning.","I can evaluate limits algebraically using direct substitution, limit laws, factoring, conjugates, and appropriate trigonometric or squeeze reasoning.","AP Topics 1.5, 1.6, 1.7, 1.8",short-response,exact,,"Unit 1 Assessment Plan; Framework AP Topics 1.5, 1.6, 1.7, 1.8; optional AP-topic source used for task-form/rigor reference",
U1-S3-CYU-L01,MATH,1,1.3,cyu,cyu,L01,last,1,"Determine one-sided and two-sided limits from graphs and tables, including when a limit does not exist.",I can determine one-sided and two-sided limits from graphs and tables.,"AP Topics 1.5, 1.6, 1.7, 1.8",short-response,exact,,"Unit 1 Assessment Plan; Framework AP Topics 1.5, 1.6, 1.7, 1.8; optional AP-topic source used for task-form/rigor reference",
U1-S3-CYU-L02,MATH,1,1.3,cyu,cyu,L02,last,2,"Determine one-sided and two-sided limits from graphs and tables, including when a limit does not exist.",I can determine one-sided and two-sided limits from graphs and tables.,"AP Topics 1.5, 1.6, 1.7, 1.8",short-response,exact,,"Unit 1 Assessment Plan; Framework AP Topics 1.5, 1.6, 1.7, 1.8; optional AP-topic source used for task-form/rigor reference",
U1-S3-CYU-M01,MATH,1,1.3,cyu,cyu,M01,mastery,1,Retrieve durable prerequisite learning used throughout Unit 1.,"I can use prerequisite function, representation, algebra, and rate-of-change skills accurately.","AP Topics 1.5, 1.6, 1.7, 1.8",short-response,exact,,"Unit 1 Assessment Plan; Framework AP Topics 1.5, 1.6, 1.7, 1.8; optional AP-topic source used for task-form/rigor reference",
U1-S3-CYU-M02,MATH,1,1.3,cyu,cyu,M02,mastery,1,Retrieve durable prerequisite learning used throughout Unit 1.,"I can use prerequisite function, representation, algebra, and rate-of-change skills accurately.","AP Topics 1.5, 1.6, 1.7, 1.8",short-response,exact,,"Unit 1 Assessment Plan; Framework AP Topics 1.5, 1.6, 1.7, 1.8; optional AP-topic source used for task-form/rigor reference",
U1-S4-CYU-C01,MATH,1,1.4,cyu,cyu,C01,current,1,"Analyze continuity at a point and on intervals, and classify discontinuities using limits, function values, and piecewise definitions.","I can analyze continuity at a point and on intervals, and classify discontinuities using limits, function values, and piecewise definitions.","AP Topics 1.10, 1.11, 1.12, 1.13",short-response,exact,,"Unit 1 Assessment Plan; Framework AP Topics 1.10, 1.11, 1.12, 1.13; optional AP-topic source used for task-form/rigor reference",
U1-S4-CYU-C02,MATH,1,1.4,cyu,cyu,C02,current,1,"Analyze continuity at a point and on intervals, and classify discontinuities using limits, function values, and piecewise definitions.","I can analyze continuity at a point and on intervals, and classify discontinuities using limits, function values, and piecewise definitions.","AP Topics 1.10, 1.11, 1.12, 1.13",short-response,exact,,"Unit 1 Assessment Plan; Framework AP Topics 1.10, 1.11, 1.12, 1.13; optional AP-topic source used for task-form/rigor reference",
U1-S4-CYU-L01,MATH,1,1.4,cyu,cyu,L01,last,3,"Evaluate limits algebraically using direct substitution, limit laws, factoring, conjugates, and appropriate trigonometric or squeeze reasoning.",I can evaluate limits algebraically and select an appropriate routine method.,"AP Topics 1.10, 1.11, 1.12, 1.13",short-response,exact,,"Unit 1 Assessment Plan; Framework AP Topics 1.10, 1.11, 1.12, 1.13; optional AP-topic source used for task-form/rigor reference",
U1-S4-CYU-L02,MATH,1,1.4,cyu,cyu,L02,last,2,"Evaluate limits algebraically using direct substitution, limit laws, factoring, conjugates, and appropriate trigonometric or squeeze reasoning.",I can evaluate limits algebraically and select an appropriate routine method.,"AP Topics 1.10, 1.11, 1.12, 1.13",short-response,exact,,"Unit 1 Assessment Plan; Framework AP Topics 1.10, 1.11, 1.12, 1.13; optional AP-topic source used for task-form/rigor reference",
U1-S4-CYU-M01,MATH,1,1.4,cyu,cyu,M01,mastery,1,Retrieve durable prerequisite learning used throughout Unit 1.,"I can use prerequisite function, representation, algebra, and rate-of-change skills accurately.","AP Topics 1.10, 1.11, 1.12, 1.13",short-response,exact,,"Unit 1 Assessment Plan; Framework AP Topics 1.10, 1.11, 1.12, 1.13; optional AP-topic source used for task-form/rigor reference",
U1-S4-CYU-M02,MATH,1,1.4,cyu,cyu,M02,mastery,1,Retrieve durable prerequisite learning used throughout Unit 1.,"I can use prerequisite function, representation, algebra, and rate-of-change skills accurately.","AP Topics 1.10, 1.11, 1.12, 1.13",short-response,exact,,"Unit 1 Assessment Plan; Framework AP Topics 1.10, 1.11, 1.12, 1.13; optional AP-topic source used for task-form/rigor reference",
U1-S5-CYU-C01,MATH,1,1.5,cyu,cyu,C01,current,1,"Interpret infinite limits and limits at infinity to identify asymptotic behavior, and apply the Intermediate Value Theorem when its hypotheses are satisfied.","I can interpret infinite limits and limits at infinity to identify asymptotic behavior, and apply the Intermediate Value Theorem when its hypotheses are satisfied.","AP Topics 1.14, 1.15, 1.16",short-response,exact,,"Unit 1 Assessment Plan; Framework AP Topics 1.14, 1.15, 1.16; optional AP-topic source used for task-form/rigor reference",
U1-S5-CYU-C02,MATH,1,1.5,cyu,cyu,C02,current,2,"Interpret infinite limits and limits at infinity to identify asymptotic behavior, and apply the Intermediate Value Theorem when its hypotheses are satisfied.","I can interpret infinite limits and limits at infinity to identify asymptotic behavior, and apply the Intermediate Value Theorem when its hypotheses are satisfied.","AP Topics 1.14, 1.15, 1.16",short-response,exact,,"Unit 1 Assessment Plan; Framework AP Topics 1.14, 1.15, 1.16; optional AP-topic source used for task-form/rigor reference",
U1-S5-CYU-L01,MATH,1,1.5,cyu,cyu,L01,last,1,"Analyze continuity at a point and on intervals, and classify discontinuities using limits, function values, and piecewise definitions.",I can analyze continuity at a point and classify discontinuities.,"AP Topics 1.14, 1.15, 1.16",short-response,exact,,"Unit 1 Assessment Plan; Framework AP Topics 1.14, 1.15, 1.16; optional AP-topic source used for task-form/rigor reference",
U1-S5-CYU-L02,MATH,1,1.5,cyu,cyu,L02,last,2,"Analyze continuity at a point and on intervals, and classify discontinuities using limits, function values, and piecewise definitions.",I can analyze continuity at a point and classify discontinuities.,"AP Topics 1.14, 1.15, 1.16",short-response,exact,,"Unit 1 Assessment Plan; Framework AP Topics 1.14, 1.15, 1.16; optional AP-topic source used for task-form/rigor reference",
U1-S5-CYU-M01,MATH,1,1.5,cyu,cyu,M01,mastery,1,Retrieve durable prerequisite learning used throughout Unit 1.,"I can use prerequisite function, representation, algebra, and rate-of-change skills accurately.","AP Topics 1.14, 1.15, 1.16",short-response,exact,,"Unit 1 Assessment Plan; Framework AP Topics 1.14, 1.15, 1.16; optional AP-topic source used for task-form/rigor reference",
U1-S5-CYU-M02,MATH,1,1.5,cyu,cyu,M02,mastery,1,Retrieve durable prerequisite learning used throughout Unit 1.,"I can use prerequisite function, representation, algebra, and rate-of-change skills accurately.","AP Topics 1.14, 1.15, 1.16",short-response,exact,,"Unit 1 Assessment Plan; Framework AP Topics 1.14, 1.15, 1.16; optional AP-topic source used for task-form/rigor reference",
U1-S1-WU1-C01,MATH,1,1.1,warm_up,warm_up_1,WU1-C01,current,1,Relate average versus instantaneous change to the idea of a limit and read and interpret limit notation.,I can relate average versus instantaneous change to the idea of a limit and read and interpret limit notation.,"AP Topics 1.1, 1.2",tarsia-prompt,exact,,"Unit 1 Assessment Plan; Framework AP Topics 1.1, 1.2; optional AP-topic source used for task-form/rigor reference",
U1-S1-WU1-L01,MATH,1,1.1,warm_up,warm_up_1,WU1-L01,last,1,"Prior knowledge on functions, graph interpretation, and rates of change.","I can use function notation, interpret graphs and tables, and compute average rates of change.","AP Topics 1.1, 1.2",tarsia-prompt,exact,,"Unit 1 Assessment Plan; Framework AP Topics 1.1, 1.2; optional AP-topic source used for task-form/rigor reference",
U1-S1-WU1-M01,MATH,1,1.1,warm_up,warm_up_1,WU1-M01,mastery,2,Retrieve durable prerequisite learning used throughout Unit 1.,"I can use prerequisite function, representation, algebra, and rate-of-change skills accurately.","AP Topics 1.1, 1.2",tarsia-prompt,exact,,"Unit 1 Assessment Plan; Framework AP Topics 1.1, 1.2; optional AP-topic source used for task-form/rigor reference",
U1-S1-WU2-C01,MATH,1,1.1,warm_up,warm_up_2,WU2-C01,current,1,Relate average versus instantaneous change to the idea of a limit and read and interpret limit notation.,I can relate average versus instantaneous change to the idea of a limit and read and interpret limit notation.,"AP Topics 1.1, 1.2",tarsia-prompt,exact,,"Unit 1 Assessment Plan; Framework AP Topics 1.1, 1.2; optional AP-topic source used for task-form/rigor reference",
U1-S1-WU2-L01,MATH,1,1.1,warm_up,warm_up_2,WU2-L01,last,1,"Prior knowledge on functions, graph interpretation, and rates of change.","I can use function notation, interpret graphs and tables, and compute average rates of change.","AP Topics 1.1, 1.2",tarsia-prompt,exact,,"Unit 1 Assessment Plan; Framework AP Topics 1.1, 1.2; optional AP-topic source used for task-form/rigor reference",
U1-S1-WU2-M01,MATH,1,1.1,warm_up,warm_up_2,WU2-M01,mastery,2,Retrieve durable prerequisite learning used throughout Unit 1.,"I can use prerequisite function, representation, algebra, and rate-of-change skills accurately.","AP Topics 1.1, 1.2",tarsia-prompt,exact,,"Unit 1 Assessment Plan; Framework AP Topics 1.1, 1.2; optional AP-topic source used for task-form/rigor reference",
U1-S1-WU3-C01,MATH,1,1.1,warm_up,warm_up_3,WU3-C01,current,1,Relate average versus instantaneous change to the idea of a limit and read and interpret limit notation.,I can relate average versus instantaneous change to the idea of a limit and read and interpret limit notation.,"AP Topics 1.1, 1.2",tarsia-prompt,exact,,"Unit 1 Assessment Plan; Framework AP Topics 1.1, 1.2; optional AP-topic source used for task-form/rigor reference",
U1-S1-WU3-L01,MATH,1,1.1,warm_up,warm_up_3,WU3-L01,last,2,"Prior knowledge on functions, graph interpretation, and rates of change.","I can use function notation, interpret graphs and tables, and compute average rates of change.","AP Topics 1.1, 1.2",tarsia-prompt,exact,,"Unit 1 Assessment Plan; Framework AP Topics 1.1, 1.2; optional AP-topic source used for task-form/rigor reference",
U1-S1-WU3-M01,MATH,1,1.1,warm_up,warm_up_3,WU3-M01,mastery,1,Retrieve durable prerequisite learning used throughout Unit 1.,"I can use prerequisite function, representation, algebra, and rate-of-change skills accurately.","AP Topics 1.1, 1.2",tarsia-prompt,exact,,"Unit 1 Assessment Plan; Framework AP Topics 1.1, 1.2; optional AP-topic source used for task-form/rigor reference",
U1-S2-WU1-C01,MATH,1,1.2,warm_up,warm_up_1,WU1-C01,current,1,"Determine one-sided and two-sided limits from graphs and tables, including when a limit does not exist.","I can determine one-sided and two-sided limits from graphs and tables, including when a limit does not exist.","AP Topics 1.3, 1.4, 1.9",tarsia-prompt,exact,,"Unit 1 Assessment Plan; Framework AP Topics 1.3, 1.4, 1.9; optional AP-topic source used for task-form/rigor reference",
U1-S2-WU1-L01,MATH,1,1.2,warm_up,warm_up_1,WU1-L01,last,1,Relate average versus instantaneous change to the idea of a limit and read and interpret limit notation.,I can estimate limits and interpret limit notation.,"AP Topics 1.3, 1.4, 1.9",tarsia-prompt,exact,,"Unit 1 Assessment Plan; Framework AP Topics 1.3, 1.4, 1.9; optional AP-topic source used for task-form/rigor reference",
U1-S2-WU1-M01,MATH,1,1.2,warm_up,warm_up_1,WU1-M01,mastery,2,Retrieve durable prerequisite learning used throughout Unit 1.,"I can use prerequisite function, representation, algebra, and rate-of-change skills accurately.","AP Topics 1.3, 1.4, 1.9",tarsia-prompt,exact,,"Unit 1 Assessment Plan; Framework AP Topics 1.3, 1.4, 1.9; optional AP-topic source used for task-form/rigor reference",
U1-S2-WU2-C01,MATH,1,1.2,warm_up,warm_up_2,WU2-C01,current,1,"Determine one-sided and two-sided limits from graphs and tables, including when a limit does not exist.","I can determine one-sided and two-sided limits from graphs and tables, including when a limit does not exist.","AP Topics 1.3, 1.4, 1.9",tarsia-prompt,exact,,"Unit 1 Assessment Plan; Framework AP Topics 1.3, 1.4, 1.9; optional AP-topic source used for task-form/rigor reference",
U1-S2-WU2-L01,MATH,1,1.2,warm_up,warm_up_2,WU2-L01,last,1,Relate average versus instantaneous change to the idea of a limit and read and interpret limit notation.,I can estimate limits and interpret limit notation.,"AP Topics 1.3, 1.4, 1.9",tarsia-prompt,exact,,"Unit 1 Assessment Plan; Framework AP Topics 1.3, 1.4, 1.9; optional AP-topic source used for task-form/rigor reference",
U1-S2-WU2-M01,MATH,1,1.2,warm_up,warm_up_2,WU2-M01,mastery,1,Retrieve durable prerequisite learning used throughout Unit 1.,"I can use prerequisite function, representation, algebra, and rate-of-change skills accurately.","AP Topics 1.3, 1.4, 1.9",tarsia-prompt,exact,,"Unit 1 Assessment Plan; Framework AP Topics 1.3, 1.4, 1.9; optional AP-topic source used for task-form/rigor reference",
U1-S2-WU3-C01,MATH,1,1.2,warm_up,warm_up_3,WU3-C01,current,2,"Determine one-sided and two-sided limits from graphs and tables, including when a limit does not exist.","I can determine one-sided and two-sided limits from graphs and tables, including when a limit does not exist.","AP Topics 1.3, 1.4, 1.9",tarsia-prompt,exact,,"Unit 1 Assessment Plan; Framework AP Topics 1.3, 1.4, 1.9; optional AP-topic source used for task-form/rigor reference",
U1-S2-WU3-L01,MATH,1,1.2,warm_up,warm_up_3,WU3-L01,last,1,Relate average versus instantaneous change to the idea of a limit and read and interpret limit notation.,I can estimate limits and interpret limit notation.,"AP Topics 1.3, 1.4, 1.9",tarsia-prompt,exact,,"Unit 1 Assessment Plan; Framework AP Topics 1.3, 1.4, 1.9; optional AP-topic source used for task-form/rigor reference",
U1-S2-WU3-M01,MATH,1,1.2,warm_up,warm_up_3,WU3-M01,mastery,1,Retrieve durable prerequisite learning used throughout Unit 1.,"I can use prerequisite function, representation, algebra, and rate-of-change skills accurately.","AP Topics 1.3, 1.4, 1.9",tarsia-prompt,exact,,"Unit 1 Assessment Plan; Framework AP Topics 1.3, 1.4, 1.9; optional AP-topic source used for task-form/rigor reference",
U1-S3-WU1-C01,MATH,1,1.3,warm_up,warm_up_1,WU1-C01,current,2,"Evaluate limits algebraically using direct substitution, limit laws, factoring, conjugates, and appropriate trigonometric or squeeze reasoning.","I can evaluate limits algebraically using direct substitution, limit laws, factoring, conjugates, and appropriate trigonometric or squeeze reasoning.","AP Topics 1.5, 1.6, 1.7, 1.8",tarsia-prompt,exact,,"Unit 1 Assessment Plan; Framework AP Topics 1.5, 1.6, 1.7, 1.8; optional AP-topic source used for task-form/rigor reference",
U1-S3-WU1-L01,MATH,1,1.3,warm_up,warm_up_1,WU1-L01,last,2,"Determine one-sided and two-sided limits from graphs and tables, including when a limit does not exist.",I can determine one-sided and two-sided limits from graphs and tables.,"AP Topics 1.5, 1.6, 1.7, 1.8",tarsia-prompt,exact,,"Unit 1 Assessment Plan; Framework AP Topics 1.5, 1.6, 1.7, 1.8; optional AP-topic source used for task-form/rigor reference",
U1-S3-WU1-M01,MATH,1,1.3,warm_up,warm_up_1,WU1-M01,mastery,2,Retrieve durable prerequisite learning used throughout Unit 1.,"I can use prerequisite function, representation, algebra, and rate-of-change skills accurately.","AP Topics 1.5, 1.6, 1.7, 1.8",tarsia-prompt,exact,,"Unit 1 Assessment Plan; Framework AP Topics 1.5, 1.6, 1.7, 1.8; optional AP-topic source used for task-form/rigor reference",
U1-S3-WU2-C01,MATH,1,1.3,warm_up,warm_up_2,WU2-C01,current,1,"Evaluate limits algebraically using direct substitution, limit laws, factoring, conjugates, and appropriate trigonometric or squeeze reasoning.","I can evaluate limits algebraically using direct substitution, limit laws, factoring, conjugates, and appropriate trigonometric or squeeze reasoning.","AP Topics 1.5, 1.6, 1.7, 1.8",tarsia-prompt,exact,,"Unit 1 Assessment Plan; Framework AP Topics 1.5, 1.6, 1.7, 1.8; optional AP-topic source used for task-form/rigor reference",
U1-S3-WU2-L01,MATH,1,1.3,warm_up,warm_up_2,WU2-L01,last,2,"Determine one-sided and two-sided limits from graphs and tables, including when a limit does not exist.",I can determine one-sided and two-sided limits from graphs and tables.,"AP Topics 1.5, 1.6, 1.7, 1.8",tarsia-prompt,exact,,"Unit 1 Assessment Plan; Framework AP Topics 1.5, 1.6, 1.7, 1.8; optional AP-topic source used for task-form/rigor reference",
U1-S3-WU2-M01,MATH,1,1.3,warm_up,warm_up_2,WU2-M01,mastery,1,Retrieve durable prerequisite learning used throughout Unit 1.,"I can use prerequisite function, representation, algebra, and rate-of-change skills accurately.","AP Topics 1.5, 1.6, 1.7, 1.8",tarsia-prompt,exact,,"Unit 1 Assessment Plan; Framework AP Topics 1.5, 1.6, 1.7, 1.8; optional AP-topic source used for task-form/rigor reference",
U1-S3-WU3-C01,MATH,1,1.3,warm_up,warm_up_3,WU3-C01,current,2,"Evaluate limits algebraically using direct substitution, limit laws, factoring, conjugates, and appropriate trigonometric or squeeze reasoning.","I can evaluate limits algebraically using direct substitution, limit laws, factoring, conjugates, and appropriate trigonometric or squeeze reasoning.","AP Topics 1.5, 1.6, 1.7, 1.8",tarsia-prompt,exact,,"Unit 1 Assessment Plan; Framework AP Topics 1.5, 1.6, 1.7, 1.8; optional AP-topic source used for task-form/rigor reference",
U1-S3-WU3-L01,MATH,1,1.3,warm_up,warm_up_3,WU3-L01,last,2,"Determine one-sided and two-sided limits from graphs and tables, including when a limit does not exist.",I can determine one-sided and two-sided limits from graphs and tables.,"AP Topics 1.5, 1.6, 1.7, 1.8",tarsia-prompt,exact,,"Unit 1 Assessment Plan; Framework AP Topics 1.5, 1.6, 1.7, 1.8; optional AP-topic source used for task-form/rigor reference",
U1-S3-WU3-M01,MATH,1,1.3,warm_up,warm_up_3,WU3-M01,mastery,1,Retrieve durable prerequisite learning used throughout Unit 1.,"I can use prerequisite function, representation, algebra, and rate-of-change skills accurately.","AP Topics 1.5, 1.6, 1.7, 1.8",tarsia-prompt,exact,,"Unit 1 Assessment Plan; Framework AP Topics 1.5, 1.6, 1.7, 1.8; optional AP-topic source used for task-form/rigor reference",
U1-S4-WU1-C01,MATH,1,1.4,warm_up,warm_up_1,WU1-C01,current,1,"Analyze continuity at a point and on intervals, and classify discontinuities using limits, function values, and piecewise definitions.","I can analyze continuity at a point and on intervals, and classify discontinuities using limits, function values, and piecewise definitions.","AP Topics 1.10, 1.11, 1.12, 1.13",tarsia-prompt,exact,,"Unit 1 Assessment Plan; Framework AP Topics 1.10, 1.11, 1.12, 1.13; optional AP-topic source used for task-form/rigor reference",
U1-S4-WU1-L01,MATH,1,1.4,warm_up,warm_up_1,WU1-L01,last,1,"Evaluate limits algebraically using direct substitution, limit laws, factoring, conjugates, and appropriate trigonometric or squeeze reasoning.",I can evaluate limits algebraically and select an appropriate routine method.,"AP Topics 1.10, 1.11, 1.12, 1.13",tarsia-prompt,exact,,"Unit 1 Assessment Plan; Framework AP Topics 1.10, 1.11, 1.12, 1.13; optional AP-topic source used for task-form/rigor reference",
U1-S4-WU1-M01,MATH,1,1.4,warm_up,warm_up_1,WU1-M01,mastery,2,Retrieve durable prerequisite learning used throughout Unit 1.,"I can use prerequisite function, representation, algebra, and rate-of-change skills accurately.","AP Topics 1.10, 1.11, 1.12, 1.13",tarsia-prompt,exact,,"Unit 1 Assessment Plan; Framework AP Topics 1.10, 1.11, 1.12, 1.13; optional AP-topic source used for task-form/rigor reference",
U1-S4-WU2-C01,MATH,1,1.4,warm_up,warm_up_2,WU2-C01,current,1,"Analyze continuity at a point and on intervals, and classify discontinuities using limits, function values, and piecewise definitions.","I can analyze continuity at a point and on intervals, and classify discontinuities using limits, function values, and piecewise definitions.","AP Topics 1.10, 1.11, 1.12, 1.13",tarsia-prompt,exact,,"Unit 1 Assessment Plan; Framework AP Topics 1.10, 1.11, 1.12, 1.13; optional AP-topic source used for task-form/rigor reference",
U1-S4-WU2-L01,MATH,1,1.4,warm_up,warm_up_2,WU2-L01,last,2,"Evaluate limits algebraically using direct substitution, limit laws, factoring, conjugates, and appropriate trigonometric or squeeze reasoning.",I can evaluate limits algebraically and select an appropriate routine method.,"AP Topics 1.10, 1.11, 1.12, 1.13",tarsia-prompt,exact,,"Unit 1 Assessment Plan; Framework AP Topics 1.10, 1.11, 1.12, 1.13; optional AP-topic source used for task-form/rigor reference",
U1-S4-WU2-M01,MATH,1,1.4,warm_up,warm_up_2,WU2-M01,mastery,2,Retrieve durable prerequisite learning used throughout Unit 1.,"I can use prerequisite function, representation, algebra, and rate-of-change skills accurately.","AP Topics 1.10, 1.11, 1.12, 1.13",tarsia-prompt,exact,,"Unit 1 Assessment Plan; Framework AP Topics 1.10, 1.11, 1.12, 1.13; optional AP-topic source used for task-form/rigor reference",
U1-S4-WU3-C01,MATH,1,1.4,warm_up,warm_up_3,WU3-C01,current,1,"Analyze continuity at a point and on intervals, and classify discontinuities using limits, function values, and piecewise definitions.","I can analyze continuity at a point and on intervals, and classify discontinuities using limits, function values, and piecewise definitions.","AP Topics 1.10, 1.11, 1.12, 1.13",tarsia-prompt,exact,,"Unit 1 Assessment Plan; Framework AP Topics 1.10, 1.11, 1.12, 1.13; optional AP-topic source used for task-form/rigor reference",
U1-S4-WU3-L01,MATH,1,1.4,warm_up,warm_up_3,WU3-L01,last,3,"Evaluate limits algebraically using direct substitution, limit laws, factoring, conjugates, and appropriate trigonometric or squeeze reasoning.",I can evaluate limits algebraically and select an appropriate routine method.,"AP Topics 1.10, 1.11, 1.12, 1.13",tarsia-prompt,exact,,"Unit 1 Assessment Plan; Framework AP Topics 1.10, 1.11, 1.12, 1.13; optional AP-topic source used for task-form/rigor reference",
U1-S4-WU3-M01,MATH,1,1.4,warm_up,warm_up_3,WU3-M01,mastery,1,Retrieve durable prerequisite learning used throughout Unit 1.,"I can use prerequisite function, representation, algebra, and rate-of-change skills accurately.","AP Topics 1.10, 1.11, 1.12, 1.13",tarsia-prompt,exact,,"Unit 1 Assessment Plan; Framework AP Topics 1.10, 1.11, 1.12, 1.13; optional AP-topic source used for task-form/rigor reference",
U1-S5-WU1-C01,MATH,1,1.5,warm_up,warm_up_1,WU1-C01,current,2,"Interpret infinite limits and limits at infinity to identify asymptotic behavior, and apply the Intermediate Value Theorem when its hypotheses are satisfied.","I can interpret infinite limits and limits at infinity to identify asymptotic behavior, and apply the Intermediate Value Theorem when its hypotheses are satisfied.","AP Topics 1.14, 1.15, 1.16",tarsia-prompt,exact,,"Unit 1 Assessment Plan; Framework AP Topics 1.14, 1.15, 1.16; optional AP-topic source used for task-form/rigor reference",
U1-S5-WU1-L01,MATH,1,1.5,warm_up,warm_up_1,WU1-L01,last,2,"Analyze continuity at a point and on intervals, and classify discontinuities using limits, function values, and piecewise definitions.",I can analyze continuity at a point and classify discontinuities.,"AP Topics 1.14, 1.15, 1.16",tarsia-prompt,exact,,"Unit 1 Assessment Plan; Framework AP Topics 1.14, 1.15, 1.16; optional AP-topic source used for task-form/rigor reference",
U1-S5-WU1-M01,MATH,1,1.5,warm_up,warm_up_1,WU1-M01,mastery,1,Retrieve durable prerequisite learning used throughout Unit 1.,"I can use prerequisite function, representation, algebra, and rate-of-change skills accurately.","AP Topics 1.14, 1.15, 1.16",tarsia-prompt,exact,,"Unit 1 Assessment Plan; Framework AP Topics 1.14, 1.15, 1.16; optional AP-topic source used for task-form/rigor reference",
U1-S5-WU2-C01,MATH,1,1.5,warm_up,warm_up_2,WU2-C01,current,1,"Interpret infinite limits and limits at infinity to identify asymptotic behavior, and apply the Intermediate Value Theorem when its hypotheses are satisfied.","I can interpret infinite limits and limits at infinity to identify asymptotic behavior, and apply the Intermediate Value Theorem when its hypotheses are satisfied.","AP Topics 1.14, 1.15, 1.16",tarsia-prompt,exact,,"Unit 1 Assessment Plan; Framework AP Topics 1.14, 1.15, 1.16; optional AP-topic source used for task-form/rigor reference",
U1-S5-WU2-L01,MATH,1,1.5,warm_up,warm_up_2,WU2-L01,last,2,"Analyze continuity at a point and on intervals, and classify discontinuities using limits, function values, and piecewise definitions.",I can analyze continuity at a point and classify discontinuities.,"AP Topics 1.14, 1.15, 1.16",tarsia-prompt,exact,,"Unit 1 Assessment Plan; Framework AP Topics 1.14, 1.15, 1.16; optional AP-topic source used for task-form/rigor reference",
U1-S5-WU2-M01,MATH,1,1.5,warm_up,warm_up_2,WU2-M01,mastery,2,Retrieve durable prerequisite learning used throughout Unit 1.,"I can use prerequisite function, representation, algebra, and rate-of-change skills accurately.","AP Topics 1.14, 1.15, 1.16",tarsia-prompt,exact,,"Unit 1 Assessment Plan; Framework AP Topics 1.14, 1.15, 1.16; optional AP-topic source used for task-form/rigor reference",
U1-S5-WU3-C01,MATH,1,1.5,warm_up,warm_up_3,WU3-C01,current,1,"Interpret infinite limits and limits at infinity to identify asymptotic behavior, and apply the Intermediate Value Theorem when its hypotheses are satisfied.","I can interpret infinite limits and limits at infinity to identify asymptotic behavior, and apply the Intermediate Value Theorem when its hypotheses are satisfied.","AP Topics 1.14, 1.15, 1.16",tarsia-prompt,exact,,"Unit 1 Assessment Plan; Framework AP Topics 1.14, 1.15, 1.16; optional AP-topic source used for task-form/rigor reference",
U1-S5-WU3-L01,MATH,1,1.5,warm_up,warm_up_3,WU3-L01,last,2,"Analyze continuity at a point and on intervals, and classify discontinuities using limits, function values, and piecewise definitions.",I can analyze continuity at a point and classify discontinuities.,"AP Topics 1.14, 1.15, 1.16",tarsia-prompt,exact,,"Unit 1 Assessment Plan; Framework AP Topics 1.14, 1.15, 1.16; optional AP-topic source used for task-form/rigor reference",
U1-S5-WU3-M01,MATH,1,1.5,warm_up,warm_up_3,WU3-M01,mastery,1,Retrieve durable prerequisite learning used throughout Unit 1.,"I can use prerequisite function, representation, algebra, and rate-of-change skills accurately.","AP Topics 1.14, 1.15, 1.16",tarsia-prompt,exact,,"Unit 1 Assessment Plan; Framework AP Topics 1.14, 1.15, 1.16; optional AP-topic source used for task-form/rigor reference",
U1-S1-ET-A-C01,MATH,1,1.1,exit_ticket,exit_A,A-C01,current,1,Relate average versus instantaneous change to the idea of a limit and read and interpret limit notation.,I can relate average versus instantaneous change to the idea of a limit and read and interpret limit notation.,"AP Topics 1.1, 1.2",tarsia-prompt,exact,,"Unit 1 Assessment Plan; Framework AP Topics 1.1, 1.2; optional AP-topic source used for task-form/rigor reference",
U1-S1-ET-A-C02,MATH,1,1.1,exit_ticket,exit_A,A-C02,current,1,Relate average versus instantaneous change to the idea of a limit and read and interpret limit notation.,I can relate average versus instantaneous change to the idea of a limit and read and interpret limit notation.,"AP Topics 1.1, 1.2",tarsia-prompt,exact,,"Unit 1 Assessment Plan; Framework AP Topics 1.1, 1.2; optional AP-topic source used for task-form/rigor reference",
U1-S1-ET-A-L01,MATH,1,1.1,exit_ticket,exit_A,A-L01,last,2,"Prior knowledge on functions, graph interpretation, and rates of change.","I can use function notation, interpret graphs and tables, and compute average rates of change.","AP Topics 1.1, 1.2",tarsia-prompt,exact,,"Unit 1 Assessment Plan; Framework AP Topics 1.1, 1.2; optional AP-topic source used for task-form/rigor reference",
U1-S1-ET-A-M01,MATH,1,1.1,exit_ticket,exit_A,A-M01,mastery,2,Retrieve durable prerequisite learning used throughout Unit 1.,"I can use prerequisite function, representation, algebra, and rate-of-change skills accurately.","AP Topics 1.1, 1.2",tarsia-prompt,exact,,"Unit 1 Assessment Plan; Framework AP Topics 1.1, 1.2; optional AP-topic source used for task-form/rigor reference",
U1-S1-ET-B-C01,MATH,1,1.1,exit_ticket,exit_B,B-C01,current,2,Relate average versus instantaneous change to the idea of a limit and read and interpret limit notation.,I can relate average versus instantaneous change to the idea of a limit and read and interpret limit notation.,"AP Topics 1.1, 1.2",tarsia-prompt,exact,,"Unit 1 Assessment Plan; Framework AP Topics 1.1, 1.2; optional AP-topic source used for task-form/rigor reference",
U1-S1-ET-B-C02,MATH,1,1.1,exit_ticket,exit_B,B-C02,current,1,Relate average versus instantaneous change to the idea of a limit and read and interpret limit notation.,I can relate average versus instantaneous change to the idea of a limit and read and interpret limit notation.,"AP Topics 1.1, 1.2",tarsia-prompt,exact,,"Unit 1 Assessment Plan; Framework AP Topics 1.1, 1.2; optional AP-topic source used for task-form/rigor reference",
U1-S1-ET-B-L01,MATH,1,1.1,exit_ticket,exit_B,B-L01,last,2,"Prior knowledge on functions, graph interpretation, and rates of change.","I can use function notation, interpret graphs and tables, and compute average rates of change.","AP Topics 1.1, 1.2",tarsia-prompt,exact,,"Unit 1 Assessment Plan; Framework AP Topics 1.1, 1.2; optional AP-topic source used for task-form/rigor reference",
U1-S1-ET-B-M01,MATH,1,1.1,exit_ticket,exit_B,B-M01,mastery,2,Retrieve durable prerequisite learning used throughout Unit 1.,"I can use prerequisite function, representation, algebra, and rate-of-change skills accurately.","AP Topics 1.1, 1.2",tarsia-prompt,exact,,"Unit 1 Assessment Plan; Framework AP Topics 1.1, 1.2; optional AP-topic source used for task-form/rigor reference",
U1-S1-ET-C-C01,MATH,1,1.1,exit_ticket,exit_C,C-C01,current,1,Relate average versus instantaneous change to the idea of a limit and read and interpret limit notation.,I can relate average versus instantaneous change to the idea of a limit and read and interpret limit notation.,"AP Topics 1.1, 1.2",tarsia-prompt,exact,,"Unit 1 Assessment Plan; Framework AP Topics 1.1, 1.2; optional AP-topic source used for task-form/rigor reference",
U1-S1-ET-C-C02,MATH,1,1.1,exit_ticket,exit_C,C-C02,current,1,Relate average versus instantaneous change to the idea of a limit and read and interpret limit notation.,I can relate average versus instantaneous change to the idea of a limit and read and interpret limit notation.,"AP Topics 1.1, 1.2",tarsia-prompt,exact,,"Unit 1 Assessment Plan; Framework AP Topics 1.1, 1.2; optional AP-topic source used for task-form/rigor reference",
U1-S1-ET-C-L01,MATH,1,1.1,exit_ticket,exit_C,C-L01,last,2,"Prior knowledge on functions, graph interpretation, and rates of change.","I can use function notation, interpret graphs and tables, and compute average rates of change.","AP Topics 1.1, 1.2",tarsia-prompt,exact,,"Unit 1 Assessment Plan; Framework AP Topics 1.1, 1.2; optional AP-topic source used for task-form/rigor reference",
U1-S1-ET-C-M01,MATH,1,1.1,exit_ticket,exit_C,C-M01,mastery,1,Retrieve durable prerequisite learning used throughout Unit 1.,"I can use prerequisite function, representation, algebra, and rate-of-change skills accurately.","AP Topics 1.1, 1.2",tarsia-prompt,exact,,"Unit 1 Assessment Plan; Framework AP Topics 1.1, 1.2; optional AP-topic source used for task-form/rigor reference",
U1-S2-ET-A-C01,MATH,1,1.2,exit_ticket,exit_A,A-C01,current,1,"Determine one-sided and two-sided limits from graphs and tables, including when a limit does not exist.","I can determine one-sided and two-sided limits from graphs and tables, including when a limit does not exist.","AP Topics 1.3, 1.4, 1.9",tarsia-prompt,exact,,"Unit 1 Assessment Plan; Framework AP Topics 1.3, 1.4, 1.9; optional AP-topic source used for task-form/rigor reference",
U1-S2-ET-A-C02,MATH,1,1.2,exit_ticket,exit_A,A-C02,current,1,"Determine one-sided and two-sided limits from graphs and tables, including when a limit does not exist.","I can determine one-sided and two-sided limits from graphs and tables, including when a limit does not exist.","AP Topics 1.3, 1.4, 1.9",tarsia-prompt,exact,,"Unit 1 Assessment Plan; Framework AP Topics 1.3, 1.4, 1.9; optional AP-topic source used for task-form/rigor reference",
U1-S2-ET-A-L01,MATH,1,1.2,exit_ticket,exit_A,A-L01,last,1,Relate average versus instantaneous change to the idea of a limit and read and interpret limit notation.,I can estimate limits and interpret limit notation.,"AP Topics 1.3, 1.4, 1.9",tarsia-prompt,exact,,"Unit 1 Assessment Plan; Framework AP Topics 1.3, 1.4, 1.9; optional AP-topic source used for task-form/rigor reference",
U1-S2-ET-A-M01,MATH,1,1.2,exit_ticket,exit_A,A-M01,mastery,2,Retrieve durable prerequisite learning used throughout Unit 1.,"I can use prerequisite function, representation, algebra, and rate-of-change skills accurately.","AP Topics 1.3, 1.4, 1.9",tarsia-prompt,exact,,"Unit 1 Assessment Plan; Framework AP Topics 1.3, 1.4, 1.9; optional AP-topic source used for task-form/rigor reference",
U1-S2-ET-B-C01,MATH,1,1.2,exit_ticket,exit_B,B-C01,current,1,"Determine one-sided and two-sided limits from graphs and tables, including when a limit does not exist.","I can determine one-sided and two-sided limits from graphs and tables, including when a limit does not exist.","AP Topics 1.3, 1.4, 1.9",tarsia-prompt,exact,,"Unit 1 Assessment Plan; Framework AP Topics 1.3, 1.4, 1.9; optional AP-topic source used for task-form/rigor reference",
U1-S2-ET-B-C02,MATH,1,1.2,exit_ticket,exit_B,B-C02,current,2,"Determine one-sided and two-sided limits from graphs and tables, including when a limit does not exist.","I can determine one-sided and two-sided limits from graphs and tables, including when a limit does not exist.","AP Topics 1.3, 1.4, 1.9",tarsia-prompt,exact,,"Unit 1 Assessment Plan; Framework AP Topics 1.3, 1.4, 1.9; optional AP-topic source used for task-form/rigor reference",
U1-S2-ET-B-L01,MATH,1,1.2,exit_ticket,exit_B,B-L01,last,1,Relate average versus instantaneous change to the idea of a limit and read and interpret limit notation.,I can estimate limits and interpret limit notation.,"AP Topics 1.3, 1.4, 1.9",tarsia-prompt,exact,,"Unit 1 Assessment Plan; Framework AP Topics 1.3, 1.4, 1.9; optional AP-topic source used for task-form/rigor reference",
U1-S2-ET-B-M01,MATH,1,1.2,exit_ticket,exit_B,B-M01,mastery,2,Retrieve durable prerequisite learning used throughout Unit 1.,"I can use prerequisite function, representation, algebra, and rate-of-change skills accurately.","AP Topics 1.3, 1.4, 1.9",tarsia-prompt,exact,,"Unit 1 Assessment Plan; Framework AP Topics 1.3, 1.4, 1.9; optional AP-topic source used for task-form/rigor reference",
U1-S2-ET-C-C01,MATH,1,1.2,exit_ticket,exit_C,C-C01,current,2,"Determine one-sided and two-sided limits from graphs and tables, including when a limit does not exist.","I can determine one-sided and two-sided limits from graphs and tables, including when a limit does not exist.","AP Topics 1.3, 1.4, 1.9",tarsia-prompt,exact,,"Unit 1 Assessment Plan; Framework AP Topics 1.3, 1.4, 1.9; optional AP-topic source used for task-form/rigor reference",
U1-S2-ET-C-C02,MATH,1,1.2,exit_ticket,exit_C,C-C02,current,1,"Determine one-sided and two-sided limits from graphs and tables, including when a limit does not exist.","I can determine one-sided and two-sided limits from graphs and tables, including when a limit does not exist.","AP Topics 1.3, 1.4, 1.9",tarsia-prompt,exact,,"Unit 1 Assessment Plan; Framework AP Topics 1.3, 1.4, 1.9; optional AP-topic source used for task-form/rigor reference",
U1-S2-ET-C-L01,MATH,1,1.2,exit_ticket,exit_C,C-L01,last,2,Relate average versus instantaneous change to the idea of a limit and read and interpret limit notation.,I can estimate limits and interpret limit notation.,"AP Topics 1.3, 1.4, 1.9",tarsia-prompt,exact,,"Unit 1 Assessment Plan; Framework AP Topics 1.3, 1.4, 1.9; optional AP-topic source used for task-form/rigor reference",
U1-S2-ET-C-M01,MATH,1,1.2,exit_ticket,exit_C,C-M01,mastery,2,Retrieve durable prerequisite learning used throughout Unit 1.,"I can use prerequisite function, representation, algebra, and rate-of-change skills accurately.","AP Topics 1.3, 1.4, 1.9",tarsia-prompt,exact,,"Unit 1 Assessment Plan; Framework AP Topics 1.3, 1.4, 1.9; optional AP-topic source used for task-form/rigor reference",
U1-S3-ET-A-C01,MATH,1,1.3,exit_ticket,exit_A,A-C01,current,2,"Evaluate limits algebraically using direct substitution, limit laws, factoring, conjugates, and appropriate trigonometric or squeeze reasoning.","I can evaluate limits algebraically using direct substitution, limit laws, factoring, conjugates, and appropriate trigonometric or squeeze reasoning.","AP Topics 1.5, 1.6, 1.7, 1.8",tarsia-prompt,exact,,"Unit 1 Assessment Plan; Framework AP Topics 1.5, 1.6, 1.7, 1.8; optional AP-topic source used for task-form/rigor reference",
U1-S3-ET-A-C02,MATH,1,1.3,exit_ticket,exit_A,A-C02,current,2,"Evaluate limits algebraically using direct substitution, limit laws, factoring, conjugates, and appropriate trigonometric or squeeze reasoning.","I can evaluate limits algebraically using direct substitution, limit laws, factoring, conjugates, and appropriate trigonometric or squeeze reasoning.","AP Topics 1.5, 1.6, 1.7, 1.8",tarsia-prompt,exact,,"Unit 1 Assessment Plan; Framework AP Topics 1.5, 1.6, 1.7, 1.8; optional AP-topic source used for task-form/rigor reference",
U1-S3-ET-A-L01,MATH,1,1.3,exit_ticket,exit_A,A-L01,last,2,"Determine one-sided and two-sided limits from graphs and tables, including when a limit does not exist.",I can determine one-sided and two-sided limits from graphs and tables.,"AP Topics 1.5, 1.6, 1.7, 1.8",tarsia-prompt,exact,,"Unit 1 Assessment Plan; Framework AP Topics 1.5, 1.6, 1.7, 1.8; optional AP-topic source used for task-form/rigor reference",
U1-S3-ET-A-M01,MATH,1,1.3,exit_ticket,exit_A,A-M01,mastery,1,Retrieve durable prerequisite learning used throughout Unit 1.,"I can use prerequisite function, representation, algebra, and rate-of-change skills accurately.","AP Topics 1.5, 1.6, 1.7, 1.8",tarsia-prompt,exact,,"Unit 1 Assessment Plan; Framework AP Topics 1.5, 1.6, 1.7, 1.8; optional AP-topic source used for task-form/rigor reference",
U1-S3-ET-B-C01,MATH,1,1.3,exit_ticket,exit_B,B-C01,current,1,"Evaluate limits algebraically using direct substitution, limit laws, factoring, conjugates, and appropriate trigonometric or squeeze reasoning.","I can evaluate limits algebraically using direct substitution, limit laws, factoring, conjugates, and appropriate trigonometric or squeeze reasoning.","AP Topics 1.5, 1.6, 1.7, 1.8",tarsia-prompt,exact,,"Unit 1 Assessment Plan; Framework AP Topics 1.5, 1.6, 1.7, 1.8; optional AP-topic source used for task-form/rigor reference",
U1-S3-ET-B-C02,MATH,1,1.3,exit_ticket,exit_B,B-C02,current,2,"Evaluate limits algebraically using direct substitution, limit laws, factoring, conjugates, and appropriate trigonometric or squeeze reasoning.","I can evaluate limits algebraically using direct substitution, limit laws, factoring, conjugates, and appropriate trigonometric or squeeze reasoning.","AP Topics 1.5, 1.6, 1.7, 1.8",tarsia-prompt,exact,,"Unit 1 Assessment Plan; Framework AP Topics 1.5, 1.6, 1.7, 1.8; optional AP-topic source used for task-form/rigor reference",
U1-S3-ET-B-L01,MATH,1,1.3,exit_ticket,exit_B,B-L01,last,1,"Determine one-sided and two-sided limits from graphs and tables, including when a limit does not exist.",I can determine one-sided and two-sided limits from graphs and tables.,"AP Topics 1.5, 1.6, 1.7, 1.8",tarsia-prompt,exact,,"Unit 1 Assessment Plan; Framework AP Topics 1.5, 1.6, 1.7, 1.8; optional AP-topic source used for task-form/rigor reference",
U1-S3-ET-B-M01,MATH,1,1.3,exit_ticket,exit_B,B-M01,mastery,1,Retrieve durable prerequisite learning used throughout Unit 1.,"I can use prerequisite function, representation, algebra, and rate-of-change skills accurately.","AP Topics 1.5, 1.6, 1.7, 1.8",tarsia-prompt,exact,,"Unit 1 Assessment Plan; Framework AP Topics 1.5, 1.6, 1.7, 1.8; optional AP-topic source used for task-form/rigor reference",
U1-S3-ET-C-C01,MATH,1,1.3,exit_ticket,exit_C,C-C01,current,1,"Evaluate limits algebraically using direct substitution, limit laws, factoring, conjugates, and appropriate trigonometric or squeeze reasoning.","I can evaluate limits algebraically using direct substitution, limit laws, factoring, conjugates, and appropriate trigonometric or squeeze reasoning.","AP Topics 1.5, 1.6, 1.7, 1.8",tarsia-prompt,exact,,"Unit 1 Assessment Plan; Framework AP Topics 1.5, 1.6, 1.7, 1.8; optional AP-topic source used for task-form/rigor reference",
U1-S3-ET-C-C02,MATH,1,1.3,exit_ticket,exit_C,C-C02,current,1,"Evaluate limits algebraically using direct substitution, limit laws, factoring, conjugates, and appropriate trigonometric or squeeze reasoning.","I can evaluate limits algebraically using direct substitution, limit laws, factoring, conjugates, and appropriate trigonometric or squeeze reasoning.","AP Topics 1.5, 1.6, 1.7, 1.8",tarsia-prompt,exact,,"Unit 1 Assessment Plan; Framework AP Topics 1.5, 1.6, 1.7, 1.8; optional AP-topic source used for task-form/rigor reference",
U1-S3-ET-C-L01,MATH,1,1.3,exit_ticket,exit_C,C-L01,last,3,"Determine one-sided and two-sided limits from graphs and tables, including when a limit does not exist.",I can determine one-sided and two-sided limits from graphs and tables.,"AP Topics 1.5, 1.6, 1.7, 1.8",tarsia-prompt,exact,,"Unit 1 Assessment Plan; Framework AP Topics 1.5, 1.6, 1.7, 1.8; optional AP-topic source used for task-form/rigor reference",
U1-S3-ET-C-M01,MATH,1,1.3,exit_ticket,exit_C,C-M01,mastery,2,Retrieve durable prerequisite learning used throughout Unit 1.,"I can use prerequisite function, representation, algebra, and rate-of-change skills accurately.","AP Topics 1.5, 1.6, 1.7, 1.8",tarsia-prompt,exact,,"Unit 1 Assessment Plan; Framework AP Topics 1.5, 1.6, 1.7, 1.8; optional AP-topic source used for task-form/rigor reference",
U1-S4-ET-A-C01,MATH,1,1.4,exit_ticket,exit_A,A-C01,current,1,"Analyze continuity at a point and on intervals, and classify discontinuities using limits, function values, and piecewise definitions.","I can analyze continuity at a point and on intervals, and classify discontinuities using limits, function values, and piecewise definitions.","AP Topics 1.10, 1.11, 1.12, 1.13",tarsia-prompt,exact,,"Unit 1 Assessment Plan; Framework AP Topics 1.10, 1.11, 1.12, 1.13; optional AP-topic source used for task-form/rigor reference",
U1-S4-ET-A-C02,MATH,1,1.4,exit_ticket,exit_A,A-C02,current,3,"Analyze continuity at a point and on intervals, and classify discontinuities using limits, function values, and piecewise definitions.","I can analyze continuity at a point and on intervals, and classify discontinuities using limits, function values, and piecewise definitions.","AP Topics 1.10, 1.11, 1.12, 1.13",tarsia-prompt,exact,,"Unit 1 Assessment Plan; Framework AP Topics 1.10, 1.11, 1.12, 1.13; optional AP-topic source used for task-form/rigor reference",
U1-S4-ET-A-L01,MATH,1,1.4,exit_ticket,exit_A,A-L01,last,2,"Evaluate limits algebraically using direct substitution, limit laws, factoring, conjugates, and appropriate trigonometric or squeeze reasoning.",I can evaluate limits algebraically and select an appropriate routine method.,"AP Topics 1.10, 1.11, 1.12, 1.13",tarsia-prompt,exact,,"Unit 1 Assessment Plan; Framework AP Topics 1.10, 1.11, 1.12, 1.13; optional AP-topic source used for task-form/rigor reference",
U1-S4-ET-A-M01,MATH,1,1.4,exit_ticket,exit_A,A-M01,mastery,2,Retrieve durable prerequisite learning used throughout Unit 1.,"I can use prerequisite function, representation, algebra, and rate-of-change skills accurately.","AP Topics 1.10, 1.11, 1.12, 1.13",tarsia-prompt,exact,,"Unit 1 Assessment Plan; Framework AP Topics 1.10, 1.11, 1.12, 1.13; optional AP-topic source used for task-form/rigor reference",
U1-S4-ET-B-C01,MATH,1,1.4,exit_ticket,exit_B,B-C01,current,1,"Analyze continuity at a point and on intervals, and classify discontinuities using limits, function values, and piecewise definitions.","I can analyze continuity at a point and on intervals, and classify discontinuities using limits, function values, and piecewise definitions.","AP Topics 1.10, 1.11, 1.12, 1.13",tarsia-prompt,exact,,"Unit 1 Assessment Plan; Framework AP Topics 1.10, 1.11, 1.12, 1.13; optional AP-topic source used for task-form/rigor reference",
U1-S4-ET-B-C02,MATH,1,1.4,exit_ticket,exit_B,B-C02,current,2,"Analyze continuity at a point and on intervals, and classify discontinuities using limits, function values, and piecewise definitions.","I can analyze continuity at a point and on intervals, and classify discontinuities using limits, function values, and piecewise definitions.","AP Topics 1.10, 1.11, 1.12, 1.13",tarsia-prompt,exact,,"Unit 1 Assessment Plan; Framework AP Topics 1.10, 1.11, 1.12, 1.13; optional AP-topic source used for task-form/rigor reference",
U1-S4-ET-B-L01,MATH,1,1.4,exit_ticket,exit_B,B-L01,last,2,"Evaluate limits algebraically using direct substitution, limit laws, factoring, conjugates, and appropriate trigonometric or squeeze reasoning.",I can evaluate limits algebraically and select an appropriate routine method.,"AP Topics 1.10, 1.11, 1.12, 1.13",tarsia-prompt,exact,,"Unit 1 Assessment Plan; Framework AP Topics 1.10, 1.11, 1.12, 1.13; optional AP-topic source used for task-form/rigor reference",
U1-S4-ET-B-M01,MATH,1,1.4,exit_ticket,exit_B,B-M01,mastery,1,Retrieve durable prerequisite learning used throughout Unit 1.,"I can use prerequisite function, representation, algebra, and rate-of-change skills accurately.","AP Topics 1.10, 1.11, 1.12, 1.13",tarsia-prompt,exact,,"Unit 1 Assessment Plan; Framework AP Topics 1.10, 1.11, 1.12, 1.13; optional AP-topic source used for task-form/rigor reference",
U1-S4-ET-C-C01,MATH,1,1.4,exit_ticket,exit_C,C-C01,current,2,"Analyze continuity at a point and on intervals, and classify discontinuities using limits, function values, and piecewise definitions.","I can analyze continuity at a point and on intervals, and classify discontinuities using limits, function values, and piecewise definitions.","AP Topics 1.10, 1.11, 1.12, 1.13",tarsia-prompt,exact,,"Unit 1 Assessment Plan; Framework AP Topics 1.10, 1.11, 1.12, 1.13; optional AP-topic source used for task-form/rigor reference",
U1-S4-ET-C-C02,MATH,1,1.4,exit_ticket,exit_C,C-C02,current,2,"Analyze continuity at a point and on intervals, and classify discontinuities using limits, function values, and piecewise definitions.","I can analyze continuity at a point and on intervals, and classify discontinuities using limits, function values, and piecewise definitions.","AP Topics 1.10, 1.11, 1.12, 1.13",tarsia-prompt,exact,,"Unit 1 Assessment Plan; Framework AP Topics 1.10, 1.11, 1.12, 1.13; optional AP-topic source used for task-form/rigor reference",
U1-S4-ET-C-L01,MATH,1,1.4,exit_ticket,exit_C,C-L01,last,1,"Evaluate limits algebraically using direct substitution, limit laws, factoring, conjugates, and appropriate trigonometric or squeeze reasoning.",I can evaluate limits algebraically and select an appropriate routine method.,"AP Topics 1.10, 1.11, 1.12, 1.13",tarsia-prompt,exact,,"Unit 1 Assessment Plan; Framework AP Topics 1.10, 1.11, 1.12, 1.13; optional AP-topic source used for task-form/rigor reference",
U1-S4-ET-C-M01,MATH,1,1.4,exit_ticket,exit_C,C-M01,mastery,1,Retrieve durable prerequisite learning used throughout Unit 1.,"I can use prerequisite function, representation, algebra, and rate-of-change skills accurately.","AP Topics 1.10, 1.11, 1.12, 1.13",tarsia-prompt,exact,,"Unit 1 Assessment Plan; Framework AP Topics 1.10, 1.11, 1.12, 1.13; optional AP-topic source used for task-form/rigor reference",
U1-S5-ET-A-C01,MATH,1,1.5,exit_ticket,exit_A,A-C01,current,2,"Interpret infinite limits and limits at infinity to identify asymptotic behavior, and apply the Intermediate Value Theorem when its hypotheses are satisfied.","I can interpret infinite limits and limits at infinity to identify asymptotic behavior, and apply the Intermediate Value Theorem when its hypotheses are satisfied.","AP Topics 1.14, 1.15, 1.16",tarsia-prompt,exact,,"Unit 1 Assessment Plan; Framework AP Topics 1.14, 1.15, 1.16; optional AP-topic source used for task-form/rigor reference",
U1-S5-ET-A-C02,MATH,1,1.5,exit_ticket,exit_A,A-C02,current,1,"Interpret infinite limits and limits at infinity to identify asymptotic behavior, and apply the Intermediate Value Theorem when its hypotheses are satisfied.","I can interpret infinite limits and limits at infinity to identify asymptotic behavior, and apply the Intermediate Value Theorem when its hypotheses are satisfied.","AP Topics 1.14, 1.15, 1.16",tarsia-prompt,exact,,"Unit 1 Assessment Plan; Framework AP Topics 1.14, 1.15, 1.16; optional AP-topic source used for task-form/rigor reference",
U1-S5-ET-A-L01,MATH,1,1.5,exit_ticket,exit_A,A-L01,last,2,"Analyze continuity at a point and on intervals, and classify discontinuities using limits, function values, and piecewise definitions.",I can analyze continuity at a point and classify discontinuities.,"AP Topics 1.14, 1.15, 1.16",tarsia-prompt,exact,,"Unit 1 Assessment Plan; Framework AP Topics 1.14, 1.15, 1.16; optional AP-topic source used for task-form/rigor reference",
U1-S5-ET-A-M01,MATH,1,1.5,exit_ticket,exit_A,A-M01,mastery,2,Retrieve durable prerequisite learning used throughout Unit 1.,"I can use prerequisite function, representation, algebra, and rate-of-change skills accurately.","AP Topics 1.14, 1.15, 1.16",tarsia-prompt,exact,,"Unit 1 Assessment Plan; Framework AP Topics 1.14, 1.15, 1.16; optional AP-topic source used for task-form/rigor reference",
U1-S5-ET-B-C01,MATH,1,1.5,exit_ticket,exit_B,B-C01,current,1,"Interpret infinite limits and limits at infinity to identify asymptotic behavior, and apply the Intermediate Value Theorem when its hypotheses are satisfied.","I can interpret infinite limits and limits at infinity to identify asymptotic behavior, and apply the Intermediate Value Theorem when its hypotheses are satisfied.","AP Topics 1.14, 1.15, 1.16",tarsia-prompt,exact,,"Unit 1 Assessment Plan; Framework AP Topics 1.14, 1.15, 1.16; optional AP-topic source used for task-form/rigor reference",
U1-S5-ET-B-C02,MATH,1,1.5,exit_ticket,exit_B,B-C02,current,2,"Interpret infinite limits and limits at infinity to identify asymptotic behavior, and apply the Intermediate Value Theorem when its hypotheses are satisfied.","I can interpret infinite limits and limits at infinity to identify asymptotic behavior, and apply the Intermediate Value Theorem when its hypotheses are satisfied.","AP Topics 1.14, 1.15, 1.16",tarsia-prompt,exact,,"Unit 1 Assessment Plan; Framework AP Topics 1.14, 1.15, 1.16; optional AP-topic source used for task-form/rigor reference",
U1-S5-ET-B-L01,MATH,1,1.5,exit_ticket,exit_B,B-L01,last,1,"Analyze continuity at a point and on intervals, and classify discontinuities using limits, function values, and piecewise definitions.",I can analyze continuity at a point and classify discontinuities.,"AP Topics 1.14, 1.15, 1.16",tarsia-prompt,exact,,"Unit 1 Assessment Plan; Framework AP Topics 1.14, 1.15, 1.16; optional AP-topic source used for task-form/rigor reference",
U1-S5-ET-B-M01,MATH,1,1.5,exit_ticket,exit_B,B-M01,mastery,2,Retrieve durable prerequisite learning used throughout Unit 1.,"I can use prerequisite function, representation, algebra, and rate-of-change skills accurately.","AP Topics 1.14, 1.15, 1.16",tarsia-prompt,exact,,"Unit 1 Assessment Plan; Framework AP Topics 1.14, 1.15, 1.16; optional AP-topic source used for task-form/rigor reference",
U1-S5-ET-C-C01,MATH,1,1.5,exit_ticket,exit_C,C-C01,current,2,"Interpret infinite limits and limits at infinity to identify asymptotic behavior, and apply the Intermediate Value Theorem when its hypotheses are satisfied.","I can interpret infinite limits and limits at infinity to identify asymptotic behavior, and apply the Intermediate Value Theorem when its hypotheses are satisfied.","AP Topics 1.14, 1.15, 1.16",tarsia-prompt,exact,,"Unit 1 Assessment Plan; Framework AP Topics 1.14, 1.15, 1.16; optional AP-topic source used for task-form/rigor reference",
U1-S5-ET-C-C02,MATH,1,1.5,exit_ticket,exit_C,C-C02,current,1,"Interpret infinite limits and limits at infinity to identify asymptotic behavior, and apply the Intermediate Value Theorem when its hypotheses are satisfied.","I can interpret infinite limits and limits at infinity to identify asymptotic behavior, and apply the Intermediate Value Theorem when its hypotheses are satisfied.","AP Topics 1.14, 1.15, 1.16",tarsia-prompt,exact,,"Unit 1 Assessment Plan; Framework AP Topics 1.14, 1.15, 1.16; optional AP-topic source used for task-form/rigor reference",
U1-S5-ET-C-L01,MATH,1,1.5,exit_ticket,exit_C,C-L01,last,1,"Analyze continuity at a point and on intervals, and classify discontinuities using limits, function values, and piecewise definitions.",I can analyze continuity at a point and classify discontinuities.,"AP Topics 1.14, 1.15, 1.16",tarsia-prompt,exact,,"Unit 1 Assessment Plan; Framework AP Topics 1.14, 1.15, 1.16; optional AP-topic source used for task-form/rigor reference",
U1-S5-ET-C-M01,MATH,1,1.5,exit_ticket,exit_C,C-M01,mastery,2,Retrieve durable prerequisite learning used throughout Unit 1.,"I can use prerequisite function, representation, algebra, and rate-of-change skills accurately.","AP Topics 1.14, 1.15, 1.16",tarsia-prompt,exact,,"Unit 1 Assessment Plan; Framework AP Topics 1.14, 1.15, 1.16; optional AP-topic source used for task-form/rigor reference",
U1-S2-PERF01,MATH,1,1.2,performance,performance,PERF01,performance,4,"Determine one-sided and two-sided limits from graphs and tables, including when a limit does not exist.","I can determine one-sided and two-sided limits from graphs and tables, including when a limit does not exist.","AP Topics 1.3, 1.4, 1.9",performance-task,rubric,,"Unit 1 Assessment Plan; Framework AP Topics 1.3, 1.4, 1.9; optional AP-topic source used for task-form/rigor reference",Concrete DOK 4 performance task; independent of formative versions.
U1-S4-PERF01,MATH,1,1.4,performance,performance,PERF01,performance,4,"Analyze continuity at a point and on intervals, and classify discontinuities using limits, function values, and piecewise definitions.","I can analyze continuity at a point and on intervals, and classify discontinuities using limits, function values, and piecewise definitions.","AP Topics 1.10, 1.11, 1.12, 1.13",performance-task,rubric,,"Unit 1 Assessment Plan; Framework AP Topics 1.10, 1.11, 1.12, 1.13; optional AP-topic source used for task-form/rigor reference",Concrete DOK 4 performance task; independent of formative versions.
U1-S5-PERF01,MATH,1,1.5,performance,performance,PERF01,performance,4,"Interpret infinite limits and limits at infinity to identify asymptotic behavior, and apply the Intermediate Value Theorem when its hypotheses are satisfied.","I can interpret infinite limits and limits at infinity to identify asymptotic behavior, and apply the Intermediate Value Theorem when its hypotheses are satisfied.","AP Topics 1.14, 1.15, 1.16",performance-task,rubric,,"Unit 1 Assessment Plan; Framework AP Topics 1.14, 1.15, 1.16; optional AP-topic source used for task-form/rigor reference",Concrete DOK 4 performance task; independent of formative versions.
U1-S5-PERF02,MATH,1,1.5,performance,performance,PERF02,performance,4,"Interpret infinite limits and limits at infinity to identify asymptotic behavior, and apply the Intermediate Value Theorem when its hypotheses are satisfied.","I can interpret infinite limits and limits at infinity to identify asymptotic behavior, and apply the Intermediate Value Theorem when its hypotheses are satisfied.","AP Topics 1.14, 1.15, 1.16",performance-task,rubric,,"Unit 1 Assessment Plan; Framework AP Topics 1.14, 1.15, 1.16; optional AP-topic source used for task-form/rigor reference",Concrete DOK 4 performance task; independent of formative versions.
U1-FA-D1-01-V1,MATH,1,1.1,formative_assessment,D1_01,V1,n-a,1,Relate average versus instantaneous change to the idea of a limit and read and interpret limit notation.,I can relate average versus instantaneous change to the idea of a limit and read and interpret limit notation.,"AP Topics 1.1, 1.2",short-response,exact-or-justified,,"Unit 1 Assessment Plan; Framework AP Topics 1.1, 1.2; optional AP-topic source used for task-form/rigor reference",Assessment-plan family: Limit Notation and Reading Check; eligibility: After Section 1.1; version 1 of 8.
U1-FA-D1-01-V2,MATH,1,1.1,formative_assessment,D1_01,V2,n-a,1,Relate average versus instantaneous change to the idea of a limit and read and interpret limit notation.,I can relate average versus instantaneous change to the idea of a limit and read and interpret limit notation.,"AP Topics 1.1, 1.2",short-response,exact-or-justified,,"Unit 1 Assessment Plan; Framework AP Topics 1.1, 1.2; optional AP-topic source used for task-form/rigor reference",Assessment-plan family: Limit Notation and Reading Check; eligibility: After Section 1.1; version 2 of 8.
U1-FA-D1-01-V3,MATH,1,1.1,formative_assessment,D1_01,V3,n-a,1,Relate average versus instantaneous change to the idea of a limit and read and interpret limit notation.,I can relate average versus instantaneous change to the idea of a limit and read and interpret limit notation.,"AP Topics 1.1, 1.2",short-response,exact-or-justified,,"Unit 1 Assessment Plan; Framework AP Topics 1.1, 1.2; optional AP-topic source used for task-form/rigor reference",Assessment-plan family: Limit Notation and Reading Check; eligibility: After Section 1.1; version 3 of 8.
U1-FA-D1-01-V4,MATH,1,1.1,formative_assessment,D1_01,V4,n-a,1,Relate average versus instantaneous change to the idea of a limit and read and interpret limit notation.,I can relate average versus instantaneous change to the idea of a limit and read and interpret limit notation.,"AP Topics 1.1, 1.2",short-response,exact-or-justified,,"Unit 1 Assessment Plan; Framework AP Topics 1.1, 1.2; optional AP-topic source used for task-form/rigor reference",Assessment-plan family: Limit Notation and Reading Check; eligibility: After Section 1.1; version 4 of 8.
U1-FA-D1-01-V5,MATH,1,1.1,formative_assessment,D1_01,V5,n-a,1,Relate average versus instantaneous change to the idea of a limit and read and interpret limit notation.,I can relate average versus instantaneous change to the idea of a limit and read and interpret limit notation.,"AP Topics 1.1, 1.2",short-response,exact-or-justified,,"Unit 1 Assessment Plan; Framework AP Topics 1.1, 1.2; optional AP-topic source used for task-form/rigor reference",Assessment-plan family: Limit Notation and Reading Check; eligibility: After Section 1.1; version 5 of 8.
U1-FA-D1-01-V6,MATH,1,1.1,formative_assessment,D1_01,V6,n-a,1,Relate average versus instantaneous change to the idea of a limit and read and interpret limit notation.,I can relate average versus instantaneous change to the idea of a limit and read and interpret limit notation.,"AP Topics 1.1, 1.2",short-response,exact-or-justified,,"Unit 1 Assessment Plan; Framework AP Topics 1.1, 1.2; optional AP-topic source used for task-form/rigor reference",Assessment-plan family: Limit Notation and Reading Check; eligibility: After Section 1.1; version 6 of 8.
U1-FA-D1-01-V7,MATH,1,1.1,formative_assessment,D1_01,V7,n-a,1,Relate average versus instantaneous change to the idea of a limit and read and interpret limit notation.,I can relate average versus instantaneous change to the idea of a limit and read and interpret limit notation.,"AP Topics 1.1, 1.2",short-response,exact-or-justified,,"Unit 1 Assessment Plan; Framework AP Topics 1.1, 1.2; optional AP-topic source used for task-form/rigor reference",Assessment-plan family: Limit Notation and Reading Check; eligibility: After Section 1.1; version 7 of 8.
U1-FA-D1-01-V8,MATH,1,1.1,formative_assessment,D1_01,V8,n-a,1,Relate average versus instantaneous change to the idea of a limit and read and interpret limit notation.,I can relate average versus instantaneous change to the idea of a limit and read and interpret limit notation.,"AP Topics 1.1, 1.2",short-response,exact-or-justified,,"Unit 1 Assessment Plan; Framework AP Topics 1.1, 1.2; optional AP-topic source used for task-form/rigor reference",Assessment-plan family: Limit Notation and Reading Check; eligibility: After Section 1.1; version 8 of 8.
U1-FA-D1-02-V1,MATH,1,1.2,formative_assessment,D1_02,V1,n-a,1,"Determine one-sided and two-sided limits from graphs and tables, including when a limit does not exist.","I can determine one-sided and two-sided limits from graphs and tables, including when a limit does not exist.","AP Topics 1.3, 1.4, 1.9",short-response,exact-or-justified,,"Unit 1 Assessment Plan; Framework AP Topics 1.3, 1.4, 1.9; optional AP-topic source used for task-form/rigor reference",Assessment-plan family: One-Sided Limit Recognition; eligibility: After Section 1.2; version 1 of 8.
U1-FA-D1-02-V2,MATH,1,1.2,formative_assessment,D1_02,V2,n-a,1,"Determine one-sided and two-sided limits from graphs and tables, including when a limit does not exist.","I can determine one-sided and two-sided limits from graphs and tables, including when a limit does not exist.","AP Topics 1.3, 1.4, 1.9",short-response,exact-or-justified,,"Unit 1 Assessment Plan; Framework AP Topics 1.3, 1.4, 1.9; optional AP-topic source used for task-form/rigor reference",Assessment-plan family: One-Sided Limit Recognition; eligibility: After Section 1.2; version 2 of 8.
U1-FA-D1-02-V3,MATH,1,1.2,formative_assessment,D1_02,V3,n-a,1,"Determine one-sided and two-sided limits from graphs and tables, including when a limit does not exist.","I can determine one-sided and two-sided limits from graphs and tables, including when a limit does not exist.","AP Topics 1.3, 1.4, 1.9",short-response,exact-or-justified,,"Unit 1 Assessment Plan; Framework AP Topics 1.3, 1.4, 1.9; optional AP-topic source used for task-form/rigor reference",Assessment-plan family: One-Sided Limit Recognition; eligibility: After Section 1.2; version 3 of 8.
U1-FA-D1-02-V4,MATH,1,1.2,formative_assessment,D1_02,V4,n-a,1,"Determine one-sided and two-sided limits from graphs and tables, including when a limit does not exist.","I can determine one-sided and two-sided limits from graphs and tables, including when a limit does not exist.","AP Topics 1.3, 1.4, 1.9",short-response,exact-or-justified,,"Unit 1 Assessment Plan; Framework AP Topics 1.3, 1.4, 1.9; optional AP-topic source used for task-form/rigor reference",Assessment-plan family: One-Sided Limit Recognition; eligibility: After Section 1.2; version 4 of 8.
U1-FA-D1-02-V5,MATH,1,1.2,formative_assessment,D1_02,V5,n-a,1,"Determine one-sided and two-sided limits from graphs and tables, including when a limit does not exist.","I can determine one-sided and two-sided limits from graphs and tables, including when a limit does not exist.","AP Topics 1.3, 1.4, 1.9",short-response,exact-or-justified,,"Unit 1 Assessment Plan; Framework AP Topics 1.3, 1.4, 1.9; optional AP-topic source used for task-form/rigor reference",Assessment-plan family: One-Sided Limit Recognition; eligibility: After Section 1.2; version 5 of 8.
U1-FA-D1-02-V6,MATH,1,1.2,formative_assessment,D1_02,V6,n-a,1,"Determine one-sided and two-sided limits from graphs and tables, including when a limit does not exist.","I can determine one-sided and two-sided limits from graphs and tables, including when a limit does not exist.","AP Topics 1.3, 1.4, 1.9",short-response,exact-or-justified,,"Unit 1 Assessment Plan; Framework AP Topics 1.3, 1.4, 1.9; optional AP-topic source used for task-form/rigor reference",Assessment-plan family: One-Sided Limit Recognition; eligibility: After Section 1.2; version 6 of 8.
U1-FA-D1-02-V7,MATH,1,1.2,formative_assessment,D1_02,V7,n-a,1,"Determine one-sided and two-sided limits from graphs and tables, including when a limit does not exist.","I can determine one-sided and two-sided limits from graphs and tables, including when a limit does not exist.","AP Topics 1.3, 1.4, 1.9",short-response,exact-or-justified,,"Unit 1 Assessment Plan; Framework AP Topics 1.3, 1.4, 1.9; optional AP-topic source used for task-form/rigor reference",Assessment-plan family: One-Sided Limit Recognition; eligibility: After Section 1.2; version 7 of 8.
U1-FA-D1-02-V8,MATH,1,1.2,formative_assessment,D1_02,V8,n-a,1,"Determine one-sided and two-sided limits from graphs and tables, including when a limit does not exist.","I can determine one-sided and two-sided limits from graphs and tables, including when a limit does not exist.","AP Topics 1.3, 1.4, 1.9",short-response,exact-or-justified,,"Unit 1 Assessment Plan; Framework AP Topics 1.3, 1.4, 1.9; optional AP-topic source used for task-form/rigor reference",Assessment-plan family: One-Sided Limit Recognition; eligibility: After Section 1.2; version 8 of 8.
U1-FA-D1-03-V1,MATH,1,1.3,formative_assessment,D1_03,V1,n-a,1,"Evaluate limits algebraically using direct substitution, limit laws, factoring, conjugates, and appropriate trigonometric or squeeze reasoning.","I can evaluate limits algebraically using direct substitution, limit laws, factoring, conjugates, and appropriate trigonometric or squeeze reasoning.","AP Topics 1.5, 1.6, 1.7, 1.8",short-response,exact-or-justified,,"Unit 1 Assessment Plan; Framework AP Topics 1.5, 1.6, 1.7, 1.8; optional AP-topic source used for task-form/rigor reference",Assessment-plan family: Algebraic Limit Fluency; eligibility: After Section 1.3; version 1 of 8.
U1-FA-D1-03-V2,MATH,1,1.3,formative_assessment,D1_03,V2,n-a,1,"Evaluate limits algebraically using direct substitution, limit laws, factoring, conjugates, and appropriate trigonometric or squeeze reasoning.","I can evaluate limits algebraically using direct substitution, limit laws, factoring, conjugates, and appropriate trigonometric or squeeze reasoning.","AP Topics 1.5, 1.6, 1.7, 1.8",short-response,exact-or-justified,,"Unit 1 Assessment Plan; Framework AP Topics 1.5, 1.6, 1.7, 1.8; optional AP-topic source used for task-form/rigor reference",Assessment-plan family: Algebraic Limit Fluency; eligibility: After Section 1.3; version 2 of 8.
U1-FA-D1-03-V3,MATH,1,1.3,formative_assessment,D1_03,V3,n-a,1,"Evaluate limits algebraically using direct substitution, limit laws, factoring, conjugates, and appropriate trigonometric or squeeze reasoning.","I can evaluate limits algebraically using direct substitution, limit laws, factoring, conjugates, and appropriate trigonometric or squeeze reasoning.","AP Topics 1.5, 1.6, 1.7, 1.8",short-response,exact-or-justified,,"Unit 1 Assessment Plan; Framework AP Topics 1.5, 1.6, 1.7, 1.8; optional AP-topic source used for task-form/rigor reference",Assessment-plan family: Algebraic Limit Fluency; eligibility: After Section 1.3; version 3 of 8.
U1-FA-D1-03-V4,MATH,1,1.3,formative_assessment,D1_03,V4,n-a,1,"Evaluate limits algebraically using direct substitution, limit laws, factoring, conjugates, and appropriate trigonometric or squeeze reasoning.","I can evaluate limits algebraically using direct substitution, limit laws, factoring, conjugates, and appropriate trigonometric or squeeze reasoning.","AP Topics 1.5, 1.6, 1.7, 1.8",short-response,exact-or-justified,,"Unit 1 Assessment Plan; Framework AP Topics 1.5, 1.6, 1.7, 1.8; optional AP-topic source used for task-form/rigor reference",Assessment-plan family: Algebraic Limit Fluency; eligibility: After Section 1.3; version 4 of 8.
U1-FA-D1-03-V5,MATH,1,1.3,formative_assessment,D1_03,V5,n-a,1,"Evaluate limits algebraically using direct substitution, limit laws, factoring, conjugates, and appropriate trigonometric or squeeze reasoning.","I can evaluate limits algebraically using direct substitution, limit laws, factoring, conjugates, and appropriate trigonometric or squeeze reasoning.","AP Topics 1.5, 1.6, 1.7, 1.8",short-response,exact-or-justified,,"Unit 1 Assessment Plan; Framework AP Topics 1.5, 1.6, 1.7, 1.8; optional AP-topic source used for task-form/rigor reference",Assessment-plan family: Algebraic Limit Fluency; eligibility: After Section 1.3; version 5 of 8.
U1-FA-D1-03-V6,MATH,1,1.3,formative_assessment,D1_03,V6,n-a,1,"Evaluate limits algebraically using direct substitution, limit laws, factoring, conjugates, and appropriate trigonometric or squeeze reasoning.","I can evaluate limits algebraically using direct substitution, limit laws, factoring, conjugates, and appropriate trigonometric or squeeze reasoning.","AP Topics 1.5, 1.6, 1.7, 1.8",short-response,exact-or-justified,,"Unit 1 Assessment Plan; Framework AP Topics 1.5, 1.6, 1.7, 1.8; optional AP-topic source used for task-form/rigor reference",Assessment-plan family: Algebraic Limit Fluency; eligibility: After Section 1.3; version 6 of 8.
U1-FA-D1-03-V7,MATH,1,1.3,formative_assessment,D1_03,V7,n-a,1,"Evaluate limits algebraically using direct substitution, limit laws, factoring, conjugates, and appropriate trigonometric or squeeze reasoning.","I can evaluate limits algebraically using direct substitution, limit laws, factoring, conjugates, and appropriate trigonometric or squeeze reasoning.","AP Topics 1.5, 1.6, 1.7, 1.8",short-response,exact-or-justified,,"Unit 1 Assessment Plan; Framework AP Topics 1.5, 1.6, 1.7, 1.8; optional AP-topic source used for task-form/rigor reference",Assessment-plan family: Algebraic Limit Fluency; eligibility: After Section 1.3; version 7 of 8.
U1-FA-D1-03-V8,MATH,1,1.3,formative_assessment,D1_03,V8,n-a,1,"Evaluate limits algebraically using direct substitution, limit laws, factoring, conjugates, and appropriate trigonometric or squeeze reasoning.","I can evaluate limits algebraically using direct substitution, limit laws, factoring, conjugates, and appropriate trigonometric or squeeze reasoning.","AP Topics 1.5, 1.6, 1.7, 1.8",short-response,exact-or-justified,,"Unit 1 Assessment Plan; Framework AP Topics 1.5, 1.6, 1.7, 1.8; optional AP-topic source used for task-form/rigor reference",Assessment-plan family: Algebraic Limit Fluency; eligibility: After Section 1.3; version 8 of 8.
U1-FA-D1-04-V1,MATH,1,1.5,formative_assessment,D1_04,V1,n-a,1,"Interpret infinite limits and limits at infinity to identify asymptotic behavior, and apply the Intermediate Value Theorem when its hypotheses are satisfied.","I can interpret infinite limits and limits at infinity to identify asymptotic behavior, and apply the Intermediate Value Theorem when its hypotheses are satisfied.","AP Topics 1.14, 1.15, 1.16",recognition,exact-or-justified,,"Unit 1 Assessment Plan; Framework AP Topics 1.14, 1.15, 1.16; optional AP-topic source used for task-form/rigor reference",Assessment-plan family: Continuity and Asymptote Vocabulary Check; eligibility: After Section 1.5; version 1 of 8.
U1-FA-D1-04-V2,MATH,1,1.5,formative_assessment,D1_04,V2,n-a,1,"Interpret infinite limits and limits at infinity to identify asymptotic behavior, and apply the Intermediate Value Theorem when its hypotheses are satisfied.","I can interpret infinite limits and limits at infinity to identify asymptotic behavior, and apply the Intermediate Value Theorem when its hypotheses are satisfied.","AP Topics 1.14, 1.15, 1.16",recognition,exact-or-justified,,"Unit 1 Assessment Plan; Framework AP Topics 1.14, 1.15, 1.16; optional AP-topic source used for task-form/rigor reference",Assessment-plan family: Continuity and Asymptote Vocabulary Check; eligibility: After Section 1.5; version 2 of 8.
U1-FA-D1-04-V3,MATH,1,1.5,formative_assessment,D1_04,V3,n-a,1,"Interpret infinite limits and limits at infinity to identify asymptotic behavior, and apply the Intermediate Value Theorem when its hypotheses are satisfied.","I can interpret infinite limits and limits at infinity to identify asymptotic behavior, and apply the Intermediate Value Theorem when its hypotheses are satisfied.","AP Topics 1.14, 1.15, 1.16",recognition,exact-or-justified,,"Unit 1 Assessment Plan; Framework AP Topics 1.14, 1.15, 1.16; optional AP-topic source used for task-form/rigor reference",Assessment-plan family: Continuity and Asymptote Vocabulary Check; eligibility: After Section 1.5; version 3 of 8.
U1-FA-D1-04-V4,MATH,1,1.5,formative_assessment,D1_04,V4,n-a,1,"Interpret infinite limits and limits at infinity to identify asymptotic behavior, and apply the Intermediate Value Theorem when its hypotheses are satisfied.","I can interpret infinite limits and limits at infinity to identify asymptotic behavior, and apply the Intermediate Value Theorem when its hypotheses are satisfied.","AP Topics 1.14, 1.15, 1.16",recognition,exact-or-justified,,"Unit 1 Assessment Plan; Framework AP Topics 1.14, 1.15, 1.16; optional AP-topic source used for task-form/rigor reference",Assessment-plan family: Continuity and Asymptote Vocabulary Check; eligibility: After Section 1.5; version 4 of 8.
U1-FA-D1-04-V5,MATH,1,1.5,formative_assessment,D1_04,V5,n-a,1,"Interpret infinite limits and limits at infinity to identify asymptotic behavior, and apply the Intermediate Value Theorem when its hypotheses are satisfied.","I can interpret infinite limits and limits at infinity to identify asymptotic behavior, and apply the Intermediate Value Theorem when its hypotheses are satisfied.","AP Topics 1.14, 1.15, 1.16",recognition,exact-or-justified,,"Unit 1 Assessment Plan; Framework AP Topics 1.14, 1.15, 1.16; optional AP-topic source used for task-form/rigor reference",Assessment-plan family: Continuity and Asymptote Vocabulary Check; eligibility: After Section 1.5; version 5 of 8.
U1-FA-D1-04-V6,MATH,1,1.5,formative_assessment,D1_04,V6,n-a,1,"Interpret infinite limits and limits at infinity to identify asymptotic behavior, and apply the Intermediate Value Theorem when its hypotheses are satisfied.","I can interpret infinite limits and limits at infinity to identify asymptotic behavior, and apply the Intermediate Value Theorem when its hypotheses are satisfied.","AP Topics 1.14, 1.15, 1.16",recognition,exact-or-justified,,"Unit 1 Assessment Plan; Framework AP Topics 1.14, 1.15, 1.16; optional AP-topic source used for task-form/rigor reference",Assessment-plan family: Continuity and Asymptote Vocabulary Check; eligibility: After Section 1.5; version 6 of 8.
U1-FA-D1-04-V7,MATH,1,1.5,formative_assessment,D1_04,V7,n-a,1,"Interpret infinite limits and limits at infinity to identify asymptotic behavior, and apply the Intermediate Value Theorem when its hypotheses are satisfied.","I can interpret infinite limits and limits at infinity to identify asymptotic behavior, and apply the Intermediate Value Theorem when its hypotheses are satisfied.","AP Topics 1.14, 1.15, 1.16",recognition,exact-or-justified,,"Unit 1 Assessment Plan; Framework AP Topics 1.14, 1.15, 1.16; optional AP-topic source used for task-form/rigor reference",Assessment-plan family: Continuity and Asymptote Vocabulary Check; eligibility: After Section 1.5; version 7 of 8.
U1-FA-D1-04-V8,MATH,1,1.5,formative_assessment,D1_04,V8,n-a,1,"Interpret infinite limits and limits at infinity to identify asymptotic behavior, and apply the Intermediate Value Theorem when its hypotheses are satisfied.","I can interpret infinite limits and limits at infinity to identify asymptotic behavior, and apply the Intermediate Value Theorem when its hypotheses are satisfied.","AP Topics 1.14, 1.15, 1.16",recognition,exact-or-justified,,"Unit 1 Assessment Plan; Framework AP Topics 1.14, 1.15, 1.16; optional AP-topic source used for task-form/rigor reference",Assessment-plan family: Continuity and Asymptote Vocabulary Check; eligibility: After Section 1.5; version 8 of 8.
U1-FA-D2-01-V1,MATH,1,1.2,formative_assessment,D2_01,V1,n-a,2,"Determine one-sided and two-sided limits from graphs and tables, including when a limit does not exist.","I can determine one-sided and two-sided limits from graphs and tables, including when a limit does not exist.","AP Topics 1.3, 1.4, 1.9",multi-representation,exact-or-justified,u1_fa_d2_01_v1_graph.png,"Unit 1 Assessment Plan; Framework AP Topics 1.3, 1.4, 1.9; optional AP-topic source used for task-form/rigor reference",Assessment-plan family: Graph-Table Limit Match; eligibility: After Section 1.2; version 1 of 8.
U1-FA-D2-01-V2,MATH,1,1.2,formative_assessment,D2_01,V2,n-a,2,"Determine one-sided and two-sided limits from graphs and tables, including when a limit does not exist.","I can determine one-sided and two-sided limits from graphs and tables, including when a limit does not exist.","AP Topics 1.3, 1.4, 1.9",multi-representation,exact-or-justified,u1_fa_d2_01_v2_graph.png,"Unit 1 Assessment Plan; Framework AP Topics 1.3, 1.4, 1.9; optional AP-topic source used for task-form/rigor reference",Assessment-plan family: Graph-Table Limit Match; eligibility: After Section 1.2; version 2 of 8.
U1-FA-D2-01-V3,MATH,1,1.2,formative_assessment,D2_01,V3,n-a,2,"Determine one-sided and two-sided limits from graphs and tables, including when a limit does not exist.","I can determine one-sided and two-sided limits from graphs and tables, including when a limit does not exist.","AP Topics 1.3, 1.4, 1.9",multi-representation,exact-or-justified,u1_fa_d2_01_v3_graph.png,"Unit 1 Assessment Plan; Framework AP Topics 1.3, 1.4, 1.9; optional AP-topic source used for task-form/rigor reference",Assessment-plan family: Graph-Table Limit Match; eligibility: After Section 1.2; version 3 of 8.
U1-FA-D2-01-V4,MATH,1,1.2,formative_assessment,D2_01,V4,n-a,2,"Determine one-sided and two-sided limits from graphs and tables, including when a limit does not exist.","I can determine one-sided and two-sided limits from graphs and tables, including when a limit does not exist.","AP Topics 1.3, 1.4, 1.9",multi-representation,exact-or-justified,u1_fa_d2_01_v4_graph.png,"Unit 1 Assessment Plan; Framework AP Topics 1.3, 1.4, 1.9; optional AP-topic source used for task-form/rigor reference",Assessment-plan family: Graph-Table Limit Match; eligibility: After Section 1.2; version 4 of 8.
U1-FA-D2-01-V5,MATH,1,1.2,formative_assessment,D2_01,V5,n-a,2,"Determine one-sided and two-sided limits from graphs and tables, including when a limit does not exist.","I can determine one-sided and two-sided limits from graphs and tables, including when a limit does not exist.","AP Topics 1.3, 1.4, 1.9",multi-representation,exact-or-justified,u1_fa_d2_01_v5_graph.png,"Unit 1 Assessment Plan; Framework AP Topics 1.3, 1.4, 1.9; optional AP-topic source used for task-form/rigor reference",Assessment-plan family: Graph-Table Limit Match; eligibility: After Section 1.2; version 5 of 8.
U1-FA-D2-01-V6,MATH,1,1.2,formative_assessment,D2_01,V6,n-a,2,"Determine one-sided and two-sided limits from graphs and tables, including when a limit does not exist.","I can determine one-sided and two-sided limits from graphs and tables, including when a limit does not exist.","AP Topics 1.3, 1.4, 1.9",multi-representation,exact-or-justified,u1_fa_d2_01_v6_graph.png,"Unit 1 Assessment Plan; Framework AP Topics 1.3, 1.4, 1.9; optional AP-topic source used for task-form/rigor reference",Assessment-plan family: Graph-Table Limit Match; eligibility: After Section 1.2; version 6 of 8.
U1-FA-D2-01-V7,MATH,1,1.2,formative_assessment,D2_01,V7,n-a,2,"Determine one-sided and two-sided limits from graphs and tables, including when a limit does not exist.","I can determine one-sided and two-sided limits from graphs and tables, including when a limit does not exist.","AP Topics 1.3, 1.4, 1.9",multi-representation,exact-or-justified,u1_fa_d2_01_v7_graph.png,"Unit 1 Assessment Plan; Framework AP Topics 1.3, 1.4, 1.9; optional AP-topic source used for task-form/rigor reference",Assessment-plan family: Graph-Table Limit Match; eligibility: After Section 1.2; version 7 of 8.
U1-FA-D2-01-V8,MATH,1,1.2,formative_assessment,D2_01,V8,n-a,2,"Determine one-sided and two-sided limits from graphs and tables, including when a limit does not exist.","I can determine one-sided and two-sided limits from graphs and tables, including when a limit does not exist.","AP Topics 1.3, 1.4, 1.9",multi-representation,exact-or-justified,u1_fa_d2_01_v8_graph.png,"Unit 1 Assessment Plan; Framework AP Topics 1.3, 1.4, 1.9; optional AP-topic source used for task-form/rigor reference",Assessment-plan family: Graph-Table Limit Match; eligibility: After Section 1.2; version 8 of 8.
U1-FA-D2-02-V1,MATH,1,1.3,formative_assessment,D2_02,V1,n-a,2,"Evaluate limits algebraically using direct substitution, limit laws, factoring, conjugates, and appropriate trigonometric or squeeze reasoning.","I can evaluate limits algebraically using direct substitution, limit laws, factoring, conjugates, and appropriate trigonometric or squeeze reasoning.","AP Topics 1.5, 1.6, 1.7, 1.8",method-selection,exact-or-justified,,"Unit 1 Assessment Plan; Framework AP Topics 1.5, 1.6, 1.7, 1.8; optional AP-topic source used for task-form/rigor reference",Assessment-plan family: Method Selection for Algebraic Limits; eligibility: After Section 1.3; version 1 of 8.
U1-FA-D2-02-V2,MATH,1,1.3,formative_assessment,D2_02,V2,n-a,2,"Evaluate limits algebraically using direct substitution, limit laws, factoring, conjugates, and appropriate trigonometric or squeeze reasoning.","I can evaluate limits algebraically using direct substitution, limit laws, factoring, conjugates, and appropriate trigonometric or squeeze reasoning.","AP Topics 1.5, 1.6, 1.7, 1.8",method-selection,exact-or-justified,,"Unit 1 Assessment Plan; Framework AP Topics 1.5, 1.6, 1.7, 1.8; optional AP-topic source used for task-form/rigor reference",Assessment-plan family: Method Selection for Algebraic Limits; eligibility: After Section 1.3; version 2 of 8.
U1-FA-D2-02-V3,MATH,1,1.3,formative_assessment,D2_02,V3,n-a,2,"Evaluate limits algebraically using direct substitution, limit laws, factoring, conjugates, and appropriate trigonometric or squeeze reasoning.","I can evaluate limits algebraically using direct substitution, limit laws, factoring, conjugates, and appropriate trigonometric or squeeze reasoning.","AP Topics 1.5, 1.6, 1.7, 1.8",method-selection,exact-or-justified,,"Unit 1 Assessment Plan; Framework AP Topics 1.5, 1.6, 1.7, 1.8; optional AP-topic source used for task-form/rigor reference",Assessment-plan family: Method Selection for Algebraic Limits; eligibility: After Section 1.3; version 3 of 8.
U1-FA-D2-02-V4,MATH,1,1.3,formative_assessment,D2_02,V4,n-a,2,"Evaluate limits algebraically using direct substitution, limit laws, factoring, conjugates, and appropriate trigonometric or squeeze reasoning.","I can evaluate limits algebraically using direct substitution, limit laws, factoring, conjugates, and appropriate trigonometric or squeeze reasoning.","AP Topics 1.5, 1.6, 1.7, 1.8",method-selection,exact-or-justified,,"Unit 1 Assessment Plan; Framework AP Topics 1.5, 1.6, 1.7, 1.8; optional AP-topic source used for task-form/rigor reference",Assessment-plan family: Method Selection for Algebraic Limits; eligibility: After Section 1.3; version 4 of 8.
U1-FA-D2-02-V5,MATH,1,1.3,formative_assessment,D2_02,V5,n-a,2,"Evaluate limits algebraically using direct substitution, limit laws, factoring, conjugates, and appropriate trigonometric or squeeze reasoning.","I can evaluate limits algebraically using direct substitution, limit laws, factoring, conjugates, and appropriate trigonometric or squeeze reasoning.","AP Topics 1.5, 1.6, 1.7, 1.8",method-selection,exact-or-justified,,"Unit 1 Assessment Plan; Framework AP Topics 1.5, 1.6, 1.7, 1.8; optional AP-topic source used for task-form/rigor reference",Assessment-plan family: Method Selection for Algebraic Limits; eligibility: After Section 1.3; version 5 of 8.
U1-FA-D2-02-V6,MATH,1,1.3,formative_assessment,D2_02,V6,n-a,2,"Evaluate limits algebraically using direct substitution, limit laws, factoring, conjugates, and appropriate trigonometric or squeeze reasoning.","I can evaluate limits algebraically using direct substitution, limit laws, factoring, conjugates, and appropriate trigonometric or squeeze reasoning.","AP Topics 1.5, 1.6, 1.7, 1.8",method-selection,exact-or-justified,,"Unit 1 Assessment Plan; Framework AP Topics 1.5, 1.6, 1.7, 1.8; optional AP-topic source used for task-form/rigor reference",Assessment-plan family: Method Selection for Algebraic Limits; eligibility: After Section 1.3; version 6 of 8.
U1-FA-D2-02-V7,MATH,1,1.3,formative_assessment,D2_02,V7,n-a,2,"Evaluate limits algebraically using direct substitution, limit laws, factoring, conjugates, and appropriate trigonometric or squeeze reasoning.","I can evaluate limits algebraically using direct substitution, limit laws, factoring, conjugates, and appropriate trigonometric or squeeze reasoning.","AP Topics 1.5, 1.6, 1.7, 1.8",method-selection,exact-or-justified,,"Unit 1 Assessment Plan; Framework AP Topics 1.5, 1.6, 1.7, 1.8; optional AP-topic source used for task-form/rigor reference",Assessment-plan family: Method Selection for Algebraic Limits; eligibility: After Section 1.3; version 7 of 8.
U1-FA-D2-02-V8,MATH,1,1.3,formative_assessment,D2_02,V8,n-a,2,"Evaluate limits algebraically using direct substitution, limit laws, factoring, conjugates, and appropriate trigonometric or squeeze reasoning.","I can evaluate limits algebraically using direct substitution, limit laws, factoring, conjugates, and appropriate trigonometric or squeeze reasoning.","AP Topics 1.5, 1.6, 1.7, 1.8",method-selection,exact-or-justified,,"Unit 1 Assessment Plan; Framework AP Topics 1.5, 1.6, 1.7, 1.8; optional AP-topic source used for task-form/rigor reference",Assessment-plan family: Method Selection for Algebraic Limits; eligibility: After Section 1.3; version 8 of 8.
U1-FA-D2-03-V1,MATH,1,1.4,formative_assessment,D2_03,V1,n-a,2,"Analyze continuity at a point and on intervals, and classify discontinuities using limits, function values, and piecewise definitions.","I can analyze continuity at a point and on intervals, and classify discontinuities using limits, function values, and piecewise definitions.","AP Topics 1.10, 1.11, 1.12, 1.13",application,exact-or-justified,,"Unit 1 Assessment Plan; Framework AP Topics 1.10, 1.11, 1.12, 1.13; optional AP-topic source used for task-form/rigor reference",Assessment-plan family: Piecewise Continuity Application; eligibility: After Section 1.4; version 1 of 8.
U1-FA-D2-03-V2,MATH,1,1.4,formative_assessment,D2_03,V2,n-a,2,"Analyze continuity at a point and on intervals, and classify discontinuities using limits, function values, and piecewise definitions.","I can analyze continuity at a point and on intervals, and classify discontinuities using limits, function values, and piecewise definitions.","AP Topics 1.10, 1.11, 1.12, 1.13",application,exact-or-justified,,"Unit 1 Assessment Plan; Framework AP Topics 1.10, 1.11, 1.12, 1.13; optional AP-topic source used for task-form/rigor reference",Assessment-plan family: Piecewise Continuity Application; eligibility: After Section 1.4; version 2 of 8.
U1-FA-D2-03-V3,MATH,1,1.4,formative_assessment,D2_03,V3,n-a,2,"Analyze continuity at a point and on intervals, and classify discontinuities using limits, function values, and piecewise definitions.","I can analyze continuity at a point and on intervals, and classify discontinuities using limits, function values, and piecewise definitions.","AP Topics 1.10, 1.11, 1.12, 1.13",application,exact-or-justified,,"Unit 1 Assessment Plan; Framework AP Topics 1.10, 1.11, 1.12, 1.13; optional AP-topic source used for task-form/rigor reference",Assessment-plan family: Piecewise Continuity Application; eligibility: After Section 1.4; version 3 of 8.
U1-FA-D2-03-V4,MATH,1,1.4,formative_assessment,D2_03,V4,n-a,2,"Analyze continuity at a point and on intervals, and classify discontinuities using limits, function values, and piecewise definitions.","I can analyze continuity at a point and on intervals, and classify discontinuities using limits, function values, and piecewise definitions.","AP Topics 1.10, 1.11, 1.12, 1.13",application,exact-or-justified,,"Unit 1 Assessment Plan; Framework AP Topics 1.10, 1.11, 1.12, 1.13; optional AP-topic source used for task-form/rigor reference",Assessment-plan family: Piecewise Continuity Application; eligibility: After Section 1.4; version 4 of 8.
U1-FA-D2-03-V5,MATH,1,1.4,formative_assessment,D2_03,V5,n-a,2,"Analyze continuity at a point and on intervals, and classify discontinuities using limits, function values, and piecewise definitions.","I can analyze continuity at a point and on intervals, and classify discontinuities using limits, function values, and piecewise definitions.","AP Topics 1.10, 1.11, 1.12, 1.13",application,exact-or-justified,,"Unit 1 Assessment Plan; Framework AP Topics 1.10, 1.11, 1.12, 1.13; optional AP-topic source used for task-form/rigor reference",Assessment-plan family: Piecewise Continuity Application; eligibility: After Section 1.4; version 5 of 8.
U1-FA-D2-03-V6,MATH,1,1.4,formative_assessment,D2_03,V6,n-a,2,"Analyze continuity at a point and on intervals, and classify discontinuities using limits, function values, and piecewise definitions.","I can analyze continuity at a point and on intervals, and classify discontinuities using limits, function values, and piecewise definitions.","AP Topics 1.10, 1.11, 1.12, 1.13",application,exact-or-justified,,"Unit 1 Assessment Plan; Framework AP Topics 1.10, 1.11, 1.12, 1.13; optional AP-topic source used for task-form/rigor reference",Assessment-plan family: Piecewise Continuity Application; eligibility: After Section 1.4; version 6 of 8.
U1-FA-D2-03-V7,MATH,1,1.4,formative_assessment,D2_03,V7,n-a,2,"Analyze continuity at a point and on intervals, and classify discontinuities using limits, function values, and piecewise definitions.","I can analyze continuity at a point and on intervals, and classify discontinuities using limits, function values, and piecewise definitions.","AP Topics 1.10, 1.11, 1.12, 1.13",application,exact-or-justified,,"Unit 1 Assessment Plan; Framework AP Topics 1.10, 1.11, 1.12, 1.13; optional AP-topic source used for task-form/rigor reference",Assessment-plan family: Piecewise Continuity Application; eligibility: After Section 1.4; version 7 of 8.
U1-FA-D2-03-V8,MATH,1,1.4,formative_assessment,D2_03,V8,n-a,2,"Analyze continuity at a point and on intervals, and classify discontinuities using limits, function values, and piecewise definitions.","I can analyze continuity at a point and on intervals, and classify discontinuities using limits, function values, and piecewise definitions.","AP Topics 1.10, 1.11, 1.12, 1.13",application,exact-or-justified,,"Unit 1 Assessment Plan; Framework AP Topics 1.10, 1.11, 1.12, 1.13; optional AP-topic source used for task-form/rigor reference",Assessment-plan family: Piecewise Continuity Application; eligibility: After Section 1.4; version 8 of 8.
U1-FA-D2-04-V1,MATH,1,1.5,formative_assessment,D2_04,V1,n-a,2,"Interpret infinite limits and limits at infinity to identify asymptotic behavior, and apply the Intermediate Value Theorem when its hypotheses are satisfied.","I can interpret infinite limits and limits at infinity to identify asymptotic behavior, and apply the Intermediate Value Theorem when its hypotheses are satisfied.","AP Topics 1.14, 1.15, 1.16",application,exact-or-justified,,"Unit 1 Assessment Plan; Framework AP Topics 1.14, 1.15, 1.16; optional AP-topic source used for task-form/rigor reference",Assessment-plan family: Asymptote and IVT Application; eligibility: After Section 1.5; version 1 of 8.
U1-FA-D2-04-V2,MATH,1,1.5,formative_assessment,D2_04,V2,n-a,2,"Interpret infinite limits and limits at infinity to identify asymptotic behavior, and apply the Intermediate Value Theorem when its hypotheses are satisfied.","I can interpret infinite limits and limits at infinity to identify asymptotic behavior, and apply the Intermediate Value Theorem when its hypotheses are satisfied.","AP Topics 1.14, 1.15, 1.16",application,exact-or-justified,,"Unit 1 Assessment Plan; Framework AP Topics 1.14, 1.15, 1.16; optional AP-topic source used for task-form/rigor reference",Assessment-plan family: Asymptote and IVT Application; eligibility: After Section 1.5; version 2 of 8.
U1-FA-D2-04-V3,MATH,1,1.5,formative_assessment,D2_04,V3,n-a,2,"Interpret infinite limits and limits at infinity to identify asymptotic behavior, and apply the Intermediate Value Theorem when its hypotheses are satisfied.","I can interpret infinite limits and limits at infinity to identify asymptotic behavior, and apply the Intermediate Value Theorem when its hypotheses are satisfied.","AP Topics 1.14, 1.15, 1.16",application,exact-or-justified,,"Unit 1 Assessment Plan; Framework AP Topics 1.14, 1.15, 1.16; optional AP-topic source used for task-form/rigor reference",Assessment-plan family: Asymptote and IVT Application; eligibility: After Section 1.5; version 3 of 8.
U1-FA-D2-04-V4,MATH,1,1.5,formative_assessment,D2_04,V4,n-a,2,"Interpret infinite limits and limits at infinity to identify asymptotic behavior, and apply the Intermediate Value Theorem when its hypotheses are satisfied.","I can interpret infinite limits and limits at infinity to identify asymptotic behavior, and apply the Intermediate Value Theorem when its hypotheses are satisfied.","AP Topics 1.14, 1.15, 1.16",application,exact-or-justified,,"Unit 1 Assessment Plan; Framework AP Topics 1.14, 1.15, 1.16; optional AP-topic source used for task-form/rigor reference",Assessment-plan family: Asymptote and IVT Application; eligibility: After Section 1.5; version 4 of 8.
U1-FA-D2-04-V5,MATH,1,1.5,formative_assessment,D2_04,V5,n-a,2,"Interpret infinite limits and limits at infinity to identify asymptotic behavior, and apply the Intermediate Value Theorem when its hypotheses are satisfied.","I can interpret infinite limits and limits at infinity to identify asymptotic behavior, and apply the Intermediate Value Theorem when its hypotheses are satisfied.","AP Topics 1.14, 1.15, 1.16",application,exact-or-justified,,"Unit 1 Assessment Plan; Framework AP Topics 1.14, 1.15, 1.16; optional AP-topic source used for task-form/rigor reference",Assessment-plan family: Asymptote and IVT Application; eligibility: After Section 1.5; version 5 of 8.
U1-FA-D2-04-V6,MATH,1,1.5,formative_assessment,D2_04,V6,n-a,2,"Interpret infinite limits and limits at infinity to identify asymptotic behavior, and apply the Intermediate Value Theorem when its hypotheses are satisfied.","I can interpret infinite limits and limits at infinity to identify asymptotic behavior, and apply the Intermediate Value Theorem when its hypotheses are satisfied.","AP Topics 1.14, 1.15, 1.16",application,exact-or-justified,,"Unit 1 Assessment Plan; Framework AP Topics 1.14, 1.15, 1.16; optional AP-topic source used for task-form/rigor reference",Assessment-plan family: Asymptote and IVT Application; eligibility: After Section 1.5; version 6 of 8.
U1-FA-D2-04-V7,MATH,1,1.5,formative_assessment,D2_04,V7,n-a,2,"Interpret infinite limits and limits at infinity to identify asymptotic behavior, and apply the Intermediate Value Theorem when its hypotheses are satisfied.","I can interpret infinite limits and limits at infinity to identify asymptotic behavior, and apply the Intermediate Value Theorem when its hypotheses are satisfied.","AP Topics 1.14, 1.15, 1.16",application,exact-or-justified,,"Unit 1 Assessment Plan; Framework AP Topics 1.14, 1.15, 1.16; optional AP-topic source used for task-form/rigor reference",Assessment-plan family: Asymptote and IVT Application; eligibility: After Section 1.5; version 7 of 8.
U1-FA-D2-04-V8,MATH,1,1.5,formative_assessment,D2_04,V8,n-a,2,"Interpret infinite limits and limits at infinity to identify asymptotic behavior, and apply the Intermediate Value Theorem when its hypotheses are satisfied.","I can interpret infinite limits and limits at infinity to identify asymptotic behavior, and apply the Intermediate Value Theorem when its hypotheses are satisfied.","AP Topics 1.14, 1.15, 1.16",application,exact-or-justified,,"Unit 1 Assessment Plan; Framework AP Topics 1.14, 1.15, 1.16; optional AP-topic source used for task-form/rigor reference",Assessment-plan family: Asymptote and IVT Application; eligibility: After Section 1.5; version 8 of 8.
U1-FA-D3-01-V1,MATH,1,1.3,formative_assessment,D3_01,V1,n-a,3,"Evaluate limits algebraically using direct substitution, limit laws, factoring, conjugates, and appropriate trigonometric or squeeze reasoning.","I can evaluate limits algebraically using direct substitution, limit laws, factoring, conjugates, and appropriate trigonometric or squeeze reasoning.","AP Topics 1.5, 1.6, 1.7, 1.8",constructed-response,exact-or-justified,,"Unit 1 Assessment Plan; Framework AP Topics 1.5, 1.6, 1.7, 1.8; optional AP-topic source used for task-form/rigor reference",Assessment-plan family: Competing Limit Strategies; eligibility: After Section 1.3; version 1 of 8.
U1-FA-D3-01-V2,MATH,1,1.3,formative_assessment,D3_01,V2,n-a,3,"Evaluate limits algebraically using direct substitution, limit laws, factoring, conjugates, and appropriate trigonometric or squeeze reasoning.","I can evaluate limits algebraically using direct substitution, limit laws, factoring, conjugates, and appropriate trigonometric or squeeze reasoning.","AP Topics 1.5, 1.6, 1.7, 1.8",constructed-response,exact-or-justified,,"Unit 1 Assessment Plan; Framework AP Topics 1.5, 1.6, 1.7, 1.8; optional AP-topic source used for task-form/rigor reference",Assessment-plan family: Competing Limit Strategies; eligibility: After Section 1.3; version 2 of 8.
U1-FA-D3-01-V3,MATH,1,1.3,formative_assessment,D3_01,V3,n-a,3,"Evaluate limits algebraically using direct substitution, limit laws, factoring, conjugates, and appropriate trigonometric or squeeze reasoning.","I can evaluate limits algebraically using direct substitution, limit laws, factoring, conjugates, and appropriate trigonometric or squeeze reasoning.","AP Topics 1.5, 1.6, 1.7, 1.8",constructed-response,exact-or-justified,,"Unit 1 Assessment Plan; Framework AP Topics 1.5, 1.6, 1.7, 1.8; optional AP-topic source used for task-form/rigor reference",Assessment-plan family: Competing Limit Strategies; eligibility: After Section 1.3; version 3 of 8.
U1-FA-D3-01-V4,MATH,1,1.3,formative_assessment,D3_01,V4,n-a,3,"Evaluate limits algebraically using direct substitution, limit laws, factoring, conjugates, and appropriate trigonometric or squeeze reasoning.","I can evaluate limits algebraically using direct substitution, limit laws, factoring, conjugates, and appropriate trigonometric or squeeze reasoning.","AP Topics 1.5, 1.6, 1.7, 1.8",constructed-response,exact-or-justified,,"Unit 1 Assessment Plan; Framework AP Topics 1.5, 1.6, 1.7, 1.8; optional AP-topic source used for task-form/rigor reference",Assessment-plan family: Competing Limit Strategies; eligibility: After Section 1.3; version 4 of 8.
U1-FA-D3-01-V5,MATH,1,1.3,formative_assessment,D3_01,V5,n-a,3,"Evaluate limits algebraically using direct substitution, limit laws, factoring, conjugates, and appropriate trigonometric or squeeze reasoning.","I can evaluate limits algebraically using direct substitution, limit laws, factoring, conjugates, and appropriate trigonometric or squeeze reasoning.","AP Topics 1.5, 1.6, 1.7, 1.8",constructed-response,exact-or-justified,,"Unit 1 Assessment Plan; Framework AP Topics 1.5, 1.6, 1.7, 1.8; optional AP-topic source used for task-form/rigor reference",Assessment-plan family: Competing Limit Strategies; eligibility: After Section 1.3; version 5 of 8.
U1-FA-D3-01-V6,MATH,1,1.3,formative_assessment,D3_01,V6,n-a,3,"Evaluate limits algebraically using direct substitution, limit laws, factoring, conjugates, and appropriate trigonometric or squeeze reasoning.","I can evaluate limits algebraically using direct substitution, limit laws, factoring, conjugates, and appropriate trigonometric or squeeze reasoning.","AP Topics 1.5, 1.6, 1.7, 1.8",constructed-response,exact-or-justified,,"Unit 1 Assessment Plan; Framework AP Topics 1.5, 1.6, 1.7, 1.8; optional AP-topic source used for task-form/rigor reference",Assessment-plan family: Competing Limit Strategies; eligibility: After Section 1.3; version 6 of 8.
U1-FA-D3-01-V7,MATH,1,1.3,formative_assessment,D3_01,V7,n-a,3,"Evaluate limits algebraically using direct substitution, limit laws, factoring, conjugates, and appropriate trigonometric or squeeze reasoning.","I can evaluate limits algebraically using direct substitution, limit laws, factoring, conjugates, and appropriate trigonometric or squeeze reasoning.","AP Topics 1.5, 1.6, 1.7, 1.8",constructed-response,exact-or-justified,,"Unit 1 Assessment Plan; Framework AP Topics 1.5, 1.6, 1.7, 1.8; optional AP-topic source used for task-form/rigor reference",Assessment-plan family: Competing Limit Strategies; eligibility: After Section 1.3; version 7 of 8.
U1-FA-D3-01-V8,MATH,1,1.3,formative_assessment,D3_01,V8,n-a,3,"Evaluate limits algebraically using direct substitution, limit laws, factoring, conjugates, and appropriate trigonometric or squeeze reasoning.","I can evaluate limits algebraically using direct substitution, limit laws, factoring, conjugates, and appropriate trigonometric or squeeze reasoning.","AP Topics 1.5, 1.6, 1.7, 1.8",constructed-response,exact-or-justified,,"Unit 1 Assessment Plan; Framework AP Topics 1.5, 1.6, 1.7, 1.8; optional AP-topic source used for task-form/rigor reference",Assessment-plan family: Competing Limit Strategies; eligibility: After Section 1.3; version 8 of 8.
U1-FA-D3-02-V1,MATH,1,1.4,formative_assessment,D3_02,V1,n-a,3,"Analyze continuity at a point and on intervals, and classify discontinuities using limits, function values, and piecewise definitions.","I can analyze continuity at a point and on intervals, and classify discontinuities using limits, function values, and piecewise definitions.","AP Topics 1.10, 1.11, 1.12, 1.13",constructed-response,exact-or-justified,,"Unit 1 Assessment Plan; Framework AP Topics 1.10, 1.11, 1.12, 1.13; optional AP-topic source used for task-form/rigor reference",Assessment-plan family: Continuity Claim Critique; eligibility: After Section 1.4; version 1 of 8.
U1-FA-D3-02-V2,MATH,1,1.4,formative_assessment,D3_02,V2,n-a,3,"Analyze continuity at a point and on intervals, and classify discontinuities using limits, function values, and piecewise definitions.","I can analyze continuity at a point and on intervals, and classify discontinuities using limits, function values, and piecewise definitions.","AP Topics 1.10, 1.11, 1.12, 1.13",constructed-response,exact-or-justified,,"Unit 1 Assessment Plan; Framework AP Topics 1.10, 1.11, 1.12, 1.13; optional AP-topic source used for task-form/rigor reference",Assessment-plan family: Continuity Claim Critique; eligibility: After Section 1.4; version 2 of 8.
U1-FA-D3-02-V3,MATH,1,1.4,formative_assessment,D3_02,V3,n-a,3,"Analyze continuity at a point and on intervals, and classify discontinuities using limits, function values, and piecewise definitions.","I can analyze continuity at a point and on intervals, and classify discontinuities using limits, function values, and piecewise definitions.","AP Topics 1.10, 1.11, 1.12, 1.13",constructed-response,exact-or-justified,,"Unit 1 Assessment Plan; Framework AP Topics 1.10, 1.11, 1.12, 1.13; optional AP-topic source used for task-form/rigor reference",Assessment-plan family: Continuity Claim Critique; eligibility: After Section 1.4; version 3 of 8.
U1-FA-D3-02-V4,MATH,1,1.4,formative_assessment,D3_02,V4,n-a,3,"Analyze continuity at a point and on intervals, and classify discontinuities using limits, function values, and piecewise definitions.","I can analyze continuity at a point and on intervals, and classify discontinuities using limits, function values, and piecewise definitions.","AP Topics 1.10, 1.11, 1.12, 1.13",constructed-response,exact-or-justified,,"Unit 1 Assessment Plan; Framework AP Topics 1.10, 1.11, 1.12, 1.13; optional AP-topic source used for task-form/rigor reference",Assessment-plan family: Continuity Claim Critique; eligibility: After Section 1.4; version 4 of 8.
U1-FA-D3-02-V5,MATH,1,1.4,formative_assessment,D3_02,V5,n-a,3,"Analyze continuity at a point and on intervals, and classify discontinuities using limits, function values, and piecewise definitions.","I can analyze continuity at a point and on intervals, and classify discontinuities using limits, function values, and piecewise definitions.","AP Topics 1.10, 1.11, 1.12, 1.13",constructed-response,exact-or-justified,,"Unit 1 Assessment Plan; Framework AP Topics 1.10, 1.11, 1.12, 1.13; optional AP-topic source used for task-form/rigor reference",Assessment-plan family: Continuity Claim Critique; eligibility: After Section 1.4; version 5 of 8.
U1-FA-D3-02-V6,MATH,1,1.4,formative_assessment,D3_02,V6,n-a,3,"Analyze continuity at a point and on intervals, and classify discontinuities using limits, function values, and piecewise definitions.","I can analyze continuity at a point and on intervals, and classify discontinuities using limits, function values, and piecewise definitions.","AP Topics 1.10, 1.11, 1.12, 1.13",constructed-response,exact-or-justified,,"Unit 1 Assessment Plan; Framework AP Topics 1.10, 1.11, 1.12, 1.13; optional AP-topic source used for task-form/rigor reference",Assessment-plan family: Continuity Claim Critique; eligibility: After Section 1.4; version 6 of 8.
U1-FA-D3-02-V7,MATH,1,1.4,formative_assessment,D3_02,V7,n-a,3,"Analyze continuity at a point and on intervals, and classify discontinuities using limits, function values, and piecewise definitions.","I can analyze continuity at a point and on intervals, and classify discontinuities using limits, function values, and piecewise definitions.","AP Topics 1.10, 1.11, 1.12, 1.13",constructed-response,exact-or-justified,,"Unit 1 Assessment Plan; Framework AP Topics 1.10, 1.11, 1.12, 1.13; optional AP-topic source used for task-form/rigor reference",Assessment-plan family: Continuity Claim Critique; eligibility: After Section 1.4; version 7 of 8.
U1-FA-D3-02-V8,MATH,1,1.4,formative_assessment,D3_02,V8,n-a,3,"Analyze continuity at a point and on intervals, and classify discontinuities using limits, function values, and piecewise definitions.","I can analyze continuity at a point and on intervals, and classify discontinuities using limits, function values, and piecewise definitions.","AP Topics 1.10, 1.11, 1.12, 1.13",constructed-response,exact-or-justified,,"Unit 1 Assessment Plan; Framework AP Topics 1.10, 1.11, 1.12, 1.13; optional AP-topic source used for task-form/rigor reference",Assessment-plan family: Continuity Claim Critique; eligibility: After Section 1.4; version 8 of 8.
U1-FA-D3-03-V1,MATH,1,1.5,formative_assessment,D3_03,V1,n-a,3,"Interpret infinite limits and limits at infinity to identify asymptotic behavior, and apply the Intermediate Value Theorem when its hypotheses are satisfied.","I can interpret infinite limits and limits at infinity to identify asymptotic behavior, and apply the Intermediate Value Theorem when its hypotheses are satisfied.","AP Topics 1.14, 1.15, 1.16",constructed-response,exact-or-justified,,"Unit 1 Assessment Plan; Framework AP Topics 1.14, 1.15, 1.16; optional AP-topic source used for task-form/rigor reference",Assessment-plan family: IVT Hypothesis Justification; eligibility: After Section 1.5; version 1 of 8.
U1-FA-D3-03-V2,MATH,1,1.5,formative_assessment,D3_03,V2,n-a,3,"Interpret infinite limits and limits at infinity to identify asymptotic behavior, and apply the Intermediate Value Theorem when its hypotheses are satisfied.","I can interpret infinite limits and limits at infinity to identify asymptotic behavior, and apply the Intermediate Value Theorem when its hypotheses are satisfied.","AP Topics 1.14, 1.15, 1.16",constructed-response,exact-or-justified,,"Unit 1 Assessment Plan; Framework AP Topics 1.14, 1.15, 1.16; optional AP-topic source used for task-form/rigor reference",Assessment-plan family: IVT Hypothesis Justification; eligibility: After Section 1.5; version 2 of 8.
U1-FA-D3-03-V3,MATH,1,1.5,formative_assessment,D3_03,V3,n-a,3,"Interpret infinite limits and limits at infinity to identify asymptotic behavior, and apply the Intermediate Value Theorem when its hypotheses are satisfied.","I can interpret infinite limits and limits at infinity to identify asymptotic behavior, and apply the Intermediate Value Theorem when its hypotheses are satisfied.","AP Topics 1.14, 1.15, 1.16",constructed-response,exact-or-justified,,"Unit 1 Assessment Plan; Framework AP Topics 1.14, 1.15, 1.16; optional AP-topic source used for task-form/rigor reference",Assessment-plan family: IVT Hypothesis Justification; eligibility: After Section 1.5; version 3 of 8.
U1-FA-D3-03-V4,MATH,1,1.5,formative_assessment,D3_03,V4,n-a,3,"Interpret infinite limits and limits at infinity to identify asymptotic behavior, and apply the Intermediate Value Theorem when its hypotheses are satisfied.","I can interpret infinite limits and limits at infinity to identify asymptotic behavior, and apply the Intermediate Value Theorem when its hypotheses are satisfied.","AP Topics 1.14, 1.15, 1.16",constructed-response,exact-or-justified,,"Unit 1 Assessment Plan; Framework AP Topics 1.14, 1.15, 1.16; optional AP-topic source used for task-form/rigor reference",Assessment-plan family: IVT Hypothesis Justification; eligibility: After Section 1.5; version 4 of 8.
U1-FA-D3-03-V5,MATH,1,1.5,formative_assessment,D3_03,V5,n-a,3,"Interpret infinite limits and limits at infinity to identify asymptotic behavior, and apply the Intermediate Value Theorem when its hypotheses are satisfied.","I can interpret infinite limits and limits at infinity to identify asymptotic behavior, and apply the Intermediate Value Theorem when its hypotheses are satisfied.","AP Topics 1.14, 1.15, 1.16",constructed-response,exact-or-justified,,"Unit 1 Assessment Plan; Framework AP Topics 1.14, 1.15, 1.16; optional AP-topic source used for task-form/rigor reference",Assessment-plan family: IVT Hypothesis Justification; eligibility: After Section 1.5; version 5 of 8.
U1-FA-D3-03-V6,MATH,1,1.5,formative_assessment,D3_03,V6,n-a,3,"Interpret infinite limits and limits at infinity to identify asymptotic behavior, and apply the Intermediate Value Theorem when its hypotheses are satisfied.","I can interpret infinite limits and limits at infinity to identify asymptotic behavior, and apply the Intermediate Value Theorem when its hypotheses are satisfied.","AP Topics 1.14, 1.15, 1.16",constructed-response,exact-or-justified,,"Unit 1 Assessment Plan; Framework AP Topics 1.14, 1.15, 1.16; optional AP-topic source used for task-form/rigor reference",Assessment-plan family: IVT Hypothesis Justification; eligibility: After Section 1.5; version 6 of 8.
U1-FA-D3-03-V7,MATH,1,1.5,formative_assessment,D3_03,V7,n-a,3,"Interpret infinite limits and limits at infinity to identify asymptotic behavior, and apply the Intermediate Value Theorem when its hypotheses are satisfied.","I can interpret infinite limits and limits at infinity to identify asymptotic behavior, and apply the Intermediate Value Theorem when its hypotheses are satisfied.","AP Topics 1.14, 1.15, 1.16",constructed-response,exact-or-justified,,"Unit 1 Assessment Plan; Framework AP Topics 1.14, 1.15, 1.16; optional AP-topic source used for task-form/rigor reference",Assessment-plan family: IVT Hypothesis Justification; eligibility: After Section 1.5; version 7 of 8.
U1-FA-D3-03-V8,MATH,1,1.5,formative_assessment,D3_03,V8,n-a,3,"Interpret infinite limits and limits at infinity to identify asymptotic behavior, and apply the Intermediate Value Theorem when its hypotheses are satisfied.","I can interpret infinite limits and limits at infinity to identify asymptotic behavior, and apply the Intermediate Value Theorem when its hypotheses are satisfied.","AP Topics 1.14, 1.15, 1.16",constructed-response,exact-or-justified,,"Unit 1 Assessment Plan; Framework AP Topics 1.14, 1.15, 1.16; optional AP-topic source used for task-form/rigor reference",Assessment-plan family: IVT Hypothesis Justification; eligibility: After Section 1.5; version 8 of 8.
U1-FA-D3-04-V1,MATH,1,1.5,formative_assessment,D3_04,V1,n-a,3,"Interpret infinite limits and limits at infinity to identify asymptotic behavior, and apply the Intermediate Value Theorem when its hypotheses are satisfied.","I can interpret infinite limits and limits at infinity to identify asymptotic behavior, and apply the Intermediate Value Theorem when its hypotheses are satisfied.","AP Topics 1.14, 1.15, 1.16",representation-synthesis,exact-or-justified,u1_fa_d3_04_v1_graph.png,"Unit 1 Assessment Plan; Framework AP Topics 1.14, 1.15, 1.16; optional AP-topic source used for task-form/rigor reference",Assessment-plan family: Representation Synthesis for Limits; eligibility: After Section 1.5; version 1 of 8.
U1-FA-D3-04-V2,MATH,1,1.5,formative_assessment,D3_04,V2,n-a,3,"Interpret infinite limits and limits at infinity to identify asymptotic behavior, and apply the Intermediate Value Theorem when its hypotheses are satisfied.","I can interpret infinite limits and limits at infinity to identify asymptotic behavior, and apply the Intermediate Value Theorem when its hypotheses are satisfied.","AP Topics 1.14, 1.15, 1.16",representation-synthesis,exact-or-justified,u1_fa_d3_04_v2_graph.png,"Unit 1 Assessment Plan; Framework AP Topics 1.14, 1.15, 1.16; optional AP-topic source used for task-form/rigor reference",Assessment-plan family: Representation Synthesis for Limits; eligibility: After Section 1.5; version 2 of 8.
U1-FA-D3-04-V3,MATH,1,1.5,formative_assessment,D3_04,V3,n-a,3,"Interpret infinite limits and limits at infinity to identify asymptotic behavior, and apply the Intermediate Value Theorem when its hypotheses are satisfied.","I can interpret infinite limits and limits at infinity to identify asymptotic behavior, and apply the Intermediate Value Theorem when its hypotheses are satisfied.","AP Topics 1.14, 1.15, 1.16",representation-synthesis,exact-or-justified,u1_fa_d3_04_v3_graph.png,"Unit 1 Assessment Plan; Framework AP Topics 1.14, 1.15, 1.16; optional AP-topic source used for task-form/rigor reference",Assessment-plan family: Representation Synthesis for Limits; eligibility: After Section 1.5; version 3 of 8.
U1-FA-D3-04-V4,MATH,1,1.5,formative_assessment,D3_04,V4,n-a,3,"Interpret infinite limits and limits at infinity to identify asymptotic behavior, and apply the Intermediate Value Theorem when its hypotheses are satisfied.","I can interpret infinite limits and limits at infinity to identify asymptotic behavior, and apply the Intermediate Value Theorem when its hypotheses are satisfied.","AP Topics 1.14, 1.15, 1.16",representation-synthesis,exact-or-justified,u1_fa_d3_04_v4_graph.png,"Unit 1 Assessment Plan; Framework AP Topics 1.14, 1.15, 1.16; optional AP-topic source used for task-form/rigor reference",Assessment-plan family: Representation Synthesis for Limits; eligibility: After Section 1.5; version 4 of 8.
U1-FA-D3-04-V5,MATH,1,1.5,formative_assessment,D3_04,V5,n-a,3,"Interpret infinite limits and limits at infinity to identify asymptotic behavior, and apply the Intermediate Value Theorem when its hypotheses are satisfied.","I can interpret infinite limits and limits at infinity to identify asymptotic behavior, and apply the Intermediate Value Theorem when its hypotheses are satisfied.","AP Topics 1.14, 1.15, 1.16",representation-synthesis,exact-or-justified,u1_fa_d3_04_v5_graph.png,"Unit 1 Assessment Plan; Framework AP Topics 1.14, 1.15, 1.16; optional AP-topic source used for task-form/rigor reference",Assessment-plan family: Representation Synthesis for Limits; eligibility: After Section 1.5; version 5 of 8.
U1-FA-D3-04-V6,MATH,1,1.5,formative_assessment,D3_04,V6,n-a,3,"Interpret infinite limits and limits at infinity to identify asymptotic behavior, and apply the Intermediate Value Theorem when its hypotheses are satisfied.","I can interpret infinite limits and limits at infinity to identify asymptotic behavior, and apply the Intermediate Value Theorem when its hypotheses are satisfied.","AP Topics 1.14, 1.15, 1.16",representation-synthesis,exact-or-justified,u1_fa_d3_04_v6_graph.png,"Unit 1 Assessment Plan; Framework AP Topics 1.14, 1.15, 1.16; optional AP-topic source used for task-form/rigor reference",Assessment-plan family: Representation Synthesis for Limits; eligibility: After Section 1.5; version 6 of 8.
U1-FA-D3-04-V7,MATH,1,1.5,formative_assessment,D3_04,V7,n-a,3,"Interpret infinite limits and limits at infinity to identify asymptotic behavior, and apply the Intermediate Value Theorem when its hypotheses are satisfied.","I can interpret infinite limits and limits at infinity to identify asymptotic behavior, and apply the Intermediate Value Theorem when its hypotheses are satisfied.","AP Topics 1.14, 1.15, 1.16",representation-synthesis,exact-or-justified,u1_fa_d3_04_v7_graph.png,"Unit 1 Assessment Plan; Framework AP Topics 1.14, 1.15, 1.16; optional AP-topic source used for task-form/rigor reference",Assessment-plan family: Representation Synthesis for Limits; eligibility: After Section 1.5; version 7 of 8.
U1-FA-D3-04-V8,MATH,1,1.5,formative_assessment,D3_04,V8,n-a,3,"Interpret infinite limits and limits at infinity to identify asymptotic behavior, and apply the Intermediate Value Theorem when its hypotheses are satisfied.","I can interpret infinite limits and limits at infinity to identify asymptotic behavior, and apply the Intermediate Value Theorem when its hypotheses are satisfied.","AP Topics 1.14, 1.15, 1.16",representation-synthesis,exact-or-justified,u1_fa_d3_04_v8_graph.png,"Unit 1 Assessment Plan; Framework AP Topics 1.14, 1.15, 1.16; optional AP-topic source used for task-form/rigor reference",Assessment-plan family: Representation Synthesis for Limits; eligibility: After Section 1.5; version 8 of 8.
U1-FA-D4-01-V1,MATH,1,1.2,formative_assessment,D4_01,V1,performance,4,"Determine one-sided and two-sided limits from graphs and tables, including when a limit does not exist.","I can determine one-sided and two-sided limits from graphs and tables, including when a limit does not exist.","AP Topics 1.3, 1.4, 1.9",performance-task,rubric,,"Unit 1 Assessment Plan; Framework AP Topics 1.3, 1.4, 1.9; optional AP-topic source used for task-form/rigor reference",Assessment-plan family: Limit Evidence Investigation; eligibility: After Section 1.2; version 1 of 8.
U1-FA-D4-01-V2,MATH,1,1.2,formative_assessment,D4_01,V2,performance,4,"Determine one-sided and two-sided limits from graphs and tables, including when a limit does not exist.","I can determine one-sided and two-sided limits from graphs and tables, including when a limit does not exist.","AP Topics 1.3, 1.4, 1.9",performance-task,rubric,,"Unit 1 Assessment Plan; Framework AP Topics 1.3, 1.4, 1.9; optional AP-topic source used for task-form/rigor reference",Assessment-plan family: Limit Evidence Investigation; eligibility: After Section 1.2; version 2 of 8.
U1-FA-D4-01-V3,MATH,1,1.2,formative_assessment,D4_01,V3,performance,4,"Determine one-sided and two-sided limits from graphs and tables, including when a limit does not exist.","I can determine one-sided and two-sided limits from graphs and tables, including when a limit does not exist.","AP Topics 1.3, 1.4, 1.9",performance-task,rubric,,"Unit 1 Assessment Plan; Framework AP Topics 1.3, 1.4, 1.9; optional AP-topic source used for task-form/rigor reference",Assessment-plan family: Limit Evidence Investigation; eligibility: After Section 1.2; version 3 of 8.
U1-FA-D4-01-V4,MATH,1,1.2,formative_assessment,D4_01,V4,performance,4,"Determine one-sided and two-sided limits from graphs and tables, including when a limit does not exist.","I can determine one-sided and two-sided limits from graphs and tables, including when a limit does not exist.","AP Topics 1.3, 1.4, 1.9",performance-task,rubric,,"Unit 1 Assessment Plan; Framework AP Topics 1.3, 1.4, 1.9; optional AP-topic source used for task-form/rigor reference",Assessment-plan family: Limit Evidence Investigation; eligibility: After Section 1.2; version 4 of 8.
U1-FA-D4-01-V5,MATH,1,1.2,formative_assessment,D4_01,V5,performance,4,"Determine one-sided and two-sided limits from graphs and tables, including when a limit does not exist.","I can determine one-sided and two-sided limits from graphs and tables, including when a limit does not exist.","AP Topics 1.3, 1.4, 1.9",performance-task,rubric,,"Unit 1 Assessment Plan; Framework AP Topics 1.3, 1.4, 1.9; optional AP-topic source used for task-form/rigor reference",Assessment-plan family: Limit Evidence Investigation; eligibility: After Section 1.2; version 5 of 8.
U1-FA-D4-01-V6,MATH,1,1.2,formative_assessment,D4_01,V6,performance,4,"Determine one-sided and two-sided limits from graphs and tables, including when a limit does not exist.","I can determine one-sided and two-sided limits from graphs and tables, including when a limit does not exist.","AP Topics 1.3, 1.4, 1.9",performance-task,rubric,,"Unit 1 Assessment Plan; Framework AP Topics 1.3, 1.4, 1.9; optional AP-topic source used for task-form/rigor reference",Assessment-plan family: Limit Evidence Investigation; eligibility: After Section 1.2; version 6 of 8.
U1-FA-D4-01-V7,MATH,1,1.2,formative_assessment,D4_01,V7,performance,4,"Determine one-sided and two-sided limits from graphs and tables, including when a limit does not exist.","I can determine one-sided and two-sided limits from graphs and tables, including when a limit does not exist.","AP Topics 1.3, 1.4, 1.9",performance-task,rubric,,"Unit 1 Assessment Plan; Framework AP Topics 1.3, 1.4, 1.9; optional AP-topic source used for task-form/rigor reference",Assessment-plan family: Limit Evidence Investigation; eligibility: After Section 1.2; version 7 of 8.
U1-FA-D4-01-V8,MATH,1,1.2,formative_assessment,D4_01,V8,performance,4,"Determine one-sided and two-sided limits from graphs and tables, including when a limit does not exist.","I can determine one-sided and two-sided limits from graphs and tables, including when a limit does not exist.","AP Topics 1.3, 1.4, 1.9",performance-task,rubric,,"Unit 1 Assessment Plan; Framework AP Topics 1.3, 1.4, 1.9; optional AP-topic source used for task-form/rigor reference",Assessment-plan family: Limit Evidence Investigation; eligibility: After Section 1.2; version 8 of 8.
U1-FA-D4-02-V1,MATH,1,1.4,formative_assessment,D4_02,V1,performance,4,"Analyze continuity at a point and on intervals, and classify discontinuities using limits, function values, and piecewise definitions.","I can analyze continuity at a point and on intervals, and classify discontinuities using limits, function values, and piecewise definitions.","AP Topics 1.10, 1.11, 1.12, 1.13",performance-task,rubric,,"Unit 1 Assessment Plan; Framework AP Topics 1.10, 1.11, 1.12, 1.13; optional AP-topic source used for task-form/rigor reference",Assessment-plan family: Build a Continuity Model; eligibility: After Section 1.4; version 1 of 8.
U1-FA-D4-02-V2,MATH,1,1.4,formative_assessment,D4_02,V2,performance,4,"Analyze continuity at a point and on intervals, and classify discontinuities using limits, function values, and piecewise definitions.","I can analyze continuity at a point and on intervals, and classify discontinuities using limits, function values, and piecewise definitions.","AP Topics 1.10, 1.11, 1.12, 1.13",performance-task,rubric,,"Unit 1 Assessment Plan; Framework AP Topics 1.10, 1.11, 1.12, 1.13; optional AP-topic source used for task-form/rigor reference",Assessment-plan family: Build a Continuity Model; eligibility: After Section 1.4; version 2 of 8.
U1-FA-D4-02-V3,MATH,1,1.4,formative_assessment,D4_02,V3,performance,4,"Analyze continuity at a point and on intervals, and classify discontinuities using limits, function values, and piecewise definitions.","I can analyze continuity at a point and on intervals, and classify discontinuities using limits, function values, and piecewise definitions.","AP Topics 1.10, 1.11, 1.12, 1.13",performance-task,rubric,,"Unit 1 Assessment Plan; Framework AP Topics 1.10, 1.11, 1.12, 1.13; optional AP-topic source used for task-form/rigor reference",Assessment-plan family: Build a Continuity Model; eligibility: After Section 1.4; version 3 of 8.
U1-FA-D4-02-V4,MATH,1,1.4,formative_assessment,D4_02,V4,performance,4,"Analyze continuity at a point and on intervals, and classify discontinuities using limits, function values, and piecewise definitions.","I can analyze continuity at a point and on intervals, and classify discontinuities using limits, function values, and piecewise definitions.","AP Topics 1.10, 1.11, 1.12, 1.13",performance-task,rubric,,"Unit 1 Assessment Plan; Framework AP Topics 1.10, 1.11, 1.12, 1.13; optional AP-topic source used for task-form/rigor reference",Assessment-plan family: Build a Continuity Model; eligibility: After Section 1.4; version 4 of 8.
U1-FA-D4-02-V5,MATH,1,1.4,formative_assessment,D4_02,V5,performance,4,"Analyze continuity at a point and on intervals, and classify discontinuities using limits, function values, and piecewise definitions.","I can analyze continuity at a point and on intervals, and classify discontinuities using limits, function values, and piecewise definitions.","AP Topics 1.10, 1.11, 1.12, 1.13",performance-task,rubric,,"Unit 1 Assessment Plan; Framework AP Topics 1.10, 1.11, 1.12, 1.13; optional AP-topic source used for task-form/rigor reference",Assessment-plan family: Build a Continuity Model; eligibility: After Section 1.4; version 5 of 8.
U1-FA-D4-02-V6,MATH,1,1.4,formative_assessment,D4_02,V6,performance,4,"Analyze continuity at a point and on intervals, and classify discontinuities using limits, function values, and piecewise definitions.","I can analyze continuity at a point and on intervals, and classify discontinuities using limits, function values, and piecewise definitions.","AP Topics 1.10, 1.11, 1.12, 1.13",performance-task,rubric,,"Unit 1 Assessment Plan; Framework AP Topics 1.10, 1.11, 1.12, 1.13; optional AP-topic source used for task-form/rigor reference",Assessment-plan family: Build a Continuity Model; eligibility: After Section 1.4; version 6 of 8.
U1-FA-D4-02-V7,MATH,1,1.4,formative_assessment,D4_02,V7,performance,4,"Analyze continuity at a point and on intervals, and classify discontinuities using limits, function values, and piecewise definitions.","I can analyze continuity at a point and on intervals, and classify discontinuities using limits, function values, and piecewise definitions.","AP Topics 1.10, 1.11, 1.12, 1.13",performance-task,rubric,,"Unit 1 Assessment Plan; Framework AP Topics 1.10, 1.11, 1.12, 1.13; optional AP-topic source used for task-form/rigor reference",Assessment-plan family: Build a Continuity Model; eligibility: After Section 1.4; version 7 of 8.
U1-FA-D4-02-V8,MATH,1,1.4,formative_assessment,D4_02,V8,performance,4,"Analyze continuity at a point and on intervals, and classify discontinuities using limits, function values, and piecewise definitions.","I can analyze continuity at a point and on intervals, and classify discontinuities using limits, function values, and piecewise definitions.","AP Topics 1.10, 1.11, 1.12, 1.13",performance-task,rubric,,"Unit 1 Assessment Plan; Framework AP Topics 1.10, 1.11, 1.12, 1.13; optional AP-topic source used for task-form/rigor reference",Assessment-plan family: Build a Continuity Model; eligibility: After Section 1.4; version 8 of 8.
U1-FA-D4-03-V1,MATH,1,1.5,formative_assessment,D4_03,V1,performance,4,"Interpret infinite limits and limits at infinity to identify asymptotic behavior, and apply the Intermediate Value Theorem when its hypotheses are satisfied.","I can interpret infinite limits and limits at infinity to identify asymptotic behavior, and apply the Intermediate Value Theorem when its hypotheses are satisfied.","AP Topics 1.14, 1.15, 1.16",performance-task,rubric,,"Unit 1 Assessment Plan; Framework AP Topics 1.14, 1.15, 1.16; optional AP-topic source used for task-form/rigor reference",Assessment-plan family: Asymptotic Behavior Design Task; eligibility: After Section 1.5; version 1 of 8.
U1-FA-D4-03-V2,MATH,1,1.5,formative_assessment,D4_03,V2,performance,4,"Interpret infinite limits and limits at infinity to identify asymptotic behavior, and apply the Intermediate Value Theorem when its hypotheses are satisfied.","I can interpret infinite limits and limits at infinity to identify asymptotic behavior, and apply the Intermediate Value Theorem when its hypotheses are satisfied.","AP Topics 1.14, 1.15, 1.16",performance-task,rubric,,"Unit 1 Assessment Plan; Framework AP Topics 1.14, 1.15, 1.16; optional AP-topic source used for task-form/rigor reference",Assessment-plan family: Asymptotic Behavior Design Task; eligibility: After Section 1.5; version 2 of 8.
U1-FA-D4-03-V3,MATH,1,1.5,formative_assessment,D4_03,V3,performance,4,"Interpret infinite limits and limits at infinity to identify asymptotic behavior, and apply the Intermediate Value Theorem when its hypotheses are satisfied.","I can interpret infinite limits and limits at infinity to identify asymptotic behavior, and apply the Intermediate Value Theorem when its hypotheses are satisfied.","AP Topics 1.14, 1.15, 1.16",performance-task,rubric,,"Unit 1 Assessment Plan; Framework AP Topics 1.14, 1.15, 1.16; optional AP-topic source used for task-form/rigor reference",Assessment-plan family: Asymptotic Behavior Design Task; eligibility: After Section 1.5; version 3 of 8.
U1-FA-D4-03-V4,MATH,1,1.5,formative_assessment,D4_03,V4,performance,4,"Interpret infinite limits and limits at infinity to identify asymptotic behavior, and apply the Intermediate Value Theorem when its hypotheses are satisfied.","I can interpret infinite limits and limits at infinity to identify asymptotic behavior, and apply the Intermediate Value Theorem when its hypotheses are satisfied.","AP Topics 1.14, 1.15, 1.16",performance-task,rubric,,"Unit 1 Assessment Plan; Framework AP Topics 1.14, 1.15, 1.16; optional AP-topic source used for task-form/rigor reference",Assessment-plan family: Asymptotic Behavior Design Task; eligibility: After Section 1.5; version 4 of 8.
U1-FA-D4-03-V5,MATH,1,1.5,formative_assessment,D4_03,V5,performance,4,"Interpret infinite limits and limits at infinity to identify asymptotic behavior, and apply the Intermediate Value Theorem when its hypotheses are satisfied.","I can interpret infinite limits and limits at infinity to identify asymptotic behavior, and apply the Intermediate Value Theorem when its hypotheses are satisfied.","AP Topics 1.14, 1.15, 1.16",performance-task,rubric,,"Unit 1 Assessment Plan; Framework AP Topics 1.14, 1.15, 1.16; optional AP-topic source used for task-form/rigor reference",Assessment-plan family: Asymptotic Behavior Design Task; eligibility: After Section 1.5; version 5 of 8.
U1-FA-D4-03-V6,MATH,1,1.5,formative_assessment,D4_03,V6,performance,4,"Interpret infinite limits and limits at infinity to identify asymptotic behavior, and apply the Intermediate Value Theorem when its hypotheses are satisfied.","I can interpret infinite limits and limits at infinity to identify asymptotic behavior, and apply the Intermediate Value Theorem when its hypotheses are satisfied.","AP Topics 1.14, 1.15, 1.16",performance-task,rubric,,"Unit 1 Assessment Plan; Framework AP Topics 1.14, 1.15, 1.16; optional AP-topic source used for task-form/rigor reference",Assessment-plan family: Asymptotic Behavior Design Task; eligibility: After Section 1.5; version 6 of 8.
U1-FA-D4-03-V7,MATH,1,1.5,formative_assessment,D4_03,V7,performance,4,"Interpret infinite limits and limits at infinity to identify asymptotic behavior, and apply the Intermediate Value Theorem when its hypotheses are satisfied.","I can interpret infinite limits and limits at infinity to identify asymptotic behavior, and apply the Intermediate Value Theorem when its hypotheses are satisfied.","AP Topics 1.14, 1.15, 1.16",performance-task,rubric,,"Unit 1 Assessment Plan; Framework AP Topics 1.14, 1.15, 1.16; optional AP-topic source used for task-form/rigor reference",Assessment-plan family: Asymptotic Behavior Design Task; eligibility: After Section 1.5; version 7 of 8.
U1-FA-D4-03-V8,MATH,1,1.5,formative_assessment,D4_03,V8,performance,4,"Interpret infinite limits and limits at infinity to identify asymptotic behavior, and apply the Intermediate Value Theorem when its hypotheses are satisfied.","I can interpret infinite limits and limits at infinity to identify asymptotic behavior, and apply the Intermediate Value Theorem when its hypotheses are satisfied.","AP Topics 1.14, 1.15, 1.16",performance-task,rubric,,"Unit 1 Assessment Plan; Framework AP Topics 1.14, 1.15, 1.16; optional AP-topic source used for task-form/rigor reference",Assessment-plan family: Asymptotic Behavior Design Task; eligibility: After Section 1.5; version 8 of 8.
U1-FA-D4-04-V1,MATH,1,1.5,formative_assessment,D4_04,V1,performance,4,"Interpret infinite limits and limits at infinity to identify asymptotic behavior, and apply the Intermediate Value Theorem when its hypotheses are satisfied.","I can interpret infinite limits and limits at infinity to identify asymptotic behavior, and apply the Intermediate Value Theorem when its hypotheses are satisfied.","AP Topics 1.14, 1.15, 1.16",performance-task,rubric,,"Unit 1 Assessment Plan; Framework AP Topics 1.14, 1.15, 1.16; optional AP-topic source used for task-form/rigor reference",Assessment-plan family: Theorem Decision Performance; eligibility: After Section 1.5; version 1 of 8.
U1-FA-D4-04-V2,MATH,1,1.5,formative_assessment,D4_04,V2,performance,4,"Interpret infinite limits and limits at infinity to identify asymptotic behavior, and apply the Intermediate Value Theorem when its hypotheses are satisfied.","I can interpret infinite limits and limits at infinity to identify asymptotic behavior, and apply the Intermediate Value Theorem when its hypotheses are satisfied.","AP Topics 1.14, 1.15, 1.16",performance-task,rubric,,"Unit 1 Assessment Plan; Framework AP Topics 1.14, 1.15, 1.16; optional AP-topic source used for task-form/rigor reference",Assessment-plan family: Theorem Decision Performance; eligibility: After Section 1.5; version 2 of 8.
U1-FA-D4-04-V3,MATH,1,1.5,formative_assessment,D4_04,V3,performance,4,"Interpret infinite limits and limits at infinity to identify asymptotic behavior, and apply the Intermediate Value Theorem when its hypotheses are satisfied.","I can interpret infinite limits and limits at infinity to identify asymptotic behavior, and apply the Intermediate Value Theorem when its hypotheses are satisfied.","AP Topics 1.14, 1.15, 1.16",performance-task,rubric,,"Unit 1 Assessment Plan; Framework AP Topics 1.14, 1.15, 1.16; optional AP-topic source used for task-form/rigor reference",Assessment-plan family: Theorem Decision Performance; eligibility: After Section 1.5; version 3 of 8.
U1-FA-D4-04-V4,MATH,1,1.5,formative_assessment,D4_04,V4,performance,4,"Interpret infinite limits and limits at infinity to identify asymptotic behavior, and apply the Intermediate Value Theorem when its hypotheses are satisfied.","I can interpret infinite limits and limits at infinity to identify asymptotic behavior, and apply the Intermediate Value Theorem when its hypotheses are satisfied.","AP Topics 1.14, 1.15, 1.16",performance-task,rubric,,"Unit 1 Assessment Plan; Framework AP Topics 1.14, 1.15, 1.16; optional AP-topic source used for task-form/rigor reference",Assessment-plan family: Theorem Decision Performance; eligibility: After Section 1.5; version 4 of 8.
U1-FA-D4-04-V5,MATH,1,1.5,formative_assessment,D4_04,V5,performance,4,"Interpret infinite limits and limits at infinity to identify asymptotic behavior, and apply the Intermediate Value Theorem when its hypotheses are satisfied.","I can interpret infinite limits and limits at infinity to identify asymptotic behavior, and apply the Intermediate Value Theorem when its hypotheses are satisfied.","AP Topics 1.14, 1.15, 1.16",performance-task,rubric,,"Unit 1 Assessment Plan; Framework AP Topics 1.14, 1.15, 1.16; optional AP-topic source used for task-form/rigor reference",Assessment-plan family: Theorem Decision Performance; eligibility: After Section 1.5; version 5 of 8.
U1-FA-D4-04-V6,MATH,1,1.5,formative_assessment,D4_04,V6,performance,4,"Interpret infinite limits and limits at infinity to identify asymptotic behavior, and apply the Intermediate Value Theorem when its hypotheses are satisfied.","I can interpret infinite limits and limits at infinity to identify asymptotic behavior, and apply the Intermediate Value Theorem when its hypotheses are satisfied.","AP Topics 1.14, 1.15, 1.16",performance-task,rubric,,"Unit 1 Assessment Plan; Framework AP Topics 1.14, 1.15, 1.16; optional AP-topic source used for task-form/rigor reference",Assessment-plan family: Theorem Decision Performance; eligibility: After Section 1.5; version 6 of 8.
U1-FA-D4-04-V7,MATH,1,1.5,formative_assessment,D4_04,V7,performance,4,"Interpret infinite limits and limits at infinity to identify asymptotic behavior, and apply the Intermediate Value Theorem when its hypotheses are satisfied.","I can interpret infinite limits and limits at infinity to identify asymptotic behavior, and apply the Intermediate Value Theorem when its hypotheses are satisfied.","AP Topics 1.14, 1.15, 1.16",performance-task,rubric,,"Unit 1 Assessment Plan; Framework AP Topics 1.14, 1.15, 1.16; optional AP-topic source used for task-form/rigor reference",Assessment-plan family: Theorem Decision Performance; eligibility: After Section 1.5; version 7 of 8.
U1-FA-D4-04-V8,MATH,1,1.5,formative_assessment,D4_04,V8,performance,4,"Interpret infinite limits and limits at infinity to identify asymptotic behavior, and apply the Intermediate Value Theorem when its hypotheses are satisfied.","I can interpret infinite limits and limits at infinity to identify asymptotic behavior, and apply the Intermediate Value Theorem when its hypotheses are satisfied.","AP Topics 1.14, 1.15, 1.16",performance-task,rubric,,"Unit 1 Assessment Plan; Framework AP Topics 1.14, 1.15, 1.16; optional AP-topic source used for task-form/rigor reference",Assessment-plan family: Theorem Decision Performance; eligibility: After Section 1.5; version 8 of 8.
U1-SUM-V1-Q01,MATH,1,1.1,summative_assessment,version_1,Q01,n-a,1,Relate average versus instantaneous change to the idea of a limit and read and interpret limit notation.,I can relate average versus instantaneous change to the idea of a limit and read and interpret limit notation.,"AP Topics 1.1, 1.2",selected-response,exact-or-justified,,"Unit 1 Assessment Plan; Framework AP Topics 1.1, 1.2; optional AP-topic source used for task-form/rigor reference",Unit 1 summative version 1; Calculator neutral; AP-style mixed evidence blueprint.
U1-SUM-V1-Q02,MATH,1,1.1,summative_assessment,version_1,Q02,n-a,2,Relate average versus instantaneous change to the idea of a limit and read and interpret limit notation.,I can relate average versus instantaneous change to the idea of a limit and read and interpret limit notation.,"AP Topics 1.1, 1.2",table-response,exact-or-justified,,"Unit 1 Assessment Plan; Framework AP Topics 1.1, 1.2; optional AP-topic source used for task-form/rigor reference",Unit 1 summative version 1; Calculator permitted; AP-style mixed evidence blueprint.
U1-SUM-V1-Q03,MATH,1,1.2,summative_assessment,version_1,Q03,n-a,2,"Determine one-sided and two-sided limits from graphs and tables, including when a limit does not exist.","I can determine one-sided and two-sided limits from graphs and tables, including when a limit does not exist.","AP Topics 1.3, 1.4, 1.9",graph-response,exact-or-justified,u1_sum_v1_q03_graph.png,"Unit 1 Assessment Plan; Framework AP Topics 1.3, 1.4, 1.9; optional AP-topic source used for task-form/rigor reference",Unit 1 summative version 1; Calculator neutral; AP-style mixed evidence blueprint.
U1-SUM-V1-Q04,MATH,1,1.2,summative_assessment,version_1,Q04,n-a,1,"Determine one-sided and two-sided limits from graphs and tables, including when a limit does not exist.","I can determine one-sided and two-sided limits from graphs and tables, including when a limit does not exist.","AP Topics 1.3, 1.4, 1.9",selected-response,exact-or-justified,,"Unit 1 Assessment Plan; Framework AP Topics 1.3, 1.4, 1.9; optional AP-topic source used for task-form/rigor reference",Unit 1 summative version 1; Calculator neutral; AP-style mixed evidence blueprint.
U1-SUM-V1-Q05,MATH,1,1.3,summative_assessment,version_1,Q05,n-a,1,"Evaluate limits algebraically using direct substitution, limit laws, factoring, conjugates, and appropriate trigonometric or squeeze reasoning.","I can evaluate limits algebraically using direct substitution, limit laws, factoring, conjugates, and appropriate trigonometric or squeeze reasoning.","AP Topics 1.5, 1.6, 1.7, 1.8",short-response,exact-or-justified,,"Unit 1 Assessment Plan; Framework AP Topics 1.5, 1.6, 1.7, 1.8; optional AP-topic source used for task-form/rigor reference",Unit 1 summative version 1; No calculator; AP-style mixed evidence blueprint.
U1-SUM-V1-Q06,MATH,1,1.3,summative_assessment,version_1,Q06,n-a,2,"Evaluate limits algebraically using direct substitution, limit laws, factoring, conjugates, and appropriate trigonometric or squeeze reasoning.","I can evaluate limits algebraically using direct substitution, limit laws, factoring, conjugates, and appropriate trigonometric or squeeze reasoning.","AP Topics 1.5, 1.6, 1.7, 1.8",short-response,exact-or-justified,,"Unit 1 Assessment Plan; Framework AP Topics 1.5, 1.6, 1.7, 1.8; optional AP-topic source used for task-form/rigor reference",Unit 1 summative version 1; No calculator; AP-style mixed evidence blueprint.
U1-SUM-V1-Q07,MATH,1,1.3,summative_assessment,version_1,Q07,n-a,2,"Evaluate limits algebraically using direct substitution, limit laws, factoring, conjugates, and appropriate trigonometric or squeeze reasoning.","I can evaluate limits algebraically using direct substitution, limit laws, factoring, conjugates, and appropriate trigonometric or squeeze reasoning.","AP Topics 1.5, 1.6, 1.7, 1.8",short-response,exact-or-justified,,"Unit 1 Assessment Plan; Framework AP Topics 1.5, 1.6, 1.7, 1.8; optional AP-topic source used for task-form/rigor reference",Unit 1 summative version 1; No calculator; AP-style mixed evidence blueprint.
U1-SUM-V1-Q08,MATH,1,1.3,summative_assessment,version_1,Q08,n-a,2,"Evaluate limits algebraically using direct substitution, limit laws, factoring, conjugates, and appropriate trigonometric or squeeze reasoning.","I can evaluate limits algebraically using direct substitution, limit laws, factoring, conjugates, and appropriate trigonometric or squeeze reasoning.","AP Topics 1.5, 1.6, 1.7, 1.8",short-response,exact-or-justified,,"Unit 1 Assessment Plan; Framework AP Topics 1.5, 1.6, 1.7, 1.8; optional AP-topic source used for task-form/rigor reference",Unit 1 summative version 1; No calculator; AP-style mixed evidence blueprint.
U1-SUM-V1-Q09,MATH,1,1.3,summative_assessment,version_1,Q09,n-a,1,"Evaluate limits algebraically using direct substitution, limit laws, factoring, conjugates, and appropriate trigonometric or squeeze reasoning.","I can evaluate limits algebraically using direct substitution, limit laws, factoring, conjugates, and appropriate trigonometric or squeeze reasoning.","AP Topics 1.5, 1.6, 1.7, 1.8",selected-response,exact-or-justified,,"Unit 1 Assessment Plan; Framework AP Topics 1.5, 1.6, 1.7, 1.8; optional AP-topic source used for task-form/rigor reference",Unit 1 summative version 1; Calculator neutral; AP-style mixed evidence blueprint.
U1-SUM-V1-Q10,MATH,1,1.4,summative_assessment,version_1,Q10,n-a,1,"Analyze continuity at a point and on intervals, and classify discontinuities using limits, function values, and piecewise definitions.","I can analyze continuity at a point and on intervals, and classify discontinuities using limits, function values, and piecewise definitions.","AP Topics 1.10, 1.11, 1.12, 1.13",selected-response,exact-or-justified,,"Unit 1 Assessment Plan; Framework AP Topics 1.10, 1.11, 1.12, 1.13; optional AP-topic source used for task-form/rigor reference",Unit 1 summative version 1; Calculator neutral; AP-style mixed evidence blueprint.
U1-SUM-V1-Q11,MATH,1,1.4,summative_assessment,version_1,Q11,n-a,2,"Analyze continuity at a point and on intervals, and classify discontinuities using limits, function values, and piecewise definitions.","I can analyze continuity at a point and on intervals, and classify discontinuities using limits, function values, and piecewise definitions.","AP Topics 1.10, 1.11, 1.12, 1.13",short-response,exact-or-justified,,"Unit 1 Assessment Plan; Framework AP Topics 1.10, 1.11, 1.12, 1.13; optional AP-topic source used for task-form/rigor reference",Unit 1 summative version 1; Calculator neutral; AP-style mixed evidence blueprint.
U1-SUM-V1-Q12,MATH,1,1.4,summative_assessment,version_1,Q12,n-a,1,"Analyze continuity at a point and on intervals, and classify discontinuities using limits, function values, and piecewise definitions.","I can analyze continuity at a point and on intervals, and classify discontinuities using limits, function values, and piecewise definitions.","AP Topics 1.10, 1.11, 1.12, 1.13",selected-response,exact-or-justified,,"Unit 1 Assessment Plan; Framework AP Topics 1.10, 1.11, 1.12, 1.13; optional AP-topic source used for task-form/rigor reference",Unit 1 summative version 1; Calculator neutral; AP-style mixed evidence blueprint.
U1-SUM-V1-Q13,MATH,1,1.4,summative_assessment,version_1,Q13,n-a,2,"Analyze continuity at a point and on intervals, and classify discontinuities using limits, function values, and piecewise definitions.","I can analyze continuity at a point and on intervals, and classify discontinuities using limits, function values, and piecewise definitions.","AP Topics 1.10, 1.11, 1.12, 1.13",short-response,exact-or-justified,,"Unit 1 Assessment Plan; Framework AP Topics 1.10, 1.11, 1.12, 1.13; optional AP-topic source used for task-form/rigor reference",Unit 1 summative version 1; Calculator neutral; AP-style mixed evidence blueprint.
U1-SUM-V1-Q14,MATH,1,1.5,summative_assessment,version_1,Q14,n-a,1,"Interpret infinite limits and limits at infinity to identify asymptotic behavior, and apply the Intermediate Value Theorem when its hypotheses are satisfied.","I can interpret infinite limits and limits at infinity to identify asymptotic behavior, and apply the Intermediate Value Theorem when its hypotheses are satisfied.","AP Topics 1.14, 1.15, 1.16",short-response,exact-or-justified,,"Unit 1 Assessment Plan; Framework AP Topics 1.14, 1.15, 1.16; optional AP-topic source used for task-form/rigor reference",Unit 1 summative version 1; Calculator neutral; AP-style mixed evidence blueprint.
U1-SUM-V1-Q15,MATH,1,1.5,summative_assessment,version_1,Q15,n-a,2,"Interpret infinite limits and limits at infinity to identify asymptotic behavior, and apply the Intermediate Value Theorem when its hypotheses are satisfied.","I can interpret infinite limits and limits at infinity to identify asymptotic behavior, and apply the Intermediate Value Theorem when its hypotheses are satisfied.","AP Topics 1.14, 1.15, 1.16",short-response,exact-or-justified,,"Unit 1 Assessment Plan; Framework AP Topics 1.14, 1.15, 1.16; optional AP-topic source used for task-form/rigor reference",Unit 1 summative version 1; Calculator neutral; AP-style mixed evidence blueprint.
U1-SUM-V1-Q16,MATH,1,1.5,summative_assessment,version_1,Q16,n-a,2,"Interpret infinite limits and limits at infinity to identify asymptotic behavior, and apply the Intermediate Value Theorem when its hypotheses are satisfied.","I can interpret infinite limits and limits at infinity to identify asymptotic behavior, and apply the Intermediate Value Theorem when its hypotheses are satisfied.","AP Topics 1.14, 1.15, 1.16",short-response,exact-or-justified,,"Unit 1 Assessment Plan; Framework AP Topics 1.14, 1.15, 1.16; optional AP-topic source used for task-form/rigor reference",Unit 1 summative version 1; Calculator neutral; AP-style mixed evidence blueprint.
U1-SUM-V1-Q17,MATH,1,1.5,summative_assessment,version_1,Q17,unit-synthesis,3,"Interpret infinite limits and limits at infinity to identify asymptotic behavior, and apply the Intermediate Value Theorem when its hypotheses are satisfied.","I can interpret infinite limits and limits at infinity to identify asymptotic behavior, and apply the Intermediate Value Theorem when its hypotheses are satisfied.","AP Topics 1.14, 1.15, 1.16",constructed-response,exact-or-justified,,"Unit 1 Assessment Plan; Framework AP Topics 1.14, 1.15, 1.16; optional AP-topic source used for task-form/rigor reference",Unit 1 summative version 1; Calculator neutral; AP-style mixed evidence blueprint.
U1-SUM-V1-Q18,MATH,1,1.4,summative_assessment,version_1,Q18,unit-synthesis,3,"Analyze continuity at a point and on intervals, and classify discontinuities using limits, function values, and piecewise definitions.","I can analyze continuity at a point and on intervals, and classify discontinuities using limits, function values, and piecewise definitions.","AP Topics 1.10, 1.11, 1.12, 1.13",constructed-response,exact-or-justified,,"Unit 1 Assessment Plan; Framework AP Topics 1.10, 1.11, 1.12, 1.13; optional AP-topic source used for task-form/rigor reference",Unit 1 summative version 1; Calculator neutral; AP-style mixed evidence blueprint.
U1-SUM-V1-Q19,MATH,1,1.4,summative_assessment,version_1,Q19,unit-synthesis,3,"Analyze continuity at a point and on intervals, and classify discontinuities using limits, function values, and piecewise definitions.","I can analyze continuity at a point and on intervals, and classify discontinuities using limits, function values, and piecewise definitions.","AP Topics 1.10, 1.11, 1.12, 1.13",constructed-response,exact-or-justified,,"Unit 1 Assessment Plan; Framework AP Topics 1.10, 1.11, 1.12, 1.13; optional AP-topic source used for task-form/rigor reference",Unit 1 summative version 1; No calculator; AP-style mixed evidence blueprint.
U1-SUM-V1-Q20,MATH,1,1.5,summative_assessment,version_1,Q20,unit-synthesis,3,"Interpret infinite limits and limits at infinity to identify asymptotic behavior, and apply the Intermediate Value Theorem when its hypotheses are satisfied.","I can interpret infinite limits and limits at infinity to identify asymptotic behavior, and apply the Intermediate Value Theorem when its hypotheses are satisfied.","AP Topics 1.14, 1.15, 1.16",constructed-response,exact-or-justified,,"Unit 1 Assessment Plan; Framework AP Topics 1.14, 1.15, 1.16; optional AP-topic source used for task-form/rigor reference",Unit 1 summative version 1; Calculator neutral; AP-style mixed evidence blueprint.
U1-SUM-V2-Q01,MATH,1,1.1,summative_assessment,version_2,Q01,n-a,1,Relate average versus instantaneous change to the idea of a limit and read and interpret limit notation.,I can relate average versus instantaneous change to the idea of a limit and read and interpret limit notation.,"AP Topics 1.1, 1.2",selected-response,exact-or-justified,,"Unit 1 Assessment Plan; Framework AP Topics 1.1, 1.2; optional AP-topic source used for task-form/rigor reference",Unit 1 summative version 2; Calculator neutral; AP-style mixed evidence blueprint.
U1-SUM-V2-Q02,MATH,1,1.1,summative_assessment,version_2,Q02,n-a,2,Relate average versus instantaneous change to the idea of a limit and read and interpret limit notation.,I can relate average versus instantaneous change to the idea of a limit and read and interpret limit notation.,"AP Topics 1.1, 1.2",table-response,exact-or-justified,,"Unit 1 Assessment Plan; Framework AP Topics 1.1, 1.2; optional AP-topic source used for task-form/rigor reference",Unit 1 summative version 2; Calculator permitted; AP-style mixed evidence blueprint.
U1-SUM-V2-Q03,MATH,1,1.2,summative_assessment,version_2,Q03,n-a,2,"Determine one-sided and two-sided limits from graphs and tables, including when a limit does not exist.","I can determine one-sided and two-sided limits from graphs and tables, including when a limit does not exist.","AP Topics 1.3, 1.4, 1.9",graph-response,exact-or-justified,u1_sum_v2_q03_graph.png,"Unit 1 Assessment Plan; Framework AP Topics 1.3, 1.4, 1.9; optional AP-topic source used for task-form/rigor reference",Unit 1 summative version 2; Calculator neutral; AP-style mixed evidence blueprint.
U1-SUM-V2-Q04,MATH,1,1.2,summative_assessment,version_2,Q04,n-a,1,"Determine one-sided and two-sided limits from graphs and tables, including when a limit does not exist.","I can determine one-sided and two-sided limits from graphs and tables, including when a limit does not exist.","AP Topics 1.3, 1.4, 1.9",selected-response,exact-or-justified,,"Unit 1 Assessment Plan; Framework AP Topics 1.3, 1.4, 1.9; optional AP-topic source used for task-form/rigor reference",Unit 1 summative version 2; Calculator neutral; AP-style mixed evidence blueprint.
U1-SUM-V2-Q05,MATH,1,1.3,summative_assessment,version_2,Q05,n-a,1,"Evaluate limits algebraically using direct substitution, limit laws, factoring, conjugates, and appropriate trigonometric or squeeze reasoning.","I can evaluate limits algebraically using direct substitution, limit laws, factoring, conjugates, and appropriate trigonometric or squeeze reasoning.","AP Topics 1.5, 1.6, 1.7, 1.8",short-response,exact-or-justified,,"Unit 1 Assessment Plan; Framework AP Topics 1.5, 1.6, 1.7, 1.8; optional AP-topic source used for task-form/rigor reference",Unit 1 summative version 2; No calculator; AP-style mixed evidence blueprint.
U1-SUM-V2-Q06,MATH,1,1.3,summative_assessment,version_2,Q06,n-a,2,"Evaluate limits algebraically using direct substitution, limit laws, factoring, conjugates, and appropriate trigonometric or squeeze reasoning.","I can evaluate limits algebraically using direct substitution, limit laws, factoring, conjugates, and appropriate trigonometric or squeeze reasoning.","AP Topics 1.5, 1.6, 1.7, 1.8",short-response,exact-or-justified,,"Unit 1 Assessment Plan; Framework AP Topics 1.5, 1.6, 1.7, 1.8; optional AP-topic source used for task-form/rigor reference",Unit 1 summative version 2; No calculator; AP-style mixed evidence blueprint.
U1-SUM-V2-Q07,MATH,1,1.3,summative_assessment,version_2,Q07,n-a,2,"Evaluate limits algebraically using direct substitution, limit laws, factoring, conjugates, and appropriate trigonometric or squeeze reasoning.","I can evaluate limits algebraically using direct substitution, limit laws, factoring, conjugates, and appropriate trigonometric or squeeze reasoning.","AP Topics 1.5, 1.6, 1.7, 1.8",short-response,exact-or-justified,,"Unit 1 Assessment Plan; Framework AP Topics 1.5, 1.6, 1.7, 1.8; optional AP-topic source used for task-form/rigor reference",Unit 1 summative version 2; No calculator; AP-style mixed evidence blueprint.
U1-SUM-V2-Q08,MATH,1,1.3,summative_assessment,version_2,Q08,n-a,2,"Evaluate limits algebraically using direct substitution, limit laws, factoring, conjugates, and appropriate trigonometric or squeeze reasoning.","I can evaluate limits algebraically using direct substitution, limit laws, factoring, conjugates, and appropriate trigonometric or squeeze reasoning.","AP Topics 1.5, 1.6, 1.7, 1.8",short-response,exact-or-justified,,"Unit 1 Assessment Plan; Framework AP Topics 1.5, 1.6, 1.7, 1.8; optional AP-topic source used for task-form/rigor reference",Unit 1 summative version 2; No calculator; AP-style mixed evidence blueprint.
U1-SUM-V2-Q09,MATH,1,1.3,summative_assessment,version_2,Q09,n-a,1,"Evaluate limits algebraically using direct substitution, limit laws, factoring, conjugates, and appropriate trigonometric or squeeze reasoning.","I can evaluate limits algebraically using direct substitution, limit laws, factoring, conjugates, and appropriate trigonometric or squeeze reasoning.","AP Topics 1.5, 1.6, 1.7, 1.8",selected-response,exact-or-justified,,"Unit 1 Assessment Plan; Framework AP Topics 1.5, 1.6, 1.7, 1.8; optional AP-topic source used for task-form/rigor reference",Unit 1 summative version 2; Calculator neutral; AP-style mixed evidence blueprint.
U1-SUM-V2-Q10,MATH,1,1.4,summative_assessment,version_2,Q10,n-a,1,"Analyze continuity at a point and on intervals, and classify discontinuities using limits, function values, and piecewise definitions.","I can analyze continuity at a point and on intervals, and classify discontinuities using limits, function values, and piecewise definitions.","AP Topics 1.10, 1.11, 1.12, 1.13",selected-response,exact-or-justified,,"Unit 1 Assessment Plan; Framework AP Topics 1.10, 1.11, 1.12, 1.13; optional AP-topic source used for task-form/rigor reference",Unit 1 summative version 2; Calculator neutral; AP-style mixed evidence blueprint.
U1-SUM-V2-Q11,MATH,1,1.4,summative_assessment,version_2,Q11,n-a,2,"Analyze continuity at a point and on intervals, and classify discontinuities using limits, function values, and piecewise definitions.","I can analyze continuity at a point and on intervals, and classify discontinuities using limits, function values, and piecewise definitions.","AP Topics 1.10, 1.11, 1.12, 1.13",short-response,exact-or-justified,,"Unit 1 Assessment Plan; Framework AP Topics 1.10, 1.11, 1.12, 1.13; optional AP-topic source used for task-form/rigor reference",Unit 1 summative version 2; Calculator neutral; AP-style mixed evidence blueprint.
U1-SUM-V2-Q12,MATH,1,1.4,summative_assessment,version_2,Q12,n-a,1,"Analyze continuity at a point and on intervals, and classify discontinuities using limits, function values, and piecewise definitions.","I can analyze continuity at a point and on intervals, and classify discontinuities using limits, function values, and piecewise definitions.","AP Topics 1.10, 1.11, 1.12, 1.13",selected-response,exact-or-justified,,"Unit 1 Assessment Plan; Framework AP Topics 1.10, 1.11, 1.12, 1.13; optional AP-topic source used for task-form/rigor reference",Unit 1 summative version 2; Calculator neutral; AP-style mixed evidence blueprint.
U1-SUM-V2-Q13,MATH,1,1.4,summative_assessment,version_2,Q13,n-a,2,"Analyze continuity at a point and on intervals, and classify discontinuities using limits, function values, and piecewise definitions.","I can analyze continuity at a point and on intervals, and classify discontinuities using limits, function values, and piecewise definitions.","AP Topics 1.10, 1.11, 1.12, 1.13",short-response,exact-or-justified,,"Unit 1 Assessment Plan; Framework AP Topics 1.10, 1.11, 1.12, 1.13; optional AP-topic source used for task-form/rigor reference",Unit 1 summative version 2; Calculator neutral; AP-style mixed evidence blueprint.
U1-SUM-V2-Q14,MATH,1,1.5,summative_assessment,version_2,Q14,n-a,1,"Interpret infinite limits and limits at infinity to identify asymptotic behavior, and apply the Intermediate Value Theorem when its hypotheses are satisfied.","I can interpret infinite limits and limits at infinity to identify asymptotic behavior, and apply the Intermediate Value Theorem when its hypotheses are satisfied.","AP Topics 1.14, 1.15, 1.16",short-response,exact-or-justified,,"Unit 1 Assessment Plan; Framework AP Topics 1.14, 1.15, 1.16; optional AP-topic source used for task-form/rigor reference",Unit 1 summative version 2; Calculator neutral; AP-style mixed evidence blueprint.
U1-SUM-V2-Q15,MATH,1,1.5,summative_assessment,version_2,Q15,n-a,2,"Interpret infinite limits and limits at infinity to identify asymptotic behavior, and apply the Intermediate Value Theorem when its hypotheses are satisfied.","I can interpret infinite limits and limits at infinity to identify asymptotic behavior, and apply the Intermediate Value Theorem when its hypotheses are satisfied.","AP Topics 1.14, 1.15, 1.16",short-response,exact-or-justified,,"Unit 1 Assessment Plan; Framework AP Topics 1.14, 1.15, 1.16; optional AP-topic source used for task-form/rigor reference",Unit 1 summative version 2; Calculator neutral; AP-style mixed evidence blueprint.
U1-SUM-V2-Q16,MATH,1,1.5,summative_assessment,version_2,Q16,n-a,2,"Interpret infinite limits and limits at infinity to identify asymptotic behavior, and apply the Intermediate Value Theorem when its hypotheses are satisfied.","I can interpret infinite limits and limits at infinity to identify asymptotic behavior, and apply the Intermediate Value Theorem when its hypotheses are satisfied.","AP Topics 1.14, 1.15, 1.16",short-response,exact-or-justified,,"Unit 1 Assessment Plan; Framework AP Topics 1.14, 1.15, 1.16; optional AP-topic source used for task-form/rigor reference",Unit 1 summative version 2; Calculator neutral; AP-style mixed evidence blueprint.
U1-SUM-V2-Q17,MATH,1,1.5,summative_assessment,version_2,Q17,unit-synthesis,3,"Interpret infinite limits and limits at infinity to identify asymptotic behavior, and apply the Intermediate Value Theorem when its hypotheses are satisfied.","I can interpret infinite limits and limits at infinity to identify asymptotic behavior, and apply the Intermediate Value Theorem when its hypotheses are satisfied.","AP Topics 1.14, 1.15, 1.16",constructed-response,exact-or-justified,,"Unit 1 Assessment Plan; Framework AP Topics 1.14, 1.15, 1.16; optional AP-topic source used for task-form/rigor reference",Unit 1 summative version 2; Calculator neutral; AP-style mixed evidence blueprint.
U1-SUM-V2-Q18,MATH,1,1.4,summative_assessment,version_2,Q18,unit-synthesis,3,"Analyze continuity at a point and on intervals, and classify discontinuities using limits, function values, and piecewise definitions.","I can analyze continuity at a point and on intervals, and classify discontinuities using limits, function values, and piecewise definitions.","AP Topics 1.10, 1.11, 1.12, 1.13",constructed-response,exact-or-justified,,"Unit 1 Assessment Plan; Framework AP Topics 1.10, 1.11, 1.12, 1.13; optional AP-topic source used for task-form/rigor reference",Unit 1 summative version 2; Calculator neutral; AP-style mixed evidence blueprint.
U1-SUM-V2-Q19,MATH,1,1.4,summative_assessment,version_2,Q19,unit-synthesis,3,"Analyze continuity at a point and on intervals, and classify discontinuities using limits, function values, and piecewise definitions.","I can analyze continuity at a point and on intervals, and classify discontinuities using limits, function values, and piecewise definitions.","AP Topics 1.10, 1.11, 1.12, 1.13",constructed-response,exact-or-justified,,"Unit 1 Assessment Plan; Framework AP Topics 1.10, 1.11, 1.12, 1.13; optional AP-topic source used for task-form/rigor reference",Unit 1 summative version 2; No calculator; AP-style mixed evidence blueprint.
U1-SUM-V2-Q20,MATH,1,1.5,summative_assessment,version_2,Q20,unit-synthesis,3,"Interpret infinite limits and limits at infinity to identify asymptotic behavior, and apply the Intermediate Value Theorem when its hypotheses are satisfied.","I can interpret infinite limits and limits at infinity to identify asymptotic behavior, and apply the Intermediate Value Theorem when its hypotheses are satisfied.","AP Topics 1.14, 1.15, 1.16",constructed-response,exact-or-justified,,"Unit 1 Assessment Plan; Framework AP Topics 1.14, 1.15, 1.16; optional AP-topic source used for task-form/rigor reference",Unit 1 summative version 2; Calculator neutral; AP-style mixed evidence blueprint.
U1-SUM-V3-Q01,MATH,1,1.1,summative_assessment,version_3,Q01,n-a,1,Relate average versus instantaneous change to the idea of a limit and read and interpret limit notation.,I can relate average versus instantaneous change to the idea of a limit and read and interpret limit notation.,"AP Topics 1.1, 1.2",selected-response,exact-or-justified,,"Unit 1 Assessment Plan; Framework AP Topics 1.1, 1.2; optional AP-topic source used for task-form/rigor reference",Unit 1 summative version 3; Calculator neutral; AP-style mixed evidence blueprint.
U1-SUM-V3-Q02,MATH,1,1.1,summative_assessment,version_3,Q02,n-a,2,Relate average versus instantaneous change to the idea of a limit and read and interpret limit notation.,I can relate average versus instantaneous change to the idea of a limit and read and interpret limit notation.,"AP Topics 1.1, 1.2",table-response,exact-or-justified,,"Unit 1 Assessment Plan; Framework AP Topics 1.1, 1.2; optional AP-topic source used for task-form/rigor reference",Unit 1 summative version 3; Calculator permitted; AP-style mixed evidence blueprint.
U1-SUM-V3-Q03,MATH,1,1.2,summative_assessment,version_3,Q03,n-a,2,"Determine one-sided and two-sided limits from graphs and tables, including when a limit does not exist.","I can determine one-sided and two-sided limits from graphs and tables, including when a limit does not exist.","AP Topics 1.3, 1.4, 1.9",graph-response,exact-or-justified,u1_sum_v3_q03_graph.png,"Unit 1 Assessment Plan; Framework AP Topics 1.3, 1.4, 1.9; optional AP-topic source used for task-form/rigor reference",Unit 1 summative version 3; Calculator neutral; AP-style mixed evidence blueprint.
U1-SUM-V3-Q04,MATH,1,1.2,summative_assessment,version_3,Q04,n-a,1,"Determine one-sided and two-sided limits from graphs and tables, including when a limit does not exist.","I can determine one-sided and two-sided limits from graphs and tables, including when a limit does not exist.","AP Topics 1.3, 1.4, 1.9",selected-response,exact-or-justified,,"Unit 1 Assessment Plan; Framework AP Topics 1.3, 1.4, 1.9; optional AP-topic source used for task-form/rigor reference",Unit 1 summative version 3; Calculator neutral; AP-style mixed evidence blueprint.
U1-SUM-V3-Q05,MATH,1,1.3,summative_assessment,version_3,Q05,n-a,1,"Evaluate limits algebraically using direct substitution, limit laws, factoring, conjugates, and appropriate trigonometric or squeeze reasoning.","I can evaluate limits algebraically using direct substitution, limit laws, factoring, conjugates, and appropriate trigonometric or squeeze reasoning.","AP Topics 1.5, 1.6, 1.7, 1.8",short-response,exact-or-justified,,"Unit 1 Assessment Plan; Framework AP Topics 1.5, 1.6, 1.7, 1.8; optional AP-topic source used for task-form/rigor reference",Unit 1 summative version 3; No calculator; AP-style mixed evidence blueprint.
U1-SUM-V3-Q06,MATH,1,1.3,summative_assessment,version_3,Q06,n-a,2,"Evaluate limits algebraically using direct substitution, limit laws, factoring, conjugates, and appropriate trigonometric or squeeze reasoning.","I can evaluate limits algebraically using direct substitution, limit laws, factoring, conjugates, and appropriate trigonometric or squeeze reasoning.","AP Topics 1.5, 1.6, 1.7, 1.8",short-response,exact-or-justified,,"Unit 1 Assessment Plan; Framework AP Topics 1.5, 1.6, 1.7, 1.8; optional AP-topic source used for task-form/rigor reference",Unit 1 summative version 3; No calculator; AP-style mixed evidence blueprint.
U1-SUM-V3-Q07,MATH,1,1.3,summative_assessment,version_3,Q07,n-a,2,"Evaluate limits algebraically using direct substitution, limit laws, factoring, conjugates, and appropriate trigonometric or squeeze reasoning.","I can evaluate limits algebraically using direct substitution, limit laws, factoring, conjugates, and appropriate trigonometric or squeeze reasoning.","AP Topics 1.5, 1.6, 1.7, 1.8",short-response,exact-or-justified,,"Unit 1 Assessment Plan; Framework AP Topics 1.5, 1.6, 1.7, 1.8; optional AP-topic source used for task-form/rigor reference",Unit 1 summative version 3; No calculator; AP-style mixed evidence blueprint.
U1-SUM-V3-Q08,MATH,1,1.3,summative_assessment,version_3,Q08,n-a,2,"Evaluate limits algebraically using direct substitution, limit laws, factoring, conjugates, and appropriate trigonometric or squeeze reasoning.","I can evaluate limits algebraically using direct substitution, limit laws, factoring, conjugates, and appropriate trigonometric or squeeze reasoning.","AP Topics 1.5, 1.6, 1.7, 1.8",short-response,exact-or-justified,,"Unit 1 Assessment Plan; Framework AP Topics 1.5, 1.6, 1.7, 1.8; optional AP-topic source used for task-form/rigor reference",Unit 1 summative version 3; No calculator; AP-style mixed evidence blueprint.
U1-SUM-V3-Q09,MATH,1,1.3,summative_assessment,version_3,Q09,n-a,1,"Evaluate limits algebraically using direct substitution, limit laws, factoring, conjugates, and appropriate trigonometric or squeeze reasoning.","I can evaluate limits algebraically using direct substitution, limit laws, factoring, conjugates, and appropriate trigonometric or squeeze reasoning.","AP Topics 1.5, 1.6, 1.7, 1.8",selected-response,exact-or-justified,,"Unit 1 Assessment Plan; Framework AP Topics 1.5, 1.6, 1.7, 1.8; optional AP-topic source used for task-form/rigor reference",Unit 1 summative version 3; Calculator neutral; AP-style mixed evidence blueprint.
U1-SUM-V3-Q10,MATH,1,1.4,summative_assessment,version_3,Q10,n-a,1,"Analyze continuity at a point and on intervals, and classify discontinuities using limits, function values, and piecewise definitions.","I can analyze continuity at a point and on intervals, and classify discontinuities using limits, function values, and piecewise definitions.","AP Topics 1.10, 1.11, 1.12, 1.13",selected-response,exact-or-justified,,"Unit 1 Assessment Plan; Framework AP Topics 1.10, 1.11, 1.12, 1.13; optional AP-topic source used for task-form/rigor reference",Unit 1 summative version 3; Calculator neutral; AP-style mixed evidence blueprint.
U1-SUM-V3-Q11,MATH,1,1.4,summative_assessment,version_3,Q11,n-a,2,"Analyze continuity at a point and on intervals, and classify discontinuities using limits, function values, and piecewise definitions.","I can analyze continuity at a point and on intervals, and classify discontinuities using limits, function values, and piecewise definitions.","AP Topics 1.10, 1.11, 1.12, 1.13",short-response,exact-or-justified,,"Unit 1 Assessment Plan; Framework AP Topics 1.10, 1.11, 1.12, 1.13; optional AP-topic source used for task-form/rigor reference",Unit 1 summative version 3; Calculator neutral; AP-style mixed evidence blueprint.
U1-SUM-V3-Q12,MATH,1,1.4,summative_assessment,version_3,Q12,n-a,1,"Analyze continuity at a point and on intervals, and classify discontinuities using limits, function values, and piecewise definitions.","I can analyze continuity at a point and on intervals, and classify discontinuities using limits, function values, and piecewise definitions.","AP Topics 1.10, 1.11, 1.12, 1.13",selected-response,exact-or-justified,,"Unit 1 Assessment Plan; Framework AP Topics 1.10, 1.11, 1.12, 1.13; optional AP-topic source used for task-form/rigor reference",Unit 1 summative version 3; Calculator neutral; AP-style mixed evidence blueprint.
U1-SUM-V3-Q13,MATH,1,1.4,summative_assessment,version_3,Q13,n-a,2,"Analyze continuity at a point and on intervals, and classify discontinuities using limits, function values, and piecewise definitions.","I can analyze continuity at a point and on intervals, and classify discontinuities using limits, function values, and piecewise definitions.","AP Topics 1.10, 1.11, 1.12, 1.13",short-response,exact-or-justified,,"Unit 1 Assessment Plan; Framework AP Topics 1.10, 1.11, 1.12, 1.13; optional AP-topic source used for task-form/rigor reference",Unit 1 summative version 3; Calculator neutral; AP-style mixed evidence blueprint.
U1-SUM-V3-Q14,MATH,1,1.5,summative_assessment,version_3,Q14,n-a,1,"Interpret infinite limits and limits at infinity to identify asymptotic behavior, and apply the Intermediate Value Theorem when its hypotheses are satisfied.","I can interpret infinite limits and limits at infinity to identify asymptotic behavior, and apply the Intermediate Value Theorem when its hypotheses are satisfied.","AP Topics 1.14, 1.15, 1.16",short-response,exact-or-justified,,"Unit 1 Assessment Plan; Framework AP Topics 1.14, 1.15, 1.16; optional AP-topic source used for task-form/rigor reference",Unit 1 summative version 3; Calculator neutral; AP-style mixed evidence blueprint.
U1-SUM-V3-Q15,MATH,1,1.5,summative_assessment,version_3,Q15,n-a,2,"Interpret infinite limits and limits at infinity to identify asymptotic behavior, and apply the Intermediate Value Theorem when its hypotheses are satisfied.","I can interpret infinite limits and limits at infinity to identify asymptotic behavior, and apply the Intermediate Value Theorem when its hypotheses are satisfied.","AP Topics 1.14, 1.15, 1.16",short-response,exact-or-justified,,"Unit 1 Assessment Plan; Framework AP Topics 1.14, 1.15, 1.16; optional AP-topic source used for task-form/rigor reference",Unit 1 summative version 3; Calculator neutral; AP-style mixed evidence blueprint.
U1-SUM-V3-Q16,MATH,1,1.5,summative_assessment,version_3,Q16,n-a,2,"Interpret infinite limits and limits at infinity to identify asymptotic behavior, and apply the Intermediate Value Theorem when its hypotheses are satisfied.","I can interpret infinite limits and limits at infinity to identify asymptotic behavior, and apply the Intermediate Value Theorem when its hypotheses are satisfied.","AP Topics 1.14, 1.15, 1.16",short-response,exact-or-justified,,"Unit 1 Assessment Plan; Framework AP Topics 1.14, 1.15, 1.16; optional AP-topic source used for task-form/rigor reference",Unit 1 summative version 3; Calculator neutral; AP-style mixed evidence blueprint.
U1-SUM-V3-Q17,MATH,1,1.5,summative_assessment,version_3,Q17,unit-synthesis,3,"Interpret infinite limits and limits at infinity to identify asymptotic behavior, and apply the Intermediate Value Theorem when its hypotheses are satisfied.","I can interpret infinite limits and limits at infinity to identify asymptotic behavior, and apply the Intermediate Value Theorem when its hypotheses are satisfied.","AP Topics 1.14, 1.15, 1.16",constructed-response,exact-or-justified,,"Unit 1 Assessment Plan; Framework AP Topics 1.14, 1.15, 1.16; optional AP-topic source used for task-form/rigor reference",Unit 1 summative version 3; Calculator neutral; AP-style mixed evidence blueprint.
U1-SUM-V3-Q18,MATH,1,1.4,summative_assessment,version_3,Q18,unit-synthesis,3,"Analyze continuity at a point and on intervals, and classify discontinuities using limits, function values, and piecewise definitions.","I can analyze continuity at a point and on intervals, and classify discontinuities using limits, function values, and piecewise definitions.","AP Topics 1.10, 1.11, 1.12, 1.13",constructed-response,exact-or-justified,,"Unit 1 Assessment Plan; Framework AP Topics 1.10, 1.11, 1.12, 1.13; optional AP-topic source used for task-form/rigor reference",Unit 1 summative version 3; Calculator neutral; AP-style mixed evidence blueprint.
U1-SUM-V3-Q19,MATH,1,1.4,summative_assessment,version_3,Q19,unit-synthesis,3,"Analyze continuity at a point and on intervals, and classify discontinuities using limits, function values, and piecewise definitions.","I can analyze continuity at a point and on intervals, and classify discontinuities using limits, function values, and piecewise definitions.","AP Topics 1.10, 1.11, 1.12, 1.13",constructed-response,exact-or-justified,,"Unit 1 Assessment Plan; Framework AP Topics 1.10, 1.11, 1.12, 1.13; optional AP-topic source used for task-form/rigor reference",Unit 1 summative version 3; No calculator; AP-style mixed evidence blueprint.
U1-SUM-V3-Q20,MATH,1,1.5,summative_assessment,version_3,Q20,unit-synthesis,3,"Interpret infinite limits and limits at infinity to identify asymptotic behavior, and apply the Intermediate Value Theorem when its hypotheses are satisfied.","I can interpret infinite limits and limits at infinity to identify asymptotic behavior, and apply the Intermediate Value Theorem when its hypotheses are satisfied.","AP Topics 1.14, 1.15, 1.16",constructed-response,exact-or-justified,,"Unit 1 Assessment Plan; Framework AP Topics 1.14, 1.15, 1.16; optional AP-topic source used for task-form/rigor reference",Unit 1 summative version 3; Calculator neutral; AP-style mixed evidence blueprint.
U1-SUM-V4-Q01,MATH,1,1.1,summative_assessment,version_4,Q01,n-a,1,Relate average versus instantaneous change to the idea of a limit and read and interpret limit notation.,I can relate average versus instantaneous change to the idea of a limit and read and interpret limit notation.,"AP Topics 1.1, 1.2",selected-response,exact-or-justified,,"Unit 1 Assessment Plan; Framework AP Topics 1.1, 1.2; optional AP-topic source used for task-form/rigor reference",Unit 1 summative version 4; Calculator neutral; AP-style mixed evidence blueprint.
U1-SUM-V4-Q02,MATH,1,1.1,summative_assessment,version_4,Q02,n-a,2,Relate average versus instantaneous change to the idea of a limit and read and interpret limit notation.,I can relate average versus instantaneous change to the idea of a limit and read and interpret limit notation.,"AP Topics 1.1, 1.2",table-response,exact-or-justified,,"Unit 1 Assessment Plan; Framework AP Topics 1.1, 1.2; optional AP-topic source used for task-form/rigor reference",Unit 1 summative version 4; Calculator permitted; AP-style mixed evidence blueprint.
U1-SUM-V4-Q03,MATH,1,1.2,summative_assessment,version_4,Q03,n-a,2,"Determine one-sided and two-sided limits from graphs and tables, including when a limit does not exist.","I can determine one-sided and two-sided limits from graphs and tables, including when a limit does not exist.","AP Topics 1.3, 1.4, 1.9",graph-response,exact-or-justified,u1_sum_v4_q03_graph.png,"Unit 1 Assessment Plan; Framework AP Topics 1.3, 1.4, 1.9; optional AP-topic source used for task-form/rigor reference",Unit 1 summative version 4; Calculator neutral; AP-style mixed evidence blueprint.
U1-SUM-V4-Q04,MATH,1,1.2,summative_assessment,version_4,Q04,n-a,1,"Determine one-sided and two-sided limits from graphs and tables, including when a limit does not exist.","I can determine one-sided and two-sided limits from graphs and tables, including when a limit does not exist.","AP Topics 1.3, 1.4, 1.9",selected-response,exact-or-justified,,"Unit 1 Assessment Plan; Framework AP Topics 1.3, 1.4, 1.9; optional AP-topic source used for task-form/rigor reference",Unit 1 summative version 4; Calculator neutral; AP-style mixed evidence blueprint.
U1-SUM-V4-Q05,MATH,1,1.3,summative_assessment,version_4,Q05,n-a,1,"Evaluate limits algebraically using direct substitution, limit laws, factoring, conjugates, and appropriate trigonometric or squeeze reasoning.","I can evaluate limits algebraically using direct substitution, limit laws, factoring, conjugates, and appropriate trigonometric or squeeze reasoning.","AP Topics 1.5, 1.6, 1.7, 1.8",short-response,exact-or-justified,,"Unit 1 Assessment Plan; Framework AP Topics 1.5, 1.6, 1.7, 1.8; optional AP-topic source used for task-form/rigor reference",Unit 1 summative version 4; No calculator; AP-style mixed evidence blueprint.
U1-SUM-V4-Q06,MATH,1,1.3,summative_assessment,version_4,Q06,n-a,2,"Evaluate limits algebraically using direct substitution, limit laws, factoring, conjugates, and appropriate trigonometric or squeeze reasoning.","I can evaluate limits algebraically using direct substitution, limit laws, factoring, conjugates, and appropriate trigonometric or squeeze reasoning.","AP Topics 1.5, 1.6, 1.7, 1.8",short-response,exact-or-justified,,"Unit 1 Assessment Plan; Framework AP Topics 1.5, 1.6, 1.7, 1.8; optional AP-topic source used for task-form/rigor reference",Unit 1 summative version 4; No calculator; AP-style mixed evidence blueprint.
U1-SUM-V4-Q07,MATH,1,1.3,summative_assessment,version_4,Q07,n-a,2,"Evaluate limits algebraically using direct substitution, limit laws, factoring, conjugates, and appropriate trigonometric or squeeze reasoning.","I can evaluate limits algebraically using direct substitution, limit laws, factoring, conjugates, and appropriate trigonometric or squeeze reasoning.","AP Topics 1.5, 1.6, 1.7, 1.8",short-response,exact-or-justified,,"Unit 1 Assessment Plan; Framework AP Topics 1.5, 1.6, 1.7, 1.8; optional AP-topic source used for task-form/rigor reference",Unit 1 summative version 4; No calculator; AP-style mixed evidence blueprint.
U1-SUM-V4-Q08,MATH,1,1.3,summative_assessment,version_4,Q08,n-a,2,"Evaluate limits algebraically using direct substitution, limit laws, factoring, conjugates, and appropriate trigonometric or squeeze reasoning.","I can evaluate limits algebraically using direct substitution, limit laws, factoring, conjugates, and appropriate trigonometric or squeeze reasoning.","AP Topics 1.5, 1.6, 1.7, 1.8",short-response,exact-or-justified,,"Unit 1 Assessment Plan; Framework AP Topics 1.5, 1.6, 1.7, 1.8; optional AP-topic source used for task-form/rigor reference",Unit 1 summative version 4; No calculator; AP-style mixed evidence blueprint.
U1-SUM-V4-Q09,MATH,1,1.3,summative_assessment,version_4,Q09,n-a,1,"Evaluate limits algebraically using direct substitution, limit laws, factoring, conjugates, and appropriate trigonometric or squeeze reasoning.","I can evaluate limits algebraically using direct substitution, limit laws, factoring, conjugates, and appropriate trigonometric or squeeze reasoning.","AP Topics 1.5, 1.6, 1.7, 1.8",selected-response,exact-or-justified,,"Unit 1 Assessment Plan; Framework AP Topics 1.5, 1.6, 1.7, 1.8; optional AP-topic source used for task-form/rigor reference",Unit 1 summative version 4; Calculator neutral; AP-style mixed evidence blueprint.
U1-SUM-V4-Q10,MATH,1,1.4,summative_assessment,version_4,Q10,n-a,1,"Analyze continuity at a point and on intervals, and classify discontinuities using limits, function values, and piecewise definitions.","I can analyze continuity at a point and on intervals, and classify discontinuities using limits, function values, and piecewise definitions.","AP Topics 1.10, 1.11, 1.12, 1.13",selected-response,exact-or-justified,,"Unit 1 Assessment Plan; Framework AP Topics 1.10, 1.11, 1.12, 1.13; optional AP-topic source used for task-form/rigor reference",Unit 1 summative version 4; Calculator neutral; AP-style mixed evidence blueprint.
U1-SUM-V4-Q11,MATH,1,1.4,summative_assessment,version_4,Q11,n-a,2,"Analyze continuity at a point and on intervals, and classify discontinuities using limits, function values, and piecewise definitions.","I can analyze continuity at a point and on intervals, and classify discontinuities using limits, function values, and piecewise definitions.","AP Topics 1.10, 1.11, 1.12, 1.13",short-response,exact-or-justified,,"Unit 1 Assessment Plan; Framework AP Topics 1.10, 1.11, 1.12, 1.13; optional AP-topic source used for task-form/rigor reference",Unit 1 summative version 4; Calculator neutral; AP-style mixed evidence blueprint.
U1-SUM-V4-Q12,MATH,1,1.4,summative_assessment,version_4,Q12,n-a,1,"Analyze continuity at a point and on intervals, and classify discontinuities using limits, function values, and piecewise definitions.","I can analyze continuity at a point and on intervals, and classify discontinuities using limits, function values, and piecewise definitions.","AP Topics 1.10, 1.11, 1.12, 1.13",selected-response,exact-or-justified,,"Unit 1 Assessment Plan; Framework AP Topics 1.10, 1.11, 1.12, 1.13; optional AP-topic source used for task-form/rigor reference",Unit 1 summative version 4; Calculator neutral; AP-style mixed evidence blueprint.
U1-SUM-V4-Q13,MATH,1,1.4,summative_assessment,version_4,Q13,n-a,2,"Analyze continuity at a point and on intervals, and classify discontinuities using limits, function values, and piecewise definitions.","I can analyze continuity at a point and on intervals, and classify discontinuities using limits, function values, and piecewise definitions.","AP Topics 1.10, 1.11, 1.12, 1.13",short-response,exact-or-justified,,"Unit 1 Assessment Plan; Framework AP Topics 1.10, 1.11, 1.12, 1.13; optional AP-topic source used for task-form/rigor reference",Unit 1 summative version 4; Calculator neutral; AP-style mixed evidence blueprint.
U1-SUM-V4-Q14,MATH,1,1.5,summative_assessment,version_4,Q14,n-a,1,"Interpret infinite limits and limits at infinity to identify asymptotic behavior, and apply the Intermediate Value Theorem when its hypotheses are satisfied.","I can interpret infinite limits and limits at infinity to identify asymptotic behavior, and apply the Intermediate Value Theorem when its hypotheses are satisfied.","AP Topics 1.14, 1.15, 1.16",short-response,exact-or-justified,,"Unit 1 Assessment Plan; Framework AP Topics 1.14, 1.15, 1.16; optional AP-topic source used for task-form/rigor reference",Unit 1 summative version 4; Calculator neutral; AP-style mixed evidence blueprint.
U1-SUM-V4-Q15,MATH,1,1.5,summative_assessment,version_4,Q15,n-a,2,"Interpret infinite limits and limits at infinity to identify asymptotic behavior, and apply the Intermediate Value Theorem when its hypotheses are satisfied.","I can interpret infinite limits and limits at infinity to identify asymptotic behavior, and apply the Intermediate Value Theorem when its hypotheses are satisfied.","AP Topics 1.14, 1.15, 1.16",short-response,exact-or-justified,,"Unit 1 Assessment Plan; Framework AP Topics 1.14, 1.15, 1.16; optional AP-topic source used for task-form/rigor reference",Unit 1 summative version 4; Calculator neutral; AP-style mixed evidence blueprint.
U1-SUM-V4-Q16,MATH,1,1.5,summative_assessment,version_4,Q16,n-a,2,"Interpret infinite limits and limits at infinity to identify asymptotic behavior, and apply the Intermediate Value Theorem when its hypotheses are satisfied.","I can interpret infinite limits and limits at infinity to identify asymptotic behavior, and apply the Intermediate Value Theorem when its hypotheses are satisfied.","AP Topics 1.14, 1.15, 1.16",short-response,exact-or-justified,,"Unit 1 Assessment Plan; Framework AP Topics 1.14, 1.15, 1.16; optional AP-topic source used for task-form/rigor reference",Unit 1 summative version 4; Calculator neutral; AP-style mixed evidence blueprint.
U1-SUM-V4-Q17,MATH,1,1.5,summative_assessment,version_4,Q17,unit-synthesis,3,"Interpret infinite limits and limits at infinity to identify asymptotic behavior, and apply the Intermediate Value Theorem when its hypotheses are satisfied.","I can interpret infinite limits and limits at infinity to identify asymptotic behavior, and apply the Intermediate Value Theorem when its hypotheses are satisfied.","AP Topics 1.14, 1.15, 1.16",constructed-response,exact-or-justified,,"Unit 1 Assessment Plan; Framework AP Topics 1.14, 1.15, 1.16; optional AP-topic source used for task-form/rigor reference",Unit 1 summative version 4; Calculator neutral; AP-style mixed evidence blueprint.
U1-SUM-V4-Q18,MATH,1,1.4,summative_assessment,version_4,Q18,unit-synthesis,3,"Analyze continuity at a point and on intervals, and classify discontinuities using limits, function values, and piecewise definitions.","I can analyze continuity at a point and on intervals, and classify discontinuities using limits, function values, and piecewise definitions.","AP Topics 1.10, 1.11, 1.12, 1.13",constructed-response,exact-or-justified,,"Unit 1 Assessment Plan; Framework AP Topics 1.10, 1.11, 1.12, 1.13; optional AP-topic source used for task-form/rigor reference",Unit 1 summative version 4; Calculator neutral; AP-style mixed evidence blueprint.
U1-SUM-V4-Q19,MATH,1,1.4,summative_assessment,version_4,Q19,unit-synthesis,3,"Analyze continuity at a point and on intervals, and classify discontinuities using limits, function values, and piecewise definitions.","I can analyze continuity at a point and on intervals, and classify discontinuities using limits, function values, and piecewise definitions.","AP Topics 1.10, 1.11, 1.12, 1.13",constructed-response,exact-or-justified,,"Unit 1 Assessment Plan; Framework AP Topics 1.10, 1.11, 1.12, 1.13; optional AP-topic source used for task-form/rigor reference",Unit 1 summative version 4; No calculator; AP-style mixed evidence blueprint.
U1-SUM-V4-Q20,MATH,1,1.5,summative_assessment,version_4,Q20,unit-synthesis,3,"Interpret infinite limits and limits at infinity to identify asymptotic behavior, and apply the Intermediate Value Theorem when its hypotheses are satisfied.","I can interpret infinite limits and limits at infinity to identify asymptotic behavior, and apply the Intermediate Value Theorem when its hypotheses are satisfied.","AP Topics 1.14, 1.15, 1.16",constructed-response,exact-or-justified,,"Unit 1 Assessment Plan; Framework AP Topics 1.14, 1.15, 1.16; optional AP-topic source used for task-form/rigor reference",Unit 1 summative version 4; Calculator neutral; AP-style mixed evidence blueprint.
U1-SUM-V5-Q01,MATH,1,1.1,summative_assessment,version_5,Q01,n-a,1,Relate average versus instantaneous change to the idea of a limit and read and interpret limit notation.,I can relate average versus instantaneous change to the idea of a limit and read and interpret limit notation.,"AP Topics 1.1, 1.2",selected-response,exact-or-justified,,"Unit 1 Assessment Plan; Framework AP Topics 1.1, 1.2; optional AP-topic source used for task-form/rigor reference",Unit 1 summative version 5; Calculator neutral; AP-style mixed evidence blueprint.
U1-SUM-V5-Q02,MATH,1,1.1,summative_assessment,version_5,Q02,n-a,2,Relate average versus instantaneous change to the idea of a limit and read and interpret limit notation.,I can relate average versus instantaneous change to the idea of a limit and read and interpret limit notation.,"AP Topics 1.1, 1.2",table-response,exact-or-justified,,"Unit 1 Assessment Plan; Framework AP Topics 1.1, 1.2; optional AP-topic source used for task-form/rigor reference",Unit 1 summative version 5; Calculator permitted; AP-style mixed evidence blueprint.
U1-SUM-V5-Q03,MATH,1,1.2,summative_assessment,version_5,Q03,n-a,2,"Determine one-sided and two-sided limits from graphs and tables, including when a limit does not exist.","I can determine one-sided and two-sided limits from graphs and tables, including when a limit does not exist.","AP Topics 1.3, 1.4, 1.9",graph-response,exact-or-justified,u1_sum_v5_q03_graph.png,"Unit 1 Assessment Plan; Framework AP Topics 1.3, 1.4, 1.9; optional AP-topic source used for task-form/rigor reference",Unit 1 summative version 5; Calculator neutral; AP-style mixed evidence blueprint.
U1-SUM-V5-Q04,MATH,1,1.2,summative_assessment,version_5,Q04,n-a,1,"Determine one-sided and two-sided limits from graphs and tables, including when a limit does not exist.","I can determine one-sided and two-sided limits from graphs and tables, including when a limit does not exist.","AP Topics 1.3, 1.4, 1.9",selected-response,exact-or-justified,,"Unit 1 Assessment Plan; Framework AP Topics 1.3, 1.4, 1.9; optional AP-topic source used for task-form/rigor reference",Unit 1 summative version 5; Calculator neutral; AP-style mixed evidence blueprint.
U1-SUM-V5-Q05,MATH,1,1.3,summative_assessment,version_5,Q05,n-a,1,"Evaluate limits algebraically using direct substitution, limit laws, factoring, conjugates, and appropriate trigonometric or squeeze reasoning.","I can evaluate limits algebraically using direct substitution, limit laws, factoring, conjugates, and appropriate trigonometric or squeeze reasoning.","AP Topics 1.5, 1.6, 1.7, 1.8",short-response,exact-or-justified,,"Unit 1 Assessment Plan; Framework AP Topics 1.5, 1.6, 1.7, 1.8; optional AP-topic source used for task-form/rigor reference",Unit 1 summative version 5; No calculator; AP-style mixed evidence blueprint.
U1-SUM-V5-Q06,MATH,1,1.3,summative_assessment,version_5,Q06,n-a,2,"Evaluate limits algebraically using direct substitution, limit laws, factoring, conjugates, and appropriate trigonometric or squeeze reasoning.","I can evaluate limits algebraically using direct substitution, limit laws, factoring, conjugates, and appropriate trigonometric or squeeze reasoning.","AP Topics 1.5, 1.6, 1.7, 1.8",short-response,exact-or-justified,,"Unit 1 Assessment Plan; Framework AP Topics 1.5, 1.6, 1.7, 1.8; optional AP-topic source used for task-form/rigor reference",Unit 1 summative version 5; No calculator; AP-style mixed evidence blueprint.
U1-SUM-V5-Q07,MATH,1,1.3,summative_assessment,version_5,Q07,n-a,2,"Evaluate limits algebraically using direct substitution, limit laws, factoring, conjugates, and appropriate trigonometric or squeeze reasoning.","I can evaluate limits algebraically using direct substitution, limit laws, factoring, conjugates, and appropriate trigonometric or squeeze reasoning.","AP Topics 1.5, 1.6, 1.7, 1.8",short-response,exact-or-justified,,"Unit 1 Assessment Plan; Framework AP Topics 1.5, 1.6, 1.7, 1.8; optional AP-topic source used for task-form/rigor reference",Unit 1 summative version 5; No calculator; AP-style mixed evidence blueprint.
U1-SUM-V5-Q08,MATH,1,1.3,summative_assessment,version_5,Q08,n-a,2,"Evaluate limits algebraically using direct substitution, limit laws, factoring, conjugates, and appropriate trigonometric or squeeze reasoning.","I can evaluate limits algebraically using direct substitution, limit laws, factoring, conjugates, and appropriate trigonometric or squeeze reasoning.","AP Topics 1.5, 1.6, 1.7, 1.8",short-response,exact-or-justified,,"Unit 1 Assessment Plan; Framework AP Topics 1.5, 1.6, 1.7, 1.8; optional AP-topic source used for task-form/rigor reference",Unit 1 summative version 5; No calculator; AP-style mixed evidence blueprint.
U1-SUM-V5-Q09,MATH,1,1.3,summative_assessment,version_5,Q09,n-a,1,"Evaluate limits algebraically using direct substitution, limit laws, factoring, conjugates, and appropriate trigonometric or squeeze reasoning.","I can evaluate limits algebraically using direct substitution, limit laws, factoring, conjugates, and appropriate trigonometric or squeeze reasoning.","AP Topics 1.5, 1.6, 1.7, 1.8",selected-response,exact-or-justified,,"Unit 1 Assessment Plan; Framework AP Topics 1.5, 1.6, 1.7, 1.8; optional AP-topic source used for task-form/rigor reference",Unit 1 summative version 5; Calculator neutral; AP-style mixed evidence blueprint.
U1-SUM-V5-Q10,MATH,1,1.4,summative_assessment,version_5,Q10,n-a,1,"Analyze continuity at a point and on intervals, and classify discontinuities using limits, function values, and piecewise definitions.","I can analyze continuity at a point and on intervals, and classify discontinuities using limits, function values, and piecewise definitions.","AP Topics 1.10, 1.11, 1.12, 1.13",selected-response,exact-or-justified,,"Unit 1 Assessment Plan; Framework AP Topics 1.10, 1.11, 1.12, 1.13; optional AP-topic source used for task-form/rigor reference",Unit 1 summative version 5; Calculator neutral; AP-style mixed evidence blueprint.
U1-SUM-V5-Q11,MATH,1,1.4,summative_assessment,version_5,Q11,n-a,2,"Analyze continuity at a point and on intervals, and classify discontinuities using limits, function values, and piecewise definitions.","I can analyze continuity at a point and on intervals, and classify discontinuities using limits, function values, and piecewise definitions.","AP Topics 1.10, 1.11, 1.12, 1.13",short-response,exact-or-justified,,"Unit 1 Assessment Plan; Framework AP Topics 1.10, 1.11, 1.12, 1.13; optional AP-topic source used for task-form/rigor reference",Unit 1 summative version 5; Calculator neutral; AP-style mixed evidence blueprint.
U1-SUM-V5-Q12,MATH,1,1.4,summative_assessment,version_5,Q12,n-a,1,"Analyze continuity at a point and on intervals, and classify discontinuities using limits, function values, and piecewise definitions.","I can analyze continuity at a point and on intervals, and classify discontinuities using limits, function values, and piecewise definitions.","AP Topics 1.10, 1.11, 1.12, 1.13",selected-response,exact-or-justified,,"Unit 1 Assessment Plan; Framework AP Topics 1.10, 1.11, 1.12, 1.13; optional AP-topic source used for task-form/rigor reference",Unit 1 summative version 5; Calculator neutral; AP-style mixed evidence blueprint.
U1-SUM-V5-Q13,MATH,1,1.4,summative_assessment,version_5,Q13,n-a,2,"Analyze continuity at a point and on intervals, and classify discontinuities using limits, function values, and piecewise definitions.","I can analyze continuity at a point and on intervals, and classify discontinuities using limits, function values, and piecewise definitions.","AP Topics 1.10, 1.11, 1.12, 1.13",short-response,exact-or-justified,,"Unit 1 Assessment Plan; Framework AP Topics 1.10, 1.11, 1.12, 1.13; optional AP-topic source used for task-form/rigor reference",Unit 1 summative version 5; Calculator neutral; AP-style mixed evidence blueprint.
U1-SUM-V5-Q14,MATH,1,1.5,summative_assessment,version_5,Q14,n-a,1,"Interpret infinite limits and limits at infinity to identify asymptotic behavior, and apply the Intermediate Value Theorem when its hypotheses are satisfied.","I can interpret infinite limits and limits at infinity to identify asymptotic behavior, and apply the Intermediate Value Theorem when its hypotheses are satisfied.","AP Topics 1.14, 1.15, 1.16",short-response,exact-or-justified,,"Unit 1 Assessment Plan; Framework AP Topics 1.14, 1.15, 1.16; optional AP-topic source used for task-form/rigor reference",Unit 1 summative version 5; Calculator neutral; AP-style mixed evidence blueprint.
U1-SUM-V5-Q15,MATH,1,1.5,summative_assessment,version_5,Q15,n-a,2,"Interpret infinite limits and limits at infinity to identify asymptotic behavior, and apply the Intermediate Value Theorem when its hypotheses are satisfied.","I can interpret infinite limits and limits at infinity to identify asymptotic behavior, and apply the Intermediate Value Theorem when its hypotheses are satisfied.","AP Topics 1.14, 1.15, 1.16",short-response,exact-or-justified,,"Unit 1 Assessment Plan; Framework AP Topics 1.14, 1.15, 1.16; optional AP-topic source used for task-form/rigor reference",Unit 1 summative version 5; Calculator neutral; AP-style mixed evidence blueprint.
U1-SUM-V5-Q16,MATH,1,1.5,summative_assessment,version_5,Q16,n-a,2,"Interpret infinite limits and limits at infinity to identify asymptotic behavior, and apply the Intermediate Value Theorem when its hypotheses are satisfied.","I can interpret infinite limits and limits at infinity to identify asymptotic behavior, and apply the Intermediate Value Theorem when its hypotheses are satisfied.","AP Topics 1.14, 1.15, 1.16",short-response,exact-or-justified,,"Unit 1 Assessment Plan; Framework AP Topics 1.14, 1.15, 1.16; optional AP-topic source used for task-form/rigor reference",Unit 1 summative version 5; Calculator neutral; AP-style mixed evidence blueprint.
U1-SUM-V5-Q17,MATH,1,1.5,summative_assessment,version_5,Q17,unit-synthesis,3,"Interpret infinite limits and limits at infinity to identify asymptotic behavior, and apply the Intermediate Value Theorem when its hypotheses are satisfied.","I can interpret infinite limits and limits at infinity to identify asymptotic behavior, and apply the Intermediate Value Theorem when its hypotheses are satisfied.","AP Topics 1.14, 1.15, 1.16",constructed-response,exact-or-justified,,"Unit 1 Assessment Plan; Framework AP Topics 1.14, 1.15, 1.16; optional AP-topic source used for task-form/rigor reference",Unit 1 summative version 5; Calculator neutral; AP-style mixed evidence blueprint.
U1-SUM-V5-Q18,MATH,1,1.4,summative_assessment,version_5,Q18,unit-synthesis,3,"Analyze continuity at a point and on intervals, and classify discontinuities using limits, function values, and piecewise definitions.","I can analyze continuity at a point and on intervals, and classify discontinuities using limits, function values, and piecewise definitions.","AP Topics 1.10, 1.11, 1.12, 1.13",constructed-response,exact-or-justified,,"Unit 1 Assessment Plan; Framework AP Topics 1.10, 1.11, 1.12, 1.13; optional AP-topic source used for task-form/rigor reference",Unit 1 summative version 5; Calculator neutral; AP-style mixed evidence blueprint.
U1-SUM-V5-Q19,MATH,1,1.4,summative_assessment,version_5,Q19,unit-synthesis,3,"Analyze continuity at a point and on intervals, and classify discontinuities using limits, function values, and piecewise definitions.","I can analyze continuity at a point and on intervals, and classify discontinuities using limits, function values, and piecewise definitions.","AP Topics 1.10, 1.11, 1.12, 1.13",constructed-response,exact-or-justified,,"Unit 1 Assessment Plan; Framework AP Topics 1.10, 1.11, 1.12, 1.13; optional AP-topic source used for task-form/rigor reference",Unit 1 summative version 5; No calculator; AP-style mixed evidence blueprint.
U1-SUM-V5-Q20,MATH,1,1.5,summative_assessment,version_5,Q20,unit-synthesis,3,"Interpret infinite limits and limits at infinity to identify asymptotic behavior, and apply the Intermediate Value Theorem when its hypotheses are satisfied.","I can interpret infinite limits and limits at infinity to identify asymptotic behavior, and apply the Intermediate Value Theorem when its hypotheses are satisfied.","AP Topics 1.14, 1.15, 1.16",constructed-response,exact-or-justified,,"Unit 1 Assessment Plan; Framework AP Topics 1.14, 1.15, 1.16; optional AP-topic source used for task-form/rigor reference",Unit 1 summative version 5; Calculator neutral; AP-style mixed evidence blueprint.
U1-SUM-V6-Q01,MATH,1,1.1,summative_assessment,version_6,Q01,n-a,1,Relate average versus instantaneous change to the idea of a limit and read and interpret limit notation.,I can relate average versus instantaneous change to the idea of a limit and read and interpret limit notation.,"AP Topics 1.1, 1.2",selected-response,exact-or-justified,,"Unit 1 Assessment Plan; Framework AP Topics 1.1, 1.2; optional AP-topic source used for task-form/rigor reference",Unit 1 summative version 6; Calculator neutral; AP-style mixed evidence blueprint.
U1-SUM-V6-Q02,MATH,1,1.1,summative_assessment,version_6,Q02,n-a,2,Relate average versus instantaneous change to the idea of a limit and read and interpret limit notation.,I can relate average versus instantaneous change to the idea of a limit and read and interpret limit notation.,"AP Topics 1.1, 1.2",table-response,exact-or-justified,,"Unit 1 Assessment Plan; Framework AP Topics 1.1, 1.2; optional AP-topic source used for task-form/rigor reference",Unit 1 summative version 6; Calculator permitted; AP-style mixed evidence blueprint.
U1-SUM-V6-Q03,MATH,1,1.2,summative_assessment,version_6,Q03,n-a,2,"Determine one-sided and two-sided limits from graphs and tables, including when a limit does not exist.","I can determine one-sided and two-sided limits from graphs and tables, including when a limit does not exist.","AP Topics 1.3, 1.4, 1.9",graph-response,exact-or-justified,u1_sum_v6_q03_graph.png,"Unit 1 Assessment Plan; Framework AP Topics 1.3, 1.4, 1.9; optional AP-topic source used for task-form/rigor reference",Unit 1 summative version 6; Calculator neutral; AP-style mixed evidence blueprint.
U1-SUM-V6-Q04,MATH,1,1.2,summative_assessment,version_6,Q04,n-a,1,"Determine one-sided and two-sided limits from graphs and tables, including when a limit does not exist.","I can determine one-sided and two-sided limits from graphs and tables, including when a limit does not exist.","AP Topics 1.3, 1.4, 1.9",selected-response,exact-or-justified,,"Unit 1 Assessment Plan; Framework AP Topics 1.3, 1.4, 1.9; optional AP-topic source used for task-form/rigor reference",Unit 1 summative version 6; Calculator neutral; AP-style mixed evidence blueprint.
U1-SUM-V6-Q05,MATH,1,1.3,summative_assessment,version_6,Q05,n-a,1,"Evaluate limits algebraically using direct substitution, limit laws, factoring, conjugates, and appropriate trigonometric or squeeze reasoning.","I can evaluate limits algebraically using direct substitution, limit laws, factoring, conjugates, and appropriate trigonometric or squeeze reasoning.","AP Topics 1.5, 1.6, 1.7, 1.8",short-response,exact-or-justified,,"Unit 1 Assessment Plan; Framework AP Topics 1.5, 1.6, 1.7, 1.8; optional AP-topic source used for task-form/rigor reference",Unit 1 summative version 6; No calculator; AP-style mixed evidence blueprint.
U1-SUM-V6-Q06,MATH,1,1.3,summative_assessment,version_6,Q06,n-a,2,"Evaluate limits algebraically using direct substitution, limit laws, factoring, conjugates, and appropriate trigonometric or squeeze reasoning.","I can evaluate limits algebraically using direct substitution, limit laws, factoring, conjugates, and appropriate trigonometric or squeeze reasoning.","AP Topics 1.5, 1.6, 1.7, 1.8",short-response,exact-or-justified,,"Unit 1 Assessment Plan; Framework AP Topics 1.5, 1.6, 1.7, 1.8; optional AP-topic source used for task-form/rigor reference",Unit 1 summative version 6; No calculator; AP-style mixed evidence blueprint.
U1-SUM-V6-Q07,MATH,1,1.3,summative_assessment,version_6,Q07,n-a,2,"Evaluate limits algebraically using direct substitution, limit laws, factoring, conjugates, and appropriate trigonometric or squeeze reasoning.","I can evaluate limits algebraically using direct substitution, limit laws, factoring, conjugates, and appropriate trigonometric or squeeze reasoning.","AP Topics 1.5, 1.6, 1.7, 1.8",short-response,exact-or-justified,,"Unit 1 Assessment Plan; Framework AP Topics 1.5, 1.6, 1.7, 1.8; optional AP-topic source used for task-form/rigor reference",Unit 1 summative version 6; No calculator; AP-style mixed evidence blueprint.
U1-SUM-V6-Q08,MATH,1,1.3,summative_assessment,version_6,Q08,n-a,2,"Evaluate limits algebraically using direct substitution, limit laws, factoring, conjugates, and appropriate trigonometric or squeeze reasoning.","I can evaluate limits algebraically using direct substitution, limit laws, factoring, conjugates, and appropriate trigonometric or squeeze reasoning.","AP Topics 1.5, 1.6, 1.7, 1.8",short-response,exact-or-justified,,"Unit 1 Assessment Plan; Framework AP Topics 1.5, 1.6, 1.7, 1.8; optional AP-topic source used for task-form/rigor reference",Unit 1 summative version 6; No calculator; AP-style mixed evidence blueprint.
U1-SUM-V6-Q09,MATH,1,1.3,summative_assessment,version_6,Q09,n-a,1,"Evaluate limits algebraically using direct substitution, limit laws, factoring, conjugates, and appropriate trigonometric or squeeze reasoning.","I can evaluate limits algebraically using direct substitution, limit laws, factoring, conjugates, and appropriate trigonometric or squeeze reasoning.","AP Topics 1.5, 1.6, 1.7, 1.8",selected-response,exact-or-justified,,"Unit 1 Assessment Plan; Framework AP Topics 1.5, 1.6, 1.7, 1.8; optional AP-topic source used for task-form/rigor reference",Unit 1 summative version 6; Calculator neutral; AP-style mixed evidence blueprint.
U1-SUM-V6-Q10,MATH,1,1.4,summative_assessment,version_6,Q10,n-a,1,"Analyze continuity at a point and on intervals, and classify discontinuities using limits, function values, and piecewise definitions.","I can analyze continuity at a point and on intervals, and classify discontinuities using limits, function values, and piecewise definitions.","AP Topics 1.10, 1.11, 1.12, 1.13",selected-response,exact-or-justified,,"Unit 1 Assessment Plan; Framework AP Topics 1.10, 1.11, 1.12, 1.13; optional AP-topic source used for task-form/rigor reference",Unit 1 summative version 6; Calculator neutral; AP-style mixed evidence blueprint.
U1-SUM-V6-Q11,MATH,1,1.4,summative_assessment,version_6,Q11,n-a,2,"Analyze continuity at a point and on intervals, and classify discontinuities using limits, function values, and piecewise definitions.","I can analyze continuity at a point and on intervals, and classify discontinuities using limits, function values, and piecewise definitions.","AP Topics 1.10, 1.11, 1.12, 1.13",short-response,exact-or-justified,,"Unit 1 Assessment Plan; Framework AP Topics 1.10, 1.11, 1.12, 1.13; optional AP-topic source used for task-form/rigor reference",Unit 1 summative version 6; Calculator neutral; AP-style mixed evidence blueprint.
U1-SUM-V6-Q12,MATH,1,1.4,summative_assessment,version_6,Q12,n-a,1,"Analyze continuity at a point and on intervals, and classify discontinuities using limits, function values, and piecewise definitions.","I can analyze continuity at a point and on intervals, and classify discontinuities using limits, function values, and piecewise definitions.","AP Topics 1.10, 1.11, 1.12, 1.13",selected-response,exact-or-justified,,"Unit 1 Assessment Plan; Framework AP Topics 1.10, 1.11, 1.12, 1.13; optional AP-topic source used for task-form/rigor reference",Unit 1 summative version 6; Calculator neutral; AP-style mixed evidence blueprint.
U1-SUM-V6-Q13,MATH,1,1.4,summative_assessment,version_6,Q13,n-a,2,"Analyze continuity at a point and on intervals, and classify discontinuities using limits, function values, and piecewise definitions.","I can analyze continuity at a point and on intervals, and classify discontinuities using limits, function values, and piecewise definitions.","AP Topics 1.10, 1.11, 1.12, 1.13",short-response,exact-or-justified,,"Unit 1 Assessment Plan; Framework AP Topics 1.10, 1.11, 1.12, 1.13; optional AP-topic source used for task-form/rigor reference",Unit 1 summative version 6; Calculator neutral; AP-style mixed evidence blueprint.
U1-SUM-V6-Q14,MATH,1,1.5,summative_assessment,version_6,Q14,n-a,1,"Interpret infinite limits and limits at infinity to identify asymptotic behavior, and apply the Intermediate Value Theorem when its hypotheses are satisfied.","I can interpret infinite limits and limits at infinity to identify asymptotic behavior, and apply the Intermediate Value Theorem when its hypotheses are satisfied.","AP Topics 1.14, 1.15, 1.16",short-response,exact-or-justified,,"Unit 1 Assessment Plan; Framework AP Topics 1.14, 1.15, 1.16; optional AP-topic source used for task-form/rigor reference",Unit 1 summative version 6; Calculator neutral; AP-style mixed evidence blueprint.
U1-SUM-V6-Q15,MATH,1,1.5,summative_assessment,version_6,Q15,n-a,2,"Interpret infinite limits and limits at infinity to identify asymptotic behavior, and apply the Intermediate Value Theorem when its hypotheses are satisfied.","I can interpret infinite limits and limits at infinity to identify asymptotic behavior, and apply the Intermediate Value Theorem when its hypotheses are satisfied.","AP Topics 1.14, 1.15, 1.16",short-response,exact-or-justified,,"Unit 1 Assessment Plan; Framework AP Topics 1.14, 1.15, 1.16; optional AP-topic source used for task-form/rigor reference",Unit 1 summative version 6; Calculator neutral; AP-style mixed evidence blueprint.
U1-SUM-V6-Q16,MATH,1,1.5,summative_assessment,version_6,Q16,n-a,2,"Interpret infinite limits and limits at infinity to identify asymptotic behavior, and apply the Intermediate Value Theorem when its hypotheses are satisfied.","I can interpret infinite limits and limits at infinity to identify asymptotic behavior, and apply the Intermediate Value Theorem when its hypotheses are satisfied.","AP Topics 1.14, 1.15, 1.16",short-response,exact-or-justified,,"Unit 1 Assessment Plan; Framework AP Topics 1.14, 1.15, 1.16; optional AP-topic source used for task-form/rigor reference",Unit 1 summative version 6; Calculator neutral; AP-style mixed evidence blueprint.
U1-SUM-V6-Q17,MATH,1,1.5,summative_assessment,version_6,Q17,unit-synthesis,3,"Interpret infinite limits and limits at infinity to identify asymptotic behavior, and apply the Intermediate Value Theorem when its hypotheses are satisfied.","I can interpret infinite limits and limits at infinity to identify asymptotic behavior, and apply the Intermediate Value Theorem when its hypotheses are satisfied.","AP Topics 1.14, 1.15, 1.16",constructed-response,exact-or-justified,,"Unit 1 Assessment Plan; Framework AP Topics 1.14, 1.15, 1.16; optional AP-topic source used for task-form/rigor reference",Unit 1 summative version 6; Calculator neutral; AP-style mixed evidence blueprint.
U1-SUM-V6-Q18,MATH,1,1.4,summative_assessment,version_6,Q18,unit-synthesis,3,"Analyze continuity at a point and on intervals, and classify discontinuities using limits, function values, and piecewise definitions.","I can analyze continuity at a point and on intervals, and classify discontinuities using limits, function values, and piecewise definitions.","AP Topics 1.10, 1.11, 1.12, 1.13",constructed-response,exact-or-justified,,"Unit 1 Assessment Plan; Framework AP Topics 1.10, 1.11, 1.12, 1.13; optional AP-topic source used for task-form/rigor reference",Unit 1 summative version 6; Calculator neutral; AP-style mixed evidence blueprint.
U1-SUM-V6-Q19,MATH,1,1.4,summative_assessment,version_6,Q19,unit-synthesis,3,"Analyze continuity at a point and on intervals, and classify discontinuities using limits, function values, and piecewise definitions.","I can analyze continuity at a point and on intervals, and classify discontinuities using limits, function values, and piecewise definitions.","AP Topics 1.10, 1.11, 1.12, 1.13",constructed-response,exact-or-justified,,"Unit 1 Assessment Plan; Framework AP Topics 1.10, 1.11, 1.12, 1.13; optional AP-topic source used for task-form/rigor reference",Unit 1 summative version 6; No calculator; AP-style mixed evidence blueprint.
U1-SUM-V6-Q20,MATH,1,1.5,summative_assessment,version_6,Q20,unit-synthesis,3,"Interpret infinite limits and limits at infinity to identify asymptotic behavior, and apply the Intermediate Value Theorem when its hypotheses are satisfied.","I can interpret infinite limits and limits at infinity to identify asymptotic behavior, and apply the Intermediate Value Theorem when its hypotheses are satisfied.","AP Topics 1.14, 1.15, 1.16",constructed-response,exact-or-justified,,"Unit 1 Assessment Plan; Framework AP Topics 1.14, 1.15, 1.16; optional AP-topic source used for task-form/rigor reference",Unit 1 summative version 6; Calculator neutral; AP-style mixed evidence blueprint.
U1-SUM-V7-Q01,MATH,1,1.1,summative_assessment,version_7,Q01,n-a,1,Relate average versus instantaneous change to the idea of a limit and read and interpret limit notation.,I can relate average versus instantaneous change to the idea of a limit and read and interpret limit notation.,"AP Topics 1.1, 1.2",selected-response,exact-or-justified,,"Unit 1 Assessment Plan; Framework AP Topics 1.1, 1.2; optional AP-topic source used for task-form/rigor reference",Unit 1 summative version 7; Calculator neutral; AP-style mixed evidence blueprint.
U1-SUM-V7-Q02,MATH,1,1.1,summative_assessment,version_7,Q02,n-a,2,Relate average versus instantaneous change to the idea of a limit and read and interpret limit notation.,I can relate average versus instantaneous change to the idea of a limit and read and interpret limit notation.,"AP Topics 1.1, 1.2",table-response,exact-or-justified,,"Unit 1 Assessment Plan; Framework AP Topics 1.1, 1.2; optional AP-topic source used for task-form/rigor reference",Unit 1 summative version 7; Calculator permitted; AP-style mixed evidence blueprint.
U1-SUM-V7-Q03,MATH,1,1.2,summative_assessment,version_7,Q03,n-a,2,"Determine one-sided and two-sided limits from graphs and tables, including when a limit does not exist.","I can determine one-sided and two-sided limits from graphs and tables, including when a limit does not exist.","AP Topics 1.3, 1.4, 1.9",graph-response,exact-or-justified,u1_sum_v7_q03_graph.png,"Unit 1 Assessment Plan; Framework AP Topics 1.3, 1.4, 1.9; optional AP-topic source used for task-form/rigor reference",Unit 1 summative version 7; Calculator neutral; AP-style mixed evidence blueprint.
U1-SUM-V7-Q04,MATH,1,1.2,summative_assessment,version_7,Q04,n-a,1,"Determine one-sided and two-sided limits from graphs and tables, including when a limit does not exist.","I can determine one-sided and two-sided limits from graphs and tables, including when a limit does not exist.","AP Topics 1.3, 1.4, 1.9",selected-response,exact-or-justified,,"Unit 1 Assessment Plan; Framework AP Topics 1.3, 1.4, 1.9; optional AP-topic source used for task-form/rigor reference",Unit 1 summative version 7; Calculator neutral; AP-style mixed evidence blueprint.
U1-SUM-V7-Q05,MATH,1,1.3,summative_assessment,version_7,Q05,n-a,1,"Evaluate limits algebraically using direct substitution, limit laws, factoring, conjugates, and appropriate trigonometric or squeeze reasoning.","I can evaluate limits algebraically using direct substitution, limit laws, factoring, conjugates, and appropriate trigonometric or squeeze reasoning.","AP Topics 1.5, 1.6, 1.7, 1.8",short-response,exact-or-justified,,"Unit 1 Assessment Plan; Framework AP Topics 1.5, 1.6, 1.7, 1.8; optional AP-topic source used for task-form/rigor reference",Unit 1 summative version 7; No calculator; AP-style mixed evidence blueprint.
U1-SUM-V7-Q06,MATH,1,1.3,summative_assessment,version_7,Q06,n-a,2,"Evaluate limits algebraically using direct substitution, limit laws, factoring, conjugates, and appropriate trigonometric or squeeze reasoning.","I can evaluate limits algebraically using direct substitution, limit laws, factoring, conjugates, and appropriate trigonometric or squeeze reasoning.","AP Topics 1.5, 1.6, 1.7, 1.8",short-response,exact-or-justified,,"Unit 1 Assessment Plan; Framework AP Topics 1.5, 1.6, 1.7, 1.8; optional AP-topic source used for task-form/rigor reference",Unit 1 summative version 7; No calculator; AP-style mixed evidence blueprint.
U1-SUM-V7-Q07,MATH,1,1.3,summative_assessment,version_7,Q07,n-a,2,"Evaluate limits algebraically using direct substitution, limit laws, factoring, conjugates, and appropriate trigonometric or squeeze reasoning.","I can evaluate limits algebraically using direct substitution, limit laws, factoring, conjugates, and appropriate trigonometric or squeeze reasoning.","AP Topics 1.5, 1.6, 1.7, 1.8",short-response,exact-or-justified,,"Unit 1 Assessment Plan; Framework AP Topics 1.5, 1.6, 1.7, 1.8; optional AP-topic source used for task-form/rigor reference",Unit 1 summative version 7; No calculator; AP-style mixed evidence blueprint.
U1-SUM-V7-Q08,MATH,1,1.3,summative_assessment,version_7,Q08,n-a,2,"Evaluate limits algebraically using direct substitution, limit laws, factoring, conjugates, and appropriate trigonometric or squeeze reasoning.","I can evaluate limits algebraically using direct substitution, limit laws, factoring, conjugates, and appropriate trigonometric or squeeze reasoning.","AP Topics 1.5, 1.6, 1.7, 1.8",short-response,exact-or-justified,,"Unit 1 Assessment Plan; Framework AP Topics 1.5, 1.6, 1.7, 1.8; optional AP-topic source used for task-form/rigor reference",Unit 1 summative version 7; No calculator; AP-style mixed evidence blueprint.
U1-SUM-V7-Q09,MATH,1,1.3,summative_assessment,version_7,Q09,n-a,1,"Evaluate limits algebraically using direct substitution, limit laws, factoring, conjugates, and appropriate trigonometric or squeeze reasoning.","I can evaluate limits algebraically using direct substitution, limit laws, factoring, conjugates, and appropriate trigonometric or squeeze reasoning.","AP Topics 1.5, 1.6, 1.7, 1.8",selected-response,exact-or-justified,,"Unit 1 Assessment Plan; Framework AP Topics 1.5, 1.6, 1.7, 1.8; optional AP-topic source used for task-form/rigor reference",Unit 1 summative version 7; Calculator neutral; AP-style mixed evidence blueprint.
U1-SUM-V7-Q10,MATH,1,1.4,summative_assessment,version_7,Q10,n-a,1,"Analyze continuity at a point and on intervals, and classify discontinuities using limits, function values, and piecewise definitions.","I can analyze continuity at a point and on intervals, and classify discontinuities using limits, function values, and piecewise definitions.","AP Topics 1.10, 1.11, 1.12, 1.13",selected-response,exact-or-justified,,"Unit 1 Assessment Plan; Framework AP Topics 1.10, 1.11, 1.12, 1.13; optional AP-topic source used for task-form/rigor reference",Unit 1 summative version 7; Calculator neutral; AP-style mixed evidence blueprint.
U1-SUM-V7-Q11,MATH,1,1.4,summative_assessment,version_7,Q11,n-a,2,"Analyze continuity at a point and on intervals, and classify discontinuities using limits, function values, and piecewise definitions.","I can analyze continuity at a point and on intervals, and classify discontinuities using limits, function values, and piecewise definitions.","AP Topics 1.10, 1.11, 1.12, 1.13",short-response,exact-or-justified,,"Unit 1 Assessment Plan; Framework AP Topics 1.10, 1.11, 1.12, 1.13; optional AP-topic source used for task-form/rigor reference",Unit 1 summative version 7; Calculator neutral; AP-style mixed evidence blueprint.
U1-SUM-V7-Q12,MATH,1,1.4,summative_assessment,version_7,Q12,n-a,1,"Analyze continuity at a point and on intervals, and classify discontinuities using limits, function values, and piecewise definitions.","I can analyze continuity at a point and on intervals, and classify discontinuities using limits, function values, and piecewise definitions.","AP Topics 1.10, 1.11, 1.12, 1.13",selected-response,exact-or-justified,,"Unit 1 Assessment Plan; Framework AP Topics 1.10, 1.11, 1.12, 1.13; optional AP-topic source used for task-form/rigor reference",Unit 1 summative version 7; Calculator neutral; AP-style mixed evidence blueprint.
U1-SUM-V7-Q13,MATH,1,1.4,summative_assessment,version_7,Q13,n-a,2,"Analyze continuity at a point and on intervals, and classify discontinuities using limits, function values, and piecewise definitions.","I can analyze continuity at a point and on intervals, and classify discontinuities using limits, function values, and piecewise definitions.","AP Topics 1.10, 1.11, 1.12, 1.13",short-response,exact-or-justified,,"Unit 1 Assessment Plan; Framework AP Topics 1.10, 1.11, 1.12, 1.13; optional AP-topic source used for task-form/rigor reference",Unit 1 summative version 7; Calculator neutral; AP-style mixed evidence blueprint.
U1-SUM-V7-Q14,MATH,1,1.5,summative_assessment,version_7,Q14,n-a,1,"Interpret infinite limits and limits at infinity to identify asymptotic behavior, and apply the Intermediate Value Theorem when its hypotheses are satisfied.","I can interpret infinite limits and limits at infinity to identify asymptotic behavior, and apply the Intermediate Value Theorem when its hypotheses are satisfied.","AP Topics 1.14, 1.15, 1.16",short-response,exact-or-justified,,"Unit 1 Assessment Plan; Framework AP Topics 1.14, 1.15, 1.16; optional AP-topic source used for task-form/rigor reference",Unit 1 summative version 7; Calculator neutral; AP-style mixed evidence blueprint.
U1-SUM-V7-Q15,MATH,1,1.5,summative_assessment,version_7,Q15,n-a,2,"Interpret infinite limits and limits at infinity to identify asymptotic behavior, and apply the Intermediate Value Theorem when its hypotheses are satisfied.","I can interpret infinite limits and limits at infinity to identify asymptotic behavior, and apply the Intermediate Value Theorem when its hypotheses are satisfied.","AP Topics 1.14, 1.15, 1.16",short-response,exact-or-justified,,"Unit 1 Assessment Plan; Framework AP Topics 1.14, 1.15, 1.16; optional AP-topic source used for task-form/rigor reference",Unit 1 summative version 7; Calculator neutral; AP-style mixed evidence blueprint.
U1-SUM-V7-Q16,MATH,1,1.5,summative_assessment,version_7,Q16,n-a,2,"Interpret infinite limits and limits at infinity to identify asymptotic behavior, and apply the Intermediate Value Theorem when its hypotheses are satisfied.","I can interpret infinite limits and limits at infinity to identify asymptotic behavior, and apply the Intermediate Value Theorem when its hypotheses are satisfied.","AP Topics 1.14, 1.15, 1.16",short-response,exact-or-justified,,"Unit 1 Assessment Plan; Framework AP Topics 1.14, 1.15, 1.16; optional AP-topic source used for task-form/rigor reference",Unit 1 summative version 7; Calculator neutral; AP-style mixed evidence blueprint.
U1-SUM-V7-Q17,MATH,1,1.5,summative_assessment,version_7,Q17,unit-synthesis,3,"Interpret infinite limits and limits at infinity to identify asymptotic behavior, and apply the Intermediate Value Theorem when its hypotheses are satisfied.","I can interpret infinite limits and limits at infinity to identify asymptotic behavior, and apply the Intermediate Value Theorem when its hypotheses are satisfied.","AP Topics 1.14, 1.15, 1.16",constructed-response,exact-or-justified,,"Unit 1 Assessment Plan; Framework AP Topics 1.14, 1.15, 1.16; optional AP-topic source used for task-form/rigor reference",Unit 1 summative version 7; Calculator neutral; AP-style mixed evidence blueprint.
U1-SUM-V7-Q18,MATH,1,1.4,summative_assessment,version_7,Q18,unit-synthesis,3,"Analyze continuity at a point and on intervals, and classify discontinuities using limits, function values, and piecewise definitions.","I can analyze continuity at a point and on intervals, and classify discontinuities using limits, function values, and piecewise definitions.","AP Topics 1.10, 1.11, 1.12, 1.13",constructed-response,exact-or-justified,,"Unit 1 Assessment Plan; Framework AP Topics 1.10, 1.11, 1.12, 1.13; optional AP-topic source used for task-form/rigor reference",Unit 1 summative version 7; Calculator neutral; AP-style mixed evidence blueprint.
U1-SUM-V7-Q19,MATH,1,1.4,summative_assessment,version_7,Q19,unit-synthesis,3,"Analyze continuity at a point and on intervals, and classify discontinuities using limits, function values, and piecewise definitions.","I can analyze continuity at a point and on intervals, and classify discontinuities using limits, function values, and piecewise definitions.","AP Topics 1.10, 1.11, 1.12, 1.13",constructed-response,exact-or-justified,,"Unit 1 Assessment Plan; Framework AP Topics 1.10, 1.11, 1.12, 1.13; optional AP-topic source used for task-form/rigor reference",Unit 1 summative version 7; No calculator; AP-style mixed evidence blueprint.
U1-SUM-V7-Q20,MATH,1,1.5,summative_assessment,version_7,Q20,unit-synthesis,3,"Interpret infinite limits and limits at infinity to identify asymptotic behavior, and apply the Intermediate Value Theorem when its hypotheses are satisfied.","I can interpret infinite limits and limits at infinity to identify asymptotic behavior, and apply the Intermediate Value Theorem when its hypotheses are satisfied.","AP Topics 1.14, 1.15, 1.16",constructed-response,exact-or-justified,,"Unit 1 Assessment Plan; Framework AP Topics 1.14, 1.15, 1.16; optional AP-topic source used for task-form/rigor reference",Unit 1 summative version 7; Calculator neutral; AP-style mixed evidence blueprint.
U1-SUM-V8-Q01,MATH,1,1.1,summative_assessment,version_8,Q01,n-a,1,Relate average versus instantaneous change to the idea of a limit and read and interpret limit notation.,I can relate average versus instantaneous change to the idea of a limit and read and interpret limit notation.,"AP Topics 1.1, 1.2",selected-response,exact-or-justified,,"Unit 1 Assessment Plan; Framework AP Topics 1.1, 1.2; optional AP-topic source used for task-form/rigor reference",Unit 1 summative version 8; Calculator neutral; AP-style mixed evidence blueprint.
U1-SUM-V8-Q02,MATH,1,1.1,summative_assessment,version_8,Q02,n-a,2,Relate average versus instantaneous change to the idea of a limit and read and interpret limit notation.,I can relate average versus instantaneous change to the idea of a limit and read and interpret limit notation.,"AP Topics 1.1, 1.2",table-response,exact-or-justified,,"Unit 1 Assessment Plan; Framework AP Topics 1.1, 1.2; optional AP-topic source used for task-form/rigor reference",Unit 1 summative version 8; Calculator permitted; AP-style mixed evidence blueprint.
U1-SUM-V8-Q03,MATH,1,1.2,summative_assessment,version_8,Q03,n-a,2,"Determine one-sided and two-sided limits from graphs and tables, including when a limit does not exist.","I can determine one-sided and two-sided limits from graphs and tables, including when a limit does not exist.","AP Topics 1.3, 1.4, 1.9",graph-response,exact-or-justified,u1_sum_v8_q03_graph.png,"Unit 1 Assessment Plan; Framework AP Topics 1.3, 1.4, 1.9; optional AP-topic source used for task-form/rigor reference",Unit 1 summative version 8; Calculator neutral; AP-style mixed evidence blueprint.
U1-SUM-V8-Q04,MATH,1,1.2,summative_assessment,version_8,Q04,n-a,1,"Determine one-sided and two-sided limits from graphs and tables, including when a limit does not exist.","I can determine one-sided and two-sided limits from graphs and tables, including when a limit does not exist.","AP Topics 1.3, 1.4, 1.9",selected-response,exact-or-justified,,"Unit 1 Assessment Plan; Framework AP Topics 1.3, 1.4, 1.9; optional AP-topic source used for task-form/rigor reference",Unit 1 summative version 8; Calculator neutral; AP-style mixed evidence blueprint.
U1-SUM-V8-Q05,MATH,1,1.3,summative_assessment,version_8,Q05,n-a,1,"Evaluate limits algebraically using direct substitution, limit laws, factoring, conjugates, and appropriate trigonometric or squeeze reasoning.","I can evaluate limits algebraically using direct substitution, limit laws, factoring, conjugates, and appropriate trigonometric or squeeze reasoning.","AP Topics 1.5, 1.6, 1.7, 1.8",short-response,exact-or-justified,,"Unit 1 Assessment Plan; Framework AP Topics 1.5, 1.6, 1.7, 1.8; optional AP-topic source used for task-form/rigor reference",Unit 1 summative version 8; No calculator; AP-style mixed evidence blueprint.
U1-SUM-V8-Q06,MATH,1,1.3,summative_assessment,version_8,Q06,n-a,2,"Evaluate limits algebraically using direct substitution, limit laws, factoring, conjugates, and appropriate trigonometric or squeeze reasoning.","I can evaluate limits algebraically using direct substitution, limit laws, factoring, conjugates, and appropriate trigonometric or squeeze reasoning.","AP Topics 1.5, 1.6, 1.7, 1.8",short-response,exact-or-justified,,"Unit 1 Assessment Plan; Framework AP Topics 1.5, 1.6, 1.7, 1.8; optional AP-topic source used for task-form/rigor reference",Unit 1 summative version 8; No calculator; AP-style mixed evidence blueprint.
U1-SUM-V8-Q07,MATH,1,1.3,summative_assessment,version_8,Q07,n-a,2,"Evaluate limits algebraically using direct substitution, limit laws, factoring, conjugates, and appropriate trigonometric or squeeze reasoning.","I can evaluate limits algebraically using direct substitution, limit laws, factoring, conjugates, and appropriate trigonometric or squeeze reasoning.","AP Topics 1.5, 1.6, 1.7, 1.8",short-response,exact-or-justified,,"Unit 1 Assessment Plan; Framework AP Topics 1.5, 1.6, 1.7, 1.8; optional AP-topic source used for task-form/rigor reference",Unit 1 summative version 8; No calculator; AP-style mixed evidence blueprint.
U1-SUM-V8-Q08,MATH,1,1.3,summative_assessment,version_8,Q08,n-a,2,"Evaluate limits algebraically using direct substitution, limit laws, factoring, conjugates, and appropriate trigonometric or squeeze reasoning.","I can evaluate limits algebraically using direct substitution, limit laws, factoring, conjugates, and appropriate trigonometric or squeeze reasoning.","AP Topics 1.5, 1.6, 1.7, 1.8",short-response,exact-or-justified,,"Unit 1 Assessment Plan; Framework AP Topics 1.5, 1.6, 1.7, 1.8; optional AP-topic source used for task-form/rigor reference",Unit 1 summative version 8; No calculator; AP-style mixed evidence blueprint.
U1-SUM-V8-Q09,MATH,1,1.3,summative_assessment,version_8,Q09,n-a,1,"Evaluate limits algebraically using direct substitution, limit laws, factoring, conjugates, and appropriate trigonometric or squeeze reasoning.","I can evaluate limits algebraically using direct substitution, limit laws, factoring, conjugates, and appropriate trigonometric or squeeze reasoning.","AP Topics 1.5, 1.6, 1.7, 1.8",selected-response,exact-or-justified,,"Unit 1 Assessment Plan; Framework AP Topics 1.5, 1.6, 1.7, 1.8; optional AP-topic source used for task-form/rigor reference",Unit 1 summative version 8; Calculator neutral; AP-style mixed evidence blueprint.
U1-SUM-V8-Q10,MATH,1,1.4,summative_assessment,version_8,Q10,n-a,1,"Analyze continuity at a point and on intervals, and classify discontinuities using limits, function values, and piecewise definitions.","I can analyze continuity at a point and on intervals, and classify discontinuities using limits, function values, and piecewise definitions.","AP Topics 1.10, 1.11, 1.12, 1.13",selected-response,exact-or-justified,,"Unit 1 Assessment Plan; Framework AP Topics 1.10, 1.11, 1.12, 1.13; optional AP-topic source used for task-form/rigor reference",Unit 1 summative version 8; Calculator neutral; AP-style mixed evidence blueprint.
U1-SUM-V8-Q11,MATH,1,1.4,summative_assessment,version_8,Q11,n-a,2,"Analyze continuity at a point and on intervals, and classify discontinuities using limits, function values, and piecewise definitions.","I can analyze continuity at a point and on intervals, and classify discontinuities using limits, function values, and piecewise definitions.","AP Topics 1.10, 1.11, 1.12, 1.13",short-response,exact-or-justified,,"Unit 1 Assessment Plan; Framework AP Topics 1.10, 1.11, 1.12, 1.13; optional AP-topic source used for task-form/rigor reference",Unit 1 summative version 8; Calculator neutral; AP-style mixed evidence blueprint.
U1-SUM-V8-Q12,MATH,1,1.4,summative_assessment,version_8,Q12,n-a,1,"Analyze continuity at a point and on intervals, and classify discontinuities using limits, function values, and piecewise definitions.","I can analyze continuity at a point and on intervals, and classify discontinuities using limits, function values, and piecewise definitions.","AP Topics 1.10, 1.11, 1.12, 1.13",selected-response,exact-or-justified,,"Unit 1 Assessment Plan; Framework AP Topics 1.10, 1.11, 1.12, 1.13; optional AP-topic source used for task-form/rigor reference",Unit 1 summative version 8; Calculator neutral; AP-style mixed evidence blueprint.
U1-SUM-V8-Q13,MATH,1,1.4,summative_assessment,version_8,Q13,n-a,2,"Analyze continuity at a point and on intervals, and classify discontinuities using limits, function values, and piecewise definitions.","I can analyze continuity at a point and on intervals, and classify discontinuities using limits, function values, and piecewise definitions.","AP Topics 1.10, 1.11, 1.12, 1.13",short-response,exact-or-justified,,"Unit 1 Assessment Plan; Framework AP Topics 1.10, 1.11, 1.12, 1.13; optional AP-topic source used for task-form/rigor reference",Unit 1 summative version 8; Calculator neutral; AP-style mixed evidence blueprint.
U1-SUM-V8-Q14,MATH,1,1.5,summative_assessment,version_8,Q14,n-a,1,"Interpret infinite limits and limits at infinity to identify asymptotic behavior, and apply the Intermediate Value Theorem when its hypotheses are satisfied.","I can interpret infinite limits and limits at infinity to identify asymptotic behavior, and apply the Intermediate Value Theorem when its hypotheses are satisfied.","AP Topics 1.14, 1.15, 1.16",short-response,exact-or-justified,,"Unit 1 Assessment Plan; Framework AP Topics 1.14, 1.15, 1.16; optional AP-topic source used for task-form/rigor reference",Unit 1 summative version 8; Calculator neutral; AP-style mixed evidence blueprint.
U1-SUM-V8-Q15,MATH,1,1.5,summative_assessment,version_8,Q15,n-a,2,"Interpret infinite limits and limits at infinity to identify asymptotic behavior, and apply the Intermediate Value Theorem when its hypotheses are satisfied.","I can interpret infinite limits and limits at infinity to identify asymptotic behavior, and apply the Intermediate Value Theorem when its hypotheses are satisfied.","AP Topics 1.14, 1.15, 1.16",short-response,exact-or-justified,,"Unit 1 Assessment Plan; Framework AP Topics 1.14, 1.15, 1.16; optional AP-topic source used for task-form/rigor reference",Unit 1 summative version 8; Calculator neutral; AP-style mixed evidence blueprint.
U1-SUM-V8-Q16,MATH,1,1.5,summative_assessment,version_8,Q16,n-a,2,"Interpret infinite limits and limits at infinity to identify asymptotic behavior, and apply the Intermediate Value Theorem when its hypotheses are satisfied.","I can interpret infinite limits and limits at infinity to identify asymptotic behavior, and apply the Intermediate Value Theorem when its hypotheses are satisfied.","AP Topics 1.14, 1.15, 1.16",short-response,exact-or-justified,,"Unit 1 Assessment Plan; Framework AP Topics 1.14, 1.15, 1.16; optional AP-topic source used for task-form/rigor reference",Unit 1 summative version 8; Calculator neutral; AP-style mixed evidence blueprint.
U1-SUM-V8-Q17,MATH,1,1.5,summative_assessment,version_8,Q17,unit-synthesis,3,"Interpret infinite limits and limits at infinity to identify asymptotic behavior, and apply the Intermediate Value Theorem when its hypotheses are satisfied.","I can interpret infinite limits and limits at infinity to identify asymptotic behavior, and apply the Intermediate Value Theorem when its hypotheses are satisfied.","AP Topics 1.14, 1.15, 1.16",constructed-response,exact-or-justified,,"Unit 1 Assessment Plan; Framework AP Topics 1.14, 1.15, 1.16; optional AP-topic source used for task-form/rigor reference",Unit 1 summative version 8; Calculator neutral; AP-style mixed evidence blueprint.
U1-SUM-V8-Q18,MATH,1,1.4,summative_assessment,version_8,Q18,unit-synthesis,3,"Analyze continuity at a point and on intervals, and classify discontinuities using limits, function values, and piecewise definitions.","I can analyze continuity at a point and on intervals, and classify discontinuities using limits, function values, and piecewise definitions.","AP Topics 1.10, 1.11, 1.12, 1.13",constructed-response,exact-or-justified,,"Unit 1 Assessment Plan; Framework AP Topics 1.10, 1.11, 1.12, 1.13; optional AP-topic source used for task-form/rigor reference",Unit 1 summative version 8; Calculator neutral; AP-style mixed evidence blueprint.
U1-SUM-V8-Q19,MATH,1,1.4,summative_assessment,version_8,Q19,unit-synthesis,3,"Analyze continuity at a point and on intervals, and classify discontinuities using limits, function values, and piecewise definitions.","I can analyze continuity at a point and on intervals, and classify discontinuities using limits, function values, and piecewise definitions.","AP Topics 1.10, 1.11, 1.12, 1.13",constructed-response,exact-or-justified,,"Unit 1 Assessment Plan; Framework AP Topics 1.10, 1.11, 1.12, 1.13; optional AP-topic source used for task-form/rigor reference",Unit 1 summative version 8; No calculator; AP-style mixed evidence blueprint.
U1-SUM-V8-Q20,MATH,1,1.5,summative_assessment,version_8,Q20,unit-synthesis,3,"Interpret infinite limits and limits at infinity to identify asymptotic behavior, and apply the Intermediate Value Theorem when its hypotheses are satisfied.","I can interpret infinite limits and limits at infinity to identify asymptotic behavior, and apply the Intermediate Value Theorem when its hypotheses are satisfied.","AP Topics 1.14, 1.15, 1.16",constructed-response,exact-or-justified,,"Unit 1 Assessment Plan; Framework AP Topics 1.14, 1.15, 1.16; optional AP-topic source used for task-form/rigor reference",Unit 1 summative version 8; Calculator neutral; AP-style mixed evidence blueprint.
