bank_id,course_family,unit,section,destination,destination_group,destination_slot,spiral_role,dok,learning_target,i_can,framework_alignment,item_type,answer_type,figure_files,source_basis,notes
U6-S1-NOTE-EX01,MATH,6,6.1,notes_example,notes,pair_1_ex,current,2,"Interpret accumulation of change from rate graphs using signed area, units, and properties of definite integrals.","I can interpret signed area as net change, estimate accumulation from geometric regions, and keep the units of an accumulated rate meaningful.","AP Topics 6.1, 6.6",signed_accumulation_graph,numeric,u6_s1_note_ex01_rate_graph.png,"Unit 6 Assessment Plan + AP Calculus AB Course Framework; supplied AP Topic scoring guides consulted for authentic representations and rigor only, with no published question wording copied.",Notes pair 1; EX.
U6-S1-NOTE-YTI01,MATH,6,6.1,notes_you_try_it,notes,pair_1_yti,current,1,"Interpret accumulation of change from rate graphs using signed area, units, and properties of definite integrals.","I can interpret signed area as net change, estimate accumulation from geometric regions, and keep the units of an accumulated rate meaningful.","AP Topics 6.1, 6.6",integral_properties,numeric,,"Unit 6 Assessment Plan + AP Calculus AB Course Framework; supplied AP Topic scoring guides consulted for authentic representations and rigor only, with no published question wording copied.",Notes pair 1; YTI.
U6-S1-NOTE-EX02,MATH,6,6.1,notes_example,notes,pair_2_ex,current,1,"Interpret accumulation of change from rate graphs using signed area, units, and properties of definite integrals.","I can interpret signed area as net change, estimate accumulation from geometric regions, and keep the units of an accumulated rate meaningful.","AP Topics 6.1, 6.6",integral_properties,numeric,,"Unit 6 Assessment Plan + AP Calculus AB Course Framework; supplied AP Topic scoring guides consulted for authentic representations and rigor only, with no published question wording copied.",Notes pair 2; EX.
U6-S1-NOTE-YTI02,MATH,6,6.1,notes_you_try_it,notes,pair_2_yti,current,1,"Interpret accumulation of change from rate graphs using signed area, units, and properties of definite integrals.","I can interpret signed area as net change, estimate accumulation from geometric regions, and keep the units of an accumulated rate meaningful.","AP Topics 6.1, 6.6",signed_geometric_area,numeric,,"Unit 6 Assessment Plan + AP Calculus AB Course Framework; supplied AP Topic scoring guides consulted for authentic representations and rigor only, with no published question wording copied.",Notes pair 2; YTI.
U6-S1-NOTE-EX03,MATH,6,6.1,notes_example,notes,pair_3_ex,current,1,"Interpret accumulation of change from rate graphs using signed area, units, and properties of definite integrals.","I can interpret signed area as net change, estimate accumulation from geometric regions, and keep the units of an accumulated rate meaningful.","AP Topics 6.1, 6.6",signed_geometric_area,numeric,,"Unit 6 Assessment Plan + AP Calculus AB Course Framework; supplied AP Topic scoring guides consulted for authentic representations and rigor only, with no published question wording copied.",Notes pair 3; EX.
U6-S1-NOTE-YTI03,MATH,6,6.1,notes_you_try_it,notes,pair_3_yti,current,2,"Interpret accumulation of change from rate graphs using signed area, units, and properties of definite integrals.","I can interpret signed area as net change, estimate accumulation from geometric regions, and keep the units of an accumulated rate meaningful.","AP Topics 6.1, 6.6",initial_value_plus_accumulation,numeric,,"Unit 6 Assessment Plan + AP Calculus AB Course Framework; supplied AP Topic scoring guides consulted for authentic representations and rigor only, with no published question wording copied.",Notes pair 3; YTI.
U6-S1-NOTE-EX04,MATH,6,6.1,notes_example,notes,pair_4_ex,current,2,"Interpret accumulation of change from rate graphs using signed area, units, and properties of definite integrals.","I can interpret signed area as net change, estimate accumulation from geometric regions, and keep the units of an accumulated rate meaningful.","AP Topics 6.1, 6.6",initial_value_plus_accumulation,numeric,,"Unit 6 Assessment Plan + AP Calculus AB Course Framework; supplied AP Topic scoring guides consulted for authentic representations and rigor only, with no published question wording copied.",Notes pair 4; EX.
U6-S1-NOTE-YTI04,MATH,6,6.1,notes_you_try_it,notes,pair_4_yti,current,1,"Interpret accumulation of change from rate graphs using signed area, units, and properties of definite integrals.","I can interpret signed area as net change, estimate accumulation from geometric regions, and keep the units of an accumulated rate meaningful.","AP Topics 6.1, 6.6",integral_units,text,,"Unit 6 Assessment Plan + AP Calculus AB Course Framework; supplied AP Topic scoring guides consulted for authentic representations and rigor only, with no published question wording copied.",Notes pair 4; YTI.
U6-S2-NOTE-EX01,MATH,6,6.2,notes_example,notes,pair_1_ex,current,2,"Approximate definite integrals with left, right, midpoint, and trapezoid sums on uniform or nonuniform partitions and interpret over/under estimates.","I can construct named numerical sums from tables or graphs, handle nonuniform widths, and compare approximation methods using function behavior.","AP Topics 6.2, 6.3",riemann_table,numeric,,"Unit 6 Assessment Plan + AP Calculus AB Course Framework; supplied AP Topic scoring guides consulted for authentic representations and rigor only, with no published question wording copied.",Notes pair 1; EX.
U6-S2-NOTE-YTI01,MATH,6,6.2,notes_you_try_it,notes,pair_1_yti,current,2,"Approximate definite integrals with left, right, midpoint, and trapezoid sums on uniform or nonuniform partitions and interpret over/under estimates.","I can construct named numerical sums from tables or graphs, handle nonuniform widths, and compare approximation methods using function behavior.","AP Topics 6.2, 6.3",trapezoid_nonuniform,numeric,,"Unit 6 Assessment Plan + AP Calculus AB Course Framework; supplied AP Topic scoring guides consulted for authentic representations and rigor only, with no published question wording copied.",Notes pair 1; YTI.
U6-S2-NOTE-EX02,MATH,6,6.2,notes_example,notes,pair_2_ex,current,2,"Approximate definite integrals with left, right, midpoint, and trapezoid sums on uniform or nonuniform partitions and interpret over/under estimates.","I can construct named numerical sums from tables or graphs, handle nonuniform widths, and compare approximation methods using function behavior.","AP Topics 6.2, 6.3",trapezoid_nonuniform,numeric,,"Unit 6 Assessment Plan + AP Calculus AB Course Framework; supplied AP Topic scoring guides consulted for authentic representations and rigor only, with no published question wording copied.",Notes pair 2; EX.
U6-S2-NOTE-YTI02,MATH,6,6.2,notes_you_try_it,notes,pair_2_yti,current,2,"Approximate definite integrals with left, right, midpoint, and trapezoid sums on uniform or nonuniform partitions and interpret over/under estimates.","I can construct named numerical sums from tables or graphs, handle nonuniform widths, and compare approximation methods using function behavior.","AP Topics 6.2, 6.3",midpoint_sum,numeric,,"Unit 6 Assessment Plan + AP Calculus AB Course Framework; supplied AP Topic scoring guides consulted for authentic representations and rigor only, with no published question wording copied.",Notes pair 2; YTI.
U6-S2-NOTE-EX03,MATH,6,6.2,notes_example,notes,pair_3_ex,current,2,"Approximate definite integrals with left, right, midpoint, and trapezoid sums on uniform or nonuniform partitions and interpret over/under estimates.","I can construct named numerical sums from tables or graphs, handle nonuniform widths, and compare approximation methods using function behavior.","AP Topics 6.2, 6.3",midpoint_sum,numeric,,"Unit 6 Assessment Plan + AP Calculus AB Course Framework; supplied AP Topic scoring guides consulted for authentic representations and rigor only, with no published question wording copied.",Notes pair 3; EX.
U6-S2-NOTE-YTI03,MATH,6,6.2,notes_you_try_it,notes,pair_3_yti,current,2,"Approximate definite integrals with left, right, midpoint, and trapezoid sums on uniform or nonuniform partitions and interpret over/under estimates.","I can construct named numerical sums from tables or graphs, handle nonuniform widths, and compare approximation methods using function behavior.","AP Topics 6.2, 6.3",riemann_limit_to_integral,expression,,"Unit 6 Assessment Plan + AP Calculus AB Course Framework; supplied AP Topic scoring guides consulted for authentic representations and rigor only, with no published question wording copied.",Notes pair 3; YTI.
U6-S2-NOTE-EX04,MATH,6,6.2,notes_example,notes,pair_4_ex,current,2,"Approximate definite integrals with left, right, midpoint, and trapezoid sums on uniform or nonuniform partitions and interpret over/under estimates.","I can construct named numerical sums from tables or graphs, handle nonuniform widths, and compare approximation methods using function behavior.","AP Topics 6.2, 6.3",riemann_limit_to_integral,expression,,"Unit 6 Assessment Plan + AP Calculus AB Course Framework; supplied AP Topic scoring guides consulted for authentic representations and rigor only, with no published question wording copied.",Notes pair 4; EX.
U6-S2-NOTE-YTI04,MATH,6,6.2,notes_you_try_it,notes,pair_4_yti,current,2,"Approximate definite integrals with left, right, midpoint, and trapezoid sums on uniform or nonuniform partitions and interpret over/under estimates.","I can construct named numerical sums from tables or graphs, handle nonuniform widths, and compare approximation methods using function behavior.","AP Topics 6.2, 6.3",riemann_over_under,text,,"Unit 6 Assessment Plan + AP Calculus AB Course Framework; supplied AP Topic scoring guides consulted for authentic representations and rigor only, with no published question wording copied.",Notes pair 4; YTI.
U6-S3-NOTE-EX01,MATH,6,6.3,notes_example,notes,pair_1_ex,current,2,"Connect definite integrals and accumulation functions through the Fundamental Theorem of Calculus, including derivatives of integrals and behavior of accumulation functions.",I can differentiate integral-defined functions and use the integrand to analyze how an accumulation function changes.,"AP Topics 6.4, 6.5",ftc_chain,expression,,"Unit 6 Assessment Plan + AP Calculus AB Course Framework; supplied AP Topic scoring guides consulted for authentic representations and rigor only, with no published question wording copied.",Notes pair 1; EX.
U6-S3-NOTE-YTI01,MATH,6,6.3,notes_you_try_it,notes,pair_1_yti,current,2,"Connect definite integrals and accumulation functions through the Fundamental Theorem of Calculus, including derivatives of integrals and behavior of accumulation functions.",I can differentiate integral-defined functions and use the integrand to analyze how an accumulation function changes.,"AP Topics 6.4, 6.5",accumulation_behavior_graph,intervals,u6_s3_note_yti01_integrand.png,"Unit 6 Assessment Plan + AP Calculus AB Course Framework; supplied AP Topic scoring guides consulted for authentic representations and rigor only, with no published question wording copied.",Notes pair 1; YTI.
U6-S3-NOTE-EX02,MATH,6,6.3,notes_example,notes,pair_2_ex,current,2,"Connect definite integrals and accumulation functions through the Fundamental Theorem of Calculus, including derivatives of integrals and behavior of accumulation functions.",I can differentiate integral-defined functions and use the integrand to analyze how an accumulation function changes.,"AP Topics 6.4, 6.5",accumulation_behavior_graph,intervals,u6_s3_note_ex02_integrand.png,"Unit 6 Assessment Plan + AP Calculus AB Course Framework; supplied AP Topic scoring guides consulted for authentic representations and rigor only, with no published question wording copied.",Notes pair 2; EX.
U6-S3-NOTE-YTI02,MATH,6,6.3,notes_you_try_it,notes,pair_2_yti,current,1,"Connect definite integrals and accumulation functions through the Fundamental Theorem of Calculus, including derivatives of integrals and behavior of accumulation functions.",I can differentiate integral-defined functions and use the integrand to analyze how an accumulation function changes.,"AP Topics 6.4, 6.5",ftc_direct,expression,,"Unit 6 Assessment Plan + AP Calculus AB Course Framework; supplied AP Topic scoring guides consulted for authentic representations and rigor only, with no published question wording copied.",Notes pair 2; YTI.
U6-S3-NOTE-EX03,MATH,6,6.3,notes_example,notes,pair_3_ex,current,1,"Connect definite integrals and accumulation functions through the Fundamental Theorem of Calculus, including derivatives of integrals and behavior of accumulation functions.",I can differentiate integral-defined functions and use the integrand to analyze how an accumulation function changes.,"AP Topics 6.4, 6.5",ftc_direct,expression,,"Unit 6 Assessment Plan + AP Calculus AB Course Framework; supplied AP Topic scoring guides consulted for authentic representations and rigor only, with no published question wording copied.",Notes pair 3; EX.
U6-S3-NOTE-YTI03,MATH,6,6.3,notes_you_try_it,notes,pair_3_yti,current,2,"Connect definite integrals and accumulation functions through the Fundamental Theorem of Calculus, including derivatives of integrals and behavior of accumulation functions.",I can differentiate integral-defined functions and use the integrand to analyze how an accumulation function changes.,"AP Topics 6.4, 6.5",accumulation_second_derivative,expression,,"Unit 6 Assessment Plan + AP Calculus AB Course Framework; supplied AP Topic scoring guides consulted for authentic representations and rigor only, with no published question wording copied.",Notes pair 3; YTI.
U6-S3-NOTE-EX04,MATH,6,6.3,notes_example,notes,pair_4_ex,current,2,"Connect definite integrals and accumulation functions through the Fundamental Theorem of Calculus, including derivatives of integrals and behavior of accumulation functions.",I can differentiate integral-defined functions and use the integrand to analyze how an accumulation function changes.,"AP Topics 6.4, 6.5",accumulation_second_derivative,expression,,"Unit 6 Assessment Plan + AP Calculus AB Course Framework; supplied AP Topic scoring guides consulted for authentic representations and rigor only, with no published question wording copied.",Notes pair 4; EX.
U6-S3-NOTE-YTI04,MATH,6,6.3,notes_you_try_it,notes,pair_4_yti,current,1,"Connect definite integrals and accumulation functions through the Fundamental Theorem of Calculus, including derivatives of integrals and behavior of accumulation functions.",I can differentiate integral-defined functions and use the integrand to analyze how an accumulation function changes.,"AP Topics 6.4, 6.5",accumulation_anchor,numeric,,"Unit 6 Assessment Plan + AP Calculus AB Course Framework; supplied AP Topic scoring guides consulted for authentic representations and rigor only, with no published question wording copied.",Notes pair 4; YTI.
U6-S4-NOTE-EX01,MATH,6,6.4,notes_example,notes,pair_1_ex,current,1,"Find antiderivatives and evaluate definite integrals using the Fundamental Theorem of Calculus, with correct constants and notation for indefinite integrals.","I can find antiderivative families, evaluate definite integrals from antiderivatives, and distinguish when a constant of integration belongs.","AP Topics 6.7, 6.8",basic_antiderivative,expression,,"Unit 6 Assessment Plan + AP Calculus AB Course Framework; supplied AP Topic scoring guides consulted for authentic representations and rigor only, with no published question wording copied.",Notes pair 1; EX.
U6-S4-NOTE-YTI01,MATH,6,6.4,notes_you_try_it,notes,pair_1_yti,current,2,"Find antiderivatives and evaluate definite integrals using the Fundamental Theorem of Calculus, with correct constants and notation for indefinite integrals.","I can find antiderivative families, evaluate definite integrals from antiderivatives, and distinguish when a constant of integration belongs.","AP Topics 6.7, 6.8",ftc_evaluation,numeric,,"Unit 6 Assessment Plan + AP Calculus AB Course Framework; supplied AP Topic scoring guides consulted for authentic representations and rigor only, with no published question wording copied.",Notes pair 1; YTI.
U6-S4-NOTE-EX02,MATH,6,6.4,notes_example,notes,pair_2_ex,current,2,"Find antiderivatives and evaluate definite integrals using the Fundamental Theorem of Calculus, with correct constants and notation for indefinite integrals.","I can find antiderivative families, evaluate definite integrals from antiderivatives, and distinguish when a constant of integration belongs.","AP Topics 6.7, 6.8",ftc_evaluation,numeric,,"Unit 6 Assessment Plan + AP Calculus AB Course Framework; supplied AP Topic scoring guides consulted for authentic representations and rigor only, with no published question wording copied.",Notes pair 2; EX.
U6-S4-NOTE-YTI02,MATH,6,6.4,notes_you_try_it,notes,pair_2_yti,current,1,"Find antiderivatives and evaluate definite integrals using the Fundamental Theorem of Calculus, with correct constants and notation for indefinite integrals.","I can find antiderivative families, evaluate definite integrals from antiderivatives, and distinguish when a constant of integration belongs.","AP Topics 6.7, 6.8",definite_indefinite_notation,text,,"Unit 6 Assessment Plan + AP Calculus AB Course Framework; supplied AP Topic scoring guides consulted for authentic representations and rigor only, with no published question wording copied.",Notes pair 2; YTI.
U6-S4-NOTE-EX03,MATH,6,6.4,notes_example,notes,pair_3_ex,current,1,"Find antiderivatives and evaluate definite integrals using the Fundamental Theorem of Calculus, with correct constants and notation for indefinite integrals.","I can find antiderivative families, evaluate definite integrals from antiderivatives, and distinguish when a constant of integration belongs.","AP Topics 6.7, 6.8",definite_indefinite_notation,text,,"Unit 6 Assessment Plan + AP Calculus AB Course Framework; supplied AP Topic scoring guides consulted for authentic representations and rigor only, with no published question wording copied.",Notes pair 3; EX.
U6-S4-NOTE-YTI03,MATH,6,6.4,notes_you_try_it,notes,pair_3_yti,current,1,"Find antiderivatives and evaluate definite integrals using the Fundamental Theorem of Calculus, with correct constants and notation for indefinite integrals.","I can find antiderivative families, evaluate definite integrals from antiderivatives, and distinguish when a constant of integration belongs.","AP Topics 6.7, 6.8",reverse_bounds,numeric,,"Unit 6 Assessment Plan + AP Calculus AB Course Framework; supplied AP Topic scoring guides consulted for authentic representations and rigor only, with no published question wording copied.",Notes pair 3; YTI.
U6-S4-NOTE-EX04,MATH,6,6.4,notes_example,notes,pair_4_ex,current,1,"Find antiderivatives and evaluate definite integrals using the Fundamental Theorem of Calculus, with correct constants and notation for indefinite integrals.","I can find antiderivative families, evaluate definite integrals from antiderivatives, and distinguish when a constant of integration belongs.","AP Topics 6.7, 6.8",reverse_bounds,numeric,,"Unit 6 Assessment Plan + AP Calculus AB Course Framework; supplied AP Topic scoring guides consulted for authentic representations and rigor only, with no published question wording copied.",Notes pair 4; EX.
U6-S4-NOTE-YTI04,MATH,6,6.4,notes_you_try_it,notes,pair_4_yti,current,2,"Find antiderivatives and evaluate definite integrals using the Fundamental Theorem of Calculus, with correct constants and notation for indefinite integrals.","I can find antiderivative families, evaluate definite integrals from antiderivatives, and distinguish when a constant of integration belongs.","AP Topics 6.7, 6.8",particular_antiderivative,expression,,"Unit 6 Assessment Plan + AP Calculus AB Course Framework; supplied AP Topic scoring guides consulted for authentic representations and rigor only, with no published question wording copied.",Notes pair 4; YTI.
U6-S5-NOTE-EX01,MATH,6,6.5,notes_example,notes,pair_1_ex,current,2,"Use $u$-substitution as chain-rule reversal and select among substitution, algebraic rewriting, long division, or completing the square when appropriate.","I can recognize integrand structure, choose an efficient integration strategy, execute the method consistently, and justify why it fits.","AP Topics 6.9, 6.10, 6.14",u_substitution,expression,,"Unit 6 Assessment Plan + AP Calculus AB Course Framework; supplied AP Topic scoring guides consulted for authentic representations and rigor only, with no published question wording copied.",Notes pair 1; EX.
U6-S5-NOTE-YTI01,MATH,6,6.5,notes_you_try_it,notes,pair_1_yti,current,2,"Use $u$-substitution as chain-rule reversal and select among substitution, algebraic rewriting, long division, or completing the square when appropriate.","I can recognize integrand structure, choose an efficient integration strategy, execute the method consistently, and justify why it fits.","AP Topics 6.9, 6.10, 6.14",definite_u_substitution,numeric,,"Unit 6 Assessment Plan + AP Calculus AB Course Framework; supplied AP Topic scoring guides consulted for authentic representations and rigor only, with no published question wording copied.",Notes pair 1; YTI.
U6-S5-NOTE-EX02,MATH,6,6.5,notes_example,notes,pair_2_ex,current,2,"Use $u$-substitution as chain-rule reversal and select among substitution, algebraic rewriting, long division, or completing the square when appropriate.","I can recognize integrand structure, choose an efficient integration strategy, execute the method consistently, and justify why it fits.","AP Topics 6.9, 6.10, 6.14",definite_u_substitution,numeric,,"Unit 6 Assessment Plan + AP Calculus AB Course Framework; supplied AP Topic scoring guides consulted for authentic representations and rigor only, with no published question wording copied.",Notes pair 2; EX.
U6-S5-NOTE-YTI02,MATH,6,6.5,notes_you_try_it,notes,pair_2_yti,current,2,"Use $u$-substitution as chain-rule reversal and select among substitution, algebraic rewriting, long division, or completing the square when appropriate.","I can recognize integrand structure, choose an efficient integration strategy, execute the method consistently, and justify why it fits.","AP Topics 6.9, 6.10, 6.14",algebraic_rewrite_integration,expression,,"Unit 6 Assessment Plan + AP Calculus AB Course Framework; supplied AP Topic scoring guides consulted for authentic representations and rigor only, with no published question wording copied.",Notes pair 2; YTI.
U6-S5-NOTE-EX03,MATH,6,6.5,notes_example,notes,pair_3_ex,current,2,"Use $u$-substitution as chain-rule reversal and select among substitution, algebraic rewriting, long division, or completing the square when appropriate.","I can recognize integrand structure, choose an efficient integration strategy, execute the method consistently, and justify why it fits.","AP Topics 6.9, 6.10, 6.14",algebraic_rewrite_integration,expression,,"Unit 6 Assessment Plan + AP Calculus AB Course Framework; supplied AP Topic scoring guides consulted for authentic representations and rigor only, with no published question wording copied.",Notes pair 3; EX.
U6-S5-NOTE-YTI03,MATH,6,6.5,notes_you_try_it,notes,pair_3_yti,current,2,"Use $u$-substitution as chain-rule reversal and select among substitution, algebraic rewriting, long division, or completing the square when appropriate.","I can recognize integrand structure, choose an efficient integration strategy, execute the method consistently, and justify why it fits.","AP Topics 6.9, 6.10, 6.14",long_division_integration,expression,,"Unit 6 Assessment Plan + AP Calculus AB Course Framework; supplied AP Topic scoring guides consulted for authentic representations and rigor only, with no published question wording copied.",Notes pair 3; YTI.
U6-S5-NOTE-EX04,MATH,6,6.5,notes_example,notes,pair_4_ex,current,2,"Use $u$-substitution as chain-rule reversal and select among substitution, algebraic rewriting, long division, or completing the square when appropriate.","I can recognize integrand structure, choose an efficient integration strategy, execute the method consistently, and justify why it fits.","AP Topics 6.9, 6.10, 6.14",long_division_integration,expression,,"Unit 6 Assessment Plan + AP Calculus AB Course Framework; supplied AP Topic scoring guides consulted for authentic representations and rigor only, with no published question wording copied.",Notes pair 4; EX.
U6-S5-NOTE-YTI04,MATH,6,6.5,notes_you_try_it,notes,pair_4_yti,current,2,"Use $u$-substitution as chain-rule reversal and select among substitution, algebraic rewriting, long division, or completing the square when appropriate.","I can recognize integrand structure, choose an efficient integration strategy, execute the method consistently, and justify why it fits.","AP Topics 6.9, 6.10, 6.14",complete_square_integration,expression,,"Unit 6 Assessment Plan + AP Calculus AB Course Framework; supplied AP Topic scoring guides consulted for authentic representations and rigor only, with no published question wording copied.",Notes pair 4; YTI.
U6-S1-PS1-C01,MATH,6,6.1,practice_set_1,practice,ps1_c01,current,1,"Interpret accumulation of change from rate graphs using signed area, units, and properties of definite integrals.","I can interpret signed area as net change, estimate accumulation from geometric regions, and keep the units of an accumulated rate meaningful.","AP Topics 6.1, 6.6",integral_properties,numeric,,"Unit 6 Assessment Plan + AP Calculus AB Course Framework; supplied AP Topic scoring guides consulted for authentic representations and rigor only, with no published question wording copied.",
U6-S1-PS1-C02,MATH,6,6.1,practice_set_1,practice,ps1_c02,current,1,"Interpret accumulation of change from rate graphs using signed area, units, and properties of definite integrals.","I can interpret signed area as net change, estimate accumulation from geometric regions, and keep the units of an accumulated rate meaningful.","AP Topics 6.1, 6.6",signed_geometric_area,numeric,,"Unit 6 Assessment Plan + AP Calculus AB Course Framework; supplied AP Topic scoring guides consulted for authentic representations and rigor only, with no published question wording copied.",
U6-S1-PS1-C03,MATH,6,6.1,practice_set_1,practice,ps1_c03,current,2,"Interpret accumulation of change from rate graphs using signed area, units, and properties of definite integrals.","I can interpret signed area as net change, estimate accumulation from geometric regions, and keep the units of an accumulated rate meaningful.","AP Topics 6.1, 6.6",initial_value_plus_accumulation,numeric,,"Unit 6 Assessment Plan + AP Calculus AB Course Framework; supplied AP Topic scoring guides consulted for authentic representations and rigor only, with no published question wording copied.",
U6-S1-PS1-C04,MATH,6,6.1,practice_set_1,practice,ps1_c04,current,1,"Interpret accumulation of change from rate graphs using signed area, units, and properties of definite integrals.","I can interpret signed area as net change, estimate accumulation from geometric regions, and keep the units of an accumulated rate meaningful.","AP Topics 6.1, 6.6",integral_units,text,,"Unit 6 Assessment Plan + AP Calculus AB Course Framework; supplied AP Topic scoring guides consulted for authentic representations and rigor only, with no published question wording copied.",
U6-S1-PS1-C05,MATH,6,6.1,practice_set_1,practice,ps1_c05,current,3,"Interpret accumulation of change from rate graphs using signed area, units, and properties of definite integrals.","I can interpret signed area as net change, estimate accumulation from geometric regions, and keep the units of an accumulated rate meaningful.","AP Topics 6.1, 6.6",signed_area_critique,constructed_response,,"Unit 6 Assessment Plan + AP Calculus AB Course Framework; supplied AP Topic scoring guides consulted for authentic representations and rigor only, with no published question wording copied.",
U6-S1-PS1-L01,MATH,6,6.1,practice_set_1,practice,ps1_l01,last,2,Model optimization situations with constraints and objective functions and justify optimal values with calculus.,I can retrieve and apply the most recent prerequisite learning.,"AP Topics 6.1, 6.6",optimization_retrieval,numeric,,"Unit 6 Assessment Plan + AP Calculus AB Course Framework; supplied AP Topic scoring guides consulted for authentic representations and rigor only, with no published question wording copied.",
U6-S1-PS1-L02,MATH,6,6.1,practice_set_1,practice,ps1_l02,last,2,Model optimization situations with constraints and objective functions and justify optimal values with calculus.,I can retrieve and apply the most recent prerequisite learning.,"AP Topics 6.1, 6.6",optimization_model_retrieval,expression,,"Unit 6 Assessment Plan + AP Calculus AB Course Framework; supplied AP Topic scoring guides consulted for authentic representations and rigor only, with no published question wording copied.",
U6-S1-PS1-L03,MATH,6,6.1,practice_set_1,practice,ps1_l03,last,3,Model optimization situations with constraints and objective functions and justify optimal values with calculus.,I can retrieve and apply the most recent prerequisite learning.,"AP Topics 6.1, 6.6",optimization_justification_retrieval,constructed_response,,"Unit 6 Assessment Plan + AP Calculus AB Course Framework; supplied AP Topic scoring guides consulted for authentic representations and rigor only, with no published question wording copied.",
U6-S1-PS1-L04,MATH,6,6.1,practice_set_1,practice,ps1_l04,last,2,Model optimization situations with constraints and objective functions and justify optimal values with calculus.,I can retrieve and apply the most recent prerequisite learning.,"AP Topics 6.1, 6.6",optimization_application_retrieval,numeric,,"Unit 6 Assessment Plan + AP Calculus AB Course Framework; supplied AP Topic scoring guides consulted for authentic representations and rigor only, with no published question wording copied.",
U6-S1-PS1-L05,MATH,6,6.1,practice_set_1,practice,ps1_l05,last,1,Model optimization situations with constraints and objective functions and justify optimal values with calculus.,I can retrieve and apply the most recent prerequisite learning.,"AP Topics 6.1, 6.6",optimization_vocabulary_retrieval,text,,"Unit 6 Assessment Plan + AP Calculus AB Course Framework; supplied AP Topic scoring guides consulted for authentic representations and rigor only, with no published question wording copied.",
U6-S1-PS1-M01,MATH,6,6.1,practice_set_1,practice,ps1_m01,mastery,2,Derivative meaning and rules; graph/table interpretation; algebraic manipulation; notation and units.,"I can retrieve durable derivative, graph, algebra, notation, and units learning.","AP Topics 6.1, 6.6",limit_retrieval,numeric,,"Unit 6 Assessment Plan + AP Calculus AB Course Framework; supplied AP Topic scoring guides consulted for authentic representations and rigor only, with no published question wording copied.",
U6-S1-PS1-M02,MATH,6,6.1,practice_set_1,practice,ps1_m02,mastery,2,Derivative meaning and rules; graph/table interpretation; algebraic manipulation; notation and units.,"I can retrieve durable derivative, graph, algebra, notation, and units learning.","AP Topics 6.1, 6.6",product_rule_retrieval,expression,,"Unit 6 Assessment Plan + AP Calculus AB Course Framework; supplied AP Topic scoring guides consulted for authentic representations and rigor only, with no published question wording copied.",
U6-S1-PS1-M03,MATH,6,6.1,practice_set_1,practice,ps1_m03,mastery,2,Derivative meaning and rules; graph/table interpretation; algebraic manipulation; notation and units.,"I can retrieve durable derivative, graph, algebra, notation, and units learning.","AP Topics 6.1, 6.6",linearization_retrieval,numeric,,"Unit 6 Assessment Plan + AP Calculus AB Course Framework; supplied AP Topic scoring guides consulted for authentic representations and rigor only, with no published question wording copied.",
U6-S1-PS1-M04,MATH,6,6.1,practice_set_1,practice,ps1_m04,mastery,1,Derivative meaning and rules; graph/table interpretation; algebraic manipulation; notation and units.,"I can retrieve durable derivative, graph, algebra, notation, and units learning.","AP Topics 6.1, 6.6",algebra_retrieval,numeric,,"Unit 6 Assessment Plan + AP Calculus AB Course Framework; supplied AP Topic scoring guides consulted for authentic representations and rigor only, with no published question wording copied.",
U6-S1-PS1-M05,MATH,6,6.1,practice_set_1,practice,ps1_m05,mastery,2,Derivative meaning and rules; graph/table interpretation; algebraic manipulation; notation and units.,"I can retrieve durable derivative, graph, algebra, notation, and units learning.","AP Topics 6.1, 6.6",rate_meaning_retrieval,text,,"Unit 6 Assessment Plan + AP Calculus AB Course Framework; supplied AP Topic scoring guides consulted for authentic representations and rigor only, with no published question wording copied.",
U6-S1-PS1-M06,MATH,6,6.1,practice_set_1,practice,ps1_m06,mastery,1,Derivative meaning and rules; graph/table interpretation; algebraic manipulation; notation and units.,"I can retrieve durable derivative, graph, algebra, notation, and units learning.","AP Topics 6.1, 6.6",graph_sign_retrieval,text,,"Unit 6 Assessment Plan + AP Calculus AB Course Framework; supplied AP Topic scoring guides consulted for authentic representations and rigor only, with no published question wording copied.",
U6-S1-PS1-M07,MATH,6,6.1,practice_set_1,practice,ps1_m07,mastery,2,Derivative meaning and rules; graph/table interpretation; algebraic manipulation; notation and units.,"I can retrieve durable derivative, graph, algebra, notation, and units learning.","AP Topics 6.1, 6.6",derivative_rule_retrieval,expression,,"Unit 6 Assessment Plan + AP Calculus AB Course Framework; supplied AP Topic scoring guides consulted for authentic representations and rigor only, with no published question wording copied.",
U6-S1-PS1-M08,MATH,6,6.1,practice_set_1,practice,ps1_m08,mastery,1,Derivative meaning and rules; graph/table interpretation; algebraic manipulation; notation and units.,"I can retrieve durable derivative, graph, algebra, notation, and units learning.","AP Topics 6.1, 6.6",units_retrieval,text,,"Unit 6 Assessment Plan + AP Calculus AB Course Framework; supplied AP Topic scoring guides consulted for authentic representations and rigor only, with no published question wording copied.",
U6-S1-PS1-M09,MATH,6,6.1,practice_set_1,practice,ps1_m09,mastery,2,Derivative meaning and rules; graph/table interpretation; algebraic manipulation; notation and units.,"I can retrieve durable derivative, graph, algebra, notation, and units learning.","AP Topics 6.1, 6.6",limit_retrieval,numeric,,"Unit 6 Assessment Plan + AP Calculus AB Course Framework; supplied AP Topic scoring guides consulted for authentic representations and rigor only, with no published question wording copied.",
U6-S1-PS1-M10,MATH,6,6.1,practice_set_1,practice,ps1_m10,mastery,2,Derivative meaning and rules; graph/table interpretation; algebraic manipulation; notation and units.,"I can retrieve durable derivative, graph, algebra, notation, and units learning.","AP Topics 6.1, 6.6",product_rule_retrieval,expression,,"Unit 6 Assessment Plan + AP Calculus AB Course Framework; supplied AP Topic scoring guides consulted for authentic representations and rigor only, with no published question wording copied.",
U6-S1-PS2-C01,MATH,6,6.1,practice_set_2,practice,ps2_c01,current,1,"Interpret accumulation of change from rate graphs using signed area, units, and properties of definite integrals.","I can interpret signed area as net change, estimate accumulation from geometric regions, and keep the units of an accumulated rate meaningful.","AP Topics 6.1, 6.6",signed_geometric_area,numeric,,"Unit 6 Assessment Plan + AP Calculus AB Course Framework; supplied AP Topic scoring guides consulted for authentic representations and rigor only, with no published question wording copied.",
U6-S1-PS2-C02,MATH,6,6.1,practice_set_2,practice,ps2_c02,current,2,"Interpret accumulation of change from rate graphs using signed area, units, and properties of definite integrals.","I can interpret signed area as net change, estimate accumulation from geometric regions, and keep the units of an accumulated rate meaningful.","AP Topics 6.1, 6.6",initial_value_plus_accumulation,numeric,,"Unit 6 Assessment Plan + AP Calculus AB Course Framework; supplied AP Topic scoring guides consulted for authentic representations and rigor only, with no published question wording copied.",
U6-S1-PS2-C03,MATH,6,6.1,practice_set_2,practice,ps2_c03,current,1,"Interpret accumulation of change from rate graphs using signed area, units, and properties of definite integrals.","I can interpret signed area as net change, estimate accumulation from geometric regions, and keep the units of an accumulated rate meaningful.","AP Topics 6.1, 6.6",integral_units,text,,"Unit 6 Assessment Plan + AP Calculus AB Course Framework; supplied AP Topic scoring guides consulted for authentic representations and rigor only, with no published question wording copied.",
U6-S1-PS2-C04,MATH,6,6.1,practice_set_2,practice,ps2_c04,current,3,"Interpret accumulation of change from rate graphs using signed area, units, and properties of definite integrals.","I can interpret signed area as net change, estimate accumulation from geometric regions, and keep the units of an accumulated rate meaningful.","AP Topics 6.1, 6.6",signed_area_critique,constructed_response,,"Unit 6 Assessment Plan + AP Calculus AB Course Framework; supplied AP Topic scoring guides consulted for authentic representations and rigor only, with no published question wording copied.",
U6-S1-PS2-C05,MATH,6,6.1,practice_set_2,practice,ps2_c05,current,2,"Interpret accumulation of change from rate graphs using signed area, units, and properties of definite integrals.","I can interpret signed area as net change, estimate accumulation from geometric regions, and keep the units of an accumulated rate meaningful.","AP Topics 6.1, 6.6",signed_accumulation_graph,numeric,u6_s1_ps2_c05_rate_graph.png,"Unit 6 Assessment Plan + AP Calculus AB Course Framework; supplied AP Topic scoring guides consulted for authentic representations and rigor only, with no published question wording copied.",
U6-S1-PS2-L01,MATH,6,6.1,practice_set_2,practice,ps2_l01,last,2,Model optimization situations with constraints and objective functions and justify optimal values with calculus.,I can retrieve and apply the most recent prerequisite learning.,"AP Topics 6.1, 6.6",optimization_model_retrieval,expression,,"Unit 6 Assessment Plan + AP Calculus AB Course Framework; supplied AP Topic scoring guides consulted for authentic representations and rigor only, with no published question wording copied.",
U6-S1-PS2-L02,MATH,6,6.1,practice_set_2,practice,ps2_l02,last,3,Model optimization situations with constraints and objective functions and justify optimal values with calculus.,I can retrieve and apply the most recent prerequisite learning.,"AP Topics 6.1, 6.6",optimization_justification_retrieval,constructed_response,,"Unit 6 Assessment Plan + AP Calculus AB Course Framework; supplied AP Topic scoring guides consulted for authentic representations and rigor only, with no published question wording copied.",
U6-S1-PS2-L03,MATH,6,6.1,practice_set_2,practice,ps2_l03,last,2,Model optimization situations with constraints and objective functions and justify optimal values with calculus.,I can retrieve and apply the most recent prerequisite learning.,"AP Topics 6.1, 6.6",optimization_application_retrieval,numeric,,"Unit 6 Assessment Plan + AP Calculus AB Course Framework; supplied AP Topic scoring guides consulted for authentic representations and rigor only, with no published question wording copied.",
U6-S1-PS2-L04,MATH,6,6.1,practice_set_2,practice,ps2_l04,last,1,Model optimization situations with constraints and objective functions and justify optimal values with calculus.,I can retrieve and apply the most recent prerequisite learning.,"AP Topics 6.1, 6.6",optimization_vocabulary_retrieval,text,,"Unit 6 Assessment Plan + AP Calculus AB Course Framework; supplied AP Topic scoring guides consulted for authentic representations and rigor only, with no published question wording copied.",
U6-S1-PS2-L05,MATH,6,6.1,practice_set_2,practice,ps2_l05,last,2,Model optimization situations with constraints and objective functions and justify optimal values with calculus.,I can retrieve and apply the most recent prerequisite learning.,"AP Topics 6.1, 6.6",optimization_retrieval,numeric,,"Unit 6 Assessment Plan + AP Calculus AB Course Framework; supplied AP Topic scoring guides consulted for authentic representations and rigor only, with no published question wording copied.",
U6-S1-PS2-M01,MATH,6,6.1,practice_set_2,practice,ps2_m01,mastery,1,Derivative meaning and rules; graph/table interpretation; algebraic manipulation; notation and units.,"I can retrieve durable derivative, graph, algebra, notation, and units learning.","AP Topics 6.1, 6.6",units_retrieval,text,,"Unit 6 Assessment Plan + AP Calculus AB Course Framework; supplied AP Topic scoring guides consulted for authentic representations and rigor only, with no published question wording copied.",
U6-S1-PS2-M02,MATH,6,6.1,practice_set_2,practice,ps2_m02,mastery,2,Derivative meaning and rules; graph/table interpretation; algebraic manipulation; notation and units.,"I can retrieve durable derivative, graph, algebra, notation, and units learning.","AP Topics 6.1, 6.6",limit_retrieval,numeric,,"Unit 6 Assessment Plan + AP Calculus AB Course Framework; supplied AP Topic scoring guides consulted for authentic representations and rigor only, with no published question wording copied.",
U6-S1-PS2-M03,MATH,6,6.1,practice_set_2,practice,ps2_m03,mastery,2,Derivative meaning and rules; graph/table interpretation; algebraic manipulation; notation and units.,"I can retrieve durable derivative, graph, algebra, notation, and units learning.","AP Topics 6.1, 6.6",product_rule_retrieval,expression,,"Unit 6 Assessment Plan + AP Calculus AB Course Framework; supplied AP Topic scoring guides consulted for authentic representations and rigor only, with no published question wording copied.",
U6-S1-PS2-M04,MATH,6,6.1,practice_set_2,practice,ps2_m04,mastery,2,Derivative meaning and rules; graph/table interpretation; algebraic manipulation; notation and units.,"I can retrieve durable derivative, graph, algebra, notation, and units learning.","AP Topics 6.1, 6.6",linearization_retrieval,numeric,,"Unit 6 Assessment Plan + AP Calculus AB Course Framework; supplied AP Topic scoring guides consulted for authentic representations and rigor only, with no published question wording copied.",
U6-S1-PS2-M05,MATH,6,6.1,practice_set_2,practice,ps2_m05,mastery,1,Derivative meaning and rules; graph/table interpretation; algebraic manipulation; notation and units.,"I can retrieve durable derivative, graph, algebra, notation, and units learning.","AP Topics 6.1, 6.6",algebra_retrieval,numeric,,"Unit 6 Assessment Plan + AP Calculus AB Course Framework; supplied AP Topic scoring guides consulted for authentic representations and rigor only, with no published question wording copied.",
U6-S1-PS2-M06,MATH,6,6.1,practice_set_2,practice,ps2_m06,mastery,2,Derivative meaning and rules; graph/table interpretation; algebraic manipulation; notation and units.,"I can retrieve durable derivative, graph, algebra, notation, and units learning.","AP Topics 6.1, 6.6",rate_meaning_retrieval,text,,"Unit 6 Assessment Plan + AP Calculus AB Course Framework; supplied AP Topic scoring guides consulted for authentic representations and rigor only, with no published question wording copied.",
U6-S1-PS2-M07,MATH,6,6.1,practice_set_2,practice,ps2_m07,mastery,1,Derivative meaning and rules; graph/table interpretation; algebraic manipulation; notation and units.,"I can retrieve durable derivative, graph, algebra, notation, and units learning.","AP Topics 6.1, 6.6",graph_sign_retrieval,text,,"Unit 6 Assessment Plan + AP Calculus AB Course Framework; supplied AP Topic scoring guides consulted for authentic representations and rigor only, with no published question wording copied.",
U6-S1-PS2-M08,MATH,6,6.1,practice_set_2,practice,ps2_m08,mastery,2,Derivative meaning and rules; graph/table interpretation; algebraic manipulation; notation and units.,"I can retrieve durable derivative, graph, algebra, notation, and units learning.","AP Topics 6.1, 6.6",derivative_rule_retrieval,expression,,"Unit 6 Assessment Plan + AP Calculus AB Course Framework; supplied AP Topic scoring guides consulted for authentic representations and rigor only, with no published question wording copied.",
U6-S1-PS2-M09,MATH,6,6.1,practice_set_2,practice,ps2_m09,mastery,1,Derivative meaning and rules; graph/table interpretation; algebraic manipulation; notation and units.,"I can retrieve durable derivative, graph, algebra, notation, and units learning.","AP Topics 6.1, 6.6",units_retrieval,text,,"Unit 6 Assessment Plan + AP Calculus AB Course Framework; supplied AP Topic scoring guides consulted for authentic representations and rigor only, with no published question wording copied.",
U6-S1-PS2-M10,MATH,6,6.1,practice_set_2,practice,ps2_m10,mastery,2,Derivative meaning and rules; graph/table interpretation; algebraic manipulation; notation and units.,"I can retrieve durable derivative, graph, algebra, notation, and units learning.","AP Topics 6.1, 6.6",limit_retrieval,numeric,,"Unit 6 Assessment Plan + AP Calculus AB Course Framework; supplied AP Topic scoring guides consulted for authentic representations and rigor only, with no published question wording copied.",
U6-S1-PS3-C01,MATH,6,6.1,practice_set_3,practice,ps3_c01,current,1,"Interpret accumulation of change from rate graphs using signed area, units, and properties of definite integrals.","I can interpret signed area as net change, estimate accumulation from geometric regions, and keep the units of an accumulated rate meaningful.","AP Topics 6.1, 6.6",integral_additivity_compact,numeric,,"Unit 6 Assessment Plan + AP Calculus AB Course Framework; supplied AP Topic scoring guides consulted for authentic representations and rigor only, with no published question wording copied.",Tarsia-friendly concise source.
U6-S1-PS3-C02,MATH,6,6.1,practice_set_3,practice,ps3_c02,current,1,"Interpret accumulation of change from rate graphs using signed area, units, and properties of definite integrals.","I can interpret signed area as net change, estimate accumulation from geometric regions, and keep the units of an accumulated rate meaningful.","AP Topics 6.1, 6.6",integral_additivity_compact,numeric,,"Unit 6 Assessment Plan + AP Calculus AB Course Framework; supplied AP Topic scoring guides consulted for authentic representations and rigor only, with no published question wording copied.",Tarsia-friendly concise source.
U6-S1-PS3-C03,MATH,6,6.1,practice_set_3,practice,ps3_c03,current,1,"Interpret accumulation of change from rate graphs using signed area, units, and properties of definite integrals.","I can interpret signed area as net change, estimate accumulation from geometric regions, and keep the units of an accumulated rate meaningful.","AP Topics 6.1, 6.6",integral_additivity_compact,numeric,,"Unit 6 Assessment Plan + AP Calculus AB Course Framework; supplied AP Topic scoring guides consulted for authentic representations and rigor only, with no published question wording copied.",Tarsia-friendly concise source.
U6-S1-PS3-C04,MATH,6,6.1,practice_set_3,practice,ps3_c04,current,1,"Interpret accumulation of change from rate graphs using signed area, units, and properties of definite integrals.","I can interpret signed area as net change, estimate accumulation from geometric regions, and keep the units of an accumulated rate meaningful.","AP Topics 6.1, 6.6",integral_additivity_compact,numeric,,"Unit 6 Assessment Plan + AP Calculus AB Course Framework; supplied AP Topic scoring guides consulted for authentic representations and rigor only, with no published question wording copied.",Tarsia-friendly concise source.
U6-S1-PS3-C05,MATH,6,6.1,practice_set_3,practice,ps3_c05,current,1,"Interpret accumulation of change from rate graphs using signed area, units, and properties of definite integrals.","I can interpret signed area as net change, estimate accumulation from geometric regions, and keep the units of an accumulated rate meaningful.","AP Topics 6.1, 6.6",integral_additivity_compact,numeric,,"Unit 6 Assessment Plan + AP Calculus AB Course Framework; supplied AP Topic scoring guides consulted for authentic representations and rigor only, with no published question wording copied.",Tarsia-friendly concise source.
U6-S1-PS3-L01,MATH,6,6.1,practice_set_3,practice,ps3_l01,last,3,Model optimization situations with constraints and objective functions and justify optimal values with calculus.,I can retrieve and apply the most recent prerequisite learning.,"AP Topics 6.1, 6.6",optimization_justification_retrieval,constructed_response,,"Unit 6 Assessment Plan + AP Calculus AB Course Framework; supplied AP Topic scoring guides consulted for authentic representations and rigor only, with no published question wording copied.",Tarsia-friendly concise source.
U6-S1-PS3-L02,MATH,6,6.1,practice_set_3,practice,ps3_l02,last,2,Model optimization situations with constraints and objective functions and justify optimal values with calculus.,I can retrieve and apply the most recent prerequisite learning.,"AP Topics 6.1, 6.6",optimization_application_retrieval,numeric,,"Unit 6 Assessment Plan + AP Calculus AB Course Framework; supplied AP Topic scoring guides consulted for authentic representations and rigor only, with no published question wording copied.",Tarsia-friendly concise source.
U6-S1-PS3-L03,MATH,6,6.1,practice_set_3,practice,ps3_l03,last,1,Model optimization situations with constraints and objective functions and justify optimal values with calculus.,I can retrieve and apply the most recent prerequisite learning.,"AP Topics 6.1, 6.6",optimization_vocabulary_retrieval,text,,"Unit 6 Assessment Plan + AP Calculus AB Course Framework; supplied AP Topic scoring guides consulted for authentic representations and rigor only, with no published question wording copied.",Tarsia-friendly concise source.
U6-S1-PS3-L04,MATH,6,6.1,practice_set_3,practice,ps3_l04,last,2,Model optimization situations with constraints and objective functions and justify optimal values with calculus.,I can retrieve and apply the most recent prerequisite learning.,"AP Topics 6.1, 6.6",optimization_retrieval,numeric,,"Unit 6 Assessment Plan + AP Calculus AB Course Framework; supplied AP Topic scoring guides consulted for authentic representations and rigor only, with no published question wording copied.",Tarsia-friendly concise source.
U6-S1-PS3-L05,MATH,6,6.1,practice_set_3,practice,ps3_l05,last,2,Model optimization situations with constraints and objective functions and justify optimal values with calculus.,I can retrieve and apply the most recent prerequisite learning.,"AP Topics 6.1, 6.6",optimization_model_retrieval,expression,,"Unit 6 Assessment Plan + AP Calculus AB Course Framework; supplied AP Topic scoring guides consulted for authentic representations and rigor only, with no published question wording copied.",Tarsia-friendly concise source.
U6-S1-PS3-M01,MATH,6,6.1,practice_set_3,practice,ps3_m01,mastery,2,Derivative meaning and rules; graph/table interpretation; algebraic manipulation; notation and units.,"I can retrieve durable derivative, graph, algebra, notation, and units learning.","AP Topics 6.1, 6.6",derivative_rule_retrieval,expression,,"Unit 6 Assessment Plan + AP Calculus AB Course Framework; supplied AP Topic scoring guides consulted for authentic representations and rigor only, with no published question wording copied.",Tarsia-friendly concise source.
U6-S1-PS3-M02,MATH,6,6.1,practice_set_3,practice,ps3_m02,mastery,1,Derivative meaning and rules; graph/table interpretation; algebraic manipulation; notation and units.,"I can retrieve durable derivative, graph, algebra, notation, and units learning.","AP Topics 6.1, 6.6",units_retrieval,text,,"Unit 6 Assessment Plan + AP Calculus AB Course Framework; supplied AP Topic scoring guides consulted for authentic representations and rigor only, with no published question wording copied.",Tarsia-friendly concise source.
U6-S1-PS3-M03,MATH,6,6.1,practice_set_3,practice,ps3_m03,mastery,2,Derivative meaning and rules; graph/table interpretation; algebraic manipulation; notation and units.,"I can retrieve durable derivative, graph, algebra, notation, and units learning.","AP Topics 6.1, 6.6",limit_retrieval,numeric,,"Unit 6 Assessment Plan + AP Calculus AB Course Framework; supplied AP Topic scoring guides consulted for authentic representations and rigor only, with no published question wording copied.",Tarsia-friendly concise source.
U6-S1-PS3-M04,MATH,6,6.1,practice_set_3,practice,ps3_m04,mastery,2,Derivative meaning and rules; graph/table interpretation; algebraic manipulation; notation and units.,"I can retrieve durable derivative, graph, algebra, notation, and units learning.","AP Topics 6.1, 6.6",product_rule_retrieval,expression,,"Unit 6 Assessment Plan + AP Calculus AB Course Framework; supplied AP Topic scoring guides consulted for authentic representations and rigor only, with no published question wording copied.",Tarsia-friendly concise source.
U6-S1-PS3-M05,MATH,6,6.1,practice_set_3,practice,ps3_m05,mastery,2,Derivative meaning and rules; graph/table interpretation; algebraic manipulation; notation and units.,"I can retrieve durable derivative, graph, algebra, notation, and units learning.","AP Topics 6.1, 6.6",linearization_retrieval,numeric,,"Unit 6 Assessment Plan + AP Calculus AB Course Framework; supplied AP Topic scoring guides consulted for authentic representations and rigor only, with no published question wording copied.",Tarsia-friendly concise source.
U6-S1-PS3-M06,MATH,6,6.1,practice_set_3,practice,ps3_m06,mastery,1,Derivative meaning and rules; graph/table interpretation; algebraic manipulation; notation and units.,"I can retrieve durable derivative, graph, algebra, notation, and units learning.","AP Topics 6.1, 6.6",algebra_retrieval,numeric,,"Unit 6 Assessment Plan + AP Calculus AB Course Framework; supplied AP Topic scoring guides consulted for authentic representations and rigor only, with no published question wording copied.",Tarsia-friendly concise source.
U6-S1-PS3-M07,MATH,6,6.1,practice_set_3,practice,ps3_m07,mastery,2,Derivative meaning and rules; graph/table interpretation; algebraic manipulation; notation and units.,"I can retrieve durable derivative, graph, algebra, notation, and units learning.","AP Topics 6.1, 6.6",rate_meaning_retrieval,text,,"Unit 6 Assessment Plan + AP Calculus AB Course Framework; supplied AP Topic scoring guides consulted for authentic representations and rigor only, with no published question wording copied.",Tarsia-friendly concise source.
U6-S1-PS3-M08,MATH,6,6.1,practice_set_3,practice,ps3_m08,mastery,1,Derivative meaning and rules; graph/table interpretation; algebraic manipulation; notation and units.,"I can retrieve durable derivative, graph, algebra, notation, and units learning.","AP Topics 6.1, 6.6",graph_sign_retrieval,text,,"Unit 6 Assessment Plan + AP Calculus AB Course Framework; supplied AP Topic scoring guides consulted for authentic representations and rigor only, with no published question wording copied.",Tarsia-friendly concise source.
U6-S1-PS3-M09,MATH,6,6.1,practice_set_3,practice,ps3_m09,mastery,2,Derivative meaning and rules; graph/table interpretation; algebraic manipulation; notation and units.,"I can retrieve durable derivative, graph, algebra, notation, and units learning.","AP Topics 6.1, 6.6",derivative_rule_retrieval,expression,,"Unit 6 Assessment Plan + AP Calculus AB Course Framework; supplied AP Topic scoring guides consulted for authentic representations and rigor only, with no published question wording copied.",Tarsia-friendly concise source.
U6-S1-PS3-M10,MATH,6,6.1,practice_set_3,practice,ps3_m10,mastery,1,Derivative meaning and rules; graph/table interpretation; algebraic manipulation; notation and units.,"I can retrieve durable derivative, graph, algebra, notation, and units learning.","AP Topics 6.1, 6.6",units_retrieval,text,,"Unit 6 Assessment Plan + AP Calculus AB Course Framework; supplied AP Topic scoring guides consulted for authentic representations and rigor only, with no published question wording copied.",Tarsia-friendly concise source.
U6-S1-XP-C01,MATH,6,6.1,extra_practice,practice,xp_c01,current,1,"Interpret accumulation of change from rate graphs using signed area, units, and properties of definite integrals.","I can interpret signed area as net change, estimate accumulation from geometric regions, and keep the units of an accumulated rate meaningful.","AP Topics 6.1, 6.6",integral_units,text,,"Unit 6 Assessment Plan + AP Calculus AB Course Framework; supplied AP Topic scoring guides consulted for authentic representations and rigor only, with no published question wording copied.",
U6-S1-XP-C02,MATH,6,6.1,extra_practice,practice,xp_c02,current,3,"Interpret accumulation of change from rate graphs using signed area, units, and properties of definite integrals.","I can interpret signed area as net change, estimate accumulation from geometric regions, and keep the units of an accumulated rate meaningful.","AP Topics 6.1, 6.6",signed_area_critique,constructed_response,,"Unit 6 Assessment Plan + AP Calculus AB Course Framework; supplied AP Topic scoring guides consulted for authentic representations and rigor only, with no published question wording copied.",
U6-S1-XP-C03,MATH,6,6.1,extra_practice,practice,xp_c03,current,2,"Interpret accumulation of change from rate graphs using signed area, units, and properties of definite integrals.","I can interpret signed area as net change, estimate accumulation from geometric regions, and keep the units of an accumulated rate meaningful.","AP Topics 6.1, 6.6",signed_accumulation_graph,numeric,u6_s1_xp_c03_rate_graph.png,"Unit 6 Assessment Plan + AP Calculus AB Course Framework; supplied AP Topic scoring guides consulted for authentic representations and rigor only, with no published question wording copied.",
U6-S1-XP-C04,MATH,6,6.1,extra_practice,practice,xp_c04,current,1,"Interpret accumulation of change from rate graphs using signed area, units, and properties of definite integrals.","I can interpret signed area as net change, estimate accumulation from geometric regions, and keep the units of an accumulated rate meaningful.","AP Topics 6.1, 6.6",integral_properties,numeric,,"Unit 6 Assessment Plan + AP Calculus AB Course Framework; supplied AP Topic scoring guides consulted for authentic representations and rigor only, with no published question wording copied.",
U6-S1-XP-C05,MATH,6,6.1,extra_practice,practice,xp_c05,current,1,"Interpret accumulation of change from rate graphs using signed area, units, and properties of definite integrals.","I can interpret signed area as net change, estimate accumulation from geometric regions, and keep the units of an accumulated rate meaningful.","AP Topics 6.1, 6.6",signed_geometric_area,numeric,,"Unit 6 Assessment Plan + AP Calculus AB Course Framework; supplied AP Topic scoring guides consulted for authentic representations and rigor only, with no published question wording copied.",
U6-S1-XP-L01,MATH,6,6.1,extra_practice,practice,xp_l01,last,2,Model optimization situations with constraints and objective functions and justify optimal values with calculus.,I can retrieve and apply the most recent prerequisite learning.,"AP Topics 6.1, 6.6",optimization_application_retrieval,numeric,,"Unit 6 Assessment Plan + AP Calculus AB Course Framework; supplied AP Topic scoring guides consulted for authentic representations and rigor only, with no published question wording copied.",
U6-S1-XP-L02,MATH,6,6.1,extra_practice,practice,xp_l02,last,1,Model optimization situations with constraints and objective functions and justify optimal values with calculus.,I can retrieve and apply the most recent prerequisite learning.,"AP Topics 6.1, 6.6",optimization_vocabulary_retrieval,text,,"Unit 6 Assessment Plan + AP Calculus AB Course Framework; supplied AP Topic scoring guides consulted for authentic representations and rigor only, with no published question wording copied.",
U6-S1-XP-L03,MATH,6,6.1,extra_practice,practice,xp_l03,last,2,Model optimization situations with constraints and objective functions and justify optimal values with calculus.,I can retrieve and apply the most recent prerequisite learning.,"AP Topics 6.1, 6.6",optimization_retrieval,numeric,,"Unit 6 Assessment Plan + AP Calculus AB Course Framework; supplied AP Topic scoring guides consulted for authentic representations and rigor only, with no published question wording copied.",
U6-S1-XP-L04,MATH,6,6.1,extra_practice,practice,xp_l04,last,2,Model optimization situations with constraints and objective functions and justify optimal values with calculus.,I can retrieve and apply the most recent prerequisite learning.,"AP Topics 6.1, 6.6",optimization_model_retrieval,expression,,"Unit 6 Assessment Plan + AP Calculus AB Course Framework; supplied AP Topic scoring guides consulted for authentic representations and rigor only, with no published question wording copied.",
U6-S1-XP-L05,MATH,6,6.1,extra_practice,practice,xp_l05,last,3,Model optimization situations with constraints and objective functions and justify optimal values with calculus.,I can retrieve and apply the most recent prerequisite learning.,"AP Topics 6.1, 6.6",optimization_justification_retrieval,constructed_response,,"Unit 6 Assessment Plan + AP Calculus AB Course Framework; supplied AP Topic scoring guides consulted for authentic representations and rigor only, with no published question wording copied.",
U6-S1-XP-M01,MATH,6,6.1,extra_practice,practice,xp_m01,mastery,1,Derivative meaning and rules; graph/table interpretation; algebraic manipulation; notation and units.,"I can retrieve durable derivative, graph, algebra, notation, and units learning.","AP Topics 6.1, 6.6",graph_sign_retrieval,text,,"Unit 6 Assessment Plan + AP Calculus AB Course Framework; supplied AP Topic scoring guides consulted for authentic representations and rigor only, with no published question wording copied.",
U6-S1-XP-M02,MATH,6,6.1,extra_practice,practice,xp_m02,mastery,2,Derivative meaning and rules; graph/table interpretation; algebraic manipulation; notation and units.,"I can retrieve durable derivative, graph, algebra, notation, and units learning.","AP Topics 6.1, 6.6",derivative_rule_retrieval,expression,,"Unit 6 Assessment Plan + AP Calculus AB Course Framework; supplied AP Topic scoring guides consulted for authentic representations and rigor only, with no published question wording copied.",
U6-S1-XP-M03,MATH,6,6.1,extra_practice,practice,xp_m03,mastery,1,Derivative meaning and rules; graph/table interpretation; algebraic manipulation; notation and units.,"I can retrieve durable derivative, graph, algebra, notation, and units learning.","AP Topics 6.1, 6.6",units_retrieval,text,,"Unit 6 Assessment Plan + AP Calculus AB Course Framework; supplied AP Topic scoring guides consulted for authentic representations and rigor only, with no published question wording copied.",
U6-S1-XP-M04,MATH,6,6.1,extra_practice,practice,xp_m04,mastery,2,Derivative meaning and rules; graph/table interpretation; algebraic manipulation; notation and units.,"I can retrieve durable derivative, graph, algebra, notation, and units learning.","AP Topics 6.1, 6.6",limit_retrieval,numeric,,"Unit 6 Assessment Plan + AP Calculus AB Course Framework; supplied AP Topic scoring guides consulted for authentic representations and rigor only, with no published question wording copied.",
U6-S1-XP-M05,MATH,6,6.1,extra_practice,practice,xp_m05,mastery,2,Derivative meaning and rules; graph/table interpretation; algebraic manipulation; notation and units.,"I can retrieve durable derivative, graph, algebra, notation, and units learning.","AP Topics 6.1, 6.6",product_rule_retrieval,expression,,"Unit 6 Assessment Plan + AP Calculus AB Course Framework; supplied AP Topic scoring guides consulted for authentic representations and rigor only, with no published question wording copied.",
U6-S1-XP-M06,MATH,6,6.1,extra_practice,practice,xp_m06,mastery,2,Derivative meaning and rules; graph/table interpretation; algebraic manipulation; notation and units.,"I can retrieve durable derivative, graph, algebra, notation, and units learning.","AP Topics 6.1, 6.6",linearization_retrieval,numeric,,"Unit 6 Assessment Plan + AP Calculus AB Course Framework; supplied AP Topic scoring guides consulted for authentic representations and rigor only, with no published question wording copied.",
U6-S1-XP-M07,MATH,6,6.1,extra_practice,practice,xp_m07,mastery,1,Derivative meaning and rules; graph/table interpretation; algebraic manipulation; notation and units.,"I can retrieve durable derivative, graph, algebra, notation, and units learning.","AP Topics 6.1, 6.6",algebra_retrieval,numeric,,"Unit 6 Assessment Plan + AP Calculus AB Course Framework; supplied AP Topic scoring guides consulted for authentic representations and rigor only, with no published question wording copied.",
U6-S1-XP-M08,MATH,6,6.1,extra_practice,practice,xp_m08,mastery,2,Derivative meaning and rules; graph/table interpretation; algebraic manipulation; notation and units.,"I can retrieve durable derivative, graph, algebra, notation, and units learning.","AP Topics 6.1, 6.6",rate_meaning_retrieval,text,,"Unit 6 Assessment Plan + AP Calculus AB Course Framework; supplied AP Topic scoring guides consulted for authentic representations and rigor only, with no published question wording copied.",
U6-S1-XP-M09,MATH,6,6.1,extra_practice,practice,xp_m09,mastery,1,Derivative meaning and rules; graph/table interpretation; algebraic manipulation; notation and units.,"I can retrieve durable derivative, graph, algebra, notation, and units learning.","AP Topics 6.1, 6.6",graph_sign_retrieval,text,,"Unit 6 Assessment Plan + AP Calculus AB Course Framework; supplied AP Topic scoring guides consulted for authentic representations and rigor only, with no published question wording copied.",
U6-S1-XP-M10,MATH,6,6.1,extra_practice,practice,xp_m10,mastery,2,Derivative meaning and rules; graph/table interpretation; algebraic manipulation; notation and units.,"I can retrieve durable derivative, graph, algebra, notation, and units learning.","AP Topics 6.1, 6.6",derivative_rule_retrieval,expression,,"Unit 6 Assessment Plan + AP Calculus AB Course Framework; supplied AP Topic scoring guides consulted for authentic representations and rigor only, with no published question wording copied.",
U6-S2-PS1-C01,MATH,6,6.2,practice_set_1,practice,ps1_c01,current,2,"Approximate definite integrals with left, right, midpoint, and trapezoid sums on uniform or nonuniform partitions and interpret over/under estimates.","I can construct named numerical sums from tables or graphs, handle nonuniform widths, and compare approximation methods using function behavior.","AP Topics 6.2, 6.3",trapezoid_nonuniform,numeric,,"Unit 6 Assessment Plan + AP Calculus AB Course Framework; supplied AP Topic scoring guides consulted for authentic representations and rigor only, with no published question wording copied.",
U6-S2-PS1-C02,MATH,6,6.2,practice_set_1,practice,ps1_c02,current,2,"Approximate definite integrals with left, right, midpoint, and trapezoid sums on uniform or nonuniform partitions and interpret over/under estimates.","I can construct named numerical sums from tables or graphs, handle nonuniform widths, and compare approximation methods using function behavior.","AP Topics 6.2, 6.3",midpoint_sum,numeric,,"Unit 6 Assessment Plan + AP Calculus AB Course Framework; supplied AP Topic scoring guides consulted for authentic representations and rigor only, with no published question wording copied.",
U6-S2-PS1-C03,MATH,6,6.2,practice_set_1,practice,ps1_c03,current,2,"Approximate definite integrals with left, right, midpoint, and trapezoid sums on uniform or nonuniform partitions and interpret over/under estimates.","I can construct named numerical sums from tables or graphs, handle nonuniform widths, and compare approximation methods using function behavior.","AP Topics 6.2, 6.3",riemann_limit_to_integral,expression,,"Unit 6 Assessment Plan + AP Calculus AB Course Framework; supplied AP Topic scoring guides consulted for authentic representations and rigor only, with no published question wording copied.",
U6-S2-PS1-C04,MATH,6,6.2,practice_set_1,practice,ps1_c04,current,2,"Approximate definite integrals with left, right, midpoint, and trapezoid sums on uniform or nonuniform partitions and interpret over/under estimates.","I can construct named numerical sums from tables or graphs, handle nonuniform widths, and compare approximation methods using function behavior.","AP Topics 6.2, 6.3",riemann_over_under,text,,"Unit 6 Assessment Plan + AP Calculus AB Course Framework; supplied AP Topic scoring guides consulted for authentic representations and rigor only, with no published question wording copied.",
U6-S2-PS1-C05,MATH,6,6.2,practice_set_1,practice,ps1_c05,current,3,"Approximate definite integrals with left, right, midpoint, and trapezoid sums on uniform or nonuniform partitions and interpret over/under estimates.","I can construct named numerical sums from tables or graphs, handle nonuniform widths, and compare approximation methods using function behavior.","AP Topics 6.2, 6.3",partition_critique,constructed_response,,"Unit 6 Assessment Plan + AP Calculus AB Course Framework; supplied AP Topic scoring guides consulted for authentic representations and rigor only, with no published question wording copied.",
U6-S2-PS1-L01,MATH,6,6.2,practice_set_1,practice,ps1_l01,last,1,"Interpret accumulation of change from rate graphs using signed area, units, and properties of definite integrals.",I can retrieve and apply the most recent prerequisite learning.,"AP Topics 6.2, 6.3",integral_units,text,,"Unit 6 Assessment Plan + AP Calculus AB Course Framework; supplied AP Topic scoring guides consulted for authentic representations and rigor only, with no published question wording copied.",
U6-S2-PS1-L02,MATH,6,6.2,practice_set_1,practice,ps1_l02,last,3,"Interpret accumulation of change from rate graphs using signed area, units, and properties of definite integrals.",I can retrieve and apply the most recent prerequisite learning.,"AP Topics 6.2, 6.3",signed_area_critique,constructed_response,,"Unit 6 Assessment Plan + AP Calculus AB Course Framework; supplied AP Topic scoring guides consulted for authentic representations and rigor only, with no published question wording copied.",
U6-S2-PS1-L03,MATH,6,6.2,practice_set_1,practice,ps1_l03,last,2,"Interpret accumulation of change from rate graphs using signed area, units, and properties of definite integrals.",I can retrieve and apply the most recent prerequisite learning.,"AP Topics 6.2, 6.3",signed_accumulation_graph,numeric,u6_s2_ps1_l03_rate_graph.png,"Unit 6 Assessment Plan + AP Calculus AB Course Framework; supplied AP Topic scoring guides consulted for authentic representations and rigor only, with no published question wording copied.",
U6-S2-PS1-L04,MATH,6,6.2,practice_set_1,practice,ps1_l04,last,1,"Interpret accumulation of change from rate graphs using signed area, units, and properties of definite integrals.",I can retrieve and apply the most recent prerequisite learning.,"AP Topics 6.2, 6.3",integral_properties,numeric,,"Unit 6 Assessment Plan + AP Calculus AB Course Framework; supplied AP Topic scoring guides consulted for authentic representations and rigor only, with no published question wording copied.",
U6-S2-PS1-L05,MATH,6,6.2,practice_set_1,practice,ps1_l05,last,1,"Interpret accumulation of change from rate graphs using signed area, units, and properties of definite integrals.",I can retrieve and apply the most recent prerequisite learning.,"AP Topics 6.2, 6.3",signed_geometric_area,numeric,,"Unit 6 Assessment Plan + AP Calculus AB Course Framework; supplied AP Topic scoring guides consulted for authentic representations and rigor only, with no published question wording copied.",
U6-S2-PS1-M01,MATH,6,6.2,practice_set_1,practice,ps1_m01,mastery,2,Derivative meaning and rules; graph/table interpretation; algebraic manipulation; notation and units.,"I can retrieve durable derivative, graph, algebra, notation, and units learning.","AP Topics 6.2, 6.3",limit_retrieval,numeric,,"Unit 6 Assessment Plan + AP Calculus AB Course Framework; supplied AP Topic scoring guides consulted for authentic representations and rigor only, with no published question wording copied.",
U6-S2-PS1-M02,MATH,6,6.2,practice_set_1,practice,ps1_m02,mastery,2,Derivative meaning and rules; graph/table interpretation; algebraic manipulation; notation and units.,"I can retrieve durable derivative, graph, algebra, notation, and units learning.","AP Topics 6.2, 6.3",product_rule_retrieval,expression,,"Unit 6 Assessment Plan + AP Calculus AB Course Framework; supplied AP Topic scoring guides consulted for authentic representations and rigor only, with no published question wording copied.",
U6-S2-PS1-M03,MATH,6,6.2,practice_set_1,practice,ps1_m03,mastery,2,Derivative meaning and rules; graph/table interpretation; algebraic manipulation; notation and units.,"I can retrieve durable derivative, graph, algebra, notation, and units learning.","AP Topics 6.2, 6.3",linearization_retrieval,numeric,,"Unit 6 Assessment Plan + AP Calculus AB Course Framework; supplied AP Topic scoring guides consulted for authentic representations and rigor only, with no published question wording copied.",
U6-S2-PS1-M04,MATH,6,6.2,practice_set_1,practice,ps1_m04,mastery,1,Derivative meaning and rules; graph/table interpretation; algebraic manipulation; notation and units.,"I can retrieve durable derivative, graph, algebra, notation, and units learning.","AP Topics 6.2, 6.3",algebra_retrieval,numeric,,"Unit 6 Assessment Plan + AP Calculus AB Course Framework; supplied AP Topic scoring guides consulted for authentic representations and rigor only, with no published question wording copied.",
U6-S2-PS1-M05,MATH,6,6.2,practice_set_1,practice,ps1_m05,mastery,2,Derivative meaning and rules; graph/table interpretation; algebraic manipulation; notation and units.,"I can retrieve durable derivative, graph, algebra, notation, and units learning.","AP Topics 6.2, 6.3",rate_meaning_retrieval,text,,"Unit 6 Assessment Plan + AP Calculus AB Course Framework; supplied AP Topic scoring guides consulted for authentic representations and rigor only, with no published question wording copied.",
U6-S2-PS1-M06,MATH,6,6.2,practice_set_1,practice,ps1_m06,mastery,1,Derivative meaning and rules; graph/table interpretation; algebraic manipulation; notation and units.,"I can retrieve durable derivative, graph, algebra, notation, and units learning.","AP Topics 6.2, 6.3",graph_sign_retrieval,text,,"Unit 6 Assessment Plan + AP Calculus AB Course Framework; supplied AP Topic scoring guides consulted for authentic representations and rigor only, with no published question wording copied.",
U6-S2-PS1-M07,MATH,6,6.2,practice_set_1,practice,ps1_m07,mastery,2,Derivative meaning and rules; graph/table interpretation; algebraic manipulation; notation and units.,"I can retrieve durable derivative, graph, algebra, notation, and units learning.","AP Topics 6.2, 6.3",derivative_rule_retrieval,expression,,"Unit 6 Assessment Plan + AP Calculus AB Course Framework; supplied AP Topic scoring guides consulted for authentic representations and rigor only, with no published question wording copied.",
U6-S2-PS1-M08,MATH,6,6.2,practice_set_1,practice,ps1_m08,mastery,1,Derivative meaning and rules; graph/table interpretation; algebraic manipulation; notation and units.,"I can retrieve durable derivative, graph, algebra, notation, and units learning.","AP Topics 6.2, 6.3",units_retrieval,text,,"Unit 6 Assessment Plan + AP Calculus AB Course Framework; supplied AP Topic scoring guides consulted for authentic representations and rigor only, with no published question wording copied.",
U6-S2-PS1-M09,MATH,6,6.2,practice_set_1,practice,ps1_m09,mastery,2,Derivative meaning and rules; graph/table interpretation; algebraic manipulation; notation and units.,"I can retrieve durable derivative, graph, algebra, notation, and units learning.","AP Topics 6.2, 6.3",limit_retrieval,numeric,,"Unit 6 Assessment Plan + AP Calculus AB Course Framework; supplied AP Topic scoring guides consulted for authentic representations and rigor only, with no published question wording copied.",
U6-S2-PS1-M10,MATH,6,6.2,practice_set_1,practice,ps1_m10,mastery,2,Derivative meaning and rules; graph/table interpretation; algebraic manipulation; notation and units.,"I can retrieve durable derivative, graph, algebra, notation, and units learning.","AP Topics 6.2, 6.3",product_rule_retrieval,expression,,"Unit 6 Assessment Plan + AP Calculus AB Course Framework; supplied AP Topic scoring guides consulted for authentic representations and rigor only, with no published question wording copied.",
U6-S2-PS2-C01,MATH,6,6.2,practice_set_2,practice,ps2_c01,current,2,"Approximate definite integrals with left, right, midpoint, and trapezoid sums on uniform or nonuniform partitions and interpret over/under estimates.","I can construct named numerical sums from tables or graphs, handle nonuniform widths, and compare approximation methods using function behavior.","AP Topics 6.2, 6.3",midpoint_sum,numeric,,"Unit 6 Assessment Plan + AP Calculus AB Course Framework; supplied AP Topic scoring guides consulted for authentic representations and rigor only, with no published question wording copied.",
U6-S2-PS2-C02,MATH,6,6.2,practice_set_2,practice,ps2_c02,current,2,"Approximate definite integrals with left, right, midpoint, and trapezoid sums on uniform or nonuniform partitions and interpret over/under estimates.","I can construct named numerical sums from tables or graphs, handle nonuniform widths, and compare approximation methods using function behavior.","AP Topics 6.2, 6.3",riemann_limit_to_integral,expression,,"Unit 6 Assessment Plan + AP Calculus AB Course Framework; supplied AP Topic scoring guides consulted for authentic representations and rigor only, with no published question wording copied.",
U6-S2-PS2-C03,MATH,6,6.2,practice_set_2,practice,ps2_c03,current,2,"Approximate definite integrals with left, right, midpoint, and trapezoid sums on uniform or nonuniform partitions and interpret over/under estimates.","I can construct named numerical sums from tables or graphs, handle nonuniform widths, and compare approximation methods using function behavior.","AP Topics 6.2, 6.3",riemann_over_under,text,,"Unit 6 Assessment Plan + AP Calculus AB Course Framework; supplied AP Topic scoring guides consulted for authentic representations and rigor only, with no published question wording copied.",
U6-S2-PS2-C04,MATH,6,6.2,practice_set_2,practice,ps2_c04,current,3,"Approximate definite integrals with left, right, midpoint, and trapezoid sums on uniform or nonuniform partitions and interpret over/under estimates.","I can construct named numerical sums from tables or graphs, handle nonuniform widths, and compare approximation methods using function behavior.","AP Topics 6.2, 6.3",partition_critique,constructed_response,,"Unit 6 Assessment Plan + AP Calculus AB Course Framework; supplied AP Topic scoring guides consulted for authentic representations and rigor only, with no published question wording copied.",
U6-S2-PS2-C05,MATH,6,6.2,practice_set_2,practice,ps2_c05,current,2,"Approximate definite integrals with left, right, midpoint, and trapezoid sums on uniform or nonuniform partitions and interpret over/under estimates.","I can construct named numerical sums from tables or graphs, handle nonuniform widths, and compare approximation methods using function behavior.","AP Topics 6.2, 6.3",riemann_table,numeric,,"Unit 6 Assessment Plan + AP Calculus AB Course Framework; supplied AP Topic scoring guides consulted for authentic representations and rigor only, with no published question wording copied.",
U6-S2-PS2-L01,MATH,6,6.2,practice_set_2,practice,ps2_l01,last,3,"Interpret accumulation of change from rate graphs using signed area, units, and properties of definite integrals.",I can retrieve and apply the most recent prerequisite learning.,"AP Topics 6.2, 6.3",signed_area_critique,constructed_response,,"Unit 6 Assessment Plan + AP Calculus AB Course Framework; supplied AP Topic scoring guides consulted for authentic representations and rigor only, with no published question wording copied.",
U6-S2-PS2-L02,MATH,6,6.2,practice_set_2,practice,ps2_l02,last,2,"Interpret accumulation of change from rate graphs using signed area, units, and properties of definite integrals.",I can retrieve and apply the most recent prerequisite learning.,"AP Topics 6.2, 6.3",signed_accumulation_graph,numeric,u6_s2_ps2_l02_rate_graph.png,"Unit 6 Assessment Plan + AP Calculus AB Course Framework; supplied AP Topic scoring guides consulted for authentic representations and rigor only, with no published question wording copied.",
U6-S2-PS2-L03,MATH,6,6.2,practice_set_2,practice,ps2_l03,last,1,"Interpret accumulation of change from rate graphs using signed area, units, and properties of definite integrals.",I can retrieve and apply the most recent prerequisite learning.,"AP Topics 6.2, 6.3",integral_properties,numeric,,"Unit 6 Assessment Plan + AP Calculus AB Course Framework; supplied AP Topic scoring guides consulted for authentic representations and rigor only, with no published question wording copied.",
U6-S2-PS2-L04,MATH,6,6.2,practice_set_2,practice,ps2_l04,last,1,"Interpret accumulation of change from rate graphs using signed area, units, and properties of definite integrals.",I can retrieve and apply the most recent prerequisite learning.,"AP Topics 6.2, 6.3",signed_geometric_area,numeric,,"Unit 6 Assessment Plan + AP Calculus AB Course Framework; supplied AP Topic scoring guides consulted for authentic representations and rigor only, with no published question wording copied.",
U6-S2-PS2-L05,MATH,6,6.2,practice_set_2,practice,ps2_l05,last,2,"Interpret accumulation of change from rate graphs using signed area, units, and properties of definite integrals.",I can retrieve and apply the most recent prerequisite learning.,"AP Topics 6.2, 6.3",initial_value_plus_accumulation,numeric,,"Unit 6 Assessment Plan + AP Calculus AB Course Framework; supplied AP Topic scoring guides consulted for authentic representations and rigor only, with no published question wording copied.",
U6-S2-PS2-M01,MATH,6,6.2,practice_set_2,practice,ps2_m01,mastery,1,Derivative meaning and rules; graph/table interpretation; algebraic manipulation; notation and units.,"I can retrieve durable derivative, graph, algebra, notation, and units learning.","AP Topics 6.2, 6.3",units_retrieval,text,,"Unit 6 Assessment Plan + AP Calculus AB Course Framework; supplied AP Topic scoring guides consulted for authentic representations and rigor only, with no published question wording copied.",
U6-S2-PS2-M02,MATH,6,6.2,practice_set_2,practice,ps2_m02,mastery,2,Derivative meaning and rules; graph/table interpretation; algebraic manipulation; notation and units.,"I can retrieve durable derivative, graph, algebra, notation, and units learning.","AP Topics 6.2, 6.3",limit_retrieval,numeric,,"Unit 6 Assessment Plan + AP Calculus AB Course Framework; supplied AP Topic scoring guides consulted for authentic representations and rigor only, with no published question wording copied.",
U6-S2-PS2-M03,MATH,6,6.2,practice_set_2,practice,ps2_m03,mastery,2,Derivative meaning and rules; graph/table interpretation; algebraic manipulation; notation and units.,"I can retrieve durable derivative, graph, algebra, notation, and units learning.","AP Topics 6.2, 6.3",product_rule_retrieval,expression,,"Unit 6 Assessment Plan + AP Calculus AB Course Framework; supplied AP Topic scoring guides consulted for authentic representations and rigor only, with no published question wording copied.",
U6-S2-PS2-M04,MATH,6,6.2,practice_set_2,practice,ps2_m04,mastery,2,Derivative meaning and rules; graph/table interpretation; algebraic manipulation; notation and units.,"I can retrieve durable derivative, graph, algebra, notation, and units learning.","AP Topics 6.2, 6.3",linearization_retrieval,numeric,,"Unit 6 Assessment Plan + AP Calculus AB Course Framework; supplied AP Topic scoring guides consulted for authentic representations and rigor only, with no published question wording copied.",
U6-S2-PS2-M05,MATH,6,6.2,practice_set_2,practice,ps2_m05,mastery,1,Derivative meaning and rules; graph/table interpretation; algebraic manipulation; notation and units.,"I can retrieve durable derivative, graph, algebra, notation, and units learning.","AP Topics 6.2, 6.3",algebra_retrieval,numeric,,"Unit 6 Assessment Plan + AP Calculus AB Course Framework; supplied AP Topic scoring guides consulted for authentic representations and rigor only, with no published question wording copied.",
U6-S2-PS2-M06,MATH,6,6.2,practice_set_2,practice,ps2_m06,mastery,2,Derivative meaning and rules; graph/table interpretation; algebraic manipulation; notation and units.,"I can retrieve durable derivative, graph, algebra, notation, and units learning.","AP Topics 6.2, 6.3",rate_meaning_retrieval,text,,"Unit 6 Assessment Plan + AP Calculus AB Course Framework; supplied AP Topic scoring guides consulted for authentic representations and rigor only, with no published question wording copied.",
U6-S2-PS2-M07,MATH,6,6.2,practice_set_2,practice,ps2_m07,mastery,1,Derivative meaning and rules; graph/table interpretation; algebraic manipulation; notation and units.,"I can retrieve durable derivative, graph, algebra, notation, and units learning.","AP Topics 6.2, 6.3",graph_sign_retrieval,text,,"Unit 6 Assessment Plan + AP Calculus AB Course Framework; supplied AP Topic scoring guides consulted for authentic representations and rigor only, with no published question wording copied.",
U6-S2-PS2-M08,MATH,6,6.2,practice_set_2,practice,ps2_m08,mastery,2,Derivative meaning and rules; graph/table interpretation; algebraic manipulation; notation and units.,"I can retrieve durable derivative, graph, algebra, notation, and units learning.","AP Topics 6.2, 6.3",derivative_rule_retrieval,expression,,"Unit 6 Assessment Plan + AP Calculus AB Course Framework; supplied AP Topic scoring guides consulted for authentic representations and rigor only, with no published question wording copied.",
U6-S2-PS2-M09,MATH,6,6.2,practice_set_2,practice,ps2_m09,mastery,1,Derivative meaning and rules; graph/table interpretation; algebraic manipulation; notation and units.,"I can retrieve durable derivative, graph, algebra, notation, and units learning.","AP Topics 6.2, 6.3",units_retrieval,text,,"Unit 6 Assessment Plan + AP Calculus AB Course Framework; supplied AP Topic scoring guides consulted for authentic representations and rigor only, with no published question wording copied.",
U6-S2-PS2-M10,MATH,6,6.2,practice_set_2,practice,ps2_m10,mastery,2,Derivative meaning and rules; graph/table interpretation; algebraic manipulation; notation and units.,"I can retrieve durable derivative, graph, algebra, notation, and units learning.","AP Topics 6.2, 6.3",limit_retrieval,numeric,,"Unit 6 Assessment Plan + AP Calculus AB Course Framework; supplied AP Topic scoring guides consulted for authentic representations and rigor only, with no published question wording copied.",
U6-S2-PS3-C01,MATH,6,6.2,practice_set_3,practice,ps3_c01,current,2,"Approximate definite integrals with left, right, midpoint, and trapezoid sums on uniform or nonuniform partitions and interpret over/under estimates.","I can construct named numerical sums from tables or graphs, handle nonuniform widths, and compare approximation methods using function behavior.","AP Topics 6.2, 6.3",riemann_compact,numeric,,"Unit 6 Assessment Plan + AP Calculus AB Course Framework; supplied AP Topic scoring guides consulted for authentic representations and rigor only, with no published question wording copied.",Tarsia-friendly concise source.
U6-S2-PS3-C02,MATH,6,6.2,practice_set_3,practice,ps3_c02,current,2,"Approximate definite integrals with left, right, midpoint, and trapezoid sums on uniform or nonuniform partitions and interpret over/under estimates.","I can construct named numerical sums from tables or graphs, handle nonuniform widths, and compare approximation methods using function behavior.","AP Topics 6.2, 6.3",riemann_compact,numeric,,"Unit 6 Assessment Plan + AP Calculus AB Course Framework; supplied AP Topic scoring guides consulted for authentic representations and rigor only, with no published question wording copied.",Tarsia-friendly concise source.
U6-S2-PS3-C03,MATH,6,6.2,practice_set_3,practice,ps3_c03,current,2,"Approximate definite integrals with left, right, midpoint, and trapezoid sums on uniform or nonuniform partitions and interpret over/under estimates.","I can construct named numerical sums from tables or graphs, handle nonuniform widths, and compare approximation methods using function behavior.","AP Topics 6.2, 6.3",riemann_compact,numeric,,"Unit 6 Assessment Plan + AP Calculus AB Course Framework; supplied AP Topic scoring guides consulted for authentic representations and rigor only, with no published question wording copied.",Tarsia-friendly concise source.
U6-S2-PS3-C04,MATH,6,6.2,practice_set_3,practice,ps3_c04,current,2,"Approximate definite integrals with left, right, midpoint, and trapezoid sums on uniform or nonuniform partitions and interpret over/under estimates.","I can construct named numerical sums from tables or graphs, handle nonuniform widths, and compare approximation methods using function behavior.","AP Topics 6.2, 6.3",riemann_compact,numeric,,"Unit 6 Assessment Plan + AP Calculus AB Course Framework; supplied AP Topic scoring guides consulted for authentic representations and rigor only, with no published question wording copied.",Tarsia-friendly concise source.
U6-S2-PS3-C05,MATH,6,6.2,practice_set_3,practice,ps3_c05,current,2,"Approximate definite integrals with left, right, midpoint, and trapezoid sums on uniform or nonuniform partitions and interpret over/under estimates.","I can construct named numerical sums from tables or graphs, handle nonuniform widths, and compare approximation methods using function behavior.","AP Topics 6.2, 6.3",riemann_compact,numeric,,"Unit 6 Assessment Plan + AP Calculus AB Course Framework; supplied AP Topic scoring guides consulted for authentic representations and rigor only, with no published question wording copied.",Tarsia-friendly concise source.
U6-S2-PS3-L01,MATH,6,6.2,practice_set_3,practice,ps3_l01,last,1,"Interpret accumulation of change from rate graphs using signed area, units, and properties of definite integrals.",I can retrieve and apply the most recent prerequisite learning.,"AP Topics 6.2, 6.3",integral_additivity_compact,numeric,,"Unit 6 Assessment Plan + AP Calculus AB Course Framework; supplied AP Topic scoring guides consulted for authentic representations and rigor only, with no published question wording copied.",Tarsia-friendly concise source.
U6-S2-PS3-L02,MATH,6,6.2,practice_set_3,practice,ps3_l02,last,1,"Interpret accumulation of change from rate graphs using signed area, units, and properties of definite integrals.",I can retrieve and apply the most recent prerequisite learning.,"AP Topics 6.2, 6.3",integral_additivity_compact,numeric,,"Unit 6 Assessment Plan + AP Calculus AB Course Framework; supplied AP Topic scoring guides consulted for authentic representations and rigor only, with no published question wording copied.",Tarsia-friendly concise source.
U6-S2-PS3-L03,MATH,6,6.2,practice_set_3,practice,ps3_l03,last,1,"Interpret accumulation of change from rate graphs using signed area, units, and properties of definite integrals.",I can retrieve and apply the most recent prerequisite learning.,"AP Topics 6.2, 6.3",integral_additivity_compact,numeric,,"Unit 6 Assessment Plan + AP Calculus AB Course Framework; supplied AP Topic scoring guides consulted for authentic representations and rigor only, with no published question wording copied.",Tarsia-friendly concise source.
U6-S2-PS3-L04,MATH,6,6.2,practice_set_3,practice,ps3_l04,last,1,"Interpret accumulation of change from rate graphs using signed area, units, and properties of definite integrals.",I can retrieve and apply the most recent prerequisite learning.,"AP Topics 6.2, 6.3",integral_additivity_compact,numeric,,"Unit 6 Assessment Plan + AP Calculus AB Course Framework; supplied AP Topic scoring guides consulted for authentic representations and rigor only, with no published question wording copied.",Tarsia-friendly concise source.
U6-S2-PS3-L05,MATH,6,6.2,practice_set_3,practice,ps3_l05,last,1,"Interpret accumulation of change from rate graphs using signed area, units, and properties of definite integrals.",I can retrieve and apply the most recent prerequisite learning.,"AP Topics 6.2, 6.3",integral_additivity_compact,numeric,,"Unit 6 Assessment Plan + AP Calculus AB Course Framework; supplied AP Topic scoring guides consulted for authentic representations and rigor only, with no published question wording copied.",Tarsia-friendly concise source.
U6-S2-PS3-M01,MATH,6,6.2,practice_set_3,practice,ps3_m01,mastery,2,Derivative meaning and rules; graph/table interpretation; algebraic manipulation; notation and units.,"I can retrieve durable derivative, graph, algebra, notation, and units learning.","AP Topics 6.2, 6.3",derivative_rule_retrieval,expression,,"Unit 6 Assessment Plan + AP Calculus AB Course Framework; supplied AP Topic scoring guides consulted for authentic representations and rigor only, with no published question wording copied.",Tarsia-friendly concise source.
U6-S2-PS3-M02,MATH,6,6.2,practice_set_3,practice,ps3_m02,mastery,1,Derivative meaning and rules; graph/table interpretation; algebraic manipulation; notation and units.,"I can retrieve durable derivative, graph, algebra, notation, and units learning.","AP Topics 6.2, 6.3",units_retrieval,text,,"Unit 6 Assessment Plan + AP Calculus AB Course Framework; supplied AP Topic scoring guides consulted for authentic representations and rigor only, with no published question wording copied.",Tarsia-friendly concise source.
U6-S2-PS3-M03,MATH,6,6.2,practice_set_3,practice,ps3_m03,mastery,2,Derivative meaning and rules; graph/table interpretation; algebraic manipulation; notation and units.,"I can retrieve durable derivative, graph, algebra, notation, and units learning.","AP Topics 6.2, 6.3",limit_retrieval,numeric,,"Unit 6 Assessment Plan + AP Calculus AB Course Framework; supplied AP Topic scoring guides consulted for authentic representations and rigor only, with no published question wording copied.",Tarsia-friendly concise source.
U6-S2-PS3-M04,MATH,6,6.2,practice_set_3,practice,ps3_m04,mastery,2,Derivative meaning and rules; graph/table interpretation; algebraic manipulation; notation and units.,"I can retrieve durable derivative, graph, algebra, notation, and units learning.","AP Topics 6.2, 6.3",product_rule_retrieval,expression,,"Unit 6 Assessment Plan + AP Calculus AB Course Framework; supplied AP Topic scoring guides consulted for authentic representations and rigor only, with no published question wording copied.",Tarsia-friendly concise source.
U6-S2-PS3-M05,MATH,6,6.2,practice_set_3,practice,ps3_m05,mastery,2,Derivative meaning and rules; graph/table interpretation; algebraic manipulation; notation and units.,"I can retrieve durable derivative, graph, algebra, notation, and units learning.","AP Topics 6.2, 6.3",linearization_retrieval,numeric,,"Unit 6 Assessment Plan + AP Calculus AB Course Framework; supplied AP Topic scoring guides consulted for authentic representations and rigor only, with no published question wording copied.",Tarsia-friendly concise source.
U6-S2-PS3-M06,MATH,6,6.2,practice_set_3,practice,ps3_m06,mastery,1,Derivative meaning and rules; graph/table interpretation; algebraic manipulation; notation and units.,"I can retrieve durable derivative, graph, algebra, notation, and units learning.","AP Topics 6.2, 6.3",algebra_retrieval,numeric,,"Unit 6 Assessment Plan + AP Calculus AB Course Framework; supplied AP Topic scoring guides consulted for authentic representations and rigor only, with no published question wording copied.",Tarsia-friendly concise source.
U6-S2-PS3-M07,MATH,6,6.2,practice_set_3,practice,ps3_m07,mastery,2,Derivative meaning and rules; graph/table interpretation; algebraic manipulation; notation and units.,"I can retrieve durable derivative, graph, algebra, notation, and units learning.","AP Topics 6.2, 6.3",rate_meaning_retrieval,text,,"Unit 6 Assessment Plan + AP Calculus AB Course Framework; supplied AP Topic scoring guides consulted for authentic representations and rigor only, with no published question wording copied.",Tarsia-friendly concise source.
U6-S2-PS3-M08,MATH,6,6.2,practice_set_3,practice,ps3_m08,mastery,1,Derivative meaning and rules; graph/table interpretation; algebraic manipulation; notation and units.,"I can retrieve durable derivative, graph, algebra, notation, and units learning.","AP Topics 6.2, 6.3",graph_sign_retrieval,text,,"Unit 6 Assessment Plan + AP Calculus AB Course Framework; supplied AP Topic scoring guides consulted for authentic representations and rigor only, with no published question wording copied.",Tarsia-friendly concise source.
U6-S2-PS3-M09,MATH,6,6.2,practice_set_3,practice,ps3_m09,mastery,2,Derivative meaning and rules; graph/table interpretation; algebraic manipulation; notation and units.,"I can retrieve durable derivative, graph, algebra, notation, and units learning.","AP Topics 6.2, 6.3",derivative_rule_retrieval,expression,,"Unit 6 Assessment Plan + AP Calculus AB Course Framework; supplied AP Topic scoring guides consulted for authentic representations and rigor only, with no published question wording copied.",Tarsia-friendly concise source.
U6-S2-PS3-M10,MATH,6,6.2,practice_set_3,practice,ps3_m10,mastery,1,Derivative meaning and rules; graph/table interpretation; algebraic manipulation; notation and units.,"I can retrieve durable derivative, graph, algebra, notation, and units learning.","AP Topics 6.2, 6.3",units_retrieval,text,,"Unit 6 Assessment Plan + AP Calculus AB Course Framework; supplied AP Topic scoring guides consulted for authentic representations and rigor only, with no published question wording copied.",Tarsia-friendly concise source.
U6-S2-XP-C01,MATH,6,6.2,extra_practice,practice,xp_c01,current,2,"Approximate definite integrals with left, right, midpoint, and trapezoid sums on uniform or nonuniform partitions and interpret over/under estimates.","I can construct named numerical sums from tables or graphs, handle nonuniform widths, and compare approximation methods using function behavior.","AP Topics 6.2, 6.3",riemann_over_under,text,,"Unit 6 Assessment Plan + AP Calculus AB Course Framework; supplied AP Topic scoring guides consulted for authentic representations and rigor only, with no published question wording copied.",
U6-S2-XP-C02,MATH,6,6.2,extra_practice,practice,xp_c02,current,3,"Approximate definite integrals with left, right, midpoint, and trapezoid sums on uniform or nonuniform partitions and interpret over/under estimates.","I can construct named numerical sums from tables or graphs, handle nonuniform widths, and compare approximation methods using function behavior.","AP Topics 6.2, 6.3",partition_critique,constructed_response,,"Unit 6 Assessment Plan + AP Calculus AB Course Framework; supplied AP Topic scoring guides consulted for authentic representations and rigor only, with no published question wording copied.",
U6-S2-XP-C03,MATH,6,6.2,extra_practice,practice,xp_c03,current,2,"Approximate definite integrals with left, right, midpoint, and trapezoid sums on uniform or nonuniform partitions and interpret over/under estimates.","I can construct named numerical sums from tables or graphs, handle nonuniform widths, and compare approximation methods using function behavior.","AP Topics 6.2, 6.3",riemann_table,numeric,,"Unit 6 Assessment Plan + AP Calculus AB Course Framework; supplied AP Topic scoring guides consulted for authentic representations and rigor only, with no published question wording copied.",
U6-S2-XP-C04,MATH,6,6.2,extra_practice,practice,xp_c04,current,2,"Approximate definite integrals with left, right, midpoint, and trapezoid sums on uniform or nonuniform partitions and interpret over/under estimates.","I can construct named numerical sums from tables or graphs, handle nonuniform widths, and compare approximation methods using function behavior.","AP Topics 6.2, 6.3",trapezoid_nonuniform,numeric,,"Unit 6 Assessment Plan + AP Calculus AB Course Framework; supplied AP Topic scoring guides consulted for authentic representations and rigor only, with no published question wording copied.",
U6-S2-XP-C05,MATH,6,6.2,extra_practice,practice,xp_c05,current,2,"Approximate definite integrals with left, right, midpoint, and trapezoid sums on uniform or nonuniform partitions and interpret over/under estimates.","I can construct named numerical sums from tables or graphs, handle nonuniform widths, and compare approximation methods using function behavior.","AP Topics 6.2, 6.3",midpoint_sum,numeric,,"Unit 6 Assessment Plan + AP Calculus AB Course Framework; supplied AP Topic scoring guides consulted for authentic representations and rigor only, with no published question wording copied.",
U6-S2-XP-L01,MATH,6,6.2,extra_practice,practice,xp_l01,last,1,"Interpret accumulation of change from rate graphs using signed area, units, and properties of definite integrals.",I can retrieve and apply the most recent prerequisite learning.,"AP Topics 6.2, 6.3",integral_properties,numeric,,"Unit 6 Assessment Plan + AP Calculus AB Course Framework; supplied AP Topic scoring guides consulted for authentic representations and rigor only, with no published question wording copied.",
U6-S2-XP-L02,MATH,6,6.2,extra_practice,practice,xp_l02,last,1,"Interpret accumulation of change from rate graphs using signed area, units, and properties of definite integrals.",I can retrieve and apply the most recent prerequisite learning.,"AP Topics 6.2, 6.3",signed_geometric_area,numeric,,"Unit 6 Assessment Plan + AP Calculus AB Course Framework; supplied AP Topic scoring guides consulted for authentic representations and rigor only, with no published question wording copied.",
U6-S2-XP-L03,MATH,6,6.2,extra_practice,practice,xp_l03,last,2,"Interpret accumulation of change from rate graphs using signed area, units, and properties of definite integrals.",I can retrieve and apply the most recent prerequisite learning.,"AP Topics 6.2, 6.3",initial_value_plus_accumulation,numeric,,"Unit 6 Assessment Plan + AP Calculus AB Course Framework; supplied AP Topic scoring guides consulted for authentic representations and rigor only, with no published question wording copied.",
U6-S2-XP-L04,MATH,6,6.2,extra_practice,practice,xp_l04,last,1,"Interpret accumulation of change from rate graphs using signed area, units, and properties of definite integrals.",I can retrieve and apply the most recent prerequisite learning.,"AP Topics 6.2, 6.3",integral_units,text,,"Unit 6 Assessment Plan + AP Calculus AB Course Framework; supplied AP Topic scoring guides consulted for authentic representations and rigor only, with no published question wording copied.",
U6-S2-XP-L05,MATH,6,6.2,extra_practice,practice,xp_l05,last,3,"Interpret accumulation of change from rate graphs using signed area, units, and properties of definite integrals.",I can retrieve and apply the most recent prerequisite learning.,"AP Topics 6.2, 6.3",signed_area_critique,constructed_response,,"Unit 6 Assessment Plan + AP Calculus AB Course Framework; supplied AP Topic scoring guides consulted for authentic representations and rigor only, with no published question wording copied.",
U6-S2-XP-M01,MATH,6,6.2,extra_practice,practice,xp_m01,mastery,1,Derivative meaning and rules; graph/table interpretation; algebraic manipulation; notation and units.,"I can retrieve durable derivative, graph, algebra, notation, and units learning.","AP Topics 6.2, 6.3",graph_sign_retrieval,text,,"Unit 6 Assessment Plan + AP Calculus AB Course Framework; supplied AP Topic scoring guides consulted for authentic representations and rigor only, with no published question wording copied.",
U6-S2-XP-M02,MATH,6,6.2,extra_practice,practice,xp_m02,mastery,2,Derivative meaning and rules; graph/table interpretation; algebraic manipulation; notation and units.,"I can retrieve durable derivative, graph, algebra, notation, and units learning.","AP Topics 6.2, 6.3",derivative_rule_retrieval,expression,,"Unit 6 Assessment Plan + AP Calculus AB Course Framework; supplied AP Topic scoring guides consulted for authentic representations and rigor only, with no published question wording copied.",
U6-S2-XP-M03,MATH,6,6.2,extra_practice,practice,xp_m03,mastery,1,Derivative meaning and rules; graph/table interpretation; algebraic manipulation; notation and units.,"I can retrieve durable derivative, graph, algebra, notation, and units learning.","AP Topics 6.2, 6.3",units_retrieval,text,,"Unit 6 Assessment Plan + AP Calculus AB Course Framework; supplied AP Topic scoring guides consulted for authentic representations and rigor only, with no published question wording copied.",
U6-S2-XP-M04,MATH,6,6.2,extra_practice,practice,xp_m04,mastery,2,Derivative meaning and rules; graph/table interpretation; algebraic manipulation; notation and units.,"I can retrieve durable derivative, graph, algebra, notation, and units learning.","AP Topics 6.2, 6.3",limit_retrieval,numeric,,"Unit 6 Assessment Plan + AP Calculus AB Course Framework; supplied AP Topic scoring guides consulted for authentic representations and rigor only, with no published question wording copied.",
U6-S2-XP-M05,MATH,6,6.2,extra_practice,practice,xp_m05,mastery,2,Derivative meaning and rules; graph/table interpretation; algebraic manipulation; notation and units.,"I can retrieve durable derivative, graph, algebra, notation, and units learning.","AP Topics 6.2, 6.3",product_rule_retrieval,expression,,"Unit 6 Assessment Plan + AP Calculus AB Course Framework; supplied AP Topic scoring guides consulted for authentic representations and rigor only, with no published question wording copied.",
U6-S2-XP-M06,MATH,6,6.2,extra_practice,practice,xp_m06,mastery,2,Derivative meaning and rules; graph/table interpretation; algebraic manipulation; notation and units.,"I can retrieve durable derivative, graph, algebra, notation, and units learning.","AP Topics 6.2, 6.3",linearization_retrieval,numeric,,"Unit 6 Assessment Plan + AP Calculus AB Course Framework; supplied AP Topic scoring guides consulted for authentic representations and rigor only, with no published question wording copied.",
U6-S2-XP-M07,MATH,6,6.2,extra_practice,practice,xp_m07,mastery,1,Derivative meaning and rules; graph/table interpretation; algebraic manipulation; notation and units.,"I can retrieve durable derivative, graph, algebra, notation, and units learning.","AP Topics 6.2, 6.3",algebra_retrieval,numeric,,"Unit 6 Assessment Plan + AP Calculus AB Course Framework; supplied AP Topic scoring guides consulted for authentic representations and rigor only, with no published question wording copied.",
U6-S2-XP-M08,MATH,6,6.2,extra_practice,practice,xp_m08,mastery,2,Derivative meaning and rules; graph/table interpretation; algebraic manipulation; notation and units.,"I can retrieve durable derivative, graph, algebra, notation, and units learning.","AP Topics 6.2, 6.3",rate_meaning_retrieval,text,,"Unit 6 Assessment Plan + AP Calculus AB Course Framework; supplied AP Topic scoring guides consulted for authentic representations and rigor only, with no published question wording copied.",
U6-S2-XP-M09,MATH,6,6.2,extra_practice,practice,xp_m09,mastery,1,Derivative meaning and rules; graph/table interpretation; algebraic manipulation; notation and units.,"I can retrieve durable derivative, graph, algebra, notation, and units learning.","AP Topics 6.2, 6.3",graph_sign_retrieval,text,,"Unit 6 Assessment Plan + AP Calculus AB Course Framework; supplied AP Topic scoring guides consulted for authentic representations and rigor only, with no published question wording copied.",
U6-S2-XP-M10,MATH,6,6.2,extra_practice,practice,xp_m10,mastery,2,Derivative meaning and rules; graph/table interpretation; algebraic manipulation; notation and units.,"I can retrieve durable derivative, graph, algebra, notation, and units learning.","AP Topics 6.2, 6.3",derivative_rule_retrieval,expression,,"Unit 6 Assessment Plan + AP Calculus AB Course Framework; supplied AP Topic scoring guides consulted for authentic representations and rigor only, with no published question wording copied.",
U6-S3-PS1-C01,MATH,6,6.3,practice_set_1,practice,ps1_c01,current,2,"Connect definite integrals and accumulation functions through the Fundamental Theorem of Calculus, including derivatives of integrals and behavior of accumulation functions.",I can differentiate integral-defined functions and use the integrand to analyze how an accumulation function changes.,"AP Topics 6.4, 6.5",accumulation_behavior_graph,intervals,u6_s3_ps1_c01_integrand.png,"Unit 6 Assessment Plan + AP Calculus AB Course Framework; supplied AP Topic scoring guides consulted for authentic representations and rigor only, with no published question wording copied.",
U6-S3-PS1-C02,MATH,6,6.3,practice_set_1,practice,ps1_c02,current,1,"Connect definite integrals and accumulation functions through the Fundamental Theorem of Calculus, including derivatives of integrals and behavior of accumulation functions.",I can differentiate integral-defined functions and use the integrand to analyze how an accumulation function changes.,"AP Topics 6.4, 6.5",ftc_direct,expression,,"Unit 6 Assessment Plan + AP Calculus AB Course Framework; supplied AP Topic scoring guides consulted for authentic representations and rigor only, with no published question wording copied.",
U6-S3-PS1-C03,MATH,6,6.3,practice_set_1,practice,ps1_c03,current,2,"Connect definite integrals and accumulation functions through the Fundamental Theorem of Calculus, including derivatives of integrals and behavior of accumulation functions.",I can differentiate integral-defined functions and use the integrand to analyze how an accumulation function changes.,"AP Topics 6.4, 6.5",accumulation_second_derivative,expression,,"Unit 6 Assessment Plan + AP Calculus AB Course Framework; supplied AP Topic scoring guides consulted for authentic representations and rigor only, with no published question wording copied.",
U6-S3-PS1-C04,MATH,6,6.3,practice_set_1,practice,ps1_c04,current,1,"Connect definite integrals and accumulation functions through the Fundamental Theorem of Calculus, including derivatives of integrals and behavior of accumulation functions.",I can differentiate integral-defined functions and use the integrand to analyze how an accumulation function changes.,"AP Topics 6.4, 6.5",accumulation_anchor,numeric,,"Unit 6 Assessment Plan + AP Calculus AB Course Framework; supplied AP Topic scoring guides consulted for authentic representations and rigor only, with no published question wording copied.",
U6-S3-PS1-C05,MATH,6,6.3,practice_set_1,practice,ps1_c05,current,3,"Connect definite integrals and accumulation functions through the Fundamental Theorem of Calculus, including derivatives of integrals and behavior of accumulation functions.",I can differentiate integral-defined functions and use the integrand to analyze how an accumulation function changes.,"AP Topics 6.4, 6.5",accumulation_value_critique,constructed_response,,"Unit 6 Assessment Plan + AP Calculus AB Course Framework; supplied AP Topic scoring guides consulted for authentic representations and rigor only, with no published question wording copied.",
U6-S3-PS1-L01,MATH,6,6.3,practice_set_1,practice,ps1_l01,last,2,"Approximate definite integrals with left, right, midpoint, and trapezoid sums on uniform or nonuniform partitions and interpret over/under estimates.",I can retrieve and apply the most recent prerequisite learning.,"AP Topics 6.4, 6.5",riemann_over_under,text,,"Unit 6 Assessment Plan + AP Calculus AB Course Framework; supplied AP Topic scoring guides consulted for authentic representations and rigor only, with no published question wording copied.",
U6-S3-PS1-L02,MATH,6,6.3,practice_set_1,practice,ps1_l02,last,3,"Approximate definite integrals with left, right, midpoint, and trapezoid sums on uniform or nonuniform partitions and interpret over/under estimates.",I can retrieve and apply the most recent prerequisite learning.,"AP Topics 6.4, 6.5",partition_critique,constructed_response,,"Unit 6 Assessment Plan + AP Calculus AB Course Framework; supplied AP Topic scoring guides consulted for authentic representations and rigor only, with no published question wording copied.",
U6-S3-PS1-L03,MATH,6,6.3,practice_set_1,practice,ps1_l03,last,2,"Approximate definite integrals with left, right, midpoint, and trapezoid sums on uniform or nonuniform partitions and interpret over/under estimates.",I can retrieve and apply the most recent prerequisite learning.,"AP Topics 6.4, 6.5",riemann_table,numeric,,"Unit 6 Assessment Plan + AP Calculus AB Course Framework; supplied AP Topic scoring guides consulted for authentic representations and rigor only, with no published question wording copied.",
U6-S3-PS1-L04,MATH,6,6.3,practice_set_1,practice,ps1_l04,last,2,"Approximate definite integrals with left, right, midpoint, and trapezoid sums on uniform or nonuniform partitions and interpret over/under estimates.",I can retrieve and apply the most recent prerequisite learning.,"AP Topics 6.4, 6.5",trapezoid_nonuniform,numeric,,"Unit 6 Assessment Plan + AP Calculus AB Course Framework; supplied AP Topic scoring guides consulted for authentic representations and rigor only, with no published question wording copied.",
U6-S3-PS1-L05,MATH,6,6.3,practice_set_1,practice,ps1_l05,last,2,"Approximate definite integrals with left, right, midpoint, and trapezoid sums on uniform or nonuniform partitions and interpret over/under estimates.",I can retrieve and apply the most recent prerequisite learning.,"AP Topics 6.4, 6.5",midpoint_sum,numeric,,"Unit 6 Assessment Plan + AP Calculus AB Course Framework; supplied AP Topic scoring guides consulted for authentic representations and rigor only, with no published question wording copied.",
U6-S3-PS1-M01,MATH,6,6.3,practice_set_1,practice,ps1_m01,mastery,2,Derivative meaning and rules; graph/table interpretation; algebraic manipulation; notation and units.,"I can retrieve durable derivative, graph, algebra, notation, and units learning.","AP Topics 6.4, 6.5",limit_retrieval,numeric,,"Unit 6 Assessment Plan + AP Calculus AB Course Framework; supplied AP Topic scoring guides consulted for authentic representations and rigor only, with no published question wording copied.",
U6-S3-PS1-M02,MATH,6,6.3,practice_set_1,practice,ps1_m02,mastery,2,Derivative meaning and rules; graph/table interpretation; algebraic manipulation; notation and units.,"I can retrieve durable derivative, graph, algebra, notation, and units learning.","AP Topics 6.4, 6.5",product_rule_retrieval,expression,,"Unit 6 Assessment Plan + AP Calculus AB Course Framework; supplied AP Topic scoring guides consulted for authentic representations and rigor only, with no published question wording copied.",
U6-S3-PS1-M03,MATH,6,6.3,practice_set_1,practice,ps1_m03,mastery,2,Derivative meaning and rules; graph/table interpretation; algebraic manipulation; notation and units.,"I can retrieve durable derivative, graph, algebra, notation, and units learning.","AP Topics 6.4, 6.5",linearization_retrieval,numeric,,"Unit 6 Assessment Plan + AP Calculus AB Course Framework; supplied AP Topic scoring guides consulted for authentic representations and rigor only, with no published question wording copied.",
U6-S3-PS1-M04,MATH,6,6.3,practice_set_1,practice,ps1_m04,mastery,1,Derivative meaning and rules; graph/table interpretation; algebraic manipulation; notation and units.,"I can retrieve durable derivative, graph, algebra, notation, and units learning.","AP Topics 6.4, 6.5",algebra_retrieval,numeric,,"Unit 6 Assessment Plan + AP Calculus AB Course Framework; supplied AP Topic scoring guides consulted for authentic representations and rigor only, with no published question wording copied.",
U6-S3-PS1-M05,MATH,6,6.3,practice_set_1,practice,ps1_m05,mastery,2,Derivative meaning and rules; graph/table interpretation; algebraic manipulation; notation and units.,"I can retrieve durable derivative, graph, algebra, notation, and units learning.","AP Topics 6.4, 6.5",rate_meaning_retrieval,text,,"Unit 6 Assessment Plan + AP Calculus AB Course Framework; supplied AP Topic scoring guides consulted for authentic representations and rigor only, with no published question wording copied.",
U6-S3-PS1-M06,MATH,6,6.3,practice_set_1,practice,ps1_m06,mastery,1,Derivative meaning and rules; graph/table interpretation; algebraic manipulation; notation and units.,"I can retrieve durable derivative, graph, algebra, notation, and units learning.","AP Topics 6.4, 6.5",graph_sign_retrieval,text,,"Unit 6 Assessment Plan + AP Calculus AB Course Framework; supplied AP Topic scoring guides consulted for authentic representations and rigor only, with no published question wording copied.",
U6-S3-PS1-M07,MATH,6,6.3,practice_set_1,practice,ps1_m07,mastery,2,Derivative meaning and rules; graph/table interpretation; algebraic manipulation; notation and units.,"I can retrieve durable derivative, graph, algebra, notation, and units learning.","AP Topics 6.4, 6.5",derivative_rule_retrieval,expression,,"Unit 6 Assessment Plan + AP Calculus AB Course Framework; supplied AP Topic scoring guides consulted for authentic representations and rigor only, with no published question wording copied.",
U6-S3-PS1-M08,MATH,6,6.3,practice_set_1,practice,ps1_m08,mastery,1,Derivative meaning and rules; graph/table interpretation; algebraic manipulation; notation and units.,"I can retrieve durable derivative, graph, algebra, notation, and units learning.","AP Topics 6.4, 6.5",units_retrieval,text,,"Unit 6 Assessment Plan + AP Calculus AB Course Framework; supplied AP Topic scoring guides consulted for authentic representations and rigor only, with no published question wording copied.",
U6-S3-PS1-M09,MATH,6,6.3,practice_set_1,practice,ps1_m09,mastery,2,Derivative meaning and rules; graph/table interpretation; algebraic manipulation; notation and units.,"I can retrieve durable derivative, graph, algebra, notation, and units learning.","AP Topics 6.4, 6.5",limit_retrieval,numeric,,"Unit 6 Assessment Plan + AP Calculus AB Course Framework; supplied AP Topic scoring guides consulted for authentic representations and rigor only, with no published question wording copied.",
U6-S3-PS1-M10,MATH,6,6.3,practice_set_1,practice,ps1_m10,mastery,2,Derivative meaning and rules; graph/table interpretation; algebraic manipulation; notation and units.,"I can retrieve durable derivative, graph, algebra, notation, and units learning.","AP Topics 6.4, 6.5",product_rule_retrieval,expression,,"Unit 6 Assessment Plan + AP Calculus AB Course Framework; supplied AP Topic scoring guides consulted for authentic representations and rigor only, with no published question wording copied.",
U6-S3-PS2-C01,MATH,6,6.3,practice_set_2,practice,ps2_c01,current,1,"Connect definite integrals and accumulation functions through the Fundamental Theorem of Calculus, including derivatives of integrals and behavior of accumulation functions.",I can differentiate integral-defined functions and use the integrand to analyze how an accumulation function changes.,"AP Topics 6.4, 6.5",ftc_direct,expression,,"Unit 6 Assessment Plan + AP Calculus AB Course Framework; supplied AP Topic scoring guides consulted for authentic representations and rigor only, with no published question wording copied.",
U6-S3-PS2-C02,MATH,6,6.3,practice_set_2,practice,ps2_c02,current,2,"Connect definite integrals and accumulation functions through the Fundamental Theorem of Calculus, including derivatives of integrals and behavior of accumulation functions.",I can differentiate integral-defined functions and use the integrand to analyze how an accumulation function changes.,"AP Topics 6.4, 6.5",accumulation_second_derivative,expression,,"Unit 6 Assessment Plan + AP Calculus AB Course Framework; supplied AP Topic scoring guides consulted for authentic representations and rigor only, with no published question wording copied.",
U6-S3-PS2-C03,MATH,6,6.3,practice_set_2,practice,ps2_c03,current,1,"Connect definite integrals and accumulation functions through the Fundamental Theorem of Calculus, including derivatives of integrals and behavior of accumulation functions.",I can differentiate integral-defined functions and use the integrand to analyze how an accumulation function changes.,"AP Topics 6.4, 6.5",accumulation_anchor,numeric,,"Unit 6 Assessment Plan + AP Calculus AB Course Framework; supplied AP Topic scoring guides consulted for authentic representations and rigor only, with no published question wording copied.",
U6-S3-PS2-C04,MATH,6,6.3,practice_set_2,practice,ps2_c04,current,3,"Connect definite integrals and accumulation functions through the Fundamental Theorem of Calculus, including derivatives of integrals and behavior of accumulation functions.",I can differentiate integral-defined functions and use the integrand to analyze how an accumulation function changes.,"AP Topics 6.4, 6.5",accumulation_value_critique,constructed_response,,"Unit 6 Assessment Plan + AP Calculus AB Course Framework; supplied AP Topic scoring guides consulted for authentic representations and rigor only, with no published question wording copied.",
U6-S3-PS2-C05,MATH,6,6.3,practice_set_2,practice,ps2_c05,current,2,"Connect definite integrals and accumulation functions through the Fundamental Theorem of Calculus, including derivatives of integrals and behavior of accumulation functions.",I can differentiate integral-defined functions and use the integrand to analyze how an accumulation function changes.,"AP Topics 6.4, 6.5",ftc_chain,expression,,"Unit 6 Assessment Plan + AP Calculus AB Course Framework; supplied AP Topic scoring guides consulted for authentic representations and rigor only, with no published question wording copied.",
U6-S3-PS2-L01,MATH,6,6.3,practice_set_2,practice,ps2_l01,last,3,"Approximate definite integrals with left, right, midpoint, and trapezoid sums on uniform or nonuniform partitions and interpret over/under estimates.",I can retrieve and apply the most recent prerequisite learning.,"AP Topics 6.4, 6.5",partition_critique,constructed_response,,"Unit 6 Assessment Plan + AP Calculus AB Course Framework; supplied AP Topic scoring guides consulted for authentic representations and rigor only, with no published question wording copied.",
U6-S3-PS2-L02,MATH,6,6.3,practice_set_2,practice,ps2_l02,last,2,"Approximate definite integrals with left, right, midpoint, and trapezoid sums on uniform or nonuniform partitions and interpret over/under estimates.",I can retrieve and apply the most recent prerequisite learning.,"AP Topics 6.4, 6.5",riemann_table,numeric,,"Unit 6 Assessment Plan + AP Calculus AB Course Framework; supplied AP Topic scoring guides consulted for authentic representations and rigor only, with no published question wording copied.",
U6-S3-PS2-L03,MATH,6,6.3,practice_set_2,practice,ps2_l03,last,2,"Approximate definite integrals with left, right, midpoint, and trapezoid sums on uniform or nonuniform partitions and interpret over/under estimates.",I can retrieve and apply the most recent prerequisite learning.,"AP Topics 6.4, 6.5",trapezoid_nonuniform,numeric,,"Unit 6 Assessment Plan + AP Calculus AB Course Framework; supplied AP Topic scoring guides consulted for authentic representations and rigor only, with no published question wording copied.",
U6-S3-PS2-L04,MATH,6,6.3,practice_set_2,practice,ps2_l04,last,2,"Approximate definite integrals with left, right, midpoint, and trapezoid sums on uniform or nonuniform partitions and interpret over/under estimates.",I can retrieve and apply the most recent prerequisite learning.,"AP Topics 6.4, 6.5",midpoint_sum,numeric,,"Unit 6 Assessment Plan + AP Calculus AB Course Framework; supplied AP Topic scoring guides consulted for authentic representations and rigor only, with no published question wording copied.",
U6-S3-PS2-L05,MATH,6,6.3,practice_set_2,practice,ps2_l05,last,2,"Approximate definite integrals with left, right, midpoint, and trapezoid sums on uniform or nonuniform partitions and interpret over/under estimates.",I can retrieve and apply the most recent prerequisite learning.,"AP Topics 6.4, 6.5",riemann_limit_to_integral,expression,,"Unit 6 Assessment Plan + AP Calculus AB Course Framework; supplied AP Topic scoring guides consulted for authentic representations and rigor only, with no published question wording copied.",
U6-S3-PS2-M01,MATH,6,6.3,practice_set_2,practice,ps2_m01,mastery,1,Derivative meaning and rules; graph/table interpretation; algebraic manipulation; notation and units.,"I can retrieve durable derivative, graph, algebra, notation, and units learning.","AP Topics 6.4, 6.5",units_retrieval,text,,"Unit 6 Assessment Plan + AP Calculus AB Course Framework; supplied AP Topic scoring guides consulted for authentic representations and rigor only, with no published question wording copied.",
U6-S3-PS2-M02,MATH,6,6.3,practice_set_2,practice,ps2_m02,mastery,2,Derivative meaning and rules; graph/table interpretation; algebraic manipulation; notation and units.,"I can retrieve durable derivative, graph, algebra, notation, and units learning.","AP Topics 6.4, 6.5",limit_retrieval,numeric,,"Unit 6 Assessment Plan + AP Calculus AB Course Framework; supplied AP Topic scoring guides consulted for authentic representations and rigor only, with no published question wording copied.",
U6-S3-PS2-M03,MATH,6,6.3,practice_set_2,practice,ps2_m03,mastery,2,Derivative meaning and rules; graph/table interpretation; algebraic manipulation; notation and units.,"I can retrieve durable derivative, graph, algebra, notation, and units learning.","AP Topics 6.4, 6.5",product_rule_retrieval,expression,,"Unit 6 Assessment Plan + AP Calculus AB Course Framework; supplied AP Topic scoring guides consulted for authentic representations and rigor only, with no published question wording copied.",
U6-S3-PS2-M04,MATH,6,6.3,practice_set_2,practice,ps2_m04,mastery,2,Derivative meaning and rules; graph/table interpretation; algebraic manipulation; notation and units.,"I can retrieve durable derivative, graph, algebra, notation, and units learning.","AP Topics 6.4, 6.5",linearization_retrieval,numeric,,"Unit 6 Assessment Plan + AP Calculus AB Course Framework; supplied AP Topic scoring guides consulted for authentic representations and rigor only, with no published question wording copied.",
U6-S3-PS2-M05,MATH,6,6.3,practice_set_2,practice,ps2_m05,mastery,1,Derivative meaning and rules; graph/table interpretation; algebraic manipulation; notation and units.,"I can retrieve durable derivative, graph, algebra, notation, and units learning.","AP Topics 6.4, 6.5",algebra_retrieval,numeric,,"Unit 6 Assessment Plan + AP Calculus AB Course Framework; supplied AP Topic scoring guides consulted for authentic representations and rigor only, with no published question wording copied.",
U6-S3-PS2-M06,MATH,6,6.3,practice_set_2,practice,ps2_m06,mastery,2,Derivative meaning and rules; graph/table interpretation; algebraic manipulation; notation and units.,"I can retrieve durable derivative, graph, algebra, notation, and units learning.","AP Topics 6.4, 6.5",rate_meaning_retrieval,text,,"Unit 6 Assessment Plan + AP Calculus AB Course Framework; supplied AP Topic scoring guides consulted for authentic representations and rigor only, with no published question wording copied.",
U6-S3-PS2-M07,MATH,6,6.3,practice_set_2,practice,ps2_m07,mastery,1,Derivative meaning and rules; graph/table interpretation; algebraic manipulation; notation and units.,"I can retrieve durable derivative, graph, algebra, notation, and units learning.","AP Topics 6.4, 6.5",graph_sign_retrieval,text,,"Unit 6 Assessment Plan + AP Calculus AB Course Framework; supplied AP Topic scoring guides consulted for authentic representations and rigor only, with no published question wording copied.",
U6-S3-PS2-M08,MATH,6,6.3,practice_set_2,practice,ps2_m08,mastery,2,Derivative meaning and rules; graph/table interpretation; algebraic manipulation; notation and units.,"I can retrieve durable derivative, graph, algebra, notation, and units learning.","AP Topics 6.4, 6.5",derivative_rule_retrieval,expression,,"Unit 6 Assessment Plan + AP Calculus AB Course Framework; supplied AP Topic scoring guides consulted for authentic representations and rigor only, with no published question wording copied.",
U6-S3-PS2-M09,MATH,6,6.3,practice_set_2,practice,ps2_m09,mastery,1,Derivative meaning and rules; graph/table interpretation; algebraic manipulation; notation and units.,"I can retrieve durable derivative, graph, algebra, notation, and units learning.","AP Topics 6.4, 6.5",units_retrieval,text,,"Unit 6 Assessment Plan + AP Calculus AB Course Framework; supplied AP Topic scoring guides consulted for authentic representations and rigor only, with no published question wording copied.",
U6-S3-PS2-M10,MATH,6,6.3,practice_set_2,practice,ps2_m10,mastery,2,Derivative meaning and rules; graph/table interpretation; algebraic manipulation; notation and units.,"I can retrieve durable derivative, graph, algebra, notation, and units learning.","AP Topics 6.4, 6.5",limit_retrieval,numeric,,"Unit 6 Assessment Plan + AP Calculus AB Course Framework; supplied AP Topic scoring guides consulted for authentic representations and rigor only, with no published question wording copied.",
U6-S3-PS3-C01,MATH,6,6.3,practice_set_3,practice,ps3_c01,current,2,"Connect definite integrals and accumulation functions through the Fundamental Theorem of Calculus, including derivatives of integrals and behavior of accumulation functions.",I can differentiate integral-defined functions and use the integrand to analyze how an accumulation function changes.,"AP Topics 6.4, 6.5",ftc_compact,expression,,"Unit 6 Assessment Plan + AP Calculus AB Course Framework; supplied AP Topic scoring guides consulted for authentic representations and rigor only, with no published question wording copied.",Tarsia-friendly concise source.
U6-S3-PS3-C02,MATH,6,6.3,practice_set_3,practice,ps3_c02,current,2,"Connect definite integrals and accumulation functions through the Fundamental Theorem of Calculus, including derivatives of integrals and behavior of accumulation functions.",I can differentiate integral-defined functions and use the integrand to analyze how an accumulation function changes.,"AP Topics 6.4, 6.5",ftc_compact,expression,,"Unit 6 Assessment Plan + AP Calculus AB Course Framework; supplied AP Topic scoring guides consulted for authentic representations and rigor only, with no published question wording copied.",Tarsia-friendly concise source.
U6-S3-PS3-C03,MATH,6,6.3,practice_set_3,practice,ps3_c03,current,2,"Connect definite integrals and accumulation functions through the Fundamental Theorem of Calculus, including derivatives of integrals and behavior of accumulation functions.",I can differentiate integral-defined functions and use the integrand to analyze how an accumulation function changes.,"AP Topics 6.4, 6.5",ftc_compact,expression,,"Unit 6 Assessment Plan + AP Calculus AB Course Framework; supplied AP Topic scoring guides consulted for authentic representations and rigor only, with no published question wording copied.",Tarsia-friendly concise source.
U6-S3-PS3-C04,MATH,6,6.3,practice_set_3,practice,ps3_c04,current,2,"Connect definite integrals and accumulation functions through the Fundamental Theorem of Calculus, including derivatives of integrals and behavior of accumulation functions.",I can differentiate integral-defined functions and use the integrand to analyze how an accumulation function changes.,"AP Topics 6.4, 6.5",ftc_compact,expression,,"Unit 6 Assessment Plan + AP Calculus AB Course Framework; supplied AP Topic scoring guides consulted for authentic representations and rigor only, with no published question wording copied.",Tarsia-friendly concise source.
U6-S3-PS3-C05,MATH,6,6.3,practice_set_3,practice,ps3_c05,current,2,"Connect definite integrals and accumulation functions through the Fundamental Theorem of Calculus, including derivatives of integrals and behavior of accumulation functions.",I can differentiate integral-defined functions and use the integrand to analyze how an accumulation function changes.,"AP Topics 6.4, 6.5",ftc_compact,expression,,"Unit 6 Assessment Plan + AP Calculus AB Course Framework; supplied AP Topic scoring guides consulted for authentic representations and rigor only, with no published question wording copied.",Tarsia-friendly concise source.
U6-S3-PS3-L01,MATH,6,6.3,practice_set_3,practice,ps3_l01,last,2,"Approximate definite integrals with left, right, midpoint, and trapezoid sums on uniform or nonuniform partitions and interpret over/under estimates.",I can retrieve and apply the most recent prerequisite learning.,"AP Topics 6.4, 6.5",riemann_compact,numeric,,"Unit 6 Assessment Plan + AP Calculus AB Course Framework; supplied AP Topic scoring guides consulted for authentic representations and rigor only, with no published question wording copied.",Tarsia-friendly concise source.
U6-S3-PS3-L02,MATH,6,6.3,practice_set_3,practice,ps3_l02,last,2,"Approximate definite integrals with left, right, midpoint, and trapezoid sums on uniform or nonuniform partitions and interpret over/under estimates.",I can retrieve and apply the most recent prerequisite learning.,"AP Topics 6.4, 6.5",riemann_compact,numeric,,"Unit 6 Assessment Plan + AP Calculus AB Course Framework; supplied AP Topic scoring guides consulted for authentic representations and rigor only, with no published question wording copied.",Tarsia-friendly concise source.
U6-S3-PS3-L03,MATH,6,6.3,practice_set_3,practice,ps3_l03,last,2,"Approximate definite integrals with left, right, midpoint, and trapezoid sums on uniform or nonuniform partitions and interpret over/under estimates.",I can retrieve and apply the most recent prerequisite learning.,"AP Topics 6.4, 6.5",riemann_compact,numeric,,"Unit 6 Assessment Plan + AP Calculus AB Course Framework; supplied AP Topic scoring guides consulted for authentic representations and rigor only, with no published question wording copied.",Tarsia-friendly concise source.
U6-S3-PS3-L04,MATH,6,6.3,practice_set_3,practice,ps3_l04,last,2,"Approximate definite integrals with left, right, midpoint, and trapezoid sums on uniform or nonuniform partitions and interpret over/under estimates.",I can retrieve and apply the most recent prerequisite learning.,"AP Topics 6.4, 6.5",riemann_compact,numeric,,"Unit 6 Assessment Plan + AP Calculus AB Course Framework; supplied AP Topic scoring guides consulted for authentic representations and rigor only, with no published question wording copied.",Tarsia-friendly concise source.
U6-S3-PS3-L05,MATH,6,6.3,practice_set_3,practice,ps3_l05,last,2,"Approximate definite integrals with left, right, midpoint, and trapezoid sums on uniform or nonuniform partitions and interpret over/under estimates.",I can retrieve and apply the most recent prerequisite learning.,"AP Topics 6.4, 6.5",riemann_compact,numeric,,"Unit 6 Assessment Plan + AP Calculus AB Course Framework; supplied AP Topic scoring guides consulted for authentic representations and rigor only, with no published question wording copied.",Tarsia-friendly concise source.
U6-S3-PS3-M01,MATH,6,6.3,practice_set_3,practice,ps3_m01,mastery,2,Derivative meaning and rules; graph/table interpretation; algebraic manipulation; notation and units.,"I can retrieve durable derivative, graph, algebra, notation, and units learning.","AP Topics 6.4, 6.5",derivative_rule_retrieval,expression,,"Unit 6 Assessment Plan + AP Calculus AB Course Framework; supplied AP Topic scoring guides consulted for authentic representations and rigor only, with no published question wording copied.",Tarsia-friendly concise source.
U6-S3-PS3-M02,MATH,6,6.3,practice_set_3,practice,ps3_m02,mastery,1,Derivative meaning and rules; graph/table interpretation; algebraic manipulation; notation and units.,"I can retrieve durable derivative, graph, algebra, notation, and units learning.","AP Topics 6.4, 6.5",units_retrieval,text,,"Unit 6 Assessment Plan + AP Calculus AB Course Framework; supplied AP Topic scoring guides consulted for authentic representations and rigor only, with no published question wording copied.",Tarsia-friendly concise source.
U6-S3-PS3-M03,MATH,6,6.3,practice_set_3,practice,ps3_m03,mastery,2,Derivative meaning and rules; graph/table interpretation; algebraic manipulation; notation and units.,"I can retrieve durable derivative, graph, algebra, notation, and units learning.","AP Topics 6.4, 6.5",limit_retrieval,numeric,,"Unit 6 Assessment Plan + AP Calculus AB Course Framework; supplied AP Topic scoring guides consulted for authentic representations and rigor only, with no published question wording copied.",Tarsia-friendly concise source.
U6-S3-PS3-M04,MATH,6,6.3,practice_set_3,practice,ps3_m04,mastery,2,Derivative meaning and rules; graph/table interpretation; algebraic manipulation; notation and units.,"I can retrieve durable derivative, graph, algebra, notation, and units learning.","AP Topics 6.4, 6.5",product_rule_retrieval,expression,,"Unit 6 Assessment Plan + AP Calculus AB Course Framework; supplied AP Topic scoring guides consulted for authentic representations and rigor only, with no published question wording copied.",Tarsia-friendly concise source.
U6-S3-PS3-M05,MATH,6,6.3,practice_set_3,practice,ps3_m05,mastery,2,Derivative meaning and rules; graph/table interpretation; algebraic manipulation; notation and units.,"I can retrieve durable derivative, graph, algebra, notation, and units learning.","AP Topics 6.4, 6.5",linearization_retrieval,numeric,,"Unit 6 Assessment Plan + AP Calculus AB Course Framework; supplied AP Topic scoring guides consulted for authentic representations and rigor only, with no published question wording copied.",Tarsia-friendly concise source.
U6-S3-PS3-M06,MATH,6,6.3,practice_set_3,practice,ps3_m06,mastery,1,Derivative meaning and rules; graph/table interpretation; algebraic manipulation; notation and units.,"I can retrieve durable derivative, graph, algebra, notation, and units learning.","AP Topics 6.4, 6.5",algebra_retrieval,numeric,,"Unit 6 Assessment Plan + AP Calculus AB Course Framework; supplied AP Topic scoring guides consulted for authentic representations and rigor only, with no published question wording copied.",Tarsia-friendly concise source.
U6-S3-PS3-M07,MATH,6,6.3,practice_set_3,practice,ps3_m07,mastery,2,Derivative meaning and rules; graph/table interpretation; algebraic manipulation; notation and units.,"I can retrieve durable derivative, graph, algebra, notation, and units learning.","AP Topics 6.4, 6.5",rate_meaning_retrieval,text,,"Unit 6 Assessment Plan + AP Calculus AB Course Framework; supplied AP Topic scoring guides consulted for authentic representations and rigor only, with no published question wording copied.",Tarsia-friendly concise source.
U6-S3-PS3-M08,MATH,6,6.3,practice_set_3,practice,ps3_m08,mastery,1,Derivative meaning and rules; graph/table interpretation; algebraic manipulation; notation and units.,"I can retrieve durable derivative, graph, algebra, notation, and units learning.","AP Topics 6.4, 6.5",graph_sign_retrieval,text,,"Unit 6 Assessment Plan + AP Calculus AB Course Framework; supplied AP Topic scoring guides consulted for authentic representations and rigor only, with no published question wording copied.",Tarsia-friendly concise source.
U6-S3-PS3-M09,MATH,6,6.3,practice_set_3,practice,ps3_m09,mastery,2,Derivative meaning and rules; graph/table interpretation; algebraic manipulation; notation and units.,"I can retrieve durable derivative, graph, algebra, notation, and units learning.","AP Topics 6.4, 6.5",derivative_rule_retrieval,expression,,"Unit 6 Assessment Plan + AP Calculus AB Course Framework; supplied AP Topic scoring guides consulted for authentic representations and rigor only, with no published question wording copied.",Tarsia-friendly concise source.
U6-S3-PS3-M10,MATH,6,6.3,practice_set_3,practice,ps3_m10,mastery,1,Derivative meaning and rules; graph/table interpretation; algebraic manipulation; notation and units.,"I can retrieve durable derivative, graph, algebra, notation, and units learning.","AP Topics 6.4, 6.5",units_retrieval,text,,"Unit 6 Assessment Plan + AP Calculus AB Course Framework; supplied AP Topic scoring guides consulted for authentic representations and rigor only, with no published question wording copied.",Tarsia-friendly concise source.
U6-S3-XP-C01,MATH,6,6.3,extra_practice,practice,xp_c01,current,1,"Connect definite integrals and accumulation functions through the Fundamental Theorem of Calculus, including derivatives of integrals and behavior of accumulation functions.",I can differentiate integral-defined functions and use the integrand to analyze how an accumulation function changes.,"AP Topics 6.4, 6.5",accumulation_anchor,numeric,,"Unit 6 Assessment Plan + AP Calculus AB Course Framework; supplied AP Topic scoring guides consulted for authentic representations and rigor only, with no published question wording copied.",
U6-S3-XP-C02,MATH,6,6.3,extra_practice,practice,xp_c02,current,3,"Connect definite integrals and accumulation functions through the Fundamental Theorem of Calculus, including derivatives of integrals and behavior of accumulation functions.",I can differentiate integral-defined functions and use the integrand to analyze how an accumulation function changes.,"AP Topics 6.4, 6.5",accumulation_value_critique,constructed_response,,"Unit 6 Assessment Plan + AP Calculus AB Course Framework; supplied AP Topic scoring guides consulted for authentic representations and rigor only, with no published question wording copied.",
U6-S3-XP-C03,MATH,6,6.3,extra_practice,practice,xp_c03,current,2,"Connect definite integrals and accumulation functions through the Fundamental Theorem of Calculus, including derivatives of integrals and behavior of accumulation functions.",I can differentiate integral-defined functions and use the integrand to analyze how an accumulation function changes.,"AP Topics 6.4, 6.5",ftc_chain,expression,,"Unit 6 Assessment Plan + AP Calculus AB Course Framework; supplied AP Topic scoring guides consulted for authentic representations and rigor only, with no published question wording copied.",
U6-S3-XP-C04,MATH,6,6.3,extra_practice,practice,xp_c04,current,2,"Connect definite integrals and accumulation functions through the Fundamental Theorem of Calculus, including derivatives of integrals and behavior of accumulation functions.",I can differentiate integral-defined functions and use the integrand to analyze how an accumulation function changes.,"AP Topics 6.4, 6.5",accumulation_behavior_graph,intervals,u6_s3_xp_c04_integrand.png,"Unit 6 Assessment Plan + AP Calculus AB Course Framework; supplied AP Topic scoring guides consulted for authentic representations and rigor only, with no published question wording copied.",
U6-S3-XP-C05,MATH,6,6.3,extra_practice,practice,xp_c05,current,1,"Connect definite integrals and accumulation functions through the Fundamental Theorem of Calculus, including derivatives of integrals and behavior of accumulation functions.",I can differentiate integral-defined functions and use the integrand to analyze how an accumulation function changes.,"AP Topics 6.4, 6.5",ftc_direct,expression,,"Unit 6 Assessment Plan + AP Calculus AB Course Framework; supplied AP Topic scoring guides consulted for authentic representations and rigor only, with no published question wording copied.",
U6-S3-XP-L01,MATH,6,6.3,extra_practice,practice,xp_l01,last,2,"Approximate definite integrals with left, right, midpoint, and trapezoid sums on uniform or nonuniform partitions and interpret over/under estimates.",I can retrieve and apply the most recent prerequisite learning.,"AP Topics 6.4, 6.5",trapezoid_nonuniform,numeric,,"Unit 6 Assessment Plan + AP Calculus AB Course Framework; supplied AP Topic scoring guides consulted for authentic representations and rigor only, with no published question wording copied.",
U6-S3-XP-L02,MATH,6,6.3,extra_practice,practice,xp_l02,last,2,"Approximate definite integrals with left, right, midpoint, and trapezoid sums on uniform or nonuniform partitions and interpret over/under estimates.",I can retrieve and apply the most recent prerequisite learning.,"AP Topics 6.4, 6.5",midpoint_sum,numeric,,"Unit 6 Assessment Plan + AP Calculus AB Course Framework; supplied AP Topic scoring guides consulted for authentic representations and rigor only, with no published question wording copied.",
U6-S3-XP-L03,MATH,6,6.3,extra_practice,practice,xp_l03,last,2,"Approximate definite integrals with left, right, midpoint, and trapezoid sums on uniform or nonuniform partitions and interpret over/under estimates.",I can retrieve and apply the most recent prerequisite learning.,"AP Topics 6.4, 6.5",riemann_limit_to_integral,expression,,"Unit 6 Assessment Plan + AP Calculus AB Course Framework; supplied AP Topic scoring guides consulted for authentic representations and rigor only, with no published question wording copied.",
U6-S3-XP-L04,MATH,6,6.3,extra_practice,practice,xp_l04,last,2,"Approximate definite integrals with left, right, midpoint, and trapezoid sums on uniform or nonuniform partitions and interpret over/under estimates.",I can retrieve and apply the most recent prerequisite learning.,"AP Topics 6.4, 6.5",riemann_over_under,text,,"Unit 6 Assessment Plan + AP Calculus AB Course Framework; supplied AP Topic scoring guides consulted for authentic representations and rigor only, with no published question wording copied.",
U6-S3-XP-L05,MATH,6,6.3,extra_practice,practice,xp_l05,last,3,"Approximate definite integrals with left, right, midpoint, and trapezoid sums on uniform or nonuniform partitions and interpret over/under estimates.",I can retrieve and apply the most recent prerequisite learning.,"AP Topics 6.4, 6.5",partition_critique,constructed_response,,"Unit 6 Assessment Plan + AP Calculus AB Course Framework; supplied AP Topic scoring guides consulted for authentic representations and rigor only, with no published question wording copied.",
U6-S3-XP-M01,MATH,6,6.3,extra_practice,practice,xp_m01,mastery,1,Derivative meaning and rules; graph/table interpretation; algebraic manipulation; notation and units.,"I can retrieve durable derivative, graph, algebra, notation, and units learning.","AP Topics 6.4, 6.5",graph_sign_retrieval,text,,"Unit 6 Assessment Plan + AP Calculus AB Course Framework; supplied AP Topic scoring guides consulted for authentic representations and rigor only, with no published question wording copied.",
U6-S3-XP-M02,MATH,6,6.3,extra_practice,practice,xp_m02,mastery,2,Derivative meaning and rules; graph/table interpretation; algebraic manipulation; notation and units.,"I can retrieve durable derivative, graph, algebra, notation, and units learning.","AP Topics 6.4, 6.5",derivative_rule_retrieval,expression,,"Unit 6 Assessment Plan + AP Calculus AB Course Framework; supplied AP Topic scoring guides consulted for authentic representations and rigor only, with no published question wording copied.",
U6-S3-XP-M03,MATH,6,6.3,extra_practice,practice,xp_m03,mastery,1,Derivative meaning and rules; graph/table interpretation; algebraic manipulation; notation and units.,"I can retrieve durable derivative, graph, algebra, notation, and units learning.","AP Topics 6.4, 6.5",units_retrieval,text,,"Unit 6 Assessment Plan + AP Calculus AB Course Framework; supplied AP Topic scoring guides consulted for authentic representations and rigor only, with no published question wording copied.",
U6-S3-XP-M04,MATH,6,6.3,extra_practice,practice,xp_m04,mastery,2,Derivative meaning and rules; graph/table interpretation; algebraic manipulation; notation and units.,"I can retrieve durable derivative, graph, algebra, notation, and units learning.","AP Topics 6.4, 6.5",limit_retrieval,numeric,,"Unit 6 Assessment Plan + AP Calculus AB Course Framework; supplied AP Topic scoring guides consulted for authentic representations and rigor only, with no published question wording copied.",
U6-S3-XP-M05,MATH,6,6.3,extra_practice,practice,xp_m05,mastery,2,Derivative meaning and rules; graph/table interpretation; algebraic manipulation; notation and units.,"I can retrieve durable derivative, graph, algebra, notation, and units learning.","AP Topics 6.4, 6.5",product_rule_retrieval,expression,,"Unit 6 Assessment Plan + AP Calculus AB Course Framework; supplied AP Topic scoring guides consulted for authentic representations and rigor only, with no published question wording copied.",
U6-S3-XP-M06,MATH,6,6.3,extra_practice,practice,xp_m06,mastery,2,Derivative meaning and rules; graph/table interpretation; algebraic manipulation; notation and units.,"I can retrieve durable derivative, graph, algebra, notation, and units learning.","AP Topics 6.4, 6.5",linearization_retrieval,numeric,,"Unit 6 Assessment Plan + AP Calculus AB Course Framework; supplied AP Topic scoring guides consulted for authentic representations and rigor only, with no published question wording copied.",
U6-S3-XP-M07,MATH,6,6.3,extra_practice,practice,xp_m07,mastery,1,Derivative meaning and rules; graph/table interpretation; algebraic manipulation; notation and units.,"I can retrieve durable derivative, graph, algebra, notation, and units learning.","AP Topics 6.4, 6.5",algebra_retrieval,numeric,,"Unit 6 Assessment Plan + AP Calculus AB Course Framework; supplied AP Topic scoring guides consulted for authentic representations and rigor only, with no published question wording copied.",
U6-S3-XP-M08,MATH,6,6.3,extra_practice,practice,xp_m08,mastery,2,Derivative meaning and rules; graph/table interpretation; algebraic manipulation; notation and units.,"I can retrieve durable derivative, graph, algebra, notation, and units learning.","AP Topics 6.4, 6.5",rate_meaning_retrieval,text,,"Unit 6 Assessment Plan + AP Calculus AB Course Framework; supplied AP Topic scoring guides consulted for authentic representations and rigor only, with no published question wording copied.",
U6-S3-XP-M09,MATH,6,6.3,extra_practice,practice,xp_m09,mastery,1,Derivative meaning and rules; graph/table interpretation; algebraic manipulation; notation and units.,"I can retrieve durable derivative, graph, algebra, notation, and units learning.","AP Topics 6.4, 6.5",graph_sign_retrieval,text,,"Unit 6 Assessment Plan + AP Calculus AB Course Framework; supplied AP Topic scoring guides consulted for authentic representations and rigor only, with no published question wording copied.",
U6-S3-XP-M10,MATH,6,6.3,extra_practice,practice,xp_m10,mastery,2,Derivative meaning and rules; graph/table interpretation; algebraic manipulation; notation and units.,"I can retrieve durable derivative, graph, algebra, notation, and units learning.","AP Topics 6.4, 6.5",derivative_rule_retrieval,expression,,"Unit 6 Assessment Plan + AP Calculus AB Course Framework; supplied AP Topic scoring guides consulted for authentic representations and rigor only, with no published question wording copied.",
U6-S4-PS1-C01,MATH,6,6.4,practice_set_1,practice,ps1_c01,current,2,"Find antiderivatives and evaluate definite integrals using the Fundamental Theorem of Calculus, with correct constants and notation for indefinite integrals.","I can find antiderivative families, evaluate definite integrals from antiderivatives, and distinguish when a constant of integration belongs.","AP Topics 6.7, 6.8",ftc_evaluation,numeric,,"Unit 6 Assessment Plan + AP Calculus AB Course Framework; supplied AP Topic scoring guides consulted for authentic representations and rigor only, with no published question wording copied.",
U6-S4-PS1-C02,MATH,6,6.4,practice_set_1,practice,ps1_c02,current,1,"Find antiderivatives and evaluate definite integrals using the Fundamental Theorem of Calculus, with correct constants and notation for indefinite integrals.","I can find antiderivative families, evaluate definite integrals from antiderivatives, and distinguish when a constant of integration belongs.","AP Topics 6.7, 6.8",definite_indefinite_notation,text,,"Unit 6 Assessment Plan + AP Calculus AB Course Framework; supplied AP Topic scoring guides consulted for authentic representations and rigor only, with no published question wording copied.",
U6-S4-PS1-C03,MATH,6,6.4,practice_set_1,practice,ps1_c03,current,1,"Find antiderivatives and evaluate definite integrals using the Fundamental Theorem of Calculus, with correct constants and notation for indefinite integrals.","I can find antiderivative families, evaluate definite integrals from antiderivatives, and distinguish when a constant of integration belongs.","AP Topics 6.7, 6.8",reverse_bounds,numeric,,"Unit 6 Assessment Plan + AP Calculus AB Course Framework; supplied AP Topic scoring guides consulted for authentic representations and rigor only, with no published question wording copied.",
U6-S4-PS1-C04,MATH,6,6.4,practice_set_1,practice,ps1_c04,current,2,"Find antiderivatives and evaluate definite integrals using the Fundamental Theorem of Calculus, with correct constants and notation for indefinite integrals.","I can find antiderivative families, evaluate definite integrals from antiderivatives, and distinguish when a constant of integration belongs.","AP Topics 6.7, 6.8",particular_antiderivative,expression,,"Unit 6 Assessment Plan + AP Calculus AB Course Framework; supplied AP Topic scoring guides consulted for authentic representations and rigor only, with no published question wording copied.",
U6-S4-PS1-C05,MATH,6,6.4,practice_set_1,practice,ps1_c05,current,3,"Find antiderivatives and evaluate definite integrals using the Fundamental Theorem of Calculus, with correct constants and notation for indefinite integrals.","I can find antiderivative families, evaluate definite integrals from antiderivatives, and distinguish when a constant of integration belongs.","AP Topics 6.7, 6.8",constant_of_integration_critique,constructed_response,,"Unit 6 Assessment Plan + AP Calculus AB Course Framework; supplied AP Topic scoring guides consulted for authentic representations and rigor only, with no published question wording copied.",
U6-S4-PS1-L01,MATH,6,6.4,practice_set_1,practice,ps1_l01,last,1,"Connect definite integrals and accumulation functions through the Fundamental Theorem of Calculus, including derivatives of integrals and behavior of accumulation functions.",I can retrieve and apply the most recent prerequisite learning.,"AP Topics 6.7, 6.8",accumulation_anchor,numeric,,"Unit 6 Assessment Plan + AP Calculus AB Course Framework; supplied AP Topic scoring guides consulted for authentic representations and rigor only, with no published question wording copied.",
U6-S4-PS1-L02,MATH,6,6.4,practice_set_1,practice,ps1_l02,last,3,"Connect definite integrals and accumulation functions through the Fundamental Theorem of Calculus, including derivatives of integrals and behavior of accumulation functions.",I can retrieve and apply the most recent prerequisite learning.,"AP Topics 6.7, 6.8",accumulation_value_critique,constructed_response,,"Unit 6 Assessment Plan + AP Calculus AB Course Framework; supplied AP Topic scoring guides consulted for authentic representations and rigor only, with no published question wording copied.",
U6-S4-PS1-L03,MATH,6,6.4,practice_set_1,practice,ps1_l03,last,2,"Connect definite integrals and accumulation functions through the Fundamental Theorem of Calculus, including derivatives of integrals and behavior of accumulation functions.",I can retrieve and apply the most recent prerequisite learning.,"AP Topics 6.7, 6.8",ftc_chain,expression,,"Unit 6 Assessment Plan + AP Calculus AB Course Framework; supplied AP Topic scoring guides consulted for authentic representations and rigor only, with no published question wording copied.",
U6-S4-PS1-L04,MATH,6,6.4,practice_set_1,practice,ps1_l04,last,2,"Connect definite integrals and accumulation functions through the Fundamental Theorem of Calculus, including derivatives of integrals and behavior of accumulation functions.",I can retrieve and apply the most recent prerequisite learning.,"AP Topics 6.7, 6.8",accumulation_behavior_graph,intervals,u6_s4_ps1_l04_integrand.png,"Unit 6 Assessment Plan + AP Calculus AB Course Framework; supplied AP Topic scoring guides consulted for authentic representations and rigor only, with no published question wording copied.",
U6-S4-PS1-L05,MATH,6,6.4,practice_set_1,practice,ps1_l05,last,1,"Connect definite integrals and accumulation functions through the Fundamental Theorem of Calculus, including derivatives of integrals and behavior of accumulation functions.",I can retrieve and apply the most recent prerequisite learning.,"AP Topics 6.7, 6.8",ftc_direct,expression,,"Unit 6 Assessment Plan + AP Calculus AB Course Framework; supplied AP Topic scoring guides consulted for authentic representations and rigor only, with no published question wording copied.",
U6-S4-PS1-M01,MATH,6,6.4,practice_set_1,practice,ps1_m01,mastery,2,Derivative meaning and rules; graph/table interpretation; algebraic manipulation; notation and units.,"I can retrieve durable derivative, graph, algebra, notation, and units learning.","AP Topics 6.7, 6.8",limit_retrieval,numeric,,"Unit 6 Assessment Plan + AP Calculus AB Course Framework; supplied AP Topic scoring guides consulted for authentic representations and rigor only, with no published question wording copied.",
U6-S4-PS1-M02,MATH,6,6.4,practice_set_1,practice,ps1_m02,mastery,2,Derivative meaning and rules; graph/table interpretation; algebraic manipulation; notation and units.,"I can retrieve durable derivative, graph, algebra, notation, and units learning.","AP Topics 6.7, 6.8",product_rule_retrieval,expression,,"Unit 6 Assessment Plan + AP Calculus AB Course Framework; supplied AP Topic scoring guides consulted for authentic representations and rigor only, with no published question wording copied.",
U6-S4-PS1-M03,MATH,6,6.4,practice_set_1,practice,ps1_m03,mastery,2,Derivative meaning and rules; graph/table interpretation; algebraic manipulation; notation and units.,"I can retrieve durable derivative, graph, algebra, notation, and units learning.","AP Topics 6.7, 6.8",linearization_retrieval,numeric,,"Unit 6 Assessment Plan + AP Calculus AB Course Framework; supplied AP Topic scoring guides consulted for authentic representations and rigor only, with no published question wording copied.",
U6-S4-PS1-M04,MATH,6,6.4,practice_set_1,practice,ps1_m04,mastery,1,Derivative meaning and rules; graph/table interpretation; algebraic manipulation; notation and units.,"I can retrieve durable derivative, graph, algebra, notation, and units learning.","AP Topics 6.7, 6.8",algebra_retrieval,numeric,,"Unit 6 Assessment Plan + AP Calculus AB Course Framework; supplied AP Topic scoring guides consulted for authentic representations and rigor only, with no published question wording copied.",
U6-S4-PS1-M05,MATH,6,6.4,practice_set_1,practice,ps1_m05,mastery,2,Derivative meaning and rules; graph/table interpretation; algebraic manipulation; notation and units.,"I can retrieve durable derivative, graph, algebra, notation, and units learning.","AP Topics 6.7, 6.8",rate_meaning_retrieval,text,,"Unit 6 Assessment Plan + AP Calculus AB Course Framework; supplied AP Topic scoring guides consulted for authentic representations and rigor only, with no published question wording copied.",
U6-S4-PS1-M06,MATH,6,6.4,practice_set_1,practice,ps1_m06,mastery,1,Derivative meaning and rules; graph/table interpretation; algebraic manipulation; notation and units.,"I can retrieve durable derivative, graph, algebra, notation, and units learning.","AP Topics 6.7, 6.8",graph_sign_retrieval,text,,"Unit 6 Assessment Plan + AP Calculus AB Course Framework; supplied AP Topic scoring guides consulted for authentic representations and rigor only, with no published question wording copied.",
U6-S4-PS1-M07,MATH,6,6.4,practice_set_1,practice,ps1_m07,mastery,2,Derivative meaning and rules; graph/table interpretation; algebraic manipulation; notation and units.,"I can retrieve durable derivative, graph, algebra, notation, and units learning.","AP Topics 6.7, 6.8",derivative_rule_retrieval,expression,,"Unit 6 Assessment Plan + AP Calculus AB Course Framework; supplied AP Topic scoring guides consulted for authentic representations and rigor only, with no published question wording copied.",
U6-S4-PS1-M08,MATH,6,6.4,practice_set_1,practice,ps1_m08,mastery,1,Derivative meaning and rules; graph/table interpretation; algebraic manipulation; notation and units.,"I can retrieve durable derivative, graph, algebra, notation, and units learning.","AP Topics 6.7, 6.8",units_retrieval,text,,"Unit 6 Assessment Plan + AP Calculus AB Course Framework; supplied AP Topic scoring guides consulted for authentic representations and rigor only, with no published question wording copied.",
U6-S4-PS1-M09,MATH,6,6.4,practice_set_1,practice,ps1_m09,mastery,2,Derivative meaning and rules; graph/table interpretation; algebraic manipulation; notation and units.,"I can retrieve durable derivative, graph, algebra, notation, and units learning.","AP Topics 6.7, 6.8",limit_retrieval,numeric,,"Unit 6 Assessment Plan + AP Calculus AB Course Framework; supplied AP Topic scoring guides consulted for authentic representations and rigor only, with no published question wording copied.",
U6-S4-PS1-M10,MATH,6,6.4,practice_set_1,practice,ps1_m10,mastery,2,Derivative meaning and rules; graph/table interpretation; algebraic manipulation; notation and units.,"I can retrieve durable derivative, graph, algebra, notation, and units learning.","AP Topics 6.7, 6.8",product_rule_retrieval,expression,,"Unit 6 Assessment Plan + AP Calculus AB Course Framework; supplied AP Topic scoring guides consulted for authentic representations and rigor only, with no published question wording copied.",
U6-S4-PS2-C01,MATH,6,6.4,practice_set_2,practice,ps2_c01,current,1,"Find antiderivatives and evaluate definite integrals using the Fundamental Theorem of Calculus, with correct constants and notation for indefinite integrals.","I can find antiderivative families, evaluate definite integrals from antiderivatives, and distinguish when a constant of integration belongs.","AP Topics 6.7, 6.8",definite_indefinite_notation,text,,"Unit 6 Assessment Plan + AP Calculus AB Course Framework; supplied AP Topic scoring guides consulted for authentic representations and rigor only, with no published question wording copied.",
U6-S4-PS2-C02,MATH,6,6.4,practice_set_2,practice,ps2_c02,current,1,"Find antiderivatives and evaluate definite integrals using the Fundamental Theorem of Calculus, with correct constants and notation for indefinite integrals.","I can find antiderivative families, evaluate definite integrals from antiderivatives, and distinguish when a constant of integration belongs.","AP Topics 6.7, 6.8",reverse_bounds,numeric,,"Unit 6 Assessment Plan + AP Calculus AB Course Framework; supplied AP Topic scoring guides consulted for authentic representations and rigor only, with no published question wording copied.",
U6-S4-PS2-C03,MATH,6,6.4,practice_set_2,practice,ps2_c03,current,2,"Find antiderivatives and evaluate definite integrals using the Fundamental Theorem of Calculus, with correct constants and notation for indefinite integrals.","I can find antiderivative families, evaluate definite integrals from antiderivatives, and distinguish when a constant of integration belongs.","AP Topics 6.7, 6.8",particular_antiderivative,expression,,"Unit 6 Assessment Plan + AP Calculus AB Course Framework; supplied AP Topic scoring guides consulted for authentic representations and rigor only, with no published question wording copied.",
U6-S4-PS2-C04,MATH,6,6.4,practice_set_2,practice,ps2_c04,current,3,"Find antiderivatives and evaluate definite integrals using the Fundamental Theorem of Calculus, with correct constants and notation for indefinite integrals.","I can find antiderivative families, evaluate definite integrals from antiderivatives, and distinguish when a constant of integration belongs.","AP Topics 6.7, 6.8",constant_of_integration_critique,constructed_response,,"Unit 6 Assessment Plan + AP Calculus AB Course Framework; supplied AP Topic scoring guides consulted for authentic representations and rigor only, with no published question wording copied.",
U6-S4-PS2-C05,MATH,6,6.4,practice_set_2,practice,ps2_c05,current,1,"Find antiderivatives and evaluate definite integrals using the Fundamental Theorem of Calculus, with correct constants and notation for indefinite integrals.","I can find antiderivative families, evaluate definite integrals from antiderivatives, and distinguish when a constant of integration belongs.","AP Topics 6.7, 6.8",basic_antiderivative,expression,,"Unit 6 Assessment Plan + AP Calculus AB Course Framework; supplied AP Topic scoring guides consulted for authentic representations and rigor only, with no published question wording copied.",
U6-S4-PS2-L01,MATH,6,6.4,practice_set_2,practice,ps2_l01,last,3,"Connect definite integrals and accumulation functions through the Fundamental Theorem of Calculus, including derivatives of integrals and behavior of accumulation functions.",I can retrieve and apply the most recent prerequisite learning.,"AP Topics 6.7, 6.8",accumulation_value_critique,constructed_response,,"Unit 6 Assessment Plan + AP Calculus AB Course Framework; supplied AP Topic scoring guides consulted for authentic representations and rigor only, with no published question wording copied.",
U6-S4-PS2-L02,MATH,6,6.4,practice_set_2,practice,ps2_l02,last,2,"Connect definite integrals and accumulation functions through the Fundamental Theorem of Calculus, including derivatives of integrals and behavior of accumulation functions.",I can retrieve and apply the most recent prerequisite learning.,"AP Topics 6.7, 6.8",ftc_chain,expression,,"Unit 6 Assessment Plan + AP Calculus AB Course Framework; supplied AP Topic scoring guides consulted for authentic representations and rigor only, with no published question wording copied.",
U6-S4-PS2-L03,MATH,6,6.4,practice_set_2,practice,ps2_l03,last,2,"Connect definite integrals and accumulation functions through the Fundamental Theorem of Calculus, including derivatives of integrals and behavior of accumulation functions.",I can retrieve and apply the most recent prerequisite learning.,"AP Topics 6.7, 6.8",accumulation_behavior_graph,intervals,u6_s4_ps2_l03_integrand.png,"Unit 6 Assessment Plan + AP Calculus AB Course Framework; supplied AP Topic scoring guides consulted for authentic representations and rigor only, with no published question wording copied.",
U6-S4-PS2-L04,MATH,6,6.4,practice_set_2,practice,ps2_l04,last,1,"Connect definite integrals and accumulation functions through the Fundamental Theorem of Calculus, including derivatives of integrals and behavior of accumulation functions.",I can retrieve and apply the most recent prerequisite learning.,"AP Topics 6.7, 6.8",ftc_direct,expression,,"Unit 6 Assessment Plan + AP Calculus AB Course Framework; supplied AP Topic scoring guides consulted for authentic representations and rigor only, with no published question wording copied.",
U6-S4-PS2-L05,MATH,6,6.4,practice_set_2,practice,ps2_l05,last,2,"Connect definite integrals and accumulation functions through the Fundamental Theorem of Calculus, including derivatives of integrals and behavior of accumulation functions.",I can retrieve and apply the most recent prerequisite learning.,"AP Topics 6.7, 6.8",accumulation_second_derivative,expression,,"Unit 6 Assessment Plan + AP Calculus AB Course Framework; supplied AP Topic scoring guides consulted for authentic representations and rigor only, with no published question wording copied.",
U6-S4-PS2-M01,MATH,6,6.4,practice_set_2,practice,ps2_m01,mastery,1,Derivative meaning and rules; graph/table interpretation; algebraic manipulation; notation and units.,"I can retrieve durable derivative, graph, algebra, notation, and units learning.","AP Topics 6.7, 6.8",units_retrieval,text,,"Unit 6 Assessment Plan + AP Calculus AB Course Framework; supplied AP Topic scoring guides consulted for authentic representations and rigor only, with no published question wording copied.",
U6-S4-PS2-M02,MATH,6,6.4,practice_set_2,practice,ps2_m02,mastery,2,Derivative meaning and rules; graph/table interpretation; algebraic manipulation; notation and units.,"I can retrieve durable derivative, graph, algebra, notation, and units learning.","AP Topics 6.7, 6.8",limit_retrieval,numeric,,"Unit 6 Assessment Plan + AP Calculus AB Course Framework; supplied AP Topic scoring guides consulted for authentic representations and rigor only, with no published question wording copied.",
U6-S4-PS2-M03,MATH,6,6.4,practice_set_2,practice,ps2_m03,mastery,2,Derivative meaning and rules; graph/table interpretation; algebraic manipulation; notation and units.,"I can retrieve durable derivative, graph, algebra, notation, and units learning.","AP Topics 6.7, 6.8",product_rule_retrieval,expression,,"Unit 6 Assessment Plan + AP Calculus AB Course Framework; supplied AP Topic scoring guides consulted for authentic representations and rigor only, with no published question wording copied.",
U6-S4-PS2-M04,MATH,6,6.4,practice_set_2,practice,ps2_m04,mastery,2,Derivative meaning and rules; graph/table interpretation; algebraic manipulation; notation and units.,"I can retrieve durable derivative, graph, algebra, notation, and units learning.","AP Topics 6.7, 6.8",linearization_retrieval,numeric,,"Unit 6 Assessment Plan + AP Calculus AB Course Framework; supplied AP Topic scoring guides consulted for authentic representations and rigor only, with no published question wording copied.",
U6-S4-PS2-M05,MATH,6,6.4,practice_set_2,practice,ps2_m05,mastery,1,Derivative meaning and rules; graph/table interpretation; algebraic manipulation; notation and units.,"I can retrieve durable derivative, graph, algebra, notation, and units learning.","AP Topics 6.7, 6.8",algebra_retrieval,numeric,,"Unit 6 Assessment Plan + AP Calculus AB Course Framework; supplied AP Topic scoring guides consulted for authentic representations and rigor only, with no published question wording copied.",
U6-S4-PS2-M06,MATH,6,6.4,practice_set_2,practice,ps2_m06,mastery,2,Derivative meaning and rules; graph/table interpretation; algebraic manipulation; notation and units.,"I can retrieve durable derivative, graph, algebra, notation, and units learning.","AP Topics 6.7, 6.8",rate_meaning_retrieval,text,,"Unit 6 Assessment Plan + AP Calculus AB Course Framework; supplied AP Topic scoring guides consulted for authentic representations and rigor only, with no published question wording copied.",
U6-S4-PS2-M07,MATH,6,6.4,practice_set_2,practice,ps2_m07,mastery,1,Derivative meaning and rules; graph/table interpretation; algebraic manipulation; notation and units.,"I can retrieve durable derivative, graph, algebra, notation, and units learning.","AP Topics 6.7, 6.8",graph_sign_retrieval,text,,"Unit 6 Assessment Plan + AP Calculus AB Course Framework; supplied AP Topic scoring guides consulted for authentic representations and rigor only, with no published question wording copied.",
U6-S4-PS2-M08,MATH,6,6.4,practice_set_2,practice,ps2_m08,mastery,2,Derivative meaning and rules; graph/table interpretation; algebraic manipulation; notation and units.,"I can retrieve durable derivative, graph, algebra, notation, and units learning.","AP Topics 6.7, 6.8",derivative_rule_retrieval,expression,,"Unit 6 Assessment Plan + AP Calculus AB Course Framework; supplied AP Topic scoring guides consulted for authentic representations and rigor only, with no published question wording copied.",
U6-S4-PS2-M09,MATH,6,6.4,practice_set_2,practice,ps2_m09,mastery,1,Derivative meaning and rules; graph/table interpretation; algebraic manipulation; notation and units.,"I can retrieve durable derivative, graph, algebra, notation, and units learning.","AP Topics 6.7, 6.8",units_retrieval,text,,"Unit 6 Assessment Plan + AP Calculus AB Course Framework; supplied AP Topic scoring guides consulted for authentic representations and rigor only, with no published question wording copied.",
U6-S4-PS2-M10,MATH,6,6.4,practice_set_2,practice,ps2_m10,mastery,2,Derivative meaning and rules; graph/table interpretation; algebraic manipulation; notation and units.,"I can retrieve durable derivative, graph, algebra, notation, and units learning.","AP Topics 6.7, 6.8",limit_retrieval,numeric,,"Unit 6 Assessment Plan + AP Calculus AB Course Framework; supplied AP Topic scoring guides consulted for authentic representations and rigor only, with no published question wording copied.",
U6-S4-PS3-C01,MATH,6,6.4,practice_set_3,practice,ps3_c01,current,1,"Find antiderivatives and evaluate definite integrals using the Fundamental Theorem of Calculus, with correct constants and notation for indefinite integrals.","I can find antiderivative families, evaluate definite integrals from antiderivatives, and distinguish when a constant of integration belongs.","AP Topics 6.7, 6.8",antiderivative_compact,expression,,"Unit 6 Assessment Plan + AP Calculus AB Course Framework; supplied AP Topic scoring guides consulted for authentic representations and rigor only, with no published question wording copied.",Tarsia-friendly concise source.
U6-S4-PS3-C02,MATH,6,6.4,practice_set_3,practice,ps3_c02,current,1,"Find antiderivatives and evaluate definite integrals using the Fundamental Theorem of Calculus, with correct constants and notation for indefinite integrals.","I can find antiderivative families, evaluate definite integrals from antiderivatives, and distinguish when a constant of integration belongs.","AP Topics 6.7, 6.8",antiderivative_compact,expression,,"Unit 6 Assessment Plan + AP Calculus AB Course Framework; supplied AP Topic scoring guides consulted for authentic representations and rigor only, with no published question wording copied.",Tarsia-friendly concise source.
U6-S4-PS3-C03,MATH,6,6.4,practice_set_3,practice,ps3_c03,current,1,"Find antiderivatives and evaluate definite integrals using the Fundamental Theorem of Calculus, with correct constants and notation for indefinite integrals.","I can find antiderivative families, evaluate definite integrals from antiderivatives, and distinguish when a constant of integration belongs.","AP Topics 6.7, 6.8",antiderivative_compact,expression,,"Unit 6 Assessment Plan + AP Calculus AB Course Framework; supplied AP Topic scoring guides consulted for authentic representations and rigor only, with no published question wording copied.",Tarsia-friendly concise source.
U6-S4-PS3-C04,MATH,6,6.4,practice_set_3,practice,ps3_c04,current,1,"Find antiderivatives and evaluate definite integrals using the Fundamental Theorem of Calculus, with correct constants and notation for indefinite integrals.","I can find antiderivative families, evaluate definite integrals from antiderivatives, and distinguish when a constant of integration belongs.","AP Topics 6.7, 6.8",antiderivative_compact,expression,,"Unit 6 Assessment Plan + AP Calculus AB Course Framework; supplied AP Topic scoring guides consulted for authentic representations and rigor only, with no published question wording copied.",Tarsia-friendly concise source.
U6-S4-PS3-C05,MATH,6,6.4,practice_set_3,practice,ps3_c05,current,1,"Find antiderivatives and evaluate definite integrals using the Fundamental Theorem of Calculus, with correct constants and notation for indefinite integrals.","I can find antiderivative families, evaluate definite integrals from antiderivatives, and distinguish when a constant of integration belongs.","AP Topics 6.7, 6.8",antiderivative_compact,expression,,"Unit 6 Assessment Plan + AP Calculus AB Course Framework; supplied AP Topic scoring guides consulted for authentic representations and rigor only, with no published question wording copied.",Tarsia-friendly concise source.
U6-S4-PS3-L01,MATH,6,6.4,practice_set_3,practice,ps3_l01,last,2,"Connect definite integrals and accumulation functions through the Fundamental Theorem of Calculus, including derivatives of integrals and behavior of accumulation functions.",I can retrieve and apply the most recent prerequisite learning.,"AP Topics 6.7, 6.8",ftc_compact,expression,,"Unit 6 Assessment Plan + AP Calculus AB Course Framework; supplied AP Topic scoring guides consulted for authentic representations and rigor only, with no published question wording copied.",Tarsia-friendly concise source.
U6-S4-PS3-L02,MATH,6,6.4,practice_set_3,practice,ps3_l02,last,2,"Connect definite integrals and accumulation functions through the Fundamental Theorem of Calculus, including derivatives of integrals and behavior of accumulation functions.",I can retrieve and apply the most recent prerequisite learning.,"AP Topics 6.7, 6.8",ftc_compact,expression,,"Unit 6 Assessment Plan + AP Calculus AB Course Framework; supplied AP Topic scoring guides consulted for authentic representations and rigor only, with no published question wording copied.",Tarsia-friendly concise source.
U6-S4-PS3-L03,MATH,6,6.4,practice_set_3,practice,ps3_l03,last,2,"Connect definite integrals and accumulation functions through the Fundamental Theorem of Calculus, including derivatives of integrals and behavior of accumulation functions.",I can retrieve and apply the most recent prerequisite learning.,"AP Topics 6.7, 6.8",ftc_compact,expression,,"Unit 6 Assessment Plan + AP Calculus AB Course Framework; supplied AP Topic scoring guides consulted for authentic representations and rigor only, with no published question wording copied.",Tarsia-friendly concise source.
U6-S4-PS3-L04,MATH,6,6.4,practice_set_3,practice,ps3_l04,last,2,"Connect definite integrals and accumulation functions through the Fundamental Theorem of Calculus, including derivatives of integrals and behavior of accumulation functions.",I can retrieve and apply the most recent prerequisite learning.,"AP Topics 6.7, 6.8",ftc_compact,expression,,"Unit 6 Assessment Plan + AP Calculus AB Course Framework; supplied AP Topic scoring guides consulted for authentic representations and rigor only, with no published question wording copied.",Tarsia-friendly concise source.
U6-S4-PS3-L05,MATH,6,6.4,practice_set_3,practice,ps3_l05,last,2,"Connect definite integrals and accumulation functions through the Fundamental Theorem of Calculus, including derivatives of integrals and behavior of accumulation functions.",I can retrieve and apply the most recent prerequisite learning.,"AP Topics 6.7, 6.8",ftc_compact,expression,,"Unit 6 Assessment Plan + AP Calculus AB Course Framework; supplied AP Topic scoring guides consulted for authentic representations and rigor only, with no published question wording copied.",Tarsia-friendly concise source.
U6-S4-PS3-M01,MATH,6,6.4,practice_set_3,practice,ps3_m01,mastery,2,Derivative meaning and rules; graph/table interpretation; algebraic manipulation; notation and units.,"I can retrieve durable derivative, graph, algebra, notation, and units learning.","AP Topics 6.7, 6.8",derivative_rule_retrieval,expression,,"Unit 6 Assessment Plan + AP Calculus AB Course Framework; supplied AP Topic scoring guides consulted for authentic representations and rigor only, with no published question wording copied.",Tarsia-friendly concise source.
U6-S4-PS3-M02,MATH,6,6.4,practice_set_3,practice,ps3_m02,mastery,1,Derivative meaning and rules; graph/table interpretation; algebraic manipulation; notation and units.,"I can retrieve durable derivative, graph, algebra, notation, and units learning.","AP Topics 6.7, 6.8",units_retrieval,text,,"Unit 6 Assessment Plan + AP Calculus AB Course Framework; supplied AP Topic scoring guides consulted for authentic representations and rigor only, with no published question wording copied.",Tarsia-friendly concise source.
U6-S4-PS3-M03,MATH,6,6.4,practice_set_3,practice,ps3_m03,mastery,2,Derivative meaning and rules; graph/table interpretation; algebraic manipulation; notation and units.,"I can retrieve durable derivative, graph, algebra, notation, and units learning.","AP Topics 6.7, 6.8",limit_retrieval,numeric,,"Unit 6 Assessment Plan + AP Calculus AB Course Framework; supplied AP Topic scoring guides consulted for authentic representations and rigor only, with no published question wording copied.",Tarsia-friendly concise source.
U6-S4-PS3-M04,MATH,6,6.4,practice_set_3,practice,ps3_m04,mastery,2,Derivative meaning and rules; graph/table interpretation; algebraic manipulation; notation and units.,"I can retrieve durable derivative, graph, algebra, notation, and units learning.","AP Topics 6.7, 6.8",product_rule_retrieval,expression,,"Unit 6 Assessment Plan + AP Calculus AB Course Framework; supplied AP Topic scoring guides consulted for authentic representations and rigor only, with no published question wording copied.",Tarsia-friendly concise source.
U6-S4-PS3-M05,MATH,6,6.4,practice_set_3,practice,ps3_m05,mastery,2,Derivative meaning and rules; graph/table interpretation; algebraic manipulation; notation and units.,"I can retrieve durable derivative, graph, algebra, notation, and units learning.","AP Topics 6.7, 6.8",linearization_retrieval,numeric,,"Unit 6 Assessment Plan + AP Calculus AB Course Framework; supplied AP Topic scoring guides consulted for authentic representations and rigor only, with no published question wording copied.",Tarsia-friendly concise source.
U6-S4-PS3-M06,MATH,6,6.4,practice_set_3,practice,ps3_m06,mastery,1,Derivative meaning and rules; graph/table interpretation; algebraic manipulation; notation and units.,"I can retrieve durable derivative, graph, algebra, notation, and units learning.","AP Topics 6.7, 6.8",algebra_retrieval,numeric,,"Unit 6 Assessment Plan + AP Calculus AB Course Framework; supplied AP Topic scoring guides consulted for authentic representations and rigor only, with no published question wording copied.",Tarsia-friendly concise source.
U6-S4-PS3-M07,MATH,6,6.4,practice_set_3,practice,ps3_m07,mastery,2,Derivative meaning and rules; graph/table interpretation; algebraic manipulation; notation and units.,"I can retrieve durable derivative, graph, algebra, notation, and units learning.","AP Topics 6.7, 6.8",rate_meaning_retrieval,text,,"Unit 6 Assessment Plan + AP Calculus AB Course Framework; supplied AP Topic scoring guides consulted for authentic representations and rigor only, with no published question wording copied.",Tarsia-friendly concise source.
U6-S4-PS3-M08,MATH,6,6.4,practice_set_3,practice,ps3_m08,mastery,1,Derivative meaning and rules; graph/table interpretation; algebraic manipulation; notation and units.,"I can retrieve durable derivative, graph, algebra, notation, and units learning.","AP Topics 6.7, 6.8",graph_sign_retrieval,text,,"Unit 6 Assessment Plan + AP Calculus AB Course Framework; supplied AP Topic scoring guides consulted for authentic representations and rigor only, with no published question wording copied.",Tarsia-friendly concise source.
U6-S4-PS3-M09,MATH,6,6.4,practice_set_3,practice,ps3_m09,mastery,2,Derivative meaning and rules; graph/table interpretation; algebraic manipulation; notation and units.,"I can retrieve durable derivative, graph, algebra, notation, and units learning.","AP Topics 6.7, 6.8",derivative_rule_retrieval,expression,,"Unit 6 Assessment Plan + AP Calculus AB Course Framework; supplied AP Topic scoring guides consulted for authentic representations and rigor only, with no published question wording copied.",Tarsia-friendly concise source.
U6-S4-PS3-M10,MATH,6,6.4,practice_set_3,practice,ps3_m10,mastery,1,Derivative meaning and rules; graph/table interpretation; algebraic manipulation; notation and units.,"I can retrieve durable derivative, graph, algebra, notation, and units learning.","AP Topics 6.7, 6.8",units_retrieval,text,,"Unit 6 Assessment Plan + AP Calculus AB Course Framework; supplied AP Topic scoring guides consulted for authentic representations and rigor only, with no published question wording copied.",Tarsia-friendly concise source.
U6-S4-XP-C01,MATH,6,6.4,extra_practice,practice,xp_c01,current,2,"Find antiderivatives and evaluate definite integrals using the Fundamental Theorem of Calculus, with correct constants and notation for indefinite integrals.","I can find antiderivative families, evaluate definite integrals from antiderivatives, and distinguish when a constant of integration belongs.","AP Topics 6.7, 6.8",particular_antiderivative,expression,,"Unit 6 Assessment Plan + AP Calculus AB Course Framework; supplied AP Topic scoring guides consulted for authentic representations and rigor only, with no published question wording copied.",
U6-S4-XP-C02,MATH,6,6.4,extra_practice,practice,xp_c02,current,3,"Find antiderivatives and evaluate definite integrals using the Fundamental Theorem of Calculus, with correct constants and notation for indefinite integrals.","I can find antiderivative families, evaluate definite integrals from antiderivatives, and distinguish when a constant of integration belongs.","AP Topics 6.7, 6.8",constant_of_integration_critique,constructed_response,,"Unit 6 Assessment Plan + AP Calculus AB Course Framework; supplied AP Topic scoring guides consulted for authentic representations and rigor only, with no published question wording copied.",
U6-S4-XP-C03,MATH,6,6.4,extra_practice,practice,xp_c03,current,1,"Find antiderivatives and evaluate definite integrals using the Fundamental Theorem of Calculus, with correct constants and notation for indefinite integrals.","I can find antiderivative families, evaluate definite integrals from antiderivatives, and distinguish when a constant of integration belongs.","AP Topics 6.7, 6.8",basic_antiderivative,expression,,"Unit 6 Assessment Plan + AP Calculus AB Course Framework; supplied AP Topic scoring guides consulted for authentic representations and rigor only, with no published question wording copied.",
U6-S4-XP-C04,MATH,6,6.4,extra_practice,practice,xp_c04,current,2,"Find antiderivatives and evaluate definite integrals using the Fundamental Theorem of Calculus, with correct constants and notation for indefinite integrals.","I can find antiderivative families, evaluate definite integrals from antiderivatives, and distinguish when a constant of integration belongs.","AP Topics 6.7, 6.8",ftc_evaluation,numeric,,"Unit 6 Assessment Plan + AP Calculus AB Course Framework; supplied AP Topic scoring guides consulted for authentic representations and rigor only, with no published question wording copied.",
U6-S4-XP-C05,MATH,6,6.4,extra_practice,practice,xp_c05,current,1,"Find antiderivatives and evaluate definite integrals using the Fundamental Theorem of Calculus, with correct constants and notation for indefinite integrals.","I can find antiderivative families, evaluate definite integrals from antiderivatives, and distinguish when a constant of integration belongs.","AP Topics 6.7, 6.8",definite_indefinite_notation,text,,"Unit 6 Assessment Plan + AP Calculus AB Course Framework; supplied AP Topic scoring guides consulted for authentic representations and rigor only, with no published question wording copied.",
U6-S4-XP-L01,MATH,6,6.4,extra_practice,practice,xp_l01,last,2,"Connect definite integrals and accumulation functions through the Fundamental Theorem of Calculus, including derivatives of integrals and behavior of accumulation functions.",I can retrieve and apply the most recent prerequisite learning.,"AP Topics 6.7, 6.8",accumulation_behavior_graph,intervals,u6_s4_xp_l01_integrand.png,"Unit 6 Assessment Plan + AP Calculus AB Course Framework; supplied AP Topic scoring guides consulted for authentic representations and rigor only, with no published question wording copied.",
U6-S4-XP-L02,MATH,6,6.4,extra_practice,practice,xp_l02,last,1,"Connect definite integrals and accumulation functions through the Fundamental Theorem of Calculus, including derivatives of integrals and behavior of accumulation functions.",I can retrieve and apply the most recent prerequisite learning.,"AP Topics 6.7, 6.8",ftc_direct,expression,,"Unit 6 Assessment Plan + AP Calculus AB Course Framework; supplied AP Topic scoring guides consulted for authentic representations and rigor only, with no published question wording copied.",
U6-S4-XP-L03,MATH,6,6.4,extra_practice,practice,xp_l03,last,2,"Connect definite integrals and accumulation functions through the Fundamental Theorem of Calculus, including derivatives of integrals and behavior of accumulation functions.",I can retrieve and apply the most recent prerequisite learning.,"AP Topics 6.7, 6.8",accumulation_second_derivative,expression,,"Unit 6 Assessment Plan + AP Calculus AB Course Framework; supplied AP Topic scoring guides consulted for authentic representations and rigor only, with no published question wording copied.",
U6-S4-XP-L04,MATH,6,6.4,extra_practice,practice,xp_l04,last,1,"Connect definite integrals and accumulation functions through the Fundamental Theorem of Calculus, including derivatives of integrals and behavior of accumulation functions.",I can retrieve and apply the most recent prerequisite learning.,"AP Topics 6.7, 6.8",accumulation_anchor,numeric,,"Unit 6 Assessment Plan + AP Calculus AB Course Framework; supplied AP Topic scoring guides consulted for authentic representations and rigor only, with no published question wording copied.",
U6-S4-XP-L05,MATH,6,6.4,extra_practice,practice,xp_l05,last,3,"Connect definite integrals and accumulation functions through the Fundamental Theorem of Calculus, including derivatives of integrals and behavior of accumulation functions.",I can retrieve and apply the most recent prerequisite learning.,"AP Topics 6.7, 6.8",accumulation_value_critique,constructed_response,,"Unit 6 Assessment Plan + AP Calculus AB Course Framework; supplied AP Topic scoring guides consulted for authentic representations and rigor only, with no published question wording copied.",
U6-S4-XP-M01,MATH,6,6.4,extra_practice,practice,xp_m01,mastery,1,Derivative meaning and rules; graph/table interpretation; algebraic manipulation; notation and units.,"I can retrieve durable derivative, graph, algebra, notation, and units learning.","AP Topics 6.7, 6.8",graph_sign_retrieval,text,,"Unit 6 Assessment Plan + AP Calculus AB Course Framework; supplied AP Topic scoring guides consulted for authentic representations and rigor only, with no published question wording copied.",
U6-S4-XP-M02,MATH,6,6.4,extra_practice,practice,xp_m02,mastery,2,Derivative meaning and rules; graph/table interpretation; algebraic manipulation; notation and units.,"I can retrieve durable derivative, graph, algebra, notation, and units learning.","AP Topics 6.7, 6.8",derivative_rule_retrieval,expression,,"Unit 6 Assessment Plan + AP Calculus AB Course Framework; supplied AP Topic scoring guides consulted for authentic representations and rigor only, with no published question wording copied.",
U6-S4-XP-M03,MATH,6,6.4,extra_practice,practice,xp_m03,mastery,1,Derivative meaning and rules; graph/table interpretation; algebraic manipulation; notation and units.,"I can retrieve durable derivative, graph, algebra, notation, and units learning.","AP Topics 6.7, 6.8",units_retrieval,text,,"Unit 6 Assessment Plan + AP Calculus AB Course Framework; supplied AP Topic scoring guides consulted for authentic representations and rigor only, with no published question wording copied.",
U6-S4-XP-M04,MATH,6,6.4,extra_practice,practice,xp_m04,mastery,2,Derivative meaning and rules; graph/table interpretation; algebraic manipulation; notation and units.,"I can retrieve durable derivative, graph, algebra, notation, and units learning.","AP Topics 6.7, 6.8",limit_retrieval,numeric,,"Unit 6 Assessment Plan + AP Calculus AB Course Framework; supplied AP Topic scoring guides consulted for authentic representations and rigor only, with no published question wording copied.",
U6-S4-XP-M05,MATH,6,6.4,extra_practice,practice,xp_m05,mastery,2,Derivative meaning and rules; graph/table interpretation; algebraic manipulation; notation and units.,"I can retrieve durable derivative, graph, algebra, notation, and units learning.","AP Topics 6.7, 6.8",product_rule_retrieval,expression,,"Unit 6 Assessment Plan + AP Calculus AB Course Framework; supplied AP Topic scoring guides consulted for authentic representations and rigor only, with no published question wording copied.",
U6-S4-XP-M06,MATH,6,6.4,extra_practice,practice,xp_m06,mastery,2,Derivative meaning and rules; graph/table interpretation; algebraic manipulation; notation and units.,"I can retrieve durable derivative, graph, algebra, notation, and units learning.","AP Topics 6.7, 6.8",linearization_retrieval,numeric,,"Unit 6 Assessment Plan + AP Calculus AB Course Framework; supplied AP Topic scoring guides consulted for authentic representations and rigor only, with no published question wording copied.",
U6-S4-XP-M07,MATH,6,6.4,extra_practice,practice,xp_m07,mastery,1,Derivative meaning and rules; graph/table interpretation; algebraic manipulation; notation and units.,"I can retrieve durable derivative, graph, algebra, notation, and units learning.","AP Topics 6.7, 6.8",algebra_retrieval,numeric,,"Unit 6 Assessment Plan + AP Calculus AB Course Framework; supplied AP Topic scoring guides consulted for authentic representations and rigor only, with no published question wording copied.",
U6-S4-XP-M08,MATH,6,6.4,extra_practice,practice,xp_m08,mastery,2,Derivative meaning and rules; graph/table interpretation; algebraic manipulation; notation and units.,"I can retrieve durable derivative, graph, algebra, notation, and units learning.","AP Topics 6.7, 6.8",rate_meaning_retrieval,text,,"Unit 6 Assessment Plan + AP Calculus AB Course Framework; supplied AP Topic scoring guides consulted for authentic representations and rigor only, with no published question wording copied.",
U6-S4-XP-M09,MATH,6,6.4,extra_practice,practice,xp_m09,mastery,1,Derivative meaning and rules; graph/table interpretation; algebraic manipulation; notation and units.,"I can retrieve durable derivative, graph, algebra, notation, and units learning.","AP Topics 6.7, 6.8",graph_sign_retrieval,text,,"Unit 6 Assessment Plan + AP Calculus AB Course Framework; supplied AP Topic scoring guides consulted for authentic representations and rigor only, with no published question wording copied.",
U6-S4-XP-M10,MATH,6,6.4,extra_practice,practice,xp_m10,mastery,2,Derivative meaning and rules; graph/table interpretation; algebraic manipulation; notation and units.,"I can retrieve durable derivative, graph, algebra, notation, and units learning.","AP Topics 6.7, 6.8",derivative_rule_retrieval,expression,,"Unit 6 Assessment Plan + AP Calculus AB Course Framework; supplied AP Topic scoring guides consulted for authentic representations and rigor only, with no published question wording copied.",
U6-S5-PS1-C01,MATH,6,6.5,practice_set_1,practice,ps1_c01,current,2,"Use $u$-substitution as chain-rule reversal and select among substitution, algebraic rewriting, long division, or completing the square when appropriate.","I can recognize integrand structure, choose an efficient integration strategy, execute the method consistently, and justify why it fits.","AP Topics 6.9, 6.10, 6.14",definite_u_substitution,numeric,,"Unit 6 Assessment Plan + AP Calculus AB Course Framework; supplied AP Topic scoring guides consulted for authentic representations and rigor only, with no published question wording copied.",
U6-S5-PS1-C02,MATH,6,6.5,practice_set_1,practice,ps1_c02,current,2,"Use $u$-substitution as chain-rule reversal and select among substitution, algebraic rewriting, long division, or completing the square when appropriate.","I can recognize integrand structure, choose an efficient integration strategy, execute the method consistently, and justify why it fits.","AP Topics 6.9, 6.10, 6.14",algebraic_rewrite_integration,expression,,"Unit 6 Assessment Plan + AP Calculus AB Course Framework; supplied AP Topic scoring guides consulted for authentic representations and rigor only, with no published question wording copied.",
U6-S5-PS1-C03,MATH,6,6.5,practice_set_1,practice,ps1_c03,current,2,"Use $u$-substitution as chain-rule reversal and select among substitution, algebraic rewriting, long division, or completing the square when appropriate.","I can recognize integrand structure, choose an efficient integration strategy, execute the method consistently, and justify why it fits.","AP Topics 6.9, 6.10, 6.14",long_division_integration,expression,,"Unit 6 Assessment Plan + AP Calculus AB Course Framework; supplied AP Topic scoring guides consulted for authentic representations and rigor only, with no published question wording copied.",
U6-S5-PS1-C04,MATH,6,6.5,practice_set_1,practice,ps1_c04,current,2,"Use $u$-substitution as chain-rule reversal and select among substitution, algebraic rewriting, long division, or completing the square when appropriate.","I can recognize integrand structure, choose an efficient integration strategy, execute the method consistently, and justify why it fits.","AP Topics 6.9, 6.10, 6.14",complete_square_integration,expression,,"Unit 6 Assessment Plan + AP Calculus AB Course Framework; supplied AP Topic scoring guides consulted for authentic representations and rigor only, with no published question wording copied.",
U6-S5-PS1-C05,MATH,6,6.5,practice_set_1,practice,ps1_c05,current,3,"Use $u$-substitution as chain-rule reversal and select among substitution, algebraic rewriting, long division, or completing the square when appropriate.","I can recognize integrand structure, choose an efficient integration strategy, execute the method consistently, and justify why it fits.","AP Topics 6.9, 6.10, 6.14",integration_strategy_selection,constructed_response,,"Unit 6 Assessment Plan + AP Calculus AB Course Framework; supplied AP Topic scoring guides consulted for authentic representations and rigor only, with no published question wording copied.",
U6-S5-PS1-L01,MATH,6,6.5,practice_set_1,practice,ps1_l01,last,2,"Find antiderivatives and evaluate definite integrals using the Fundamental Theorem of Calculus, with correct constants and notation for indefinite integrals.",I can retrieve and apply the most recent prerequisite learning.,"AP Topics 6.9, 6.10, 6.14",particular_antiderivative,expression,,"Unit 6 Assessment Plan + AP Calculus AB Course Framework; supplied AP Topic scoring guides consulted for authentic representations and rigor only, with no published question wording copied.",
U6-S5-PS1-L02,MATH,6,6.5,practice_set_1,practice,ps1_l02,last,3,"Find antiderivatives and evaluate definite integrals using the Fundamental Theorem of Calculus, with correct constants and notation for indefinite integrals.",I can retrieve and apply the most recent prerequisite learning.,"AP Topics 6.9, 6.10, 6.14",constant_of_integration_critique,constructed_response,,"Unit 6 Assessment Plan + AP Calculus AB Course Framework; supplied AP Topic scoring guides consulted for authentic representations and rigor only, with no published question wording copied.",
U6-S5-PS1-L03,MATH,6,6.5,practice_set_1,practice,ps1_l03,last,1,"Find antiderivatives and evaluate definite integrals using the Fundamental Theorem of Calculus, with correct constants and notation for indefinite integrals.",I can retrieve and apply the most recent prerequisite learning.,"AP Topics 6.9, 6.10, 6.14",basic_antiderivative,expression,,"Unit 6 Assessment Plan + AP Calculus AB Course Framework; supplied AP Topic scoring guides consulted for authentic representations and rigor only, with no published question wording copied.",
U6-S5-PS1-L04,MATH,6,6.5,practice_set_1,practice,ps1_l04,last,2,"Find antiderivatives and evaluate definite integrals using the Fundamental Theorem of Calculus, with correct constants and notation for indefinite integrals.",I can retrieve and apply the most recent prerequisite learning.,"AP Topics 6.9, 6.10, 6.14",ftc_evaluation,numeric,,"Unit 6 Assessment Plan + AP Calculus AB Course Framework; supplied AP Topic scoring guides consulted for authentic representations and rigor only, with no published question wording copied.",
U6-S5-PS1-L05,MATH,6,6.5,practice_set_1,practice,ps1_l05,last,1,"Find antiderivatives and evaluate definite integrals using the Fundamental Theorem of Calculus, with correct constants and notation for indefinite integrals.",I can retrieve and apply the most recent prerequisite learning.,"AP Topics 6.9, 6.10, 6.14",definite_indefinite_notation,text,,"Unit 6 Assessment Plan + AP Calculus AB Course Framework; supplied AP Topic scoring guides consulted for authentic representations and rigor only, with no published question wording copied.",
U6-S5-PS1-M01,MATH,6,6.5,practice_set_1,practice,ps1_m01,mastery,2,Derivative meaning and rules; graph/table interpretation; algebraic manipulation; notation and units.,"I can retrieve durable derivative, graph, algebra, notation, and units learning.","AP Topics 6.9, 6.10, 6.14",limit_retrieval,numeric,,"Unit 6 Assessment Plan + AP Calculus AB Course Framework; supplied AP Topic scoring guides consulted for authentic representations and rigor only, with no published question wording copied.",
U6-S5-PS1-M02,MATH,6,6.5,practice_set_1,practice,ps1_m02,mastery,2,Derivative meaning and rules; graph/table interpretation; algebraic manipulation; notation and units.,"I can retrieve durable derivative, graph, algebra, notation, and units learning.","AP Topics 6.9, 6.10, 6.14",product_rule_retrieval,expression,,"Unit 6 Assessment Plan + AP Calculus AB Course Framework; supplied AP Topic scoring guides consulted for authentic representations and rigor only, with no published question wording copied.",
U6-S5-PS1-M03,MATH,6,6.5,practice_set_1,practice,ps1_m03,mastery,2,Derivative meaning and rules; graph/table interpretation; algebraic manipulation; notation and units.,"I can retrieve durable derivative, graph, algebra, notation, and units learning.","AP Topics 6.9, 6.10, 6.14",linearization_retrieval,numeric,,"Unit 6 Assessment Plan + AP Calculus AB Course Framework; supplied AP Topic scoring guides consulted for authentic representations and rigor only, with no published question wording copied.",
U6-S5-PS1-M04,MATH,6,6.5,practice_set_1,practice,ps1_m04,mastery,1,Derivative meaning and rules; graph/table interpretation; algebraic manipulation; notation and units.,"I can retrieve durable derivative, graph, algebra, notation, and units learning.","AP Topics 6.9, 6.10, 6.14",algebra_retrieval,numeric,,"Unit 6 Assessment Plan + AP Calculus AB Course Framework; supplied AP Topic scoring guides consulted for authentic representations and rigor only, with no published question wording copied.",
U6-S5-PS1-M05,MATH,6,6.5,practice_set_1,practice,ps1_m05,mastery,2,Derivative meaning and rules; graph/table interpretation; algebraic manipulation; notation and units.,"I can retrieve durable derivative, graph, algebra, notation, and units learning.","AP Topics 6.9, 6.10, 6.14",rate_meaning_retrieval,text,,"Unit 6 Assessment Plan + AP Calculus AB Course Framework; supplied AP Topic scoring guides consulted for authentic representations and rigor only, with no published question wording copied.",
U6-S5-PS1-M06,MATH,6,6.5,practice_set_1,practice,ps1_m06,mastery,1,Derivative meaning and rules; graph/table interpretation; algebraic manipulation; notation and units.,"I can retrieve durable derivative, graph, algebra, notation, and units learning.","AP Topics 6.9, 6.10, 6.14",graph_sign_retrieval,text,,"Unit 6 Assessment Plan + AP Calculus AB Course Framework; supplied AP Topic scoring guides consulted for authentic representations and rigor only, with no published question wording copied.",
U6-S5-PS1-M07,MATH,6,6.5,practice_set_1,practice,ps1_m07,mastery,2,Derivative meaning and rules; graph/table interpretation; algebraic manipulation; notation and units.,"I can retrieve durable derivative, graph, algebra, notation, and units learning.","AP Topics 6.9, 6.10, 6.14",derivative_rule_retrieval,expression,,"Unit 6 Assessment Plan + AP Calculus AB Course Framework; supplied AP Topic scoring guides consulted for authentic representations and rigor only, with no published question wording copied.",
U6-S5-PS1-M08,MATH,6,6.5,practice_set_1,practice,ps1_m08,mastery,1,Derivative meaning and rules; graph/table interpretation; algebraic manipulation; notation and units.,"I can retrieve durable derivative, graph, algebra, notation, and units learning.","AP Topics 6.9, 6.10, 6.14",units_retrieval,text,,"Unit 6 Assessment Plan + AP Calculus AB Course Framework; supplied AP Topic scoring guides consulted for authentic representations and rigor only, with no published question wording copied.",
U6-S5-PS1-M09,MATH,6,6.5,practice_set_1,practice,ps1_m09,mastery,2,Derivative meaning and rules; graph/table interpretation; algebraic manipulation; notation and units.,"I can retrieve durable derivative, graph, algebra, notation, and units learning.","AP Topics 6.9, 6.10, 6.14",limit_retrieval,numeric,,"Unit 6 Assessment Plan + AP Calculus AB Course Framework; supplied AP Topic scoring guides consulted for authentic representations and rigor only, with no published question wording copied.",
U6-S5-PS1-M10,MATH,6,6.5,practice_set_1,practice,ps1_m10,mastery,2,Derivative meaning and rules; graph/table interpretation; algebraic manipulation; notation and units.,"I can retrieve durable derivative, graph, algebra, notation, and units learning.","AP Topics 6.9, 6.10, 6.14",product_rule_retrieval,expression,,"Unit 6 Assessment Plan + AP Calculus AB Course Framework; supplied AP Topic scoring guides consulted for authentic representations and rigor only, with no published question wording copied.",
U6-S5-PS2-C01,MATH,6,6.5,practice_set_2,practice,ps2_c01,current,2,"Use $u$-substitution as chain-rule reversal and select among substitution, algebraic rewriting, long division, or completing the square when appropriate.","I can recognize integrand structure, choose an efficient integration strategy, execute the method consistently, and justify why it fits.","AP Topics 6.9, 6.10, 6.14",algebraic_rewrite_integration,expression,,"Unit 6 Assessment Plan + AP Calculus AB Course Framework; supplied AP Topic scoring guides consulted for authentic representations and rigor only, with no published question wording copied.",
U6-S5-PS2-C02,MATH,6,6.5,practice_set_2,practice,ps2_c02,current,2,"Use $u$-substitution as chain-rule reversal and select among substitution, algebraic rewriting, long division, or completing the square when appropriate.","I can recognize integrand structure, choose an efficient integration strategy, execute the method consistently, and justify why it fits.","AP Topics 6.9, 6.10, 6.14",long_division_integration,expression,,"Unit 6 Assessment Plan + AP Calculus AB Course Framework; supplied AP Topic scoring guides consulted for authentic representations and rigor only, with no published question wording copied.",
U6-S5-PS2-C03,MATH,6,6.5,practice_set_2,practice,ps2_c03,current,2,"Use $u$-substitution as chain-rule reversal and select among substitution, algebraic rewriting, long division, or completing the square when appropriate.","I can recognize integrand structure, choose an efficient integration strategy, execute the method consistently, and justify why it fits.","AP Topics 6.9, 6.10, 6.14",complete_square_integration,expression,,"Unit 6 Assessment Plan + AP Calculus AB Course Framework; supplied AP Topic scoring guides consulted for authentic representations and rigor only, with no published question wording copied.",
U6-S5-PS2-C04,MATH,6,6.5,practice_set_2,practice,ps2_c04,current,3,"Use $u$-substitution as chain-rule reversal and select among substitution, algebraic rewriting, long division, or completing the square when appropriate.","I can recognize integrand structure, choose an efficient integration strategy, execute the method consistently, and justify why it fits.","AP Topics 6.9, 6.10, 6.14",integration_strategy_selection,constructed_response,,"Unit 6 Assessment Plan + AP Calculus AB Course Framework; supplied AP Topic scoring guides consulted for authentic representations and rigor only, with no published question wording copied.",
U6-S5-PS2-C05,MATH,6,6.5,practice_set_2,practice,ps2_c05,current,2,"Use $u$-substitution as chain-rule reversal and select among substitution, algebraic rewriting, long division, or completing the square when appropriate.","I can recognize integrand structure, choose an efficient integration strategy, execute the method consistently, and justify why it fits.","AP Topics 6.9, 6.10, 6.14",u_substitution,expression,,"Unit 6 Assessment Plan + AP Calculus AB Course Framework; supplied AP Topic scoring guides consulted for authentic representations and rigor only, with no published question wording copied.",
U6-S5-PS2-L01,MATH,6,6.5,practice_set_2,practice,ps2_l01,last,3,"Find antiderivatives and evaluate definite integrals using the Fundamental Theorem of Calculus, with correct constants and notation for indefinite integrals.",I can retrieve and apply the most recent prerequisite learning.,"AP Topics 6.9, 6.10, 6.14",constant_of_integration_critique,constructed_response,,"Unit 6 Assessment Plan + AP Calculus AB Course Framework; supplied AP Topic scoring guides consulted for authentic representations and rigor only, with no published question wording copied.",
U6-S5-PS2-L02,MATH,6,6.5,practice_set_2,practice,ps2_l02,last,1,"Find antiderivatives and evaluate definite integrals using the Fundamental Theorem of Calculus, with correct constants and notation for indefinite integrals.",I can retrieve and apply the most recent prerequisite learning.,"AP Topics 6.9, 6.10, 6.14",basic_antiderivative,expression,,"Unit 6 Assessment Plan + AP Calculus AB Course Framework; supplied AP Topic scoring guides consulted for authentic representations and rigor only, with no published question wording copied.",
U6-S5-PS2-L03,MATH,6,6.5,practice_set_2,practice,ps2_l03,last,2,"Find antiderivatives and evaluate definite integrals using the Fundamental Theorem of Calculus, with correct constants and notation for indefinite integrals.",I can retrieve and apply the most recent prerequisite learning.,"AP Topics 6.9, 6.10, 6.14",ftc_evaluation,numeric,,"Unit 6 Assessment Plan + AP Calculus AB Course Framework; supplied AP Topic scoring guides consulted for authentic representations and rigor only, with no published question wording copied.",
U6-S5-PS2-L04,MATH,6,6.5,practice_set_2,practice,ps2_l04,last,1,"Find antiderivatives and evaluate definite integrals using the Fundamental Theorem of Calculus, with correct constants and notation for indefinite integrals.",I can retrieve and apply the most recent prerequisite learning.,"AP Topics 6.9, 6.10, 6.14",definite_indefinite_notation,text,,"Unit 6 Assessment Plan + AP Calculus AB Course Framework; supplied AP Topic scoring guides consulted for authentic representations and rigor only, with no published question wording copied.",
U6-S5-PS2-L05,MATH,6,6.5,practice_set_2,practice,ps2_l05,last,1,"Find antiderivatives and evaluate definite integrals using the Fundamental Theorem of Calculus, with correct constants and notation for indefinite integrals.",I can retrieve and apply the most recent prerequisite learning.,"AP Topics 6.9, 6.10, 6.14",reverse_bounds,numeric,,"Unit 6 Assessment Plan + AP Calculus AB Course Framework; supplied AP Topic scoring guides consulted for authentic representations and rigor only, with no published question wording copied.",
U6-S5-PS2-M01,MATH,6,6.5,practice_set_2,practice,ps2_m01,mastery,1,Derivative meaning and rules; graph/table interpretation; algebraic manipulation; notation and units.,"I can retrieve durable derivative, graph, algebra, notation, and units learning.","AP Topics 6.9, 6.10, 6.14",units_retrieval,text,,"Unit 6 Assessment Plan + AP Calculus AB Course Framework; supplied AP Topic scoring guides consulted for authentic representations and rigor only, with no published question wording copied.",
U6-S5-PS2-M02,MATH,6,6.5,practice_set_2,practice,ps2_m02,mastery,2,Derivative meaning and rules; graph/table interpretation; algebraic manipulation; notation and units.,"I can retrieve durable derivative, graph, algebra, notation, and units learning.","AP Topics 6.9, 6.10, 6.14",limit_retrieval,numeric,,"Unit 6 Assessment Plan + AP Calculus AB Course Framework; supplied AP Topic scoring guides consulted for authentic representations and rigor only, with no published question wording copied.",
U6-S5-PS2-M03,MATH,6,6.5,practice_set_2,practice,ps2_m03,mastery,2,Derivative meaning and rules; graph/table interpretation; algebraic manipulation; notation and units.,"I can retrieve durable derivative, graph, algebra, notation, and units learning.","AP Topics 6.9, 6.10, 6.14",product_rule_retrieval,expression,,"Unit 6 Assessment Plan + AP Calculus AB Course Framework; supplied AP Topic scoring guides consulted for authentic representations and rigor only, with no published question wording copied.",
U6-S5-PS2-M04,MATH,6,6.5,practice_set_2,practice,ps2_m04,mastery,2,Derivative meaning and rules; graph/table interpretation; algebraic manipulation; notation and units.,"I can retrieve durable derivative, graph, algebra, notation, and units learning.","AP Topics 6.9, 6.10, 6.14",linearization_retrieval,numeric,,"Unit 6 Assessment Plan + AP Calculus AB Course Framework; supplied AP Topic scoring guides consulted for authentic representations and rigor only, with no published question wording copied.",
U6-S5-PS2-M05,MATH,6,6.5,practice_set_2,practice,ps2_m05,mastery,1,Derivative meaning and rules; graph/table interpretation; algebraic manipulation; notation and units.,"I can retrieve durable derivative, graph, algebra, notation, and units learning.","AP Topics 6.9, 6.10, 6.14",algebra_retrieval,numeric,,"Unit 6 Assessment Plan + AP Calculus AB Course Framework; supplied AP Topic scoring guides consulted for authentic representations and rigor only, with no published question wording copied.",
U6-S5-PS2-M06,MATH,6,6.5,practice_set_2,practice,ps2_m06,mastery,2,Derivative meaning and rules; graph/table interpretation; algebraic manipulation; notation and units.,"I can retrieve durable derivative, graph, algebra, notation, and units learning.","AP Topics 6.9, 6.10, 6.14",rate_meaning_retrieval,text,,"Unit 6 Assessment Plan + AP Calculus AB Course Framework; supplied AP Topic scoring guides consulted for authentic representations and rigor only, with no published question wording copied.",
U6-S5-PS2-M07,MATH,6,6.5,practice_set_2,practice,ps2_m07,mastery,1,Derivative meaning and rules; graph/table interpretation; algebraic manipulation; notation and units.,"I can retrieve durable derivative, graph, algebra, notation, and units learning.","AP Topics 6.9, 6.10, 6.14",graph_sign_retrieval,text,,"Unit 6 Assessment Plan + AP Calculus AB Course Framework; supplied AP Topic scoring guides consulted for authentic representations and rigor only, with no published question wording copied.",
U6-S5-PS2-M08,MATH,6,6.5,practice_set_2,practice,ps2_m08,mastery,2,Derivative meaning and rules; graph/table interpretation; algebraic manipulation; notation and units.,"I can retrieve durable derivative, graph, algebra, notation, and units learning.","AP Topics 6.9, 6.10, 6.14",derivative_rule_retrieval,expression,,"Unit 6 Assessment Plan + AP Calculus AB Course Framework; supplied AP Topic scoring guides consulted for authentic representations and rigor only, with no published question wording copied.",
U6-S5-PS2-M09,MATH,6,6.5,practice_set_2,practice,ps2_m09,mastery,1,Derivative meaning and rules; graph/table interpretation; algebraic manipulation; notation and units.,"I can retrieve durable derivative, graph, algebra, notation, and units learning.","AP Topics 6.9, 6.10, 6.14",units_retrieval,text,,"Unit 6 Assessment Plan + AP Calculus AB Course Framework; supplied AP Topic scoring guides consulted for authentic representations and rigor only, with no published question wording copied.",
U6-S5-PS2-M10,MATH,6,6.5,practice_set_2,practice,ps2_m10,mastery,2,Derivative meaning and rules; graph/table interpretation; algebraic manipulation; notation and units.,"I can retrieve durable derivative, graph, algebra, notation, and units learning.","AP Topics 6.9, 6.10, 6.14",limit_retrieval,numeric,,"Unit 6 Assessment Plan + AP Calculus AB Course Framework; supplied AP Topic scoring guides consulted for authentic representations and rigor only, with no published question wording copied.",
U6-S5-PS3-C01,MATH,6,6.5,practice_set_3,practice,ps3_c01,current,2,"Use $u$-substitution as chain-rule reversal and select among substitution, algebraic rewriting, long division, or completing the square when appropriate.","I can recognize integrand structure, choose an efficient integration strategy, execute the method consistently, and justify why it fits.","AP Topics 6.9, 6.10, 6.14",usub_compact,expression,,"Unit 6 Assessment Plan + AP Calculus AB Course Framework; supplied AP Topic scoring guides consulted for authentic representations and rigor only, with no published question wording copied.",Tarsia-friendly concise source.
U6-S5-PS3-C02,MATH,6,6.5,practice_set_3,practice,ps3_c02,current,2,"Use $u$-substitution as chain-rule reversal and select among substitution, algebraic rewriting, long division, or completing the square when appropriate.","I can recognize integrand structure, choose an efficient integration strategy, execute the method consistently, and justify why it fits.","AP Topics 6.9, 6.10, 6.14",usub_compact,expression,,"Unit 6 Assessment Plan + AP Calculus AB Course Framework; supplied AP Topic scoring guides consulted for authentic representations and rigor only, with no published question wording copied.",Tarsia-friendly concise source.
U6-S5-PS3-C03,MATH,6,6.5,practice_set_3,practice,ps3_c03,current,2,"Use $u$-substitution as chain-rule reversal and select among substitution, algebraic rewriting, long division, or completing the square when appropriate.","I can recognize integrand structure, choose an efficient integration strategy, execute the method consistently, and justify why it fits.","AP Topics 6.9, 6.10, 6.14",usub_compact,expression,,"Unit 6 Assessment Plan + AP Calculus AB Course Framework; supplied AP Topic scoring guides consulted for authentic representations and rigor only, with no published question wording copied.",Tarsia-friendly concise source.
U6-S5-PS3-C04,MATH,6,6.5,practice_set_3,practice,ps3_c04,current,2,"Use $u$-substitution as chain-rule reversal and select among substitution, algebraic rewriting, long division, or completing the square when appropriate.","I can recognize integrand structure, choose an efficient integration strategy, execute the method consistently, and justify why it fits.","AP Topics 6.9, 6.10, 6.14",usub_compact,expression,,"Unit 6 Assessment Plan + AP Calculus AB Course Framework; supplied AP Topic scoring guides consulted for authentic representations and rigor only, with no published question wording copied.",Tarsia-friendly concise source.
U6-S5-PS3-C05,MATH,6,6.5,practice_set_3,practice,ps3_c05,current,2,"Use $u$-substitution as chain-rule reversal and select among substitution, algebraic rewriting, long division, or completing the square when appropriate.","I can recognize integrand structure, choose an efficient integration strategy, execute the method consistently, and justify why it fits.","AP Topics 6.9, 6.10, 6.14",usub_compact,expression,,"Unit 6 Assessment Plan + AP Calculus AB Course Framework; supplied AP Topic scoring guides consulted for authentic representations and rigor only, with no published question wording copied.",Tarsia-friendly concise source.
U6-S5-PS3-L01,MATH,6,6.5,practice_set_3,practice,ps3_l01,last,1,"Find antiderivatives and evaluate definite integrals using the Fundamental Theorem of Calculus, with correct constants and notation for indefinite integrals.",I can retrieve and apply the most recent prerequisite learning.,"AP Topics 6.9, 6.10, 6.14",antiderivative_compact,expression,,"Unit 6 Assessment Plan + AP Calculus AB Course Framework; supplied AP Topic scoring guides consulted for authentic representations and rigor only, with no published question wording copied.",Tarsia-friendly concise source.
U6-S5-PS3-L02,MATH,6,6.5,practice_set_3,practice,ps3_l02,last,1,"Find antiderivatives and evaluate definite integrals using the Fundamental Theorem of Calculus, with correct constants and notation for indefinite integrals.",I can retrieve and apply the most recent prerequisite learning.,"AP Topics 6.9, 6.10, 6.14",antiderivative_compact,expression,,"Unit 6 Assessment Plan + AP Calculus AB Course Framework; supplied AP Topic scoring guides consulted for authentic representations and rigor only, with no published question wording copied.",Tarsia-friendly concise source.
U6-S5-PS3-L03,MATH,6,6.5,practice_set_3,practice,ps3_l03,last,1,"Find antiderivatives and evaluate definite integrals using the Fundamental Theorem of Calculus, with correct constants and notation for indefinite integrals.",I can retrieve and apply the most recent prerequisite learning.,"AP Topics 6.9, 6.10, 6.14",antiderivative_compact,expression,,"Unit 6 Assessment Plan + AP Calculus AB Course Framework; supplied AP Topic scoring guides consulted for authentic representations and rigor only, with no published question wording copied.",Tarsia-friendly concise source.
U6-S5-PS3-L04,MATH,6,6.5,practice_set_3,practice,ps3_l04,last,1,"Find antiderivatives and evaluate definite integrals using the Fundamental Theorem of Calculus, with correct constants and notation for indefinite integrals.",I can retrieve and apply the most recent prerequisite learning.,"AP Topics 6.9, 6.10, 6.14",antiderivative_compact,expression,,"Unit 6 Assessment Plan + AP Calculus AB Course Framework; supplied AP Topic scoring guides consulted for authentic representations and rigor only, with no published question wording copied.",Tarsia-friendly concise source.
U6-S5-PS3-L05,MATH,6,6.5,practice_set_3,practice,ps3_l05,last,1,"Find antiderivatives and evaluate definite integrals using the Fundamental Theorem of Calculus, with correct constants and notation for indefinite integrals.",I can retrieve and apply the most recent prerequisite learning.,"AP Topics 6.9, 6.10, 6.14",antiderivative_compact,expression,,"Unit 6 Assessment Plan + AP Calculus AB Course Framework; supplied AP Topic scoring guides consulted for authentic representations and rigor only, with no published question wording copied.",Tarsia-friendly concise source.
U6-S5-PS3-M01,MATH,6,6.5,practice_set_3,practice,ps3_m01,mastery,2,Derivative meaning and rules; graph/table interpretation; algebraic manipulation; notation and units.,"I can retrieve durable derivative, graph, algebra, notation, and units learning.","AP Topics 6.9, 6.10, 6.14",derivative_rule_retrieval,expression,,"Unit 6 Assessment Plan + AP Calculus AB Course Framework; supplied AP Topic scoring guides consulted for authentic representations and rigor only, with no published question wording copied.",Tarsia-friendly concise source.
U6-S5-PS3-M02,MATH,6,6.5,practice_set_3,practice,ps3_m02,mastery,1,Derivative meaning and rules; graph/table interpretation; algebraic manipulation; notation and units.,"I can retrieve durable derivative, graph, algebra, notation, and units learning.","AP Topics 6.9, 6.10, 6.14",units_retrieval,text,,"Unit 6 Assessment Plan + AP Calculus AB Course Framework; supplied AP Topic scoring guides consulted for authentic representations and rigor only, with no published question wording copied.",Tarsia-friendly concise source.
U6-S5-PS3-M03,MATH,6,6.5,practice_set_3,practice,ps3_m03,mastery,2,Derivative meaning and rules; graph/table interpretation; algebraic manipulation; notation and units.,"I can retrieve durable derivative, graph, algebra, notation, and units learning.","AP Topics 6.9, 6.10, 6.14",limit_retrieval,numeric,,"Unit 6 Assessment Plan + AP Calculus AB Course Framework; supplied AP Topic scoring guides consulted for authentic representations and rigor only, with no published question wording copied.",Tarsia-friendly concise source.
U6-S5-PS3-M04,MATH,6,6.5,practice_set_3,practice,ps3_m04,mastery,2,Derivative meaning and rules; graph/table interpretation; algebraic manipulation; notation and units.,"I can retrieve durable derivative, graph, algebra, notation, and units learning.","AP Topics 6.9, 6.10, 6.14",product_rule_retrieval,expression,,"Unit 6 Assessment Plan + AP Calculus AB Course Framework; supplied AP Topic scoring guides consulted for authentic representations and rigor only, with no published question wording copied.",Tarsia-friendly concise source.
U6-S5-PS3-M05,MATH,6,6.5,practice_set_3,practice,ps3_m05,mastery,2,Derivative meaning and rules; graph/table interpretation; algebraic manipulation; notation and units.,"I can retrieve durable derivative, graph, algebra, notation, and units learning.","AP Topics 6.9, 6.10, 6.14",linearization_retrieval,numeric,,"Unit 6 Assessment Plan + AP Calculus AB Course Framework; supplied AP Topic scoring guides consulted for authentic representations and rigor only, with no published question wording copied.",Tarsia-friendly concise source.
U6-S5-PS3-M06,MATH,6,6.5,practice_set_3,practice,ps3_m06,mastery,1,Derivative meaning and rules; graph/table interpretation; algebraic manipulation; notation and units.,"I can retrieve durable derivative, graph, algebra, notation, and units learning.","AP Topics 6.9, 6.10, 6.14",algebra_retrieval,numeric,,"Unit 6 Assessment Plan + AP Calculus AB Course Framework; supplied AP Topic scoring guides consulted for authentic representations and rigor only, with no published question wording copied.",Tarsia-friendly concise source.
U6-S5-PS3-M07,MATH,6,6.5,practice_set_3,practice,ps3_m07,mastery,2,Derivative meaning and rules; graph/table interpretation; algebraic manipulation; notation and units.,"I can retrieve durable derivative, graph, algebra, notation, and units learning.","AP Topics 6.9, 6.10, 6.14",rate_meaning_retrieval,text,,"Unit 6 Assessment Plan + AP Calculus AB Course Framework; supplied AP Topic scoring guides consulted for authentic representations and rigor only, with no published question wording copied.",Tarsia-friendly concise source.
U6-S5-PS3-M08,MATH,6,6.5,practice_set_3,practice,ps3_m08,mastery,1,Derivative meaning and rules; graph/table interpretation; algebraic manipulation; notation and units.,"I can retrieve durable derivative, graph, algebra, notation, and units learning.","AP Topics 6.9, 6.10, 6.14",graph_sign_retrieval,text,,"Unit 6 Assessment Plan + AP Calculus AB Course Framework; supplied AP Topic scoring guides consulted for authentic representations and rigor only, with no published question wording copied.",Tarsia-friendly concise source.
U6-S5-PS3-M09,MATH,6,6.5,practice_set_3,practice,ps3_m09,mastery,2,Derivative meaning and rules; graph/table interpretation; algebraic manipulation; notation and units.,"I can retrieve durable derivative, graph, algebra, notation, and units learning.","AP Topics 6.9, 6.10, 6.14",derivative_rule_retrieval,expression,,"Unit 6 Assessment Plan + AP Calculus AB Course Framework; supplied AP Topic scoring guides consulted for authentic representations and rigor only, with no published question wording copied.",Tarsia-friendly concise source.
U6-S5-PS3-M10,MATH,6,6.5,practice_set_3,practice,ps3_m10,mastery,1,Derivative meaning and rules; graph/table interpretation; algebraic manipulation; notation and units.,"I can retrieve durable derivative, graph, algebra, notation, and units learning.","AP Topics 6.9, 6.10, 6.14",units_retrieval,text,,"Unit 6 Assessment Plan + AP Calculus AB Course Framework; supplied AP Topic scoring guides consulted for authentic representations and rigor only, with no published question wording copied.",Tarsia-friendly concise source.
U6-S5-XP-C01,MATH,6,6.5,extra_practice,practice,xp_c01,current,2,"Use $u$-substitution as chain-rule reversal and select among substitution, algebraic rewriting, long division, or completing the square when appropriate.","I can recognize integrand structure, choose an efficient integration strategy, execute the method consistently, and justify why it fits.","AP Topics 6.9, 6.10, 6.14",complete_square_integration,expression,,"Unit 6 Assessment Plan + AP Calculus AB Course Framework; supplied AP Topic scoring guides consulted for authentic representations and rigor only, with no published question wording copied.",
U6-S5-XP-C02,MATH,6,6.5,extra_practice,practice,xp_c02,current,3,"Use $u$-substitution as chain-rule reversal and select among substitution, algebraic rewriting, long division, or completing the square when appropriate.","I can recognize integrand structure, choose an efficient integration strategy, execute the method consistently, and justify why it fits.","AP Topics 6.9, 6.10, 6.14",integration_strategy_selection,constructed_response,,"Unit 6 Assessment Plan + AP Calculus AB Course Framework; supplied AP Topic scoring guides consulted for authentic representations and rigor only, with no published question wording copied.",
U6-S5-XP-C03,MATH,6,6.5,extra_practice,practice,xp_c03,current,2,"Use $u$-substitution as chain-rule reversal and select among substitution, algebraic rewriting, long division, or completing the square when appropriate.","I can recognize integrand structure, choose an efficient integration strategy, execute the method consistently, and justify why it fits.","AP Topics 6.9, 6.10, 6.14",u_substitution,expression,,"Unit 6 Assessment Plan + AP Calculus AB Course Framework; supplied AP Topic scoring guides consulted for authentic representations and rigor only, with no published question wording copied.",
U6-S5-XP-C04,MATH,6,6.5,extra_practice,practice,xp_c04,current,2,"Use $u$-substitution as chain-rule reversal and select among substitution, algebraic rewriting, long division, or completing the square when appropriate.","I can recognize integrand structure, choose an efficient integration strategy, execute the method consistently, and justify why it fits.","AP Topics 6.9, 6.10, 6.14",definite_u_substitution,numeric,,"Unit 6 Assessment Plan + AP Calculus AB Course Framework; supplied AP Topic scoring guides consulted for authentic representations and rigor only, with no published question wording copied.",
U6-S5-XP-C05,MATH,6,6.5,extra_practice,practice,xp_c05,current,2,"Use $u$-substitution as chain-rule reversal and select among substitution, algebraic rewriting, long division, or completing the square when appropriate.","I can recognize integrand structure, choose an efficient integration strategy, execute the method consistently, and justify why it fits.","AP Topics 6.9, 6.10, 6.14",algebraic_rewrite_integration,expression,,"Unit 6 Assessment Plan + AP Calculus AB Course Framework; supplied AP Topic scoring guides consulted for authentic representations and rigor only, with no published question wording copied.",
U6-S5-XP-L01,MATH,6,6.5,extra_practice,practice,xp_l01,last,2,"Find antiderivatives and evaluate definite integrals using the Fundamental Theorem of Calculus, with correct constants and notation for indefinite integrals.",I can retrieve and apply the most recent prerequisite learning.,"AP Topics 6.9, 6.10, 6.14",ftc_evaluation,numeric,,"Unit 6 Assessment Plan + AP Calculus AB Course Framework; supplied AP Topic scoring guides consulted for authentic representations and rigor only, with no published question wording copied.",
U6-S5-XP-L02,MATH,6,6.5,extra_practice,practice,xp_l02,last,1,"Find antiderivatives and evaluate definite integrals using the Fundamental Theorem of Calculus, with correct constants and notation for indefinite integrals.",I can retrieve and apply the most recent prerequisite learning.,"AP Topics 6.9, 6.10, 6.14",definite_indefinite_notation,text,,"Unit 6 Assessment Plan + AP Calculus AB Course Framework; supplied AP Topic scoring guides consulted for authentic representations and rigor only, with no published question wording copied.",
U6-S5-XP-L03,MATH,6,6.5,extra_practice,practice,xp_l03,last,1,"Find antiderivatives and evaluate definite integrals using the Fundamental Theorem of Calculus, with correct constants and notation for indefinite integrals.",I can retrieve and apply the most recent prerequisite learning.,"AP Topics 6.9, 6.10, 6.14",reverse_bounds,numeric,,"Unit 6 Assessment Plan + AP Calculus AB Course Framework; supplied AP Topic scoring guides consulted for authentic representations and rigor only, with no published question wording copied.",
U6-S5-XP-L04,MATH,6,6.5,extra_practice,practice,xp_l04,last,2,"Find antiderivatives and evaluate definite integrals using the Fundamental Theorem of Calculus, with correct constants and notation for indefinite integrals.",I can retrieve and apply the most recent prerequisite learning.,"AP Topics 6.9, 6.10, 6.14",particular_antiderivative,expression,,"Unit 6 Assessment Plan + AP Calculus AB Course Framework; supplied AP Topic scoring guides consulted for authentic representations and rigor only, with no published question wording copied.",
U6-S5-XP-L05,MATH,6,6.5,extra_practice,practice,xp_l05,last,3,"Find antiderivatives and evaluate definite integrals using the Fundamental Theorem of Calculus, with correct constants and notation for indefinite integrals.",I can retrieve and apply the most recent prerequisite learning.,"AP Topics 6.9, 6.10, 6.14",constant_of_integration_critique,constructed_response,,"Unit 6 Assessment Plan + AP Calculus AB Course Framework; supplied AP Topic scoring guides consulted for authentic representations and rigor only, with no published question wording copied.",
U6-S5-XP-M01,MATH,6,6.5,extra_practice,practice,xp_m01,mastery,1,Derivative meaning and rules; graph/table interpretation; algebraic manipulation; notation and units.,"I can retrieve durable derivative, graph, algebra, notation, and units learning.","AP Topics 6.9, 6.10, 6.14",graph_sign_retrieval,text,,"Unit 6 Assessment Plan + AP Calculus AB Course Framework; supplied AP Topic scoring guides consulted for authentic representations and rigor only, with no published question wording copied.",
U6-S5-XP-M02,MATH,6,6.5,extra_practice,practice,xp_m02,mastery,2,Derivative meaning and rules; graph/table interpretation; algebraic manipulation; notation and units.,"I can retrieve durable derivative, graph, algebra, notation, and units learning.","AP Topics 6.9, 6.10, 6.14",derivative_rule_retrieval,expression,,"Unit 6 Assessment Plan + AP Calculus AB Course Framework; supplied AP Topic scoring guides consulted for authentic representations and rigor only, with no published question wording copied.",
U6-S5-XP-M03,MATH,6,6.5,extra_practice,practice,xp_m03,mastery,1,Derivative meaning and rules; graph/table interpretation; algebraic manipulation; notation and units.,"I can retrieve durable derivative, graph, algebra, notation, and units learning.","AP Topics 6.9, 6.10, 6.14",units_retrieval,text,,"Unit 6 Assessment Plan + AP Calculus AB Course Framework; supplied AP Topic scoring guides consulted for authentic representations and rigor only, with no published question wording copied.",
U6-S5-XP-M04,MATH,6,6.5,extra_practice,practice,xp_m04,mastery,2,Derivative meaning and rules; graph/table interpretation; algebraic manipulation; notation and units.,"I can retrieve durable derivative, graph, algebra, notation, and units learning.","AP Topics 6.9, 6.10, 6.14",limit_retrieval,numeric,,"Unit 6 Assessment Plan + AP Calculus AB Course Framework; supplied AP Topic scoring guides consulted for authentic representations and rigor only, with no published question wording copied.",
U6-S5-XP-M05,MATH,6,6.5,extra_practice,practice,xp_m05,mastery,2,Derivative meaning and rules; graph/table interpretation; algebraic manipulation; notation and units.,"I can retrieve durable derivative, graph, algebra, notation, and units learning.","AP Topics 6.9, 6.10, 6.14",product_rule_retrieval,expression,,"Unit 6 Assessment Plan + AP Calculus AB Course Framework; supplied AP Topic scoring guides consulted for authentic representations and rigor only, with no published question wording copied.",
U6-S5-XP-M06,MATH,6,6.5,extra_practice,practice,xp_m06,mastery,2,Derivative meaning and rules; graph/table interpretation; algebraic manipulation; notation and units.,"I can retrieve durable derivative, graph, algebra, notation, and units learning.","AP Topics 6.9, 6.10, 6.14",linearization_retrieval,numeric,,"Unit 6 Assessment Plan + AP Calculus AB Course Framework; supplied AP Topic scoring guides consulted for authentic representations and rigor only, with no published question wording copied.",
U6-S5-XP-M07,MATH,6,6.5,extra_practice,practice,xp_m07,mastery,1,Derivative meaning and rules; graph/table interpretation; algebraic manipulation; notation and units.,"I can retrieve durable derivative, graph, algebra, notation, and units learning.","AP Topics 6.9, 6.10, 6.14",algebra_retrieval,numeric,,"Unit 6 Assessment Plan + AP Calculus AB Course Framework; supplied AP Topic scoring guides consulted for authentic representations and rigor only, with no published question wording copied.",
U6-S5-XP-M08,MATH,6,6.5,extra_practice,practice,xp_m08,mastery,2,Derivative meaning and rules; graph/table interpretation; algebraic manipulation; notation and units.,"I can retrieve durable derivative, graph, algebra, notation, and units learning.","AP Topics 6.9, 6.10, 6.14",rate_meaning_retrieval,text,,"Unit 6 Assessment Plan + AP Calculus AB Course Framework; supplied AP Topic scoring guides consulted for authentic representations and rigor only, with no published question wording copied.",
U6-S5-XP-M09,MATH,6,6.5,extra_practice,practice,xp_m09,mastery,1,Derivative meaning and rules; graph/table interpretation; algebraic manipulation; notation and units.,"I can retrieve durable derivative, graph, algebra, notation, and units learning.","AP Topics 6.9, 6.10, 6.14",graph_sign_retrieval,text,,"Unit 6 Assessment Plan + AP Calculus AB Course Framework; supplied AP Topic scoring guides consulted for authentic representations and rigor only, with no published question wording copied.",
U6-S5-XP-M10,MATH,6,6.5,extra_practice,practice,xp_m10,mastery,2,Derivative meaning and rules; graph/table interpretation; algebraic manipulation; notation and units.,"I can retrieve durable derivative, graph, algebra, notation, and units learning.","AP Topics 6.9, 6.10, 6.14",derivative_rule_retrieval,expression,,"Unit 6 Assessment Plan + AP Calculus AB Course Framework; supplied AP Topic scoring guides consulted for authentic representations and rigor only, with no published question wording copied.",
U6-S1-CYU-C01,MATH,6,6.1,cyu,cyu,c01,current,1,"Interpret accumulation of change from rate graphs using signed area, units, and properties of definite integrals.","I can interpret signed area as net change, estimate accumulation from geometric regions, and keep the units of an accumulated rate meaningful.","AP Topics 6.1, 6.6",integral_properties,numeric,,"Unit 6 Assessment Plan + AP Calculus AB Course Framework; supplied AP Topic scoring guides consulted for authentic representations and rigor only, with no published question wording copied.",
U6-S1-CYU-C02,MATH,6,6.1,cyu,cyu,c02,current,1,"Interpret accumulation of change from rate graphs using signed area, units, and properties of definite integrals.","I can interpret signed area as net change, estimate accumulation from geometric regions, and keep the units of an accumulated rate meaningful.","AP Topics 6.1, 6.6",signed_geometric_area,numeric,,"Unit 6 Assessment Plan + AP Calculus AB Course Framework; supplied AP Topic scoring guides consulted for authentic representations and rigor only, with no published question wording copied.",
U6-S1-CYU-L01,MATH,6,6.1,cyu,cyu,l01,last,2,Model optimization situations with constraints and objective functions and justify optimal values with calculus.,I can retrieve recent learning.,"AP Topics 6.1, 6.6",optimization_model_retrieval,expression,,"Unit 6 Assessment Plan + AP Calculus AB Course Framework; supplied AP Topic scoring guides consulted for authentic representations and rigor only, with no published question wording copied.",
U6-S1-CYU-L02,MATH,6,6.1,cyu,cyu,l02,last,3,Model optimization situations with constraints and objective functions and justify optimal values with calculus.,I can retrieve recent learning.,"AP Topics 6.1, 6.6",optimization_justification_retrieval,constructed_response,,"Unit 6 Assessment Plan + AP Calculus AB Course Framework; supplied AP Topic scoring guides consulted for authentic representations and rigor only, with no published question wording copied.",
U6-S1-CYU-M01,MATH,6,6.1,cyu,cyu,m01,mastery,1,Derivative meaning and rules; graph/table interpretation; algebraic manipulation; notation and units.,I can retrieve durable prerequisite learning.,"AP Topics 6.1, 6.6",graph_sign_retrieval,text,,"Unit 6 Assessment Plan + AP Calculus AB Course Framework; supplied AP Topic scoring guides consulted for authentic representations and rigor only, with no published question wording copied.",
U6-S1-CYU-M02,MATH,6,6.1,cyu,cyu,m02,mastery,2,Derivative meaning and rules; graph/table interpretation; algebraic manipulation; notation and units.,I can retrieve durable prerequisite learning.,"AP Topics 6.1, 6.6",derivative_rule_retrieval,expression,,"Unit 6 Assessment Plan + AP Calculus AB Course Framework; supplied AP Topic scoring guides consulted for authentic representations and rigor only, with no published question wording copied.",
U6-S1-WU1-C01,MATH,6,6.1,warm_up_1,warm_up,wu1_c01,current,3,"Interpret accumulation of change from rate graphs using signed area, units, and properties of definite integrals.","I can interpret signed area as net change, estimate accumulation from geometric regions, and keep the units of an accumulated rate meaningful.","AP Topics 6.1, 6.6",signed_area_critique,constructed_response,,"Unit 6 Assessment Plan + AP Calculus AB Course Framework; supplied AP Topic scoring guides consulted for authentic representations and rigor only, with no published question wording copied.",
U6-S1-WU1-L01,MATH,6,6.1,warm_up_1,warm_up,wu1_l01,last,2,Model optimization situations with constraints and objective functions and justify optimal values with calculus.,I can retrieve recent learning.,"AP Topics 6.1, 6.6",optimization_retrieval,numeric,,"Unit 6 Assessment Plan + AP Calculus AB Course Framework; supplied AP Topic scoring guides consulted for authentic representations and rigor only, with no published question wording copied.",
U6-S1-WU1-M01,MATH,6,6.1,warm_up_1,warm_up,wu1_m01,mastery,1,Derivative meaning and rules; graph/table interpretation; algebraic manipulation; notation and units.,I can retrieve durable prerequisite learning.,"AP Topics 6.1, 6.6",units_retrieval,text,,"Unit 6 Assessment Plan + AP Calculus AB Course Framework; supplied AP Topic scoring guides consulted for authentic representations and rigor only, with no published question wording copied.",
U6-S1-WU2-C01,MATH,6,6.1,warm_up_2,warm_up,wu2_c01,current,1,"Interpret accumulation of change from rate graphs using signed area, units, and properties of definite integrals.","I can interpret signed area as net change, estimate accumulation from geometric regions, and keep the units of an accumulated rate meaningful.","AP Topics 6.1, 6.6",integral_units,text,,"Unit 6 Assessment Plan + AP Calculus AB Course Framework; supplied AP Topic scoring guides consulted for authentic representations and rigor only, with no published question wording copied.",
U6-S1-WU2-L01,MATH,6,6.1,warm_up_2,warm_up,wu2_l01,last,2,Model optimization situations with constraints and objective functions and justify optimal values with calculus.,I can retrieve recent learning.,"AP Topics 6.1, 6.6",optimization_retrieval,numeric,,"Unit 6 Assessment Plan + AP Calculus AB Course Framework; supplied AP Topic scoring guides consulted for authentic representations and rigor only, with no published question wording copied.",
U6-S1-WU2-M01,MATH,6,6.1,warm_up_2,warm_up,wu2_m01,mastery,2,Derivative meaning and rules; graph/table interpretation; algebraic manipulation; notation and units.,I can retrieve durable prerequisite learning.,"AP Topics 6.1, 6.6",rate_meaning_retrieval,text,,"Unit 6 Assessment Plan + AP Calculus AB Course Framework; supplied AP Topic scoring guides consulted for authentic representations and rigor only, with no published question wording copied.",
U6-S1-WU3-C01,MATH,6,6.1,warm_up_3,warm_up,wu3_c01,current,2,"Interpret accumulation of change from rate graphs using signed area, units, and properties of definite integrals.","I can interpret signed area as net change, estimate accumulation from geometric regions, and keep the units of an accumulated rate meaningful.","AP Topics 6.1, 6.6",initial_value_plus_accumulation,numeric,,"Unit 6 Assessment Plan + AP Calculus AB Course Framework; supplied AP Topic scoring guides consulted for authentic representations and rigor only, with no published question wording copied.",
U6-S1-WU3-L01,MATH,6,6.1,warm_up_3,warm_up,wu3_l01,last,2,Model optimization situations with constraints and objective functions and justify optimal values with calculus.,I can retrieve recent learning.,"AP Topics 6.1, 6.6",optimization_retrieval,numeric,,"Unit 6 Assessment Plan + AP Calculus AB Course Framework; supplied AP Topic scoring guides consulted for authentic representations and rigor only, with no published question wording copied.",
U6-S1-WU3-M01,MATH,6,6.1,warm_up_3,warm_up,wu3_m01,mastery,2,Derivative meaning and rules; graph/table interpretation; algebraic manipulation; notation and units.,I can retrieve durable prerequisite learning.,"AP Topics 6.1, 6.6",product_rule_retrieval,expression,,"Unit 6 Assessment Plan + AP Calculus AB Course Framework; supplied AP Topic scoring guides consulted for authentic representations and rigor only, with no published question wording copied.",
U6-S1-ET-A-C01,MATH,6,6.1,exit_ticket_a,exit_ticket,et_a_c01,current,1,"Interpret accumulation of change from rate graphs using signed area, units, and properties of definite integrals.","I can interpret signed area as net change, estimate accumulation from geometric regions, and keep the units of an accumulated rate meaningful.","AP Topics 6.1, 6.6",integral_units,text,,"Unit 6 Assessment Plan + AP Calculus AB Course Framework; supplied AP Topic scoring guides consulted for authentic representations and rigor only, with no published question wording copied.",
U6-S1-ET-A-C02,MATH,6,6.1,exit_ticket_a,exit_ticket,et_a_c02,current,3,"Interpret accumulation of change from rate graphs using signed area, units, and properties of definite integrals.","I can interpret signed area as net change, estimate accumulation from geometric regions, and keep the units of an accumulated rate meaningful.","AP Topics 6.1, 6.6",signed_area_critique,constructed_response,,"Unit 6 Assessment Plan + AP Calculus AB Course Framework; supplied AP Topic scoring guides consulted for authentic representations and rigor only, with no published question wording copied.",
U6-S1-ET-A-L01,MATH,6,6.1,exit_ticket_a,exit_ticket,et_a_l01,last,3,Model optimization situations with constraints and objective functions and justify optimal values with calculus.,I can retrieve recent learning.,"AP Topics 6.1, 6.6",optimization_justification_retrieval,constructed_response,,"Unit 6 Assessment Plan + AP Calculus AB Course Framework; supplied AP Topic scoring guides consulted for authentic representations and rigor only, with no published question wording copied.",
U6-S1-ET-A-M01,MATH,6,6.1,exit_ticket_a,exit_ticket,et_a_m01,mastery,2,Derivative meaning and rules; graph/table interpretation; algebraic manipulation; notation and units.,I can retrieve durable prerequisite learning.,"AP Topics 6.1, 6.6",product_rule_retrieval,expression,,"Unit 6 Assessment Plan + AP Calculus AB Course Framework; supplied AP Topic scoring guides consulted for authentic representations and rigor only, with no published question wording copied.",
U6-S1-ET-B-C01,MATH,6,6.1,exit_ticket_b,exit_ticket,et_b_c01,current,3,"Interpret accumulation of change from rate graphs using signed area, units, and properties of definite integrals.","I can interpret signed area as net change, estimate accumulation from geometric regions, and keep the units of an accumulated rate meaningful.","AP Topics 6.1, 6.6",signed_area_critique,constructed_response,,"Unit 6 Assessment Plan + AP Calculus AB Course Framework; supplied AP Topic scoring guides consulted for authentic representations and rigor only, with no published question wording copied.",
U6-S1-ET-B-C02,MATH,6,6.1,exit_ticket_b,exit_ticket,et_b_c02,current,2,"Interpret accumulation of change from rate graphs using signed area, units, and properties of definite integrals.","I can interpret signed area as net change, estimate accumulation from geometric regions, and keep the units of an accumulated rate meaningful.","AP Topics 6.1, 6.6",signed_accumulation_graph,numeric,u6_s1_et_b_c02_rate_graph.png,"Unit 6 Assessment Plan + AP Calculus AB Course Framework; supplied AP Topic scoring guides consulted for authentic representations and rigor only, with no published question wording copied.",
U6-S1-ET-B-L01,MATH,6,6.1,exit_ticket_b,exit_ticket,et_b_l01,last,2,Model optimization situations with constraints and objective functions and justify optimal values with calculus.,I can retrieve recent learning.,"AP Topics 6.1, 6.6",optimization_retrieval,numeric,,"Unit 6 Assessment Plan + AP Calculus AB Course Framework; supplied AP Topic scoring guides consulted for authentic representations and rigor only, with no published question wording copied.",
U6-S1-ET-B-M01,MATH,6,6.1,exit_ticket_b,exit_ticket,et_b_m01,mastery,2,Derivative meaning and rules; graph/table interpretation; algebraic manipulation; notation and units.,I can retrieve durable prerequisite learning.,"AP Topics 6.1, 6.6",derivative_rule_retrieval,expression,,"Unit 6 Assessment Plan + AP Calculus AB Course Framework; supplied AP Topic scoring guides consulted for authentic representations and rigor only, with no published question wording copied.",
U6-S1-ET-C-C01,MATH,6,6.1,exit_ticket_c,exit_ticket,et_c_c01,current,2,"Interpret accumulation of change from rate graphs using signed area, units, and properties of definite integrals.","I can interpret signed area as net change, estimate accumulation from geometric regions, and keep the units of an accumulated rate meaningful.","AP Topics 6.1, 6.6",signed_accumulation_graph,numeric,u6_s1_et_c_c01_rate_graph.png,"Unit 6 Assessment Plan + AP Calculus AB Course Framework; supplied AP Topic scoring guides consulted for authentic representations and rigor only, with no published question wording copied.",
U6-S1-ET-C-C02,MATH,6,6.1,exit_ticket_c,exit_ticket,et_c_c02,current,1,"Interpret accumulation of change from rate graphs using signed area, units, and properties of definite integrals.","I can interpret signed area as net change, estimate accumulation from geometric regions, and keep the units of an accumulated rate meaningful.","AP Topics 6.1, 6.6",integral_properties,numeric,,"Unit 6 Assessment Plan + AP Calculus AB Course Framework; supplied AP Topic scoring guides consulted for authentic representations and rigor only, with no published question wording copied.",
U6-S1-ET-C-L01,MATH,6,6.1,exit_ticket_c,exit_ticket,et_c_l01,last,2,Model optimization situations with constraints and objective functions and justify optimal values with calculus.,I can retrieve recent learning.,"AP Topics 6.1, 6.6",optimization_application_retrieval,numeric,,"Unit 6 Assessment Plan + AP Calculus AB Course Framework; supplied AP Topic scoring guides consulted for authentic representations and rigor only, with no published question wording copied.",
U6-S1-ET-C-M01,MATH,6,6.1,exit_ticket_c,exit_ticket,et_c_m01,mastery,1,Derivative meaning and rules; graph/table interpretation; algebraic manipulation; notation and units.,I can retrieve durable prerequisite learning.,"AP Topics 6.1, 6.6",algebra_retrieval,numeric,,"Unit 6 Assessment Plan + AP Calculus AB Course Framework; supplied AP Topic scoring guides consulted for authentic representations and rigor only, with no published question wording copied.",
U6-S2-CYU-C01,MATH,6,6.2,cyu,cyu,c01,current,2,"Approximate definite integrals with left, right, midpoint, and trapezoid sums on uniform or nonuniform partitions and interpret over/under estimates.","I can construct named numerical sums from tables or graphs, handle nonuniform widths, and compare approximation methods using function behavior.","AP Topics 6.2, 6.3",trapezoid_nonuniform,numeric,,"Unit 6 Assessment Plan + AP Calculus AB Course Framework; supplied AP Topic scoring guides consulted for authentic representations and rigor only, with no published question wording copied.",
U6-S2-CYU-C02,MATH,6,6.2,cyu,cyu,c02,current,2,"Approximate definite integrals with left, right, midpoint, and trapezoid sums on uniform or nonuniform partitions and interpret over/under estimates.","I can construct named numerical sums from tables or graphs, handle nonuniform widths, and compare approximation methods using function behavior.","AP Topics 6.2, 6.3",midpoint_sum,numeric,,"Unit 6 Assessment Plan + AP Calculus AB Course Framework; supplied AP Topic scoring guides consulted for authentic representations and rigor only, with no published question wording copied.",
U6-S2-CYU-L01,MATH,6,6.2,cyu,cyu,l01,last,3,"Interpret accumulation of change from rate graphs using signed area, units, and properties of definite integrals.",I can retrieve recent learning.,"AP Topics 6.2, 6.3",signed_area_critique,constructed_response,,"Unit 6 Assessment Plan + AP Calculus AB Course Framework; supplied AP Topic scoring guides consulted for authentic representations and rigor only, with no published question wording copied.",
U6-S2-CYU-L02,MATH,6,6.2,cyu,cyu,l02,last,2,"Interpret accumulation of change from rate graphs using signed area, units, and properties of definite integrals.",I can retrieve recent learning.,"AP Topics 6.2, 6.3",signed_accumulation_graph,numeric,u6_s2_cyu_l02_rate_graph.png,"Unit 6 Assessment Plan + AP Calculus AB Course Framework; supplied AP Topic scoring guides consulted for authentic representations and rigor only, with no published question wording copied.",
U6-S2-CYU-M01,MATH,6,6.2,cyu,cyu,m01,mastery,1,Derivative meaning and rules; graph/table interpretation; algebraic manipulation; notation and units.,I can retrieve durable prerequisite learning.,"AP Topics 6.2, 6.3",graph_sign_retrieval,text,,"Unit 6 Assessment Plan + AP Calculus AB Course Framework; supplied AP Topic scoring guides consulted for authentic representations and rigor only, with no published question wording copied.",
U6-S2-CYU-M02,MATH,6,6.2,cyu,cyu,m02,mastery,2,Derivative meaning and rules; graph/table interpretation; algebraic manipulation; notation and units.,I can retrieve durable prerequisite learning.,"AP Topics 6.2, 6.3",derivative_rule_retrieval,expression,,"Unit 6 Assessment Plan + AP Calculus AB Course Framework; supplied AP Topic scoring guides consulted for authentic representations and rigor only, with no published question wording copied.",
U6-S2-WU1-C01,MATH,6,6.2,warm_up_1,warm_up,wu1_c01,current,3,"Approximate definite integrals with left, right, midpoint, and trapezoid sums on uniform or nonuniform partitions and interpret over/under estimates.","I can construct named numerical sums from tables or graphs, handle nonuniform widths, and compare approximation methods using function behavior.","AP Topics 6.2, 6.3",partition_critique,constructed_response,,"Unit 6 Assessment Plan + AP Calculus AB Course Framework; supplied AP Topic scoring guides consulted for authentic representations and rigor only, with no published question wording copied.",
U6-S2-WU1-L01,MATH,6,6.2,warm_up_1,warm_up,wu1_l01,last,2,"Interpret accumulation of change from rate graphs using signed area, units, and properties of definite integrals.",I can retrieve recent learning.,"AP Topics 6.2, 6.3",initial_value_plus_accumulation,numeric,,"Unit 6 Assessment Plan + AP Calculus AB Course Framework; supplied AP Topic scoring guides consulted for authentic representations and rigor only, with no published question wording copied.",
U6-S2-WU1-M01,MATH,6,6.2,warm_up_1,warm_up,wu1_m01,mastery,1,Derivative meaning and rules; graph/table interpretation; algebraic manipulation; notation and units.,I can retrieve durable prerequisite learning.,"AP Topics 6.2, 6.3",units_retrieval,text,,"Unit 6 Assessment Plan + AP Calculus AB Course Framework; supplied AP Topic scoring guides consulted for authentic representations and rigor only, with no published question wording copied.",
U6-S2-WU2-C01,MATH,6,6.2,warm_up_2,warm_up,wu2_c01,current,2,"Approximate definite integrals with left, right, midpoint, and trapezoid sums on uniform or nonuniform partitions and interpret over/under estimates.","I can construct named numerical sums from tables or graphs, handle nonuniform widths, and compare approximation methods using function behavior.","AP Topics 6.2, 6.3",riemann_over_under,text,,"Unit 6 Assessment Plan + AP Calculus AB Course Framework; supplied AP Topic scoring guides consulted for authentic representations and rigor only, with no published question wording copied.",
U6-S2-WU2-L01,MATH,6,6.2,warm_up_2,warm_up,wu2_l01,last,1,"Interpret accumulation of change from rate graphs using signed area, units, and properties of definite integrals.",I can retrieve recent learning.,"AP Topics 6.2, 6.3",signed_geometric_area,numeric,,"Unit 6 Assessment Plan + AP Calculus AB Course Framework; supplied AP Topic scoring guides consulted for authentic representations and rigor only, with no published question wording copied.",
U6-S2-WU2-M01,MATH,6,6.2,warm_up_2,warm_up,wu2_m01,mastery,2,Derivative meaning and rules; graph/table interpretation; algebraic manipulation; notation and units.,I can retrieve durable prerequisite learning.,"AP Topics 6.2, 6.3",rate_meaning_retrieval,text,,"Unit 6 Assessment Plan + AP Calculus AB Course Framework; supplied AP Topic scoring guides consulted for authentic representations and rigor only, with no published question wording copied.",
U6-S2-WU3-C01,MATH,6,6.2,warm_up_3,warm_up,wu3_c01,current,2,"Approximate definite integrals with left, right, midpoint, and trapezoid sums on uniform or nonuniform partitions and interpret over/under estimates.","I can construct named numerical sums from tables or graphs, handle nonuniform widths, and compare approximation methods using function behavior.","AP Topics 6.2, 6.3",riemann_limit_to_integral,expression,,"Unit 6 Assessment Plan + AP Calculus AB Course Framework; supplied AP Topic scoring guides consulted for authentic representations and rigor only, with no published question wording copied.",
U6-S2-WU3-L01,MATH,6,6.2,warm_up_3,warm_up,wu3_l01,last,1,"Interpret accumulation of change from rate graphs using signed area, units, and properties of definite integrals.",I can retrieve recent learning.,"AP Topics 6.2, 6.3",integral_properties,numeric,,"Unit 6 Assessment Plan + AP Calculus AB Course Framework; supplied AP Topic scoring guides consulted for authentic representations and rigor only, with no published question wording copied.",
U6-S2-WU3-M01,MATH,6,6.2,warm_up_3,warm_up,wu3_m01,mastery,2,Derivative meaning and rules; graph/table interpretation; algebraic manipulation; notation and units.,I can retrieve durable prerequisite learning.,"AP Topics 6.2, 6.3",product_rule_retrieval,expression,,"Unit 6 Assessment Plan + AP Calculus AB Course Framework; supplied AP Topic scoring guides consulted for authentic representations and rigor only, with no published question wording copied.",
U6-S2-ET-A-C01,MATH,6,6.2,exit_ticket_a,exit_ticket,et_a_c01,current,2,"Approximate definite integrals with left, right, midpoint, and trapezoid sums on uniform or nonuniform partitions and interpret over/under estimates.","I can construct named numerical sums from tables or graphs, handle nonuniform widths, and compare approximation methods using function behavior.","AP Topics 6.2, 6.3",riemann_over_under,text,,"Unit 6 Assessment Plan + AP Calculus AB Course Framework; supplied AP Topic scoring guides consulted for authentic representations and rigor only, with no published question wording copied.",
U6-S2-ET-A-C02,MATH,6,6.2,exit_ticket_a,exit_ticket,et_a_c02,current,3,"Approximate definite integrals with left, right, midpoint, and trapezoid sums on uniform or nonuniform partitions and interpret over/under estimates.","I can construct named numerical sums from tables or graphs, handle nonuniform widths, and compare approximation methods using function behavior.","AP Topics 6.2, 6.3",partition_critique,constructed_response,,"Unit 6 Assessment Plan + AP Calculus AB Course Framework; supplied AP Topic scoring guides consulted for authentic representations and rigor only, with no published question wording copied.",
U6-S2-ET-A-L01,MATH,6,6.2,exit_ticket_a,exit_ticket,et_a_l01,last,2,"Interpret accumulation of change from rate graphs using signed area, units, and properties of definite integrals.",I can retrieve recent learning.,"AP Topics 6.2, 6.3",signed_accumulation_graph,numeric,u6_s2_et_a_l01_rate_graph.png,"Unit 6 Assessment Plan + AP Calculus AB Course Framework; supplied AP Topic scoring guides consulted for authentic representations and rigor only, with no published question wording copied.",
U6-S2-ET-A-M01,MATH,6,6.2,exit_ticket_a,exit_ticket,et_a_m01,mastery,2,Derivative meaning and rules; graph/table interpretation; algebraic manipulation; notation and units.,I can retrieve durable prerequisite learning.,"AP Topics 6.2, 6.3",product_rule_retrieval,expression,,"Unit 6 Assessment Plan + AP Calculus AB Course Framework; supplied AP Topic scoring guides consulted for authentic representations and rigor only, with no published question wording copied.",
U6-S2-ET-B-C01,MATH,6,6.2,exit_ticket_b,exit_ticket,et_b_c01,current,3,"Approximate definite integrals with left, right, midpoint, and trapezoid sums on uniform or nonuniform partitions and interpret over/under estimates.","I can construct named numerical sums from tables or graphs, handle nonuniform widths, and compare approximation methods using function behavior.","AP Topics 6.2, 6.3",partition_critique,constructed_response,,"Unit 6 Assessment Plan + AP Calculus AB Course Framework; supplied AP Topic scoring guides consulted for authentic representations and rigor only, with no published question wording copied.",
U6-S2-ET-B-C02,MATH,6,6.2,exit_ticket_b,exit_ticket,et_b_c02,current,2,"Approximate definite integrals with left, right, midpoint, and trapezoid sums on uniform or nonuniform partitions and interpret over/under estimates.","I can construct named numerical sums from tables or graphs, handle nonuniform widths, and compare approximation methods using function behavior.","AP Topics 6.2, 6.3",riemann_table,numeric,,"Unit 6 Assessment Plan + AP Calculus AB Course Framework; supplied AP Topic scoring guides consulted for authentic representations and rigor only, with no published question wording copied.",
U6-S2-ET-B-L01,MATH,6,6.2,exit_ticket_b,exit_ticket,et_b_l01,last,1,"Interpret accumulation of change from rate graphs using signed area, units, and properties of definite integrals.",I can retrieve recent learning.,"AP Topics 6.2, 6.3",integral_properties,numeric,,"Unit 6 Assessment Plan + AP Calculus AB Course Framework; supplied AP Topic scoring guides consulted for authentic representations and rigor only, with no published question wording copied.",
U6-S2-ET-B-M01,MATH,6,6.2,exit_ticket_b,exit_ticket,et_b_m01,mastery,2,Derivative meaning and rules; graph/table interpretation; algebraic manipulation; notation and units.,I can retrieve durable prerequisite learning.,"AP Topics 6.2, 6.3",derivative_rule_retrieval,expression,,"Unit 6 Assessment Plan + AP Calculus AB Course Framework; supplied AP Topic scoring guides consulted for authentic representations and rigor only, with no published question wording copied.",
U6-S2-ET-C-C01,MATH,6,6.2,exit_ticket_c,exit_ticket,et_c_c01,current,2,"Approximate definite integrals with left, right, midpoint, and trapezoid sums on uniform or nonuniform partitions and interpret over/under estimates.","I can construct named numerical sums from tables or graphs, handle nonuniform widths, and compare approximation methods using function behavior.","AP Topics 6.2, 6.3",riemann_table,numeric,,"Unit 6 Assessment Plan + AP Calculus AB Course Framework; supplied AP Topic scoring guides consulted for authentic representations and rigor only, with no published question wording copied.",
U6-S2-ET-C-C02,MATH,6,6.2,exit_ticket_c,exit_ticket,et_c_c02,current,2,"Approximate definite integrals with left, right, midpoint, and trapezoid sums on uniform or nonuniform partitions and interpret over/under estimates.","I can construct named numerical sums from tables or graphs, handle nonuniform widths, and compare approximation methods using function behavior.","AP Topics 6.2, 6.3",trapezoid_nonuniform,numeric,,"Unit 6 Assessment Plan + AP Calculus AB Course Framework; supplied AP Topic scoring guides consulted for authentic representations and rigor only, with no published question wording copied.",
U6-S2-ET-C-L01,MATH,6,6.2,exit_ticket_c,exit_ticket,et_c_l01,last,1,"Interpret accumulation of change from rate graphs using signed area, units, and properties of definite integrals.",I can retrieve recent learning.,"AP Topics 6.2, 6.3",signed_geometric_area,numeric,,"Unit 6 Assessment Plan + AP Calculus AB Course Framework; supplied AP Topic scoring guides consulted for authentic representations and rigor only, with no published question wording copied.",
U6-S2-ET-C-M01,MATH,6,6.2,exit_ticket_c,exit_ticket,et_c_m01,mastery,1,Derivative meaning and rules; graph/table interpretation; algebraic manipulation; notation and units.,I can retrieve durable prerequisite learning.,"AP Topics 6.2, 6.3",algebra_retrieval,numeric,,"Unit 6 Assessment Plan + AP Calculus AB Course Framework; supplied AP Topic scoring guides consulted for authentic representations and rigor only, with no published question wording copied.",
U6-S3-CYU-C01,MATH,6,6.3,cyu,cyu,c01,current,2,"Connect definite integrals and accumulation functions through the Fundamental Theorem of Calculus, including derivatives of integrals and behavior of accumulation functions.",I can differentiate integral-defined functions and use the integrand to analyze how an accumulation function changes.,"AP Topics 6.4, 6.5",accumulation_behavior_graph,intervals,u6_s3_cyu_c01_integrand.png,"Unit 6 Assessment Plan + AP Calculus AB Course Framework; supplied AP Topic scoring guides consulted for authentic representations and rigor only, with no published question wording copied.",
U6-S3-CYU-C02,MATH,6,6.3,cyu,cyu,c02,current,1,"Connect definite integrals and accumulation functions through the Fundamental Theorem of Calculus, including derivatives of integrals and behavior of accumulation functions.",I can differentiate integral-defined functions and use the integrand to analyze how an accumulation function changes.,"AP Topics 6.4, 6.5",ftc_direct,expression,,"Unit 6 Assessment Plan + AP Calculus AB Course Framework; supplied AP Topic scoring guides consulted for authentic representations and rigor only, with no published question wording copied.",
U6-S3-CYU-L01,MATH,6,6.3,cyu,cyu,l01,last,3,"Approximate definite integrals with left, right, midpoint, and trapezoid sums on uniform or nonuniform partitions and interpret over/under estimates.",I can retrieve recent learning.,"AP Topics 6.4, 6.5",partition_critique,constructed_response,,"Unit 6 Assessment Plan + AP Calculus AB Course Framework; supplied AP Topic scoring guides consulted for authentic representations and rigor only, with no published question wording copied.",
U6-S3-CYU-L02,MATH,6,6.3,cyu,cyu,l02,last,2,"Approximate definite integrals with left, right, midpoint, and trapezoid sums on uniform or nonuniform partitions and interpret over/under estimates.",I can retrieve recent learning.,"AP Topics 6.4, 6.5",riemann_table,numeric,,"Unit 6 Assessment Plan + AP Calculus AB Course Framework; supplied AP Topic scoring guides consulted for authentic representations and rigor only, with no published question wording copied.",
U6-S3-CYU-M01,MATH,6,6.3,cyu,cyu,m01,mastery,1,Derivative meaning and rules; graph/table interpretation; algebraic manipulation; notation and units.,I can retrieve durable prerequisite learning.,"AP Topics 6.4, 6.5",graph_sign_retrieval,text,,"Unit 6 Assessment Plan + AP Calculus AB Course Framework; supplied AP Topic scoring guides consulted for authentic representations and rigor only, with no published question wording copied.",
U6-S3-CYU-M02,MATH,6,6.3,cyu,cyu,m02,mastery,2,Derivative meaning and rules; graph/table interpretation; algebraic manipulation; notation and units.,I can retrieve durable prerequisite learning.,"AP Topics 6.4, 6.5",derivative_rule_retrieval,expression,,"Unit 6 Assessment Plan + AP Calculus AB Course Framework; supplied AP Topic scoring guides consulted for authentic representations and rigor only, with no published question wording copied.",
U6-S3-WU1-C01,MATH,6,6.3,warm_up_1,warm_up,wu1_c01,current,3,"Connect definite integrals and accumulation functions through the Fundamental Theorem of Calculus, including derivatives of integrals and behavior of accumulation functions.",I can differentiate integral-defined functions and use the integrand to analyze how an accumulation function changes.,"AP Topics 6.4, 6.5",accumulation_value_critique,constructed_response,,"Unit 6 Assessment Plan + AP Calculus AB Course Framework; supplied AP Topic scoring guides consulted for authentic representations and rigor only, with no published question wording copied.",
U6-S3-WU1-L01,MATH,6,6.3,warm_up_1,warm_up,wu1_l01,last,2,"Approximate definite integrals with left, right, midpoint, and trapezoid sums on uniform or nonuniform partitions and interpret over/under estimates.",I can retrieve recent learning.,"AP Topics 6.4, 6.5",riemann_limit_to_integral,expression,,"Unit 6 Assessment Plan + AP Calculus AB Course Framework; supplied AP Topic scoring guides consulted for authentic representations and rigor only, with no published question wording copied.",
U6-S3-WU1-M01,MATH,6,6.3,warm_up_1,warm_up,wu1_m01,mastery,1,Derivative meaning and rules; graph/table interpretation; algebraic manipulation; notation and units.,I can retrieve durable prerequisite learning.,"AP Topics 6.4, 6.5",units_retrieval,text,,"Unit 6 Assessment Plan + AP Calculus AB Course Framework; supplied AP Topic scoring guides consulted for authentic representations and rigor only, with no published question wording copied.",
U6-S3-WU2-C01,MATH,6,6.3,warm_up_2,warm_up,wu2_c01,current,1,"Connect definite integrals and accumulation functions through the Fundamental Theorem of Calculus, including derivatives of integrals and behavior of accumulation functions.",I can differentiate integral-defined functions and use the integrand to analyze how an accumulation function changes.,"AP Topics 6.4, 6.5",accumulation_anchor,numeric,,"Unit 6 Assessment Plan + AP Calculus AB Course Framework; supplied AP Topic scoring guides consulted for authentic representations and rigor only, with no published question wording copied.",
U6-S3-WU2-L01,MATH,6,6.3,warm_up_2,warm_up,wu2_l01,last,2,"Approximate definite integrals with left, right, midpoint, and trapezoid sums on uniform or nonuniform partitions and interpret over/under estimates.",I can retrieve recent learning.,"AP Topics 6.4, 6.5",midpoint_sum,numeric,,"Unit 6 Assessment Plan + AP Calculus AB Course Framework; supplied AP Topic scoring guides consulted for authentic representations and rigor only, with no published question wording copied.",
U6-S3-WU2-M01,MATH,6,6.3,warm_up_2,warm_up,wu2_m01,mastery,2,Derivative meaning and rules; graph/table interpretation; algebraic manipulation; notation and units.,I can retrieve durable prerequisite learning.,"AP Topics 6.4, 6.5",rate_meaning_retrieval,text,,"Unit 6 Assessment Plan + AP Calculus AB Course Framework; supplied AP Topic scoring guides consulted for authentic representations and rigor only, with no published question wording copied.",
U6-S3-WU3-C01,MATH,6,6.3,warm_up_3,warm_up,wu3_c01,current,2,"Connect definite integrals and accumulation functions through the Fundamental Theorem of Calculus, including derivatives of integrals and behavior of accumulation functions.",I can differentiate integral-defined functions and use the integrand to analyze how an accumulation function changes.,"AP Topics 6.4, 6.5",accumulation_second_derivative,expression,,"Unit 6 Assessment Plan + AP Calculus AB Course Framework; supplied AP Topic scoring guides consulted for authentic representations and rigor only, with no published question wording copied.",
U6-S3-WU3-L01,MATH,6,6.3,warm_up_3,warm_up,wu3_l01,last,2,"Approximate definite integrals with left, right, midpoint, and trapezoid sums on uniform or nonuniform partitions and interpret over/under estimates.",I can retrieve recent learning.,"AP Topics 6.4, 6.5",trapezoid_nonuniform,numeric,,"Unit 6 Assessment Plan + AP Calculus AB Course Framework; supplied AP Topic scoring guides consulted for authentic representations and rigor only, with no published question wording copied.",
U6-S3-WU3-M01,MATH,6,6.3,warm_up_3,warm_up,wu3_m01,mastery,2,Derivative meaning and rules; graph/table interpretation; algebraic manipulation; notation and units.,I can retrieve durable prerequisite learning.,"AP Topics 6.4, 6.5",product_rule_retrieval,expression,,"Unit 6 Assessment Plan + AP Calculus AB Course Framework; supplied AP Topic scoring guides consulted for authentic representations and rigor only, with no published question wording copied.",
U6-S3-ET-A-C01,MATH,6,6.3,exit_ticket_a,exit_ticket,et_a_c01,current,1,"Connect definite integrals and accumulation functions through the Fundamental Theorem of Calculus, including derivatives of integrals and behavior of accumulation functions.",I can differentiate integral-defined functions and use the integrand to analyze how an accumulation function changes.,"AP Topics 6.4, 6.5",accumulation_anchor,numeric,,"Unit 6 Assessment Plan + AP Calculus AB Course Framework; supplied AP Topic scoring guides consulted for authentic representations and rigor only, with no published question wording copied.",
U6-S3-ET-A-C02,MATH,6,6.3,exit_ticket_a,exit_ticket,et_a_c02,current,3,"Connect definite integrals and accumulation functions through the Fundamental Theorem of Calculus, including derivatives of integrals and behavior of accumulation functions.",I can differentiate integral-defined functions and use the integrand to analyze how an accumulation function changes.,"AP Topics 6.4, 6.5",accumulation_value_critique,constructed_response,,"Unit 6 Assessment Plan + AP Calculus AB Course Framework; supplied AP Topic scoring guides consulted for authentic representations and rigor only, with no published question wording copied.",
U6-S3-ET-A-L01,MATH,6,6.3,exit_ticket_a,exit_ticket,et_a_l01,last,2,"Approximate definite integrals with left, right, midpoint, and trapezoid sums on uniform or nonuniform partitions and interpret over/under estimates.",I can retrieve recent learning.,"AP Topics 6.4, 6.5",riemann_table,numeric,,"Unit 6 Assessment Plan + AP Calculus AB Course Framework; supplied AP Topic scoring guides consulted for authentic representations and rigor only, with no published question wording copied.",
U6-S3-ET-A-M01,MATH,6,6.3,exit_ticket_a,exit_ticket,et_a_m01,mastery,2,Derivative meaning and rules; graph/table interpretation; algebraic manipulation; notation and units.,I can retrieve durable prerequisite learning.,"AP Topics 6.4, 6.5",product_rule_retrieval,expression,,"Unit 6 Assessment Plan + AP Calculus AB Course Framework; supplied AP Topic scoring guides consulted for authentic representations and rigor only, with no published question wording copied.",
U6-S3-ET-B-C01,MATH,6,6.3,exit_ticket_b,exit_ticket,et_b_c01,current,3,"Connect definite integrals and accumulation functions through the Fundamental Theorem of Calculus, including derivatives of integrals and behavior of accumulation functions.",I can differentiate integral-defined functions and use the integrand to analyze how an accumulation function changes.,"AP Topics 6.4, 6.5",accumulation_value_critique,constructed_response,,"Unit 6 Assessment Plan + AP Calculus AB Course Framework; supplied AP Topic scoring guides consulted for authentic representations and rigor only, with no published question wording copied.",
U6-S3-ET-B-C02,MATH,6,6.3,exit_ticket_b,exit_ticket,et_b_c02,current,2,"Connect definite integrals and accumulation functions through the Fundamental Theorem of Calculus, including derivatives of integrals and behavior of accumulation functions.",I can differentiate integral-defined functions and use the integrand to analyze how an accumulation function changes.,"AP Topics 6.4, 6.5",ftc_chain,expression,,"Unit 6 Assessment Plan + AP Calculus AB Course Framework; supplied AP Topic scoring guides consulted for authentic representations and rigor only, with no published question wording copied.",
U6-S3-ET-B-L01,MATH,6,6.3,exit_ticket_b,exit_ticket,et_b_l01,last,2,"Approximate definite integrals with left, right, midpoint, and trapezoid sums on uniform or nonuniform partitions and interpret over/under estimates.",I can retrieve recent learning.,"AP Topics 6.4, 6.5",trapezoid_nonuniform,numeric,,"Unit 6 Assessment Plan + AP Calculus AB Course Framework; supplied AP Topic scoring guides consulted for authentic representations and rigor only, with no published question wording copied.",
U6-S3-ET-B-M01,MATH,6,6.3,exit_ticket_b,exit_ticket,et_b_m01,mastery,2,Derivative meaning and rules; graph/table interpretation; algebraic manipulation; notation and units.,I can retrieve durable prerequisite learning.,"AP Topics 6.4, 6.5",derivative_rule_retrieval,expression,,"Unit 6 Assessment Plan + AP Calculus AB Course Framework; supplied AP Topic scoring guides consulted for authentic representations and rigor only, with no published question wording copied.",
U6-S3-ET-C-C01,MATH,6,6.3,exit_ticket_c,exit_ticket,et_c_c01,current,2,"Connect definite integrals and accumulation functions through the Fundamental Theorem of Calculus, including derivatives of integrals and behavior of accumulation functions.",I can differentiate integral-defined functions and use the integrand to analyze how an accumulation function changes.,"AP Topics 6.4, 6.5",ftc_chain,expression,,"Unit 6 Assessment Plan + AP Calculus AB Course Framework; supplied AP Topic scoring guides consulted for authentic representations and rigor only, with no published question wording copied.",
U6-S3-ET-C-C02,MATH,6,6.3,exit_ticket_c,exit_ticket,et_c_c02,current,2,"Connect definite integrals and accumulation functions through the Fundamental Theorem of Calculus, including derivatives of integrals and behavior of accumulation functions.",I can differentiate integral-defined functions and use the integrand to analyze how an accumulation function changes.,"AP Topics 6.4, 6.5",accumulation_behavior_graph,intervals,u6_s3_et_c_c02_integrand.png,"Unit 6 Assessment Plan + AP Calculus AB Course Framework; supplied AP Topic scoring guides consulted for authentic representations and rigor only, with no published question wording copied.",
U6-S3-ET-C-L01,MATH,6,6.3,exit_ticket_c,exit_ticket,et_c_l01,last,2,"Approximate definite integrals with left, right, midpoint, and trapezoid sums on uniform or nonuniform partitions and interpret over/under estimates.",I can retrieve recent learning.,"AP Topics 6.4, 6.5",midpoint_sum,numeric,,"Unit 6 Assessment Plan + AP Calculus AB Course Framework; supplied AP Topic scoring guides consulted for authentic representations and rigor only, with no published question wording copied.",
U6-S3-ET-C-M01,MATH,6,6.3,exit_ticket_c,exit_ticket,et_c_m01,mastery,1,Derivative meaning and rules; graph/table interpretation; algebraic manipulation; notation and units.,I can retrieve durable prerequisite learning.,"AP Topics 6.4, 6.5",algebra_retrieval,numeric,,"Unit 6 Assessment Plan + AP Calculus AB Course Framework; supplied AP Topic scoring guides consulted for authentic representations and rigor only, with no published question wording copied.",
U6-S4-CYU-C01,MATH,6,6.4,cyu,cyu,c01,current,2,"Find antiderivatives and evaluate definite integrals using the Fundamental Theorem of Calculus, with correct constants and notation for indefinite integrals.","I can find antiderivative families, evaluate definite integrals from antiderivatives, and distinguish when a constant of integration belongs.","AP Topics 6.7, 6.8",ftc_evaluation,numeric,,"Unit 6 Assessment Plan + AP Calculus AB Course Framework; supplied AP Topic scoring guides consulted for authentic representations and rigor only, with no published question wording copied.",
U6-S4-CYU-C02,MATH,6,6.4,cyu,cyu,c02,current,1,"Find antiderivatives and evaluate definite integrals using the Fundamental Theorem of Calculus, with correct constants and notation for indefinite integrals.","I can find antiderivative families, evaluate definite integrals from antiderivatives, and distinguish when a constant of integration belongs.","AP Topics 6.7, 6.8",definite_indefinite_notation,text,,"Unit 6 Assessment Plan + AP Calculus AB Course Framework; supplied AP Topic scoring guides consulted for authentic representations and rigor only, with no published question wording copied.",
U6-S4-CYU-L01,MATH,6,6.4,cyu,cyu,l01,last,3,"Connect definite integrals and accumulation functions through the Fundamental Theorem of Calculus, including derivatives of integrals and behavior of accumulation functions.",I can retrieve recent learning.,"AP Topics 6.7, 6.8",accumulation_value_critique,constructed_response,,"Unit 6 Assessment Plan + AP Calculus AB Course Framework; supplied AP Topic scoring guides consulted for authentic representations and rigor only, with no published question wording copied.",
U6-S4-CYU-L02,MATH,6,6.4,cyu,cyu,l02,last,2,"Connect definite integrals and accumulation functions through the Fundamental Theorem of Calculus, including derivatives of integrals and behavior of accumulation functions.",I can retrieve recent learning.,"AP Topics 6.7, 6.8",ftc_chain,expression,,"Unit 6 Assessment Plan + AP Calculus AB Course Framework; supplied AP Topic scoring guides consulted for authentic representations and rigor only, with no published question wording copied.",
U6-S4-CYU-M01,MATH,6,6.4,cyu,cyu,m01,mastery,1,Derivative meaning and rules; graph/table interpretation; algebraic manipulation; notation and units.,I can retrieve durable prerequisite learning.,"AP Topics 6.7, 6.8",graph_sign_retrieval,text,,"Unit 6 Assessment Plan + AP Calculus AB Course Framework; supplied AP Topic scoring guides consulted for authentic representations and rigor only, with no published question wording copied.",
U6-S4-CYU-M02,MATH,6,6.4,cyu,cyu,m02,mastery,2,Derivative meaning and rules; graph/table interpretation; algebraic manipulation; notation and units.,I can retrieve durable prerequisite learning.,"AP Topics 6.7, 6.8",derivative_rule_retrieval,expression,,"Unit 6 Assessment Plan + AP Calculus AB Course Framework; supplied AP Topic scoring guides consulted for authentic representations and rigor only, with no published question wording copied.",
U6-S4-WU1-C01,MATH,6,6.4,warm_up_1,warm_up,wu1_c01,current,3,"Find antiderivatives and evaluate definite integrals using the Fundamental Theorem of Calculus, with correct constants and notation for indefinite integrals.","I can find antiderivative families, evaluate definite integrals from antiderivatives, and distinguish when a constant of integration belongs.","AP Topics 6.7, 6.8",constant_of_integration_critique,constructed_response,,"Unit 6 Assessment Plan + AP Calculus AB Course Framework; supplied AP Topic scoring guides consulted for authentic representations and rigor only, with no published question wording copied.",
U6-S4-WU1-L01,MATH,6,6.4,warm_up_1,warm_up,wu1_l01,last,2,"Connect definite integrals and accumulation functions through the Fundamental Theorem of Calculus, including derivatives of integrals and behavior of accumulation functions.",I can retrieve recent learning.,"AP Topics 6.7, 6.8",accumulation_second_derivative,expression,,"Unit 6 Assessment Plan + AP Calculus AB Course Framework; supplied AP Topic scoring guides consulted for authentic representations and rigor only, with no published question wording copied.",
U6-S4-WU1-M01,MATH,6,6.4,warm_up_1,warm_up,wu1_m01,mastery,1,Derivative meaning and rules; graph/table interpretation; algebraic manipulation; notation and units.,I can retrieve durable prerequisite learning.,"AP Topics 6.7, 6.8",units_retrieval,text,,"Unit 6 Assessment Plan + AP Calculus AB Course Framework; supplied AP Topic scoring guides consulted for authentic representations and rigor only, with no published question wording copied.",
U6-S4-WU2-C01,MATH,6,6.4,warm_up_2,warm_up,wu2_c01,current,2,"Find antiderivatives and evaluate definite integrals using the Fundamental Theorem of Calculus, with correct constants and notation for indefinite integrals.","I can find antiderivative families, evaluate definite integrals from antiderivatives, and distinguish when a constant of integration belongs.","AP Topics 6.7, 6.8",particular_antiderivative,expression,,"Unit 6 Assessment Plan + AP Calculus AB Course Framework; supplied AP Topic scoring guides consulted for authentic representations and rigor only, with no published question wording copied.",
U6-S4-WU2-L01,MATH,6,6.4,warm_up_2,warm_up,wu2_l01,last,1,"Connect definite integrals and accumulation functions through the Fundamental Theorem of Calculus, including derivatives of integrals and behavior of accumulation functions.",I can retrieve recent learning.,"AP Topics 6.7, 6.8",ftc_direct,expression,,"Unit 6 Assessment Plan + AP Calculus AB Course Framework; supplied AP Topic scoring guides consulted for authentic representations and rigor only, with no published question wording copied.",
U6-S4-WU2-M01,MATH,6,6.4,warm_up_2,warm_up,wu2_m01,mastery,2,Derivative meaning and rules; graph/table interpretation; algebraic manipulation; notation and units.,I can retrieve durable prerequisite learning.,"AP Topics 6.7, 6.8",rate_meaning_retrieval,text,,"Unit 6 Assessment Plan + AP Calculus AB Course Framework; supplied AP Topic scoring guides consulted for authentic representations and rigor only, with no published question wording copied.",
U6-S4-WU3-C01,MATH,6,6.4,warm_up_3,warm_up,wu3_c01,current,1,"Find antiderivatives and evaluate definite integrals using the Fundamental Theorem of Calculus, with correct constants and notation for indefinite integrals.","I can find antiderivative families, evaluate definite integrals from antiderivatives, and distinguish when a constant of integration belongs.","AP Topics 6.7, 6.8",reverse_bounds,numeric,,"Unit 6 Assessment Plan + AP Calculus AB Course Framework; supplied AP Topic scoring guides consulted for authentic representations and rigor only, with no published question wording copied.",
U6-S4-WU3-L01,MATH,6,6.4,warm_up_3,warm_up,wu3_l01,last,2,"Connect definite integrals and accumulation functions through the Fundamental Theorem of Calculus, including derivatives of integrals and behavior of accumulation functions.",I can retrieve recent learning.,"AP Topics 6.7, 6.8",accumulation_behavior_graph,intervals,u6_s4_wu3_l01_integrand.png,"Unit 6 Assessment Plan + AP Calculus AB Course Framework; supplied AP Topic scoring guides consulted for authentic representations and rigor only, with no published question wording copied.",
U6-S4-WU3-M01,MATH,6,6.4,warm_up_3,warm_up,wu3_m01,mastery,2,Derivative meaning and rules; graph/table interpretation; algebraic manipulation; notation and units.,I can retrieve durable prerequisite learning.,"AP Topics 6.7, 6.8",product_rule_retrieval,expression,,"Unit 6 Assessment Plan + AP Calculus AB Course Framework; supplied AP Topic scoring guides consulted for authentic representations and rigor only, with no published question wording copied.",
U6-S4-ET-A-C01,MATH,6,6.4,exit_ticket_a,exit_ticket,et_a_c01,current,2,"Find antiderivatives and evaluate definite integrals using the Fundamental Theorem of Calculus, with correct constants and notation for indefinite integrals.","I can find antiderivative families, evaluate definite integrals from antiderivatives, and distinguish when a constant of integration belongs.","AP Topics 6.7, 6.8",particular_antiderivative,expression,,"Unit 6 Assessment Plan + AP Calculus AB Course Framework; supplied AP Topic scoring guides consulted for authentic representations and rigor only, with no published question wording copied.",
U6-S4-ET-A-C02,MATH,6,6.4,exit_ticket_a,exit_ticket,et_a_c02,current,3,"Find antiderivatives and evaluate definite integrals using the Fundamental Theorem of Calculus, with correct constants and notation for indefinite integrals.","I can find antiderivative families, evaluate definite integrals from antiderivatives, and distinguish when a constant of integration belongs.","AP Topics 6.7, 6.8",constant_of_integration_critique,constructed_response,,"Unit 6 Assessment Plan + AP Calculus AB Course Framework; supplied AP Topic scoring guides consulted for authentic representations and rigor only, with no published question wording copied.",
U6-S4-ET-A-L01,MATH,6,6.4,exit_ticket_a,exit_ticket,et_a_l01,last,2,"Connect definite integrals and accumulation functions through the Fundamental Theorem of Calculus, including derivatives of integrals and behavior of accumulation functions.",I can retrieve recent learning.,"AP Topics 6.7, 6.8",ftc_chain,expression,,"Unit 6 Assessment Plan + AP Calculus AB Course Framework; supplied AP Topic scoring guides consulted for authentic representations and rigor only, with no published question wording copied.",
U6-S4-ET-A-M01,MATH,6,6.4,exit_ticket_a,exit_ticket,et_a_m01,mastery,2,Derivative meaning and rules; graph/table interpretation; algebraic manipulation; notation and units.,I can retrieve durable prerequisite learning.,"AP Topics 6.7, 6.8",product_rule_retrieval,expression,,"Unit 6 Assessment Plan + AP Calculus AB Course Framework; supplied AP Topic scoring guides consulted for authentic representations and rigor only, with no published question wording copied.",
U6-S4-ET-B-C01,MATH,6,6.4,exit_ticket_b,exit_ticket,et_b_c01,current,3,"Find antiderivatives and evaluate definite integrals using the Fundamental Theorem of Calculus, with correct constants and notation for indefinite integrals.","I can find antiderivative families, evaluate definite integrals from antiderivatives, and distinguish when a constant of integration belongs.","AP Topics 6.7, 6.8",constant_of_integration_critique,constructed_response,,"Unit 6 Assessment Plan + AP Calculus AB Course Framework; supplied AP Topic scoring guides consulted for authentic representations and rigor only, with no published question wording copied.",
U6-S4-ET-B-C02,MATH,6,6.4,exit_ticket_b,exit_ticket,et_b_c02,current,1,"Find antiderivatives and evaluate definite integrals using the Fundamental Theorem of Calculus, with correct constants and notation for indefinite integrals.","I can find antiderivative families, evaluate definite integrals from antiderivatives, and distinguish when a constant of integration belongs.","AP Topics 6.7, 6.8",basic_antiderivative,expression,,"Unit 6 Assessment Plan + AP Calculus AB Course Framework; supplied AP Topic scoring guides consulted for authentic representations and rigor only, with no published question wording copied.",
U6-S4-ET-B-L01,MATH,6,6.4,exit_ticket_b,exit_ticket,et_b_l01,last,2,"Connect definite integrals and accumulation functions through the Fundamental Theorem of Calculus, including derivatives of integrals and behavior of accumulation functions.",I can retrieve recent learning.,"AP Topics 6.7, 6.8",accumulation_behavior_graph,intervals,u6_s4_et_b_l01_integrand.png,"Unit 6 Assessment Plan + AP Calculus AB Course Framework; supplied AP Topic scoring guides consulted for authentic representations and rigor only, with no published question wording copied.",
U6-S4-ET-B-M01,MATH,6,6.4,exit_ticket_b,exit_ticket,et_b_m01,mastery,2,Derivative meaning and rules; graph/table interpretation; algebraic manipulation; notation and units.,I can retrieve durable prerequisite learning.,"AP Topics 6.7, 6.8",derivative_rule_retrieval,expression,,"Unit 6 Assessment Plan + AP Calculus AB Course Framework; supplied AP Topic scoring guides consulted for authentic representations and rigor only, with no published question wording copied.",
U6-S4-ET-C-C01,MATH,6,6.4,exit_ticket_c,exit_ticket,et_c_c01,current,1,"Find antiderivatives and evaluate definite integrals using the Fundamental Theorem of Calculus, with correct constants and notation for indefinite integrals.","I can find antiderivative families, evaluate definite integrals from antiderivatives, and distinguish when a constant of integration belongs.","AP Topics 6.7, 6.8",basic_antiderivative,expression,,"Unit 6 Assessment Plan + AP Calculus AB Course Framework; supplied AP Topic scoring guides consulted for authentic representations and rigor only, with no published question wording copied.",
U6-S4-ET-C-C02,MATH,6,6.4,exit_ticket_c,exit_ticket,et_c_c02,current,2,"Find antiderivatives and evaluate definite integrals using the Fundamental Theorem of Calculus, with correct constants and notation for indefinite integrals.","I can find antiderivative families, evaluate definite integrals from antiderivatives, and distinguish when a constant of integration belongs.","AP Topics 6.7, 6.8",ftc_evaluation,numeric,,"Unit 6 Assessment Plan + AP Calculus AB Course Framework; supplied AP Topic scoring guides consulted for authentic representations and rigor only, with no published question wording copied.",
U6-S4-ET-C-L01,MATH,6,6.4,exit_ticket_c,exit_ticket,et_c_l01,last,1,"Connect definite integrals and accumulation functions through the Fundamental Theorem of Calculus, including derivatives of integrals and behavior of accumulation functions.",I can retrieve recent learning.,"AP Topics 6.7, 6.8",ftc_direct,expression,,"Unit 6 Assessment Plan + AP Calculus AB Course Framework; supplied AP Topic scoring guides consulted for authentic representations and rigor only, with no published question wording copied.",
U6-S4-ET-C-M01,MATH,6,6.4,exit_ticket_c,exit_ticket,et_c_m01,mastery,1,Derivative meaning and rules; graph/table interpretation; algebraic manipulation; notation and units.,I can retrieve durable prerequisite learning.,"AP Topics 6.7, 6.8",algebra_retrieval,numeric,,"Unit 6 Assessment Plan + AP Calculus AB Course Framework; supplied AP Topic scoring guides consulted for authentic representations and rigor only, with no published question wording copied.",
U6-S5-CYU-C01,MATH,6,6.5,cyu,cyu,c01,current,2,"Use $u$-substitution as chain-rule reversal and select among substitution, algebraic rewriting, long division, or completing the square when appropriate.","I can recognize integrand structure, choose an efficient integration strategy, execute the method consistently, and justify why it fits.","AP Topics 6.9, 6.10, 6.14",definite_u_substitution,numeric,,"Unit 6 Assessment Plan + AP Calculus AB Course Framework; supplied AP Topic scoring guides consulted for authentic representations and rigor only, with no published question wording copied.",
U6-S5-CYU-C02,MATH,6,6.5,cyu,cyu,c02,current,2,"Use $u$-substitution as chain-rule reversal and select among substitution, algebraic rewriting, long division, or completing the square when appropriate.","I can recognize integrand structure, choose an efficient integration strategy, execute the method consistently, and justify why it fits.","AP Topics 6.9, 6.10, 6.14",algebraic_rewrite_integration,expression,,"Unit 6 Assessment Plan + AP Calculus AB Course Framework; supplied AP Topic scoring guides consulted for authentic representations and rigor only, with no published question wording copied.",
U6-S5-CYU-L01,MATH,6,6.5,cyu,cyu,l01,last,3,"Find antiderivatives and evaluate definite integrals using the Fundamental Theorem of Calculus, with correct constants and notation for indefinite integrals.",I can retrieve recent learning.,"AP Topics 6.9, 6.10, 6.14",constant_of_integration_critique,constructed_response,,"Unit 6 Assessment Plan + AP Calculus AB Course Framework; supplied AP Topic scoring guides consulted for authentic representations and rigor only, with no published question wording copied.",
U6-S5-CYU-L02,MATH,6,6.5,cyu,cyu,l02,last,1,"Find antiderivatives and evaluate definite integrals using the Fundamental Theorem of Calculus, with correct constants and notation for indefinite integrals.",I can retrieve recent learning.,"AP Topics 6.9, 6.10, 6.14",basic_antiderivative,expression,,"Unit 6 Assessment Plan + AP Calculus AB Course Framework; supplied AP Topic scoring guides consulted for authentic representations and rigor only, with no published question wording copied.",
U6-S5-CYU-M01,MATH,6,6.5,cyu,cyu,m01,mastery,1,Derivative meaning and rules; graph/table interpretation; algebraic manipulation; notation and units.,I can retrieve durable prerequisite learning.,"AP Topics 6.9, 6.10, 6.14",graph_sign_retrieval,text,,"Unit 6 Assessment Plan + AP Calculus AB Course Framework; supplied AP Topic scoring guides consulted for authentic representations and rigor only, with no published question wording copied.",
U6-S5-CYU-M02,MATH,6,6.5,cyu,cyu,m02,mastery,2,Derivative meaning and rules; graph/table interpretation; algebraic manipulation; notation and units.,I can retrieve durable prerequisite learning.,"AP Topics 6.9, 6.10, 6.14",derivative_rule_retrieval,expression,,"Unit 6 Assessment Plan + AP Calculus AB Course Framework; supplied AP Topic scoring guides consulted for authentic representations and rigor only, with no published question wording copied.",
U6-S5-WU1-C01,MATH,6,6.5,warm_up_1,warm_up,wu1_c01,current,3,"Use $u$-substitution as chain-rule reversal and select among substitution, algebraic rewriting, long division, or completing the square when appropriate.","I can recognize integrand structure, choose an efficient integration strategy, execute the method consistently, and justify why it fits.","AP Topics 6.9, 6.10, 6.14",integration_strategy_selection,constructed_response,,"Unit 6 Assessment Plan + AP Calculus AB Course Framework; supplied AP Topic scoring guides consulted for authentic representations and rigor only, with no published question wording copied.",
U6-S5-WU1-L01,MATH,6,6.5,warm_up_1,warm_up,wu1_l01,last,1,"Find antiderivatives and evaluate definite integrals using the Fundamental Theorem of Calculus, with correct constants and notation for indefinite integrals.",I can retrieve recent learning.,"AP Topics 6.9, 6.10, 6.14",reverse_bounds,numeric,,"Unit 6 Assessment Plan + AP Calculus AB Course Framework; supplied AP Topic scoring guides consulted for authentic representations and rigor only, with no published question wording copied.",
U6-S5-WU1-M01,MATH,6,6.5,warm_up_1,warm_up,wu1_m01,mastery,1,Derivative meaning and rules; graph/table interpretation; algebraic manipulation; notation and units.,I can retrieve durable prerequisite learning.,"AP Topics 6.9, 6.10, 6.14",units_retrieval,text,,"Unit 6 Assessment Plan + AP Calculus AB Course Framework; supplied AP Topic scoring guides consulted for authentic representations and rigor only, with no published question wording copied.",
U6-S5-WU2-C01,MATH,6,6.5,warm_up_2,warm_up,wu2_c01,current,2,"Use $u$-substitution as chain-rule reversal and select among substitution, algebraic rewriting, long division, or completing the square when appropriate.","I can recognize integrand structure, choose an efficient integration strategy, execute the method consistently, and justify why it fits.","AP Topics 6.9, 6.10, 6.14",complete_square_integration,expression,,"Unit 6 Assessment Plan + AP Calculus AB Course Framework; supplied AP Topic scoring guides consulted for authentic representations and rigor only, with no published question wording copied.",
U6-S5-WU2-L01,MATH,6,6.5,warm_up_2,warm_up,wu2_l01,last,1,"Find antiderivatives and evaluate definite integrals using the Fundamental Theorem of Calculus, with correct constants and notation for indefinite integrals.",I can retrieve recent learning.,"AP Topics 6.9, 6.10, 6.14",definite_indefinite_notation,text,,"Unit 6 Assessment Plan + AP Calculus AB Course Framework; supplied AP Topic scoring guides consulted for authentic representations and rigor only, with no published question wording copied.",
U6-S5-WU2-M01,MATH,6,6.5,warm_up_2,warm_up,wu2_m01,mastery,2,Derivative meaning and rules; graph/table interpretation; algebraic manipulation; notation and units.,I can retrieve durable prerequisite learning.,"AP Topics 6.9, 6.10, 6.14",rate_meaning_retrieval,text,,"Unit 6 Assessment Plan + AP Calculus AB Course Framework; supplied AP Topic scoring guides consulted for authentic representations and rigor only, with no published question wording copied.",
U6-S5-WU3-C01,MATH,6,6.5,warm_up_3,warm_up,wu3_c01,current,2,"Use $u$-substitution as chain-rule reversal and select among substitution, algebraic rewriting, long division, or completing the square when appropriate.","I can recognize integrand structure, choose an efficient integration strategy, execute the method consistently, and justify why it fits.","AP Topics 6.9, 6.10, 6.14",long_division_integration,expression,,"Unit 6 Assessment Plan + AP Calculus AB Course Framework; supplied AP Topic scoring guides consulted for authentic representations and rigor only, with no published question wording copied.",
U6-S5-WU3-L01,MATH,6,6.5,warm_up_3,warm_up,wu3_l01,last,2,"Find antiderivatives and evaluate definite integrals using the Fundamental Theorem of Calculus, with correct constants and notation for indefinite integrals.",I can retrieve recent learning.,"AP Topics 6.9, 6.10, 6.14",ftc_evaluation,numeric,,"Unit 6 Assessment Plan + AP Calculus AB Course Framework; supplied AP Topic scoring guides consulted for authentic representations and rigor only, with no published question wording copied.",
U6-S5-WU3-M01,MATH,6,6.5,warm_up_3,warm_up,wu3_m01,mastery,2,Derivative meaning and rules; graph/table interpretation; algebraic manipulation; notation and units.,I can retrieve durable prerequisite learning.,"AP Topics 6.9, 6.10, 6.14",product_rule_retrieval,expression,,"Unit 6 Assessment Plan + AP Calculus AB Course Framework; supplied AP Topic scoring guides consulted for authentic representations and rigor only, with no published question wording copied.",
U6-S5-ET-A-C01,MATH,6,6.5,exit_ticket_a,exit_ticket,et_a_c01,current,2,"Use $u$-substitution as chain-rule reversal and select among substitution, algebraic rewriting, long division, or completing the square when appropriate.","I can recognize integrand structure, choose an efficient integration strategy, execute the method consistently, and justify why it fits.","AP Topics 6.9, 6.10, 6.14",complete_square_integration,expression,,"Unit 6 Assessment Plan + AP Calculus AB Course Framework; supplied AP Topic scoring guides consulted for authentic representations and rigor only, with no published question wording copied.",
U6-S5-ET-A-C02,MATH,6,6.5,exit_ticket_a,exit_ticket,et_a_c02,current,3,"Use $u$-substitution as chain-rule reversal and select among substitution, algebraic rewriting, long division, or completing the square when appropriate.","I can recognize integrand structure, choose an efficient integration strategy, execute the method consistently, and justify why it fits.","AP Topics 6.9, 6.10, 6.14",integration_strategy_selection,constructed_response,,"Unit 6 Assessment Plan + AP Calculus AB Course Framework; supplied AP Topic scoring guides consulted for authentic representations and rigor only, with no published question wording copied.",
U6-S5-ET-A-L01,MATH,6,6.5,exit_ticket_a,exit_ticket,et_a_l01,last,1,"Find antiderivatives and evaluate definite integrals using the Fundamental Theorem of Calculus, with correct constants and notation for indefinite integrals.",I can retrieve recent learning.,"AP Topics 6.9, 6.10, 6.14",basic_antiderivative,expression,,"Unit 6 Assessment Plan + AP Calculus AB Course Framework; supplied AP Topic scoring guides consulted for authentic representations and rigor only, with no published question wording copied.",
U6-S5-ET-A-M01,MATH,6,6.5,exit_ticket_a,exit_ticket,et_a_m01,mastery,2,Derivative meaning and rules; graph/table interpretation; algebraic manipulation; notation and units.,I can retrieve durable prerequisite learning.,"AP Topics 6.9, 6.10, 6.14",product_rule_retrieval,expression,,"Unit 6 Assessment Plan + AP Calculus AB Course Framework; supplied AP Topic scoring guides consulted for authentic representations and rigor only, with no published question wording copied.",
U6-S5-ET-B-C01,MATH,6,6.5,exit_ticket_b,exit_ticket,et_b_c01,current,3,"Use $u$-substitution as chain-rule reversal and select among substitution, algebraic rewriting, long division, or completing the square when appropriate.","I can recognize integrand structure, choose an efficient integration strategy, execute the method consistently, and justify why it fits.","AP Topics 6.9, 6.10, 6.14",integration_strategy_selection,constructed_response,,"Unit 6 Assessment Plan + AP Calculus AB Course Framework; supplied AP Topic scoring guides consulted for authentic representations and rigor only, with no published question wording copied.",
U6-S5-ET-B-C02,MATH,6,6.5,exit_ticket_b,exit_ticket,et_b_c02,current,2,"Use $u$-substitution as chain-rule reversal and select among substitution, algebraic rewriting, long division, or completing the square when appropriate.","I can recognize integrand structure, choose an efficient integration strategy, execute the method consistently, and justify why it fits.","AP Topics 6.9, 6.10, 6.14",u_substitution,expression,,"Unit 6 Assessment Plan + AP Calculus AB Course Framework; supplied AP Topic scoring guides consulted for authentic representations and rigor only, with no published question wording copied.",
U6-S5-ET-B-L01,MATH,6,6.5,exit_ticket_b,exit_ticket,et_b_l01,last,2,"Find antiderivatives and evaluate definite integrals using the Fundamental Theorem of Calculus, with correct constants and notation for indefinite integrals.",I can retrieve recent learning.,"AP Topics 6.9, 6.10, 6.14",ftc_evaluation,numeric,,"Unit 6 Assessment Plan + AP Calculus AB Course Framework; supplied AP Topic scoring guides consulted for authentic representations and rigor only, with no published question wording copied.",
U6-S5-ET-B-M01,MATH,6,6.5,exit_ticket_b,exit_ticket,et_b_m01,mastery,2,Derivative meaning and rules; graph/table interpretation; algebraic manipulation; notation and units.,I can retrieve durable prerequisite learning.,"AP Topics 6.9, 6.10, 6.14",derivative_rule_retrieval,expression,,"Unit 6 Assessment Plan + AP Calculus AB Course Framework; supplied AP Topic scoring guides consulted for authentic representations and rigor only, with no published question wording copied.",
U6-S5-ET-C-C01,MATH,6,6.5,exit_ticket_c,exit_ticket,et_c_c01,current,2,"Use $u$-substitution as chain-rule reversal and select among substitution, algebraic rewriting, long division, or completing the square when appropriate.","I can recognize integrand structure, choose an efficient integration strategy, execute the method consistently, and justify why it fits.","AP Topics 6.9, 6.10, 6.14",u_substitution,expression,,"Unit 6 Assessment Plan + AP Calculus AB Course Framework; supplied AP Topic scoring guides consulted for authentic representations and rigor only, with no published question wording copied.",
U6-S5-ET-C-C02,MATH,6,6.5,exit_ticket_c,exit_ticket,et_c_c02,current,2,"Use $u$-substitution as chain-rule reversal and select among substitution, algebraic rewriting, long division, or completing the square when appropriate.","I can recognize integrand structure, choose an efficient integration strategy, execute the method consistently, and justify why it fits.","AP Topics 6.9, 6.10, 6.14",definite_u_substitution,numeric,,"Unit 6 Assessment Plan + AP Calculus AB Course Framework; supplied AP Topic scoring guides consulted for authentic representations and rigor only, with no published question wording copied.",
U6-S5-ET-C-L01,MATH,6,6.5,exit_ticket_c,exit_ticket,et_c_l01,last,1,"Find antiderivatives and evaluate definite integrals using the Fundamental Theorem of Calculus, with correct constants and notation for indefinite integrals.",I can retrieve recent learning.,"AP Topics 6.9, 6.10, 6.14",definite_indefinite_notation,text,,"Unit 6 Assessment Plan + AP Calculus AB Course Framework; supplied AP Topic scoring guides consulted for authentic representations and rigor only, with no published question wording copied.",
U6-S5-ET-C-M01,MATH,6,6.5,exit_ticket_c,exit_ticket,et_c_m01,mastery,1,Derivative meaning and rules; graph/table interpretation; algebraic manipulation; notation and units.,I can retrieve durable prerequisite learning.,"AP Topics 6.9, 6.10, 6.14",algebra_retrieval,numeric,,"Unit 6 Assessment Plan + AP Calculus AB Course Framework; supplied AP Topic scoring guides consulted for authentic representations and rigor only, with no published question wording copied.",
U6-S1-PERF01,MATH,6,6.1,performance_future_task,performance,perf01,performance,4,"Interpret accumulation of change from rate graphs using signed area, units, and properties of definite integrals.","I can interpret signed area as net change, estimate accumulation from geometric regions, and keep the units of an accumulated rate meaningful.","AP Topics 6.1, 6.6",accumulation_investigation,performance,,"Unit 6 Assessment Plan + AP Calculus AB Course Framework; supplied AP Topic scoring guides consulted for authentic representations and rigor only, with no published question wording copied.",
U6-S2-PERF01,MATH,6,6.2,performance_future_task,performance,perf01,performance,4,"Approximate definite integrals with left, right, midpoint, and trapezoid sums on uniform or nonuniform partitions and interpret over/under estimates.","I can construct named numerical sums from tables or graphs, handle nonuniform widths, and compare approximation methods using function behavior.","AP Topics 6.2, 6.3",riemann_error_study,performance,,"Unit 6 Assessment Plan + AP Calculus AB Course Framework; supplied AP Topic scoring guides consulted for authentic representations and rigor only, with no published question wording copied.",
U6-S3-PERF01,MATH,6,6.3,performance_future_task,performance,perf01,performance,4,"Connect definite integrals and accumulation functions through the Fundamental Theorem of Calculus, including derivatives of integrals and behavior of accumulation functions.",I can differentiate integral-defined functions and use the integrand to analyze how an accumulation function changes.,"AP Topics 6.4, 6.5",ftc_synthesis_performance,performance,,"Unit 6 Assessment Plan + AP Calculus AB Course Framework; supplied AP Topic scoring guides consulted for authentic representations and rigor only, with no published question wording copied.",
U6-S4-PERF01,MATH,6,6.4,performance_future_task,performance,perf01,performance,3,"Find antiderivatives and evaluate definite integrals using the Fundamental Theorem of Calculus, with correct constants and notation for indefinite integrals.","I can find antiderivative families, evaluate definite integrals from antiderivatives, and distinguish when a constant of integration belongs.","AP Topics 6.7, 6.8",antiderivative_audit,performance,,"Unit 6 Assessment Plan + AP Calculus AB Course Framework; supplied AP Topic scoring guides consulted for authentic representations and rigor only, with no published question wording copied.",
U6-S5-PERF01,MATH,6,6.5,performance_future_task,performance,perf01,performance,4,"Use $u$-substitution as chain-rule reversal and select among substitution, algebraic rewriting, long division, or completing the square when appropriate.","I can recognize integrand structure, choose an efficient integration strategy, execute the method consistently, and justify why it fits.","AP Topics 6.9, 6.10, 6.14",integration_strategy_performance,performance,,"Unit 6 Assessment Plan + AP Calculus AB Course Framework; supplied AP Topic scoring guides consulted for authentic representations and rigor only, with no published question wording copied.",
U6-FA-D1-01-V1,MATH,6,6.1,formative_assessment,formative,d1_01_v1,n-a,1,"Interpret accumulation of change from rate graphs using signed area, units, and properties of definite integrals.","I can interpret signed area as net change, estimate accumulation from geometric regions, and keep the units of an accumulated rate meaningful.","AP Topics 6.1, 6.6",signed_accumulation_check,numeric,,"Unit 6 Assessment Plan + AP Calculus AB Course Framework; supplied AP Topic scoring guides consulted for authentic representations and rigor only, with no published question wording copied.","Eligibility: after Section 6.1. Formative family 1, version 1."
U6-FA-D1-01-V2,MATH,6,6.1,formative_assessment,formative,d1_01_v2,n-a,1,"Interpret accumulation of change from rate graphs using signed area, units, and properties of definite integrals.","I can interpret signed area as net change, estimate accumulation from geometric regions, and keep the units of an accumulated rate meaningful.","AP Topics 6.1, 6.6",signed_accumulation_check,numeric,,"Unit 6 Assessment Plan + AP Calculus AB Course Framework; supplied AP Topic scoring guides consulted for authentic representations and rigor only, with no published question wording copied.","Eligibility: after Section 6.1. Formative family 1, version 2."
U6-FA-D1-01-V3,MATH,6,6.1,formative_assessment,formative,d1_01_v3,n-a,1,"Interpret accumulation of change from rate graphs using signed area, units, and properties of definite integrals.","I can interpret signed area as net change, estimate accumulation from geometric regions, and keep the units of an accumulated rate meaningful.","AP Topics 6.1, 6.6",signed_accumulation_check,numeric,,"Unit 6 Assessment Plan + AP Calculus AB Course Framework; supplied AP Topic scoring guides consulted for authentic representations and rigor only, with no published question wording copied.","Eligibility: after Section 6.1. Formative family 1, version 3."
U6-FA-D1-01-V4,MATH,6,6.1,formative_assessment,formative,d1_01_v4,n-a,1,"Interpret accumulation of change from rate graphs using signed area, units, and properties of definite integrals.","I can interpret signed area as net change, estimate accumulation from geometric regions, and keep the units of an accumulated rate meaningful.","AP Topics 6.1, 6.6",signed_accumulation_check,numeric,,"Unit 6 Assessment Plan + AP Calculus AB Course Framework; supplied AP Topic scoring guides consulted for authentic representations and rigor only, with no published question wording copied.","Eligibility: after Section 6.1. Formative family 1, version 4."
U6-FA-D1-01-V5,MATH,6,6.1,formative_assessment,formative,d1_01_v5,n-a,1,"Interpret accumulation of change from rate graphs using signed area, units, and properties of definite integrals.","I can interpret signed area as net change, estimate accumulation from geometric regions, and keep the units of an accumulated rate meaningful.","AP Topics 6.1, 6.6",signed_accumulation_check,numeric,,"Unit 6 Assessment Plan + AP Calculus AB Course Framework; supplied AP Topic scoring guides consulted for authentic representations and rigor only, with no published question wording copied.","Eligibility: after Section 6.1. Formative family 1, version 5."
U6-FA-D1-01-V6,MATH,6,6.1,formative_assessment,formative,d1_01_v6,n-a,1,"Interpret accumulation of change from rate graphs using signed area, units, and properties of definite integrals.","I can interpret signed area as net change, estimate accumulation from geometric regions, and keep the units of an accumulated rate meaningful.","AP Topics 6.1, 6.6",signed_accumulation_check,numeric,,"Unit 6 Assessment Plan + AP Calculus AB Course Framework; supplied AP Topic scoring guides consulted for authentic representations and rigor only, with no published question wording copied.","Eligibility: after Section 6.1. Formative family 1, version 6."
U6-FA-D1-01-V7,MATH,6,6.1,formative_assessment,formative,d1_01_v7,n-a,1,"Interpret accumulation of change from rate graphs using signed area, units, and properties of definite integrals.","I can interpret signed area as net change, estimate accumulation from geometric regions, and keep the units of an accumulated rate meaningful.","AP Topics 6.1, 6.6",signed_accumulation_check,numeric,,"Unit 6 Assessment Plan + AP Calculus AB Course Framework; supplied AP Topic scoring guides consulted for authentic representations and rigor only, with no published question wording copied.","Eligibility: after Section 6.1. Formative family 1, version 7."
U6-FA-D1-01-V8,MATH,6,6.1,formative_assessment,formative,d1_01_v8,n-a,1,"Interpret accumulation of change from rate graphs using signed area, units, and properties of definite integrals.","I can interpret signed area as net change, estimate accumulation from geometric regions, and keep the units of an accumulated rate meaningful.","AP Topics 6.1, 6.6",signed_accumulation_check,numeric,,"Unit 6 Assessment Plan + AP Calculus AB Course Framework; supplied AP Topic scoring guides consulted for authentic representations and rigor only, with no published question wording copied.","Eligibility: after Section 6.1. Formative family 1, version 8."
U6-FA-D1-02-V1,MATH,6,6.2,formative_assessment,formative,d1_02_v1,n-a,1,"Approximate definite integrals with left, right, midpoint, and trapezoid sums on uniform or nonuniform partitions and interpret over/under estimates.","I can construct named numerical sums from tables or graphs, handle nonuniform widths, and compare approximation methods using function behavior.","AP Topics 6.2, 6.3",riemann_vocabulary,text,,"Unit 6 Assessment Plan + AP Calculus AB Course Framework; supplied AP Topic scoring guides consulted for authentic representations and rigor only, with no published question wording copied.","Eligibility: after Section 6.2. Formative family 2, version 1."
U6-FA-D1-02-V2,MATH,6,6.2,formative_assessment,formative,d1_02_v2,n-a,1,"Approximate definite integrals with left, right, midpoint, and trapezoid sums on uniform or nonuniform partitions and interpret over/under estimates.","I can construct named numerical sums from tables or graphs, handle nonuniform widths, and compare approximation methods using function behavior.","AP Topics 6.2, 6.3",riemann_vocabulary,text,,"Unit 6 Assessment Plan + AP Calculus AB Course Framework; supplied AP Topic scoring guides consulted for authentic representations and rigor only, with no published question wording copied.","Eligibility: after Section 6.2. Formative family 2, version 2."
U6-FA-D1-02-V3,MATH,6,6.2,formative_assessment,formative,d1_02_v3,n-a,1,"Approximate definite integrals with left, right, midpoint, and trapezoid sums on uniform or nonuniform partitions and interpret over/under estimates.","I can construct named numerical sums from tables or graphs, handle nonuniform widths, and compare approximation methods using function behavior.","AP Topics 6.2, 6.3",riemann_vocabulary,text,,"Unit 6 Assessment Plan + AP Calculus AB Course Framework; supplied AP Topic scoring guides consulted for authentic representations and rigor only, with no published question wording copied.","Eligibility: after Section 6.2. Formative family 2, version 3."
U6-FA-D1-02-V4,MATH,6,6.2,formative_assessment,formative,d1_02_v4,n-a,1,"Approximate definite integrals with left, right, midpoint, and trapezoid sums on uniform or nonuniform partitions and interpret over/under estimates.","I can construct named numerical sums from tables or graphs, handle nonuniform widths, and compare approximation methods using function behavior.","AP Topics 6.2, 6.3",riemann_vocabulary,text,,"Unit 6 Assessment Plan + AP Calculus AB Course Framework; supplied AP Topic scoring guides consulted for authentic representations and rigor only, with no published question wording copied.","Eligibility: after Section 6.2. Formative family 2, version 4."
U6-FA-D1-02-V5,MATH,6,6.2,formative_assessment,formative,d1_02_v5,n-a,1,"Approximate definite integrals with left, right, midpoint, and trapezoid sums on uniform or nonuniform partitions and interpret over/under estimates.","I can construct named numerical sums from tables or graphs, handle nonuniform widths, and compare approximation methods using function behavior.","AP Topics 6.2, 6.3",riemann_vocabulary,text,,"Unit 6 Assessment Plan + AP Calculus AB Course Framework; supplied AP Topic scoring guides consulted for authentic representations and rigor only, with no published question wording copied.","Eligibility: after Section 6.2. Formative family 2, version 5."
U6-FA-D1-02-V6,MATH,6,6.2,formative_assessment,formative,d1_02_v6,n-a,1,"Approximate definite integrals with left, right, midpoint, and trapezoid sums on uniform or nonuniform partitions and interpret over/under estimates.","I can construct named numerical sums from tables or graphs, handle nonuniform widths, and compare approximation methods using function behavior.","AP Topics 6.2, 6.3",riemann_vocabulary,text,,"Unit 6 Assessment Plan + AP Calculus AB Course Framework; supplied AP Topic scoring guides consulted for authentic representations and rigor only, with no published question wording copied.","Eligibility: after Section 6.2. Formative family 2, version 6."
U6-FA-D1-02-V7,MATH,6,6.2,formative_assessment,formative,d1_02_v7,n-a,1,"Approximate definite integrals with left, right, midpoint, and trapezoid sums on uniform or nonuniform partitions and interpret over/under estimates.","I can construct named numerical sums from tables or graphs, handle nonuniform widths, and compare approximation methods using function behavior.","AP Topics 6.2, 6.3",riemann_vocabulary,text,,"Unit 6 Assessment Plan + AP Calculus AB Course Framework; supplied AP Topic scoring guides consulted for authentic representations and rigor only, with no published question wording copied.","Eligibility: after Section 6.2. Formative family 2, version 7."
U6-FA-D1-02-V8,MATH,6,6.2,formative_assessment,formative,d1_02_v8,n-a,1,"Approximate definite integrals with left, right, midpoint, and trapezoid sums on uniform or nonuniform partitions and interpret over/under estimates.","I can construct named numerical sums from tables or graphs, handle nonuniform widths, and compare approximation methods using function behavior.","AP Topics 6.2, 6.3",riemann_vocabulary,text,,"Unit 6 Assessment Plan + AP Calculus AB Course Framework; supplied AP Topic scoring guides consulted for authentic representations and rigor only, with no published question wording copied.","Eligibility: after Section 6.2. Formative family 2, version 8."
U6-FA-D1-03-V1,MATH,6,6.3,formative_assessment,formative,d1_03_v1,n-a,1,"Connect definite integrals and accumulation functions through the Fundamental Theorem of Calculus, including derivatives of integrals and behavior of accumulation functions.",I can differentiate integral-defined functions and use the integrand to analyze how an accumulation function changes.,"AP Topics 6.4, 6.5",ftc_relationship_check,expression,,"Unit 6 Assessment Plan + AP Calculus AB Course Framework; supplied AP Topic scoring guides consulted for authentic representations and rigor only, with no published question wording copied.","Eligibility: after Section 6.3. Formative family 3, version 1."
U6-FA-D1-03-V2,MATH,6,6.3,formative_assessment,formative,d1_03_v2,n-a,1,"Connect definite integrals and accumulation functions through the Fundamental Theorem of Calculus, including derivatives of integrals and behavior of accumulation functions.",I can differentiate integral-defined functions and use the integrand to analyze how an accumulation function changes.,"AP Topics 6.4, 6.5",ftc_relationship_check,expression,,"Unit 6 Assessment Plan + AP Calculus AB Course Framework; supplied AP Topic scoring guides consulted for authentic representations and rigor only, with no published question wording copied.","Eligibility: after Section 6.3. Formative family 3, version 2."
U6-FA-D1-03-V3,MATH,6,6.3,formative_assessment,formative,d1_03_v3,n-a,1,"Connect definite integrals and accumulation functions through the Fundamental Theorem of Calculus, including derivatives of integrals and behavior of accumulation functions.",I can differentiate integral-defined functions and use the integrand to analyze how an accumulation function changes.,"AP Topics 6.4, 6.5",ftc_relationship_check,expression,,"Unit 6 Assessment Plan + AP Calculus AB Course Framework; supplied AP Topic scoring guides consulted for authentic representations and rigor only, with no published question wording copied.","Eligibility: after Section 6.3. Formative family 3, version 3."
U6-FA-D1-03-V4,MATH,6,6.3,formative_assessment,formative,d1_03_v4,n-a,1,"Connect definite integrals and accumulation functions through the Fundamental Theorem of Calculus, including derivatives of integrals and behavior of accumulation functions.",I can differentiate integral-defined functions and use the integrand to analyze how an accumulation function changes.,"AP Topics 6.4, 6.5",ftc_relationship_check,expression,,"Unit 6 Assessment Plan + AP Calculus AB Course Framework; supplied AP Topic scoring guides consulted for authentic representations and rigor only, with no published question wording copied.","Eligibility: after Section 6.3. Formative family 3, version 4."
U6-FA-D1-03-V5,MATH,6,6.3,formative_assessment,formative,d1_03_v5,n-a,1,"Connect definite integrals and accumulation functions through the Fundamental Theorem of Calculus, including derivatives of integrals and behavior of accumulation functions.",I can differentiate integral-defined functions and use the integrand to analyze how an accumulation function changes.,"AP Topics 6.4, 6.5",ftc_relationship_check,expression,,"Unit 6 Assessment Plan + AP Calculus AB Course Framework; supplied AP Topic scoring guides consulted for authentic representations and rigor only, with no published question wording copied.","Eligibility: after Section 6.3. Formative family 3, version 5."
U6-FA-D1-03-V6,MATH,6,6.3,formative_assessment,formative,d1_03_v6,n-a,1,"Connect definite integrals and accumulation functions through the Fundamental Theorem of Calculus, including derivatives of integrals and behavior of accumulation functions.",I can differentiate integral-defined functions and use the integrand to analyze how an accumulation function changes.,"AP Topics 6.4, 6.5",ftc_relationship_check,expression,,"Unit 6 Assessment Plan + AP Calculus AB Course Framework; supplied AP Topic scoring guides consulted for authentic representations and rigor only, with no published question wording copied.","Eligibility: after Section 6.3. Formative family 3, version 6."
U6-FA-D1-03-V7,MATH,6,6.3,formative_assessment,formative,d1_03_v7,n-a,1,"Connect definite integrals and accumulation functions through the Fundamental Theorem of Calculus, including derivatives of integrals and behavior of accumulation functions.",I can differentiate integral-defined functions and use the integrand to analyze how an accumulation function changes.,"AP Topics 6.4, 6.5",ftc_relationship_check,expression,,"Unit 6 Assessment Plan + AP Calculus AB Course Framework; supplied AP Topic scoring guides consulted for authentic representations and rigor only, with no published question wording copied.","Eligibility: after Section 6.3. Formative family 3, version 7."
U6-FA-D1-03-V8,MATH,6,6.3,formative_assessment,formative,d1_03_v8,n-a,1,"Connect definite integrals and accumulation functions through the Fundamental Theorem of Calculus, including derivatives of integrals and behavior of accumulation functions.",I can differentiate integral-defined functions and use the integrand to analyze how an accumulation function changes.,"AP Topics 6.4, 6.5",ftc_relationship_check,expression,,"Unit 6 Assessment Plan + AP Calculus AB Course Framework; supplied AP Topic scoring guides consulted for authentic representations and rigor only, with no published question wording copied.","Eligibility: after Section 6.3. Formative family 3, version 8."
U6-FA-D1-04-V1,MATH,6,6.4,formative_assessment,formative,d1_04_v1,n-a,1,"Find antiderivatives and evaluate definite integrals using the Fundamental Theorem of Calculus, with correct constants and notation for indefinite integrals.","I can find antiderivative families, evaluate definite integrals from antiderivatives, and distinguish when a constant of integration belongs.","AP Topics 6.7, 6.8",antiderivative_fluency,expression,,"Unit 6 Assessment Plan + AP Calculus AB Course Framework; supplied AP Topic scoring guides consulted for authentic representations and rigor only, with no published question wording copied.","Eligibility: after Section 6.4. Formative family 4, version 1."
U6-FA-D1-04-V2,MATH,6,6.4,formative_assessment,formative,d1_04_v2,n-a,1,"Find antiderivatives and evaluate definite integrals using the Fundamental Theorem of Calculus, with correct constants and notation for indefinite integrals.","I can find antiderivative families, evaluate definite integrals from antiderivatives, and distinguish when a constant of integration belongs.","AP Topics 6.7, 6.8",antiderivative_fluency,expression,,"Unit 6 Assessment Plan + AP Calculus AB Course Framework; supplied AP Topic scoring guides consulted for authentic representations and rigor only, with no published question wording copied.","Eligibility: after Section 6.4. Formative family 4, version 2."
U6-FA-D1-04-V3,MATH,6,6.4,formative_assessment,formative,d1_04_v3,n-a,1,"Find antiderivatives and evaluate definite integrals using the Fundamental Theorem of Calculus, with correct constants and notation for indefinite integrals.","I can find antiderivative families, evaluate definite integrals from antiderivatives, and distinguish when a constant of integration belongs.","AP Topics 6.7, 6.8",antiderivative_fluency,expression,,"Unit 6 Assessment Plan + AP Calculus AB Course Framework; supplied AP Topic scoring guides consulted for authentic representations and rigor only, with no published question wording copied.","Eligibility: after Section 6.4. Formative family 4, version 3."
U6-FA-D1-04-V4,MATH,6,6.4,formative_assessment,formative,d1_04_v4,n-a,1,"Find antiderivatives and evaluate definite integrals using the Fundamental Theorem of Calculus, with correct constants and notation for indefinite integrals.","I can find antiderivative families, evaluate definite integrals from antiderivatives, and distinguish when a constant of integration belongs.","AP Topics 6.7, 6.8",antiderivative_fluency,expression,,"Unit 6 Assessment Plan + AP Calculus AB Course Framework; supplied AP Topic scoring guides consulted for authentic representations and rigor only, with no published question wording copied.","Eligibility: after Section 6.4. Formative family 4, version 4."
U6-FA-D1-04-V5,MATH,6,6.4,formative_assessment,formative,d1_04_v5,n-a,1,"Find antiderivatives and evaluate definite integrals using the Fundamental Theorem of Calculus, with correct constants and notation for indefinite integrals.","I can find antiderivative families, evaluate definite integrals from antiderivatives, and distinguish when a constant of integration belongs.","AP Topics 6.7, 6.8",antiderivative_fluency,expression,,"Unit 6 Assessment Plan + AP Calculus AB Course Framework; supplied AP Topic scoring guides consulted for authentic representations and rigor only, with no published question wording copied.","Eligibility: after Section 6.4. Formative family 4, version 5."
U6-FA-D1-04-V6,MATH,6,6.4,formative_assessment,formative,d1_04_v6,n-a,1,"Find antiderivatives and evaluate definite integrals using the Fundamental Theorem of Calculus, with correct constants and notation for indefinite integrals.","I can find antiderivative families, evaluate definite integrals from antiderivatives, and distinguish when a constant of integration belongs.","AP Topics 6.7, 6.8",antiderivative_fluency,expression,,"Unit 6 Assessment Plan + AP Calculus AB Course Framework; supplied AP Topic scoring guides consulted for authentic representations and rigor only, with no published question wording copied.","Eligibility: after Section 6.4. Formative family 4, version 6."
U6-FA-D1-04-V7,MATH,6,6.4,formative_assessment,formative,d1_04_v7,n-a,1,"Find antiderivatives and evaluate definite integrals using the Fundamental Theorem of Calculus, with correct constants and notation for indefinite integrals.","I can find antiderivative families, evaluate definite integrals from antiderivatives, and distinguish when a constant of integration belongs.","AP Topics 6.7, 6.8",antiderivative_fluency,expression,,"Unit 6 Assessment Plan + AP Calculus AB Course Framework; supplied AP Topic scoring guides consulted for authentic representations and rigor only, with no published question wording copied.","Eligibility: after Section 6.4. Formative family 4, version 7."
U6-FA-D1-04-V8,MATH,6,6.4,formative_assessment,formative,d1_04_v8,n-a,1,"Find antiderivatives and evaluate definite integrals using the Fundamental Theorem of Calculus, with correct constants and notation for indefinite integrals.","I can find antiderivative families, evaluate definite integrals from antiderivatives, and distinguish when a constant of integration belongs.","AP Topics 6.7, 6.8",antiderivative_fluency,expression,,"Unit 6 Assessment Plan + AP Calculus AB Course Framework; supplied AP Topic scoring guides consulted for authentic representations and rigor only, with no published question wording copied.","Eligibility: after Section 6.4. Formative family 4, version 8."
U6-FA-D2-01-V1,MATH,6,6.2,formative_assessment,formative,d2_01_v1,n-a,2,"Approximate definite integrals with left, right, midpoint, and trapezoid sums on uniform or nonuniform partitions and interpret over/under estimates.","I can construct named numerical sums from tables or graphs, handle nonuniform widths, and compare approximation methods using function behavior.","AP Topics 6.2, 6.3",riemann_table,numeric,,"Unit 6 Assessment Plan + AP Calculus AB Course Framework; supplied AP Topic scoring guides consulted for authentic representations and rigor only, with no published question wording copied.","Eligibility: after Section 6.2. Formative family 1, version 1."
U6-FA-D2-01-V2,MATH,6,6.2,formative_assessment,formative,d2_01_v2,n-a,2,"Approximate definite integrals with left, right, midpoint, and trapezoid sums on uniform or nonuniform partitions and interpret over/under estimates.","I can construct named numerical sums from tables or graphs, handle nonuniform widths, and compare approximation methods using function behavior.","AP Topics 6.2, 6.3",trapezoid_nonuniform,numeric,,"Unit 6 Assessment Plan + AP Calculus AB Course Framework; supplied AP Topic scoring guides consulted for authentic representations and rigor only, with no published question wording copied.","Eligibility: after Section 6.2. Formative family 1, version 2."
U6-FA-D2-01-V3,MATH,6,6.2,formative_assessment,formative,d2_01_v3,n-a,2,"Approximate definite integrals with left, right, midpoint, and trapezoid sums on uniform or nonuniform partitions and interpret over/under estimates.","I can construct named numerical sums from tables or graphs, handle nonuniform widths, and compare approximation methods using function behavior.","AP Topics 6.2, 6.3",midpoint_sum,numeric,,"Unit 6 Assessment Plan + AP Calculus AB Course Framework; supplied AP Topic scoring guides consulted for authentic representations and rigor only, with no published question wording copied.","Eligibility: after Section 6.2. Formative family 1, version 3."
U6-FA-D2-01-V4,MATH,6,6.2,formative_assessment,formative,d2_01_v4,n-a,2,"Approximate definite integrals with left, right, midpoint, and trapezoid sums on uniform or nonuniform partitions and interpret over/under estimates.","I can construct named numerical sums from tables or graphs, handle nonuniform widths, and compare approximation methods using function behavior.","AP Topics 6.2, 6.3",riemann_limit_to_integral,expression,,"Unit 6 Assessment Plan + AP Calculus AB Course Framework; supplied AP Topic scoring guides consulted for authentic representations and rigor only, with no published question wording copied.","Eligibility: after Section 6.2. Formative family 1, version 4."
U6-FA-D2-01-V5,MATH,6,6.2,formative_assessment,formative,d2_01_v5,n-a,2,"Approximate definite integrals with left, right, midpoint, and trapezoid sums on uniform or nonuniform partitions and interpret over/under estimates.","I can construct named numerical sums from tables or graphs, handle nonuniform widths, and compare approximation methods using function behavior.","AP Topics 6.2, 6.3",riemann_table,numeric,,"Unit 6 Assessment Plan + AP Calculus AB Course Framework; supplied AP Topic scoring guides consulted for authentic representations and rigor only, with no published question wording copied.","Eligibility: after Section 6.2. Formative family 1, version 5."
U6-FA-D2-01-V6,MATH,6,6.2,formative_assessment,formative,d2_01_v6,n-a,2,"Approximate definite integrals with left, right, midpoint, and trapezoid sums on uniform or nonuniform partitions and interpret over/under estimates.","I can construct named numerical sums from tables or graphs, handle nonuniform widths, and compare approximation methods using function behavior.","AP Topics 6.2, 6.3",trapezoid_nonuniform,numeric,,"Unit 6 Assessment Plan + AP Calculus AB Course Framework; supplied AP Topic scoring guides consulted for authentic representations and rigor only, with no published question wording copied.","Eligibility: after Section 6.2. Formative family 1, version 6."
U6-FA-D2-01-V7,MATH,6,6.2,formative_assessment,formative,d2_01_v7,n-a,2,"Approximate definite integrals with left, right, midpoint, and trapezoid sums on uniform or nonuniform partitions and interpret over/under estimates.","I can construct named numerical sums from tables or graphs, handle nonuniform widths, and compare approximation methods using function behavior.","AP Topics 6.2, 6.3",midpoint_sum,numeric,,"Unit 6 Assessment Plan + AP Calculus AB Course Framework; supplied AP Topic scoring guides consulted for authentic representations and rigor only, with no published question wording copied.","Eligibility: after Section 6.2. Formative family 1, version 7."
U6-FA-D2-01-V8,MATH,6,6.2,formative_assessment,formative,d2_01_v8,n-a,2,"Approximate definite integrals with left, right, midpoint, and trapezoid sums on uniform or nonuniform partitions and interpret over/under estimates.","I can construct named numerical sums from tables or graphs, handle nonuniform widths, and compare approximation methods using function behavior.","AP Topics 6.2, 6.3",riemann_limit_to_integral,expression,,"Unit 6 Assessment Plan + AP Calculus AB Course Framework; supplied AP Topic scoring guides consulted for authentic representations and rigor only, with no published question wording copied.","Eligibility: after Section 6.2. Formative family 1, version 8."
U6-FA-D2-02-V1,MATH,6,6.3,formative_assessment,formative,d2_02_v1,n-a,2,"Connect definite integrals and accumulation functions through the Fundamental Theorem of Calculus, including derivatives of integrals and behavior of accumulation functions.",I can differentiate integral-defined functions and use the integrand to analyze how an accumulation function changes.,"AP Topics 6.4, 6.5",accumulation_function_analysis,intervals,u6_fa_d2_02_v1_fa_integrand.png,"Unit 6 Assessment Plan + AP Calculus AB Course Framework; supplied AP Topic scoring guides consulted for authentic representations and rigor only, with no published question wording copied.","Eligibility: after Section 6.3. Formative family 2, version 1."
U6-FA-D2-02-V2,MATH,6,6.3,formative_assessment,formative,d2_02_v2,n-a,2,"Connect definite integrals and accumulation functions through the Fundamental Theorem of Calculus, including derivatives of integrals and behavior of accumulation functions.",I can differentiate integral-defined functions and use the integrand to analyze how an accumulation function changes.,"AP Topics 6.4, 6.5",accumulation_second_derivative,expression,,"Unit 6 Assessment Plan + AP Calculus AB Course Framework; supplied AP Topic scoring guides consulted for authentic representations and rigor only, with no published question wording copied.","Eligibility: after Section 6.3. Formative family 2, version 2."
U6-FA-D2-02-V3,MATH,6,6.3,formative_assessment,formative,d2_02_v3,n-a,2,"Connect definite integrals and accumulation functions through the Fundamental Theorem of Calculus, including derivatives of integrals and behavior of accumulation functions.",I can differentiate integral-defined functions and use the integrand to analyze how an accumulation function changes.,"AP Topics 6.4, 6.5",accumulation_function_analysis,intervals,u6_fa_d2_02_v3_fa_integrand.png,"Unit 6 Assessment Plan + AP Calculus AB Course Framework; supplied AP Topic scoring guides consulted for authentic representations and rigor only, with no published question wording copied.","Eligibility: after Section 6.3. Formative family 2, version 3."
U6-FA-D2-02-V4,MATH,6,6.3,formative_assessment,formative,d2_02_v4,n-a,2,"Connect definite integrals and accumulation functions through the Fundamental Theorem of Calculus, including derivatives of integrals and behavior of accumulation functions.",I can differentiate integral-defined functions and use the integrand to analyze how an accumulation function changes.,"AP Topics 6.4, 6.5",accumulation_value_critique,constructed_response,,"Unit 6 Assessment Plan + AP Calculus AB Course Framework; supplied AP Topic scoring guides consulted for authentic representations and rigor only, with no published question wording copied.","Eligibility: after Section 6.3. Formative family 2, version 4."
U6-FA-D2-02-V5,MATH,6,6.3,formative_assessment,formative,d2_02_v5,n-a,2,"Connect definite integrals and accumulation functions through the Fundamental Theorem of Calculus, including derivatives of integrals and behavior of accumulation functions.",I can differentiate integral-defined functions and use the integrand to analyze how an accumulation function changes.,"AP Topics 6.4, 6.5",accumulation_function_analysis,intervals,u6_fa_d2_02_v5_fa_integrand.png,"Unit 6 Assessment Plan + AP Calculus AB Course Framework; supplied AP Topic scoring guides consulted for authentic representations and rigor only, with no published question wording copied.","Eligibility: after Section 6.3. Formative family 2, version 5."
U6-FA-D2-02-V6,MATH,6,6.3,formative_assessment,formative,d2_02_v6,n-a,2,"Connect definite integrals and accumulation functions through the Fundamental Theorem of Calculus, including derivatives of integrals and behavior of accumulation functions.",I can differentiate integral-defined functions and use the integrand to analyze how an accumulation function changes.,"AP Topics 6.4, 6.5",accumulation_second_derivative,expression,,"Unit 6 Assessment Plan + AP Calculus AB Course Framework; supplied AP Topic scoring guides consulted for authentic representations and rigor only, with no published question wording copied.","Eligibility: after Section 6.3. Formative family 2, version 6."
U6-FA-D2-02-V7,MATH,6,6.3,formative_assessment,formative,d2_02_v7,n-a,2,"Connect definite integrals and accumulation functions through the Fundamental Theorem of Calculus, including derivatives of integrals and behavior of accumulation functions.",I can differentiate integral-defined functions and use the integrand to analyze how an accumulation function changes.,"AP Topics 6.4, 6.5",accumulation_function_analysis,intervals,u6_fa_d2_02_v7_fa_integrand.png,"Unit 6 Assessment Plan + AP Calculus AB Course Framework; supplied AP Topic scoring guides consulted for authentic representations and rigor only, with no published question wording copied.","Eligibility: after Section 6.3. Formative family 2, version 7."
U6-FA-D2-02-V8,MATH,6,6.3,formative_assessment,formative,d2_02_v8,n-a,2,"Connect definite integrals and accumulation functions through the Fundamental Theorem of Calculus, including derivatives of integrals and behavior of accumulation functions.",I can differentiate integral-defined functions and use the integrand to analyze how an accumulation function changes.,"AP Topics 6.4, 6.5",accumulation_value_critique,constructed_response,,"Unit 6 Assessment Plan + AP Calculus AB Course Framework; supplied AP Topic scoring guides consulted for authentic representations and rigor only, with no published question wording copied.","Eligibility: after Section 6.3. Formative family 2, version 8."
U6-FA-D2-03-V1,MATH,6,6.4,formative_assessment,formative,d2_03_v1,n-a,2,"Find antiderivatives and evaluate definite integrals using the Fundamental Theorem of Calculus, with correct constants and notation for indefinite integrals.","I can find antiderivative families, evaluate definite integrals from antiderivatives, and distinguish when a constant of integration belongs.","AP Topics 6.7, 6.8",ftc_evaluation,numeric,,"Unit 6 Assessment Plan + AP Calculus AB Course Framework; supplied AP Topic scoring guides consulted for authentic representations and rigor only, with no published question wording copied.","Eligibility: after Section 6.4. Formative family 3, version 1."
U6-FA-D2-03-V2,MATH,6,6.4,formative_assessment,formative,d2_03_v2,n-a,2,"Find antiderivatives and evaluate definite integrals using the Fundamental Theorem of Calculus, with correct constants and notation for indefinite integrals.","I can find antiderivative families, evaluate definite integrals from antiderivatives, and distinguish when a constant of integration belongs.","AP Topics 6.7, 6.8",ftc_evaluation,numeric,,"Unit 6 Assessment Plan + AP Calculus AB Course Framework; supplied AP Topic scoring guides consulted for authentic representations and rigor only, with no published question wording copied.","Eligibility: after Section 6.4. Formative family 3, version 2."
U6-FA-D2-03-V3,MATH,6,6.4,formative_assessment,formative,d2_03_v3,n-a,2,"Find antiderivatives and evaluate definite integrals using the Fundamental Theorem of Calculus, with correct constants and notation for indefinite integrals.","I can find antiderivative families, evaluate definite integrals from antiderivatives, and distinguish when a constant of integration belongs.","AP Topics 6.7, 6.8",ftc_evaluation,numeric,,"Unit 6 Assessment Plan + AP Calculus AB Course Framework; supplied AP Topic scoring guides consulted for authentic representations and rigor only, with no published question wording copied.","Eligibility: after Section 6.4. Formative family 3, version 3."
U6-FA-D2-03-V4,MATH,6,6.4,formative_assessment,formative,d2_03_v4,n-a,2,"Find antiderivatives and evaluate definite integrals using the Fundamental Theorem of Calculus, with correct constants and notation for indefinite integrals.","I can find antiderivative families, evaluate definite integrals from antiderivatives, and distinguish when a constant of integration belongs.","AP Topics 6.7, 6.8",reverse_bounds,numeric,,"Unit 6 Assessment Plan + AP Calculus AB Course Framework; supplied AP Topic scoring guides consulted for authentic representations and rigor only, with no published question wording copied.","Eligibility: after Section 6.4. Formative family 3, version 4."
U6-FA-D2-03-V5,MATH,6,6.4,formative_assessment,formative,d2_03_v5,n-a,2,"Find antiderivatives and evaluate definite integrals using the Fundamental Theorem of Calculus, with correct constants and notation for indefinite integrals.","I can find antiderivative families, evaluate definite integrals from antiderivatives, and distinguish when a constant of integration belongs.","AP Topics 6.7, 6.8",ftc_evaluation,numeric,,"Unit 6 Assessment Plan + AP Calculus AB Course Framework; supplied AP Topic scoring guides consulted for authentic representations and rigor only, with no published question wording copied.","Eligibility: after Section 6.4. Formative family 3, version 5."
U6-FA-D2-03-V6,MATH,6,6.4,formative_assessment,formative,d2_03_v6,n-a,2,"Find antiderivatives and evaluate definite integrals using the Fundamental Theorem of Calculus, with correct constants and notation for indefinite integrals.","I can find antiderivative families, evaluate definite integrals from antiderivatives, and distinguish when a constant of integration belongs.","AP Topics 6.7, 6.8",ftc_evaluation,numeric,,"Unit 6 Assessment Plan + AP Calculus AB Course Framework; supplied AP Topic scoring guides consulted for authentic representations and rigor only, with no published question wording copied.","Eligibility: after Section 6.4. Formative family 3, version 6."
U6-FA-D2-03-V7,MATH,6,6.4,formative_assessment,formative,d2_03_v7,n-a,2,"Find antiderivatives and evaluate definite integrals using the Fundamental Theorem of Calculus, with correct constants and notation for indefinite integrals.","I can find antiderivative families, evaluate definite integrals from antiderivatives, and distinguish when a constant of integration belongs.","AP Topics 6.7, 6.8",ftc_evaluation,numeric,,"Unit 6 Assessment Plan + AP Calculus AB Course Framework; supplied AP Topic scoring guides consulted for authentic representations and rigor only, with no published question wording copied.","Eligibility: after Section 6.4. Formative family 3, version 7."
U6-FA-D2-03-V8,MATH,6,6.4,formative_assessment,formative,d2_03_v8,n-a,2,"Find antiderivatives and evaluate definite integrals using the Fundamental Theorem of Calculus, with correct constants and notation for indefinite integrals.","I can find antiderivative families, evaluate definite integrals from antiderivatives, and distinguish when a constant of integration belongs.","AP Topics 6.7, 6.8",reverse_bounds,numeric,,"Unit 6 Assessment Plan + AP Calculus AB Course Framework; supplied AP Topic scoring guides consulted for authentic representations and rigor only, with no published question wording copied.","Eligibility: after Section 6.4. Formative family 3, version 8."
U6-FA-D2-04-V1,MATH,6,6.5,formative_assessment,formative,d2_04_v1,n-a,2,"Use $u$-substitution as chain-rule reversal and select among substitution, algebraic rewriting, long division, or completing the square when appropriate.","I can recognize integrand structure, choose an efficient integration strategy, execute the method consistently, and justify why it fits.","AP Topics 6.9, 6.10, 6.14",u_substitution,expression,,"Unit 6 Assessment Plan + AP Calculus AB Course Framework; supplied AP Topic scoring guides consulted for authentic representations and rigor only, with no published question wording copied.","Eligibility: after Section 6.5. Formative family 4, version 1."
U6-FA-D2-04-V2,MATH,6,6.5,formative_assessment,formative,d2_04_v2,n-a,2,"Use $u$-substitution as chain-rule reversal and select among substitution, algebraic rewriting, long division, or completing the square when appropriate.","I can recognize integrand structure, choose an efficient integration strategy, execute the method consistently, and justify why it fits.","AP Topics 6.9, 6.10, 6.14",definite_u_substitution,numeric,,"Unit 6 Assessment Plan + AP Calculus AB Course Framework; supplied AP Topic scoring guides consulted for authentic representations and rigor only, with no published question wording copied.","Eligibility: after Section 6.5. Formative family 4, version 2."
U6-FA-D2-04-V3,MATH,6,6.5,formative_assessment,formative,d2_04_v3,n-a,2,"Use $u$-substitution as chain-rule reversal and select among substitution, algebraic rewriting, long division, or completing the square when appropriate.","I can recognize integrand structure, choose an efficient integration strategy, execute the method consistently, and justify why it fits.","AP Topics 6.9, 6.10, 6.14",u_substitution,expression,,"Unit 6 Assessment Plan + AP Calculus AB Course Framework; supplied AP Topic scoring guides consulted for authentic representations and rigor only, with no published question wording copied.","Eligibility: after Section 6.5. Formative family 4, version 3."
U6-FA-D2-04-V4,MATH,6,6.5,formative_assessment,formative,d2_04_v4,n-a,2,"Use $u$-substitution as chain-rule reversal and select among substitution, algebraic rewriting, long division, or completing the square when appropriate.","I can recognize integrand structure, choose an efficient integration strategy, execute the method consistently, and justify why it fits.","AP Topics 6.9, 6.10, 6.14",definite_u_substitution,numeric,,"Unit 6 Assessment Plan + AP Calculus AB Course Framework; supplied AP Topic scoring guides consulted for authentic representations and rigor only, with no published question wording copied.","Eligibility: after Section 6.5. Formative family 4, version 4."
U6-FA-D2-04-V5,MATH,6,6.5,formative_assessment,formative,d2_04_v5,n-a,2,"Use $u$-substitution as chain-rule reversal and select among substitution, algebraic rewriting, long division, or completing the square when appropriate.","I can recognize integrand structure, choose an efficient integration strategy, execute the method consistently, and justify why it fits.","AP Topics 6.9, 6.10, 6.14",u_substitution,expression,,"Unit 6 Assessment Plan + AP Calculus AB Course Framework; supplied AP Topic scoring guides consulted for authentic representations and rigor only, with no published question wording copied.","Eligibility: after Section 6.5. Formative family 4, version 5."
U6-FA-D2-04-V6,MATH,6,6.5,formative_assessment,formative,d2_04_v6,n-a,2,"Use $u$-substitution as chain-rule reversal and select among substitution, algebraic rewriting, long division, or completing the square when appropriate.","I can recognize integrand structure, choose an efficient integration strategy, execute the method consistently, and justify why it fits.","AP Topics 6.9, 6.10, 6.14",definite_u_substitution,numeric,,"Unit 6 Assessment Plan + AP Calculus AB Course Framework; supplied AP Topic scoring guides consulted for authentic representations and rigor only, with no published question wording copied.","Eligibility: after Section 6.5. Formative family 4, version 6."
U6-FA-D2-04-V7,MATH,6,6.5,formative_assessment,formative,d2_04_v7,n-a,2,"Use $u$-substitution as chain-rule reversal and select among substitution, algebraic rewriting, long division, or completing the square when appropriate.","I can recognize integrand structure, choose an efficient integration strategy, execute the method consistently, and justify why it fits.","AP Topics 6.9, 6.10, 6.14",u_substitution,expression,,"Unit 6 Assessment Plan + AP Calculus AB Course Framework; supplied AP Topic scoring guides consulted for authentic representations and rigor only, with no published question wording copied.","Eligibility: after Section 6.5. Formative family 4, version 7."
U6-FA-D2-04-V8,MATH,6,6.5,formative_assessment,formative,d2_04_v8,n-a,2,"Use $u$-substitution as chain-rule reversal and select among substitution, algebraic rewriting, long division, or completing the square when appropriate.","I can recognize integrand structure, choose an efficient integration strategy, execute the method consistently, and justify why it fits.","AP Topics 6.9, 6.10, 6.14",definite_u_substitution,numeric,,"Unit 6 Assessment Plan + AP Calculus AB Course Framework; supplied AP Topic scoring guides consulted for authentic representations and rigor only, with no published question wording copied.","Eligibility: after Section 6.5. Formative family 4, version 8."
U6-FA-D3-01-V1,MATH,6,6.2,formative_assessment,formative,d3_01_v1,n-a,3,"Approximate definite integrals with left, right, midpoint, and trapezoid sums on uniform or nonuniform partitions and interpret over/under estimates.","I can construct named numerical sums from tables or graphs, handle nonuniform widths, and compare approximation methods using function behavior.","AP Topics 6.2, 6.3",approximation_method_comparison,constructed_response,,"Unit 6 Assessment Plan + AP Calculus AB Course Framework; supplied AP Topic scoring guides consulted for authentic representations and rigor only, with no published question wording copied.","Eligibility: after Section 6.2. Formative family 1, version 1."
U6-FA-D3-01-V2,MATH,6,6.2,formative_assessment,formative,d3_01_v2,n-a,3,"Approximate definite integrals with left, right, midpoint, and trapezoid sums on uniform or nonuniform partitions and interpret over/under estimates.","I can construct named numerical sums from tables or graphs, handle nonuniform widths, and compare approximation methods using function behavior.","AP Topics 6.2, 6.3",approximation_method_comparison,constructed_response,,"Unit 6 Assessment Plan + AP Calculus AB Course Framework; supplied AP Topic scoring guides consulted for authentic representations and rigor only, with no published question wording copied.","Eligibility: after Section 6.2. Formative family 1, version 2."
U6-FA-D3-01-V3,MATH,6,6.2,formative_assessment,formative,d3_01_v3,n-a,3,"Approximate definite integrals with left, right, midpoint, and trapezoid sums on uniform or nonuniform partitions and interpret over/under estimates.","I can construct named numerical sums from tables or graphs, handle nonuniform widths, and compare approximation methods using function behavior.","AP Topics 6.2, 6.3",approximation_method_comparison,constructed_response,,"Unit 6 Assessment Plan + AP Calculus AB Course Framework; supplied AP Topic scoring guides consulted for authentic representations and rigor only, with no published question wording copied.","Eligibility: after Section 6.2. Formative family 1, version 3."
U6-FA-D3-01-V4,MATH,6,6.2,formative_assessment,formative,d3_01_v4,n-a,3,"Approximate definite integrals with left, right, midpoint, and trapezoid sums on uniform or nonuniform partitions and interpret over/under estimates.","I can construct named numerical sums from tables or graphs, handle nonuniform widths, and compare approximation methods using function behavior.","AP Topics 6.2, 6.3",approximation_method_comparison,constructed_response,,"Unit 6 Assessment Plan + AP Calculus AB Course Framework; supplied AP Topic scoring guides consulted for authentic representations and rigor only, with no published question wording copied.","Eligibility: after Section 6.2. Formative family 1, version 4."
U6-FA-D3-01-V5,MATH,6,6.2,formative_assessment,formative,d3_01_v5,n-a,3,"Approximate definite integrals with left, right, midpoint, and trapezoid sums on uniform or nonuniform partitions and interpret over/under estimates.","I can construct named numerical sums from tables or graphs, handle nonuniform widths, and compare approximation methods using function behavior.","AP Topics 6.2, 6.3",approximation_method_comparison,constructed_response,,"Unit 6 Assessment Plan + AP Calculus AB Course Framework; supplied AP Topic scoring guides consulted for authentic representations and rigor only, with no published question wording copied.","Eligibility: after Section 6.2. Formative family 1, version 5."
U6-FA-D3-01-V6,MATH,6,6.2,formative_assessment,formative,d3_01_v6,n-a,3,"Approximate definite integrals with left, right, midpoint, and trapezoid sums on uniform or nonuniform partitions and interpret over/under estimates.","I can construct named numerical sums from tables or graphs, handle nonuniform widths, and compare approximation methods using function behavior.","AP Topics 6.2, 6.3",approximation_method_comparison,constructed_response,,"Unit 6 Assessment Plan + AP Calculus AB Course Framework; supplied AP Topic scoring guides consulted for authentic representations and rigor only, with no published question wording copied.","Eligibility: after Section 6.2. Formative family 1, version 6."
U6-FA-D3-01-V7,MATH,6,6.2,formative_assessment,formative,d3_01_v7,n-a,3,"Approximate definite integrals with left, right, midpoint, and trapezoid sums on uniform or nonuniform partitions and interpret over/under estimates.","I can construct named numerical sums from tables or graphs, handle nonuniform widths, and compare approximation methods using function behavior.","AP Topics 6.2, 6.3",approximation_method_comparison,constructed_response,,"Unit 6 Assessment Plan + AP Calculus AB Course Framework; supplied AP Topic scoring guides consulted for authentic representations and rigor only, with no published question wording copied.","Eligibility: after Section 6.2. Formative family 1, version 7."
U6-FA-D3-01-V8,MATH,6,6.2,formative_assessment,formative,d3_01_v8,n-a,3,"Approximate definite integrals with left, right, midpoint, and trapezoid sums on uniform or nonuniform partitions and interpret over/under estimates.","I can construct named numerical sums from tables or graphs, handle nonuniform widths, and compare approximation methods using function behavior.","AP Topics 6.2, 6.3",approximation_method_comparison,constructed_response,,"Unit 6 Assessment Plan + AP Calculus AB Course Framework; supplied AP Topic scoring guides consulted for authentic representations and rigor only, with no published question wording copied.","Eligibility: after Section 6.2. Formative family 1, version 8."
U6-FA-D3-02-V1,MATH,6,6.3,formative_assessment,formative,d3_02_v1,n-a,3,"Connect definite integrals and accumulation functions through the Fundamental Theorem of Calculus, including derivatives of integrals and behavior of accumulation functions.",I can differentiate integral-defined functions and use the integrand to analyze how an accumulation function changes.,"AP Topics 6.4, 6.5",accumulation_representation_synthesis,constructed_response,u6_fa_d3_02_v1_fa_synthesis.png,"Unit 6 Assessment Plan + AP Calculus AB Course Framework; supplied AP Topic scoring guides consulted for authentic representations and rigor only, with no published question wording copied.","Eligibility: after Section 6.3. Formative family 2, version 1."
U6-FA-D3-02-V2,MATH,6,6.3,formative_assessment,formative,d3_02_v2,n-a,3,"Connect definite integrals and accumulation functions through the Fundamental Theorem of Calculus, including derivatives of integrals and behavior of accumulation functions.",I can differentiate integral-defined functions and use the integrand to analyze how an accumulation function changes.,"AP Topics 6.4, 6.5",accumulation_representation_synthesis,constructed_response,u6_fa_d3_02_v2_fa_synthesis.png,"Unit 6 Assessment Plan + AP Calculus AB Course Framework; supplied AP Topic scoring guides consulted for authentic representations and rigor only, with no published question wording copied.","Eligibility: after Section 6.3. Formative family 2, version 2."
U6-FA-D3-02-V3,MATH,6,6.3,formative_assessment,formative,d3_02_v3,n-a,3,"Connect definite integrals and accumulation functions through the Fundamental Theorem of Calculus, including derivatives of integrals and behavior of accumulation functions.",I can differentiate integral-defined functions and use the integrand to analyze how an accumulation function changes.,"AP Topics 6.4, 6.5",accumulation_representation_synthesis,constructed_response,u6_fa_d3_02_v3_fa_synthesis.png,"Unit 6 Assessment Plan + AP Calculus AB Course Framework; supplied AP Topic scoring guides consulted for authentic representations and rigor only, with no published question wording copied.","Eligibility: after Section 6.3. Formative family 2, version 3."
U6-FA-D3-02-V4,MATH,6,6.3,formative_assessment,formative,d3_02_v4,n-a,3,"Connect definite integrals and accumulation functions through the Fundamental Theorem of Calculus, including derivatives of integrals and behavior of accumulation functions.",I can differentiate integral-defined functions and use the integrand to analyze how an accumulation function changes.,"AP Topics 6.4, 6.5",accumulation_representation_synthesis,constructed_response,u6_fa_d3_02_v4_fa_synthesis.png,"Unit 6 Assessment Plan + AP Calculus AB Course Framework; supplied AP Topic scoring guides consulted for authentic representations and rigor only, with no published question wording copied.","Eligibility: after Section 6.3. Formative family 2, version 4."
U6-FA-D3-02-V5,MATH,6,6.3,formative_assessment,formative,d3_02_v5,n-a,3,"Connect definite integrals and accumulation functions through the Fundamental Theorem of Calculus, including derivatives of integrals and behavior of accumulation functions.",I can differentiate integral-defined functions and use the integrand to analyze how an accumulation function changes.,"AP Topics 6.4, 6.5",accumulation_representation_synthesis,constructed_response,u6_fa_d3_02_v5_fa_synthesis.png,"Unit 6 Assessment Plan + AP Calculus AB Course Framework; supplied AP Topic scoring guides consulted for authentic representations and rigor only, with no published question wording copied.","Eligibility: after Section 6.3. Formative family 2, version 5."
U6-FA-D3-02-V6,MATH,6,6.3,formative_assessment,formative,d3_02_v6,n-a,3,"Connect definite integrals and accumulation functions through the Fundamental Theorem of Calculus, including derivatives of integrals and behavior of accumulation functions.",I can differentiate integral-defined functions and use the integrand to analyze how an accumulation function changes.,"AP Topics 6.4, 6.5",accumulation_representation_synthesis,constructed_response,u6_fa_d3_02_v6_fa_synthesis.png,"Unit 6 Assessment Plan + AP Calculus AB Course Framework; supplied AP Topic scoring guides consulted for authentic representations and rigor only, with no published question wording copied.","Eligibility: after Section 6.3. Formative family 2, version 6."
U6-FA-D3-02-V7,MATH,6,6.3,formative_assessment,formative,d3_02_v7,n-a,3,"Connect definite integrals and accumulation functions through the Fundamental Theorem of Calculus, including derivatives of integrals and behavior of accumulation functions.",I can differentiate integral-defined functions and use the integrand to analyze how an accumulation function changes.,"AP Topics 6.4, 6.5",accumulation_representation_synthesis,constructed_response,u6_fa_d3_02_v7_fa_synthesis.png,"Unit 6 Assessment Plan + AP Calculus AB Course Framework; supplied AP Topic scoring guides consulted for authentic representations and rigor only, with no published question wording copied.","Eligibility: after Section 6.3. Formative family 2, version 7."
U6-FA-D3-02-V8,MATH,6,6.3,formative_assessment,formative,d3_02_v8,n-a,3,"Connect definite integrals and accumulation functions through the Fundamental Theorem of Calculus, including derivatives of integrals and behavior of accumulation functions.",I can differentiate integral-defined functions and use the integrand to analyze how an accumulation function changes.,"AP Topics 6.4, 6.5",accumulation_representation_synthesis,constructed_response,u6_fa_d3_02_v8_fa_synthesis.png,"Unit 6 Assessment Plan + AP Calculus AB Course Framework; supplied AP Topic scoring guides consulted for authentic representations and rigor only, with no published question wording copied.","Eligibility: after Section 6.3. Formative family 2, version 8."
U6-FA-D3-03-V1,MATH,6,6.4,formative_assessment,formative,d3_03_v1,n-a,3,"Find antiderivatives and evaluate definite integrals using the Fundamental Theorem of Calculus, with correct constants and notation for indefinite integrals.","I can find antiderivative families, evaluate definite integrals from antiderivatives, and distinguish when a constant of integration belongs.","AP Topics 6.7, 6.8",ftc_reasoning_critique,constructed_response,,"Unit 6 Assessment Plan + AP Calculus AB Course Framework; supplied AP Topic scoring guides consulted for authentic representations and rigor only, with no published question wording copied.","Eligibility: after Section 6.4. Formative family 3, version 1."
U6-FA-D3-03-V2,MATH,6,6.4,formative_assessment,formative,d3_03_v2,n-a,3,"Find antiderivatives and evaluate definite integrals using the Fundamental Theorem of Calculus, with correct constants and notation for indefinite integrals.","I can find antiderivative families, evaluate definite integrals from antiderivatives, and distinguish when a constant of integration belongs.","AP Topics 6.7, 6.8",ftc_reasoning_critique,constructed_response,,"Unit 6 Assessment Plan + AP Calculus AB Course Framework; supplied AP Topic scoring guides consulted for authentic representations and rigor only, with no published question wording copied.","Eligibility: after Section 6.4. Formative family 3, version 2."
U6-FA-D3-03-V3,MATH,6,6.4,formative_assessment,formative,d3_03_v3,n-a,3,"Find antiderivatives and evaluate definite integrals using the Fundamental Theorem of Calculus, with correct constants and notation for indefinite integrals.","I can find antiderivative families, evaluate definite integrals from antiderivatives, and distinguish when a constant of integration belongs.","AP Topics 6.7, 6.8",ftc_reasoning_critique,constructed_response,,"Unit 6 Assessment Plan + AP Calculus AB Course Framework; supplied AP Topic scoring guides consulted for authentic representations and rigor only, with no published question wording copied.","Eligibility: after Section 6.4. Formative family 3, version 3."
U6-FA-D3-03-V4,MATH,6,6.4,formative_assessment,formative,d3_03_v4,n-a,3,"Find antiderivatives and evaluate definite integrals using the Fundamental Theorem of Calculus, with correct constants and notation for indefinite integrals.","I can find antiderivative families, evaluate definite integrals from antiderivatives, and distinguish when a constant of integration belongs.","AP Topics 6.7, 6.8",ftc_reasoning_critique,constructed_response,,"Unit 6 Assessment Plan + AP Calculus AB Course Framework; supplied AP Topic scoring guides consulted for authentic representations and rigor only, with no published question wording copied.","Eligibility: after Section 6.4. Formative family 3, version 4."
U6-FA-D3-03-V5,MATH,6,6.4,formative_assessment,formative,d3_03_v5,n-a,3,"Find antiderivatives and evaluate definite integrals using the Fundamental Theorem of Calculus, with correct constants and notation for indefinite integrals.","I can find antiderivative families, evaluate definite integrals from antiderivatives, and distinguish when a constant of integration belongs.","AP Topics 6.7, 6.8",ftc_reasoning_critique,constructed_response,,"Unit 6 Assessment Plan + AP Calculus AB Course Framework; supplied AP Topic scoring guides consulted for authentic representations and rigor only, with no published question wording copied.","Eligibility: after Section 6.4. Formative family 3, version 5."
U6-FA-D3-03-V6,MATH,6,6.4,formative_assessment,formative,d3_03_v6,n-a,3,"Find antiderivatives and evaluate definite integrals using the Fundamental Theorem of Calculus, with correct constants and notation for indefinite integrals.","I can find antiderivative families, evaluate definite integrals from antiderivatives, and distinguish when a constant of integration belongs.","AP Topics 6.7, 6.8",ftc_reasoning_critique,constructed_response,,"Unit 6 Assessment Plan + AP Calculus AB Course Framework; supplied AP Topic scoring guides consulted for authentic representations and rigor only, with no published question wording copied.","Eligibility: after Section 6.4. Formative family 3, version 6."
U6-FA-D3-03-V7,MATH,6,6.4,formative_assessment,formative,d3_03_v7,n-a,3,"Find antiderivatives and evaluate definite integrals using the Fundamental Theorem of Calculus, with correct constants and notation for indefinite integrals.","I can find antiderivative families, evaluate definite integrals from antiderivatives, and distinguish when a constant of integration belongs.","AP Topics 6.7, 6.8",ftc_reasoning_critique,constructed_response,,"Unit 6 Assessment Plan + AP Calculus AB Course Framework; supplied AP Topic scoring guides consulted for authentic representations and rigor only, with no published question wording copied.","Eligibility: after Section 6.4. Formative family 3, version 7."
U6-FA-D3-03-V8,MATH,6,6.4,formative_assessment,formative,d3_03_v8,n-a,3,"Find antiderivatives and evaluate definite integrals using the Fundamental Theorem of Calculus, with correct constants and notation for indefinite integrals.","I can find antiderivative families, evaluate definite integrals from antiderivatives, and distinguish when a constant of integration belongs.","AP Topics 6.7, 6.8",ftc_reasoning_critique,constructed_response,,"Unit 6 Assessment Plan + AP Calculus AB Course Framework; supplied AP Topic scoring guides consulted for authentic representations and rigor only, with no published question wording copied.","Eligibility: after Section 6.4. Formative family 3, version 8."
U6-FA-D3-04-V1,MATH,6,6.5,formative_assessment,formative,d3_04_v1,n-a,3,"Use $u$-substitution as chain-rule reversal and select among substitution, algebraic rewriting, long division, or completing the square when appropriate.","I can recognize integrand structure, choose an efficient integration strategy, execute the method consistently, and justify why it fits.","AP Topics 6.9, 6.10, 6.14",integration_strategy_selection,constructed_response,,"Unit 6 Assessment Plan + AP Calculus AB Course Framework; supplied AP Topic scoring guides consulted for authentic representations and rigor only, with no published question wording copied.","Eligibility: after Section 6.5. Formative family 4, version 1."
U6-FA-D3-04-V2,MATH,6,6.5,formative_assessment,formative,d3_04_v2,n-a,3,"Use $u$-substitution as chain-rule reversal and select among substitution, algebraic rewriting, long division, or completing the square when appropriate.","I can recognize integrand structure, choose an efficient integration strategy, execute the method consistently, and justify why it fits.","AP Topics 6.9, 6.10, 6.14",integration_strategy_selection,constructed_response,,"Unit 6 Assessment Plan + AP Calculus AB Course Framework; supplied AP Topic scoring guides consulted for authentic representations and rigor only, with no published question wording copied.","Eligibility: after Section 6.5. Formative family 4, version 2."
U6-FA-D3-04-V3,MATH,6,6.5,formative_assessment,formative,d3_04_v3,n-a,3,"Use $u$-substitution as chain-rule reversal and select among substitution, algebraic rewriting, long division, or completing the square when appropriate.","I can recognize integrand structure, choose an efficient integration strategy, execute the method consistently, and justify why it fits.","AP Topics 6.9, 6.10, 6.14",integration_strategy_selection,constructed_response,,"Unit 6 Assessment Plan + AP Calculus AB Course Framework; supplied AP Topic scoring guides consulted for authentic representations and rigor only, with no published question wording copied.","Eligibility: after Section 6.5. Formative family 4, version 3."
U6-FA-D3-04-V4,MATH,6,6.5,formative_assessment,formative,d3_04_v4,n-a,3,"Use $u$-substitution as chain-rule reversal and select among substitution, algebraic rewriting, long division, or completing the square when appropriate.","I can recognize integrand structure, choose an efficient integration strategy, execute the method consistently, and justify why it fits.","AP Topics 6.9, 6.10, 6.14",integration_strategy_selection,constructed_response,,"Unit 6 Assessment Plan + AP Calculus AB Course Framework; supplied AP Topic scoring guides consulted for authentic representations and rigor only, with no published question wording copied.","Eligibility: after Section 6.5. Formative family 4, version 4."
U6-FA-D3-04-V5,MATH,6,6.5,formative_assessment,formative,d3_04_v5,n-a,3,"Use $u$-substitution as chain-rule reversal and select among substitution, algebraic rewriting, long division, or completing the square when appropriate.","I can recognize integrand structure, choose an efficient integration strategy, execute the method consistently, and justify why it fits.","AP Topics 6.9, 6.10, 6.14",integration_strategy_selection,constructed_response,,"Unit 6 Assessment Plan + AP Calculus AB Course Framework; supplied AP Topic scoring guides consulted for authentic representations and rigor only, with no published question wording copied.","Eligibility: after Section 6.5. Formative family 4, version 5."
U6-FA-D3-04-V6,MATH,6,6.5,formative_assessment,formative,d3_04_v6,n-a,3,"Use $u$-substitution as chain-rule reversal and select among substitution, algebraic rewriting, long division, or completing the square when appropriate.","I can recognize integrand structure, choose an efficient integration strategy, execute the method consistently, and justify why it fits.","AP Topics 6.9, 6.10, 6.14",integration_strategy_selection,constructed_response,,"Unit 6 Assessment Plan + AP Calculus AB Course Framework; supplied AP Topic scoring guides consulted for authentic representations and rigor only, with no published question wording copied.","Eligibility: after Section 6.5. Formative family 4, version 6."
U6-FA-D3-04-V7,MATH,6,6.5,formative_assessment,formative,d3_04_v7,n-a,3,"Use $u$-substitution as chain-rule reversal and select among substitution, algebraic rewriting, long division, or completing the square when appropriate.","I can recognize integrand structure, choose an efficient integration strategy, execute the method consistently, and justify why it fits.","AP Topics 6.9, 6.10, 6.14",integration_strategy_selection,constructed_response,,"Unit 6 Assessment Plan + AP Calculus AB Course Framework; supplied AP Topic scoring guides consulted for authentic representations and rigor only, with no published question wording copied.","Eligibility: after Section 6.5. Formative family 4, version 7."
U6-FA-D3-04-V8,MATH,6,6.5,formative_assessment,formative,d3_04_v8,n-a,3,"Use $u$-substitution as chain-rule reversal and select among substitution, algebraic rewriting, long division, or completing the square when appropriate.","I can recognize integrand structure, choose an efficient integration strategy, execute the method consistently, and justify why it fits.","AP Topics 6.9, 6.10, 6.14",integration_strategy_selection,constructed_response,,"Unit 6 Assessment Plan + AP Calculus AB Course Framework; supplied AP Topic scoring guides consulted for authentic representations and rigor only, with no published question wording copied.","Eligibility: after Section 6.5. Formative family 4, version 8."
U6-FA-D4-01-V1,MATH,6,6.1,formative_assessment,formative,d4_01_v1,performance,4,"Interpret accumulation of change from rate graphs using signed area, units, and properties of definite integrals.","I can interpret signed area as net change, estimate accumulation from geometric regions, and keep the units of an accumulated rate meaningful.","AP Topics 6.1, 6.6",accumulation_investigation,performance,,"Unit 6 Assessment Plan + AP Calculus AB Course Framework; supplied AP Topic scoring guides consulted for authentic representations and rigor only, with no published question wording copied.","Eligibility: after Section 6.1. Formative family 1, version 1."
U6-FA-D4-01-V2,MATH,6,6.1,formative_assessment,formative,d4_01_v2,performance,4,"Interpret accumulation of change from rate graphs using signed area, units, and properties of definite integrals.","I can interpret signed area as net change, estimate accumulation from geometric regions, and keep the units of an accumulated rate meaningful.","AP Topics 6.1, 6.6",accumulation_investigation,performance,,"Unit 6 Assessment Plan + AP Calculus AB Course Framework; supplied AP Topic scoring guides consulted for authentic representations and rigor only, with no published question wording copied.","Eligibility: after Section 6.1. Formative family 1, version 2."
U6-FA-D4-01-V3,MATH,6,6.1,formative_assessment,formative,d4_01_v3,performance,4,"Interpret accumulation of change from rate graphs using signed area, units, and properties of definite integrals.","I can interpret signed area as net change, estimate accumulation from geometric regions, and keep the units of an accumulated rate meaningful.","AP Topics 6.1, 6.6",accumulation_investigation,performance,,"Unit 6 Assessment Plan + AP Calculus AB Course Framework; supplied AP Topic scoring guides consulted for authentic representations and rigor only, with no published question wording copied.","Eligibility: after Section 6.1. Formative family 1, version 3."
U6-FA-D4-01-V4,MATH,6,6.1,formative_assessment,formative,d4_01_v4,performance,4,"Interpret accumulation of change from rate graphs using signed area, units, and properties of definite integrals.","I can interpret signed area as net change, estimate accumulation from geometric regions, and keep the units of an accumulated rate meaningful.","AP Topics 6.1, 6.6",accumulation_investigation,performance,,"Unit 6 Assessment Plan + AP Calculus AB Course Framework; supplied AP Topic scoring guides consulted for authentic representations and rigor only, with no published question wording copied.","Eligibility: after Section 6.1. Formative family 1, version 4."
U6-FA-D4-01-V5,MATH,6,6.1,formative_assessment,formative,d4_01_v5,performance,4,"Interpret accumulation of change from rate graphs using signed area, units, and properties of definite integrals.","I can interpret signed area as net change, estimate accumulation from geometric regions, and keep the units of an accumulated rate meaningful.","AP Topics 6.1, 6.6",accumulation_investigation,performance,,"Unit 6 Assessment Plan + AP Calculus AB Course Framework; supplied AP Topic scoring guides consulted for authentic representations and rigor only, with no published question wording copied.","Eligibility: after Section 6.1. Formative family 1, version 5."
U6-FA-D4-01-V6,MATH,6,6.1,formative_assessment,formative,d4_01_v6,performance,4,"Interpret accumulation of change from rate graphs using signed area, units, and properties of definite integrals.","I can interpret signed area as net change, estimate accumulation from geometric regions, and keep the units of an accumulated rate meaningful.","AP Topics 6.1, 6.6",accumulation_investigation,performance,,"Unit 6 Assessment Plan + AP Calculus AB Course Framework; supplied AP Topic scoring guides consulted for authentic representations and rigor only, with no published question wording copied.","Eligibility: after Section 6.1. Formative family 1, version 6."
U6-FA-D4-01-V7,MATH,6,6.1,formative_assessment,formative,d4_01_v7,performance,4,"Interpret accumulation of change from rate graphs using signed area, units, and properties of definite integrals.","I can interpret signed area as net change, estimate accumulation from geometric regions, and keep the units of an accumulated rate meaningful.","AP Topics 6.1, 6.6",accumulation_investigation,performance,,"Unit 6 Assessment Plan + AP Calculus AB Course Framework; supplied AP Topic scoring guides consulted for authentic representations and rigor only, with no published question wording copied.","Eligibility: after Section 6.1. Formative family 1, version 7."
U6-FA-D4-01-V8,MATH,6,6.1,formative_assessment,formative,d4_01_v8,performance,4,"Interpret accumulation of change from rate graphs using signed area, units, and properties of definite integrals.","I can interpret signed area as net change, estimate accumulation from geometric regions, and keep the units of an accumulated rate meaningful.","AP Topics 6.1, 6.6",accumulation_investigation,performance,,"Unit 6 Assessment Plan + AP Calculus AB Course Framework; supplied AP Topic scoring guides consulted for authentic representations and rigor only, with no published question wording copied.","Eligibility: after Section 6.1. Formative family 1, version 8."
U6-FA-D4-02-V1,MATH,6,6.2,formative_assessment,formative,d4_02_v1,performance,4,"Approximate definite integrals with left, right, midpoint, and trapezoid sums on uniform or nonuniform partitions and interpret over/under estimates.","I can construct named numerical sums from tables or graphs, handle nonuniform widths, and compare approximation methods using function behavior.","AP Topics 6.2, 6.3",riemann_error_study,performance,,"Unit 6 Assessment Plan + AP Calculus AB Course Framework; supplied AP Topic scoring guides consulted for authentic representations and rigor only, with no published question wording copied.","Eligibility: after Section 6.2. Formative family 2, version 1."
U6-FA-D4-02-V2,MATH,6,6.2,formative_assessment,formative,d4_02_v2,performance,4,"Approximate definite integrals with left, right, midpoint, and trapezoid sums on uniform or nonuniform partitions and interpret over/under estimates.","I can construct named numerical sums from tables or graphs, handle nonuniform widths, and compare approximation methods using function behavior.","AP Topics 6.2, 6.3",riemann_error_study,performance,,"Unit 6 Assessment Plan + AP Calculus AB Course Framework; supplied AP Topic scoring guides consulted for authentic representations and rigor only, with no published question wording copied.","Eligibility: after Section 6.2. Formative family 2, version 2."
U6-FA-D4-02-V3,MATH,6,6.2,formative_assessment,formative,d4_02_v3,performance,4,"Approximate definite integrals with left, right, midpoint, and trapezoid sums on uniform or nonuniform partitions and interpret over/under estimates.","I can construct named numerical sums from tables or graphs, handle nonuniform widths, and compare approximation methods using function behavior.","AP Topics 6.2, 6.3",riemann_error_study,performance,,"Unit 6 Assessment Plan + AP Calculus AB Course Framework; supplied AP Topic scoring guides consulted for authentic representations and rigor only, with no published question wording copied.","Eligibility: after Section 6.2. Formative family 2, version 3."
U6-FA-D4-02-V4,MATH,6,6.2,formative_assessment,formative,d4_02_v4,performance,4,"Approximate definite integrals with left, right, midpoint, and trapezoid sums on uniform or nonuniform partitions and interpret over/under estimates.","I can construct named numerical sums from tables or graphs, handle nonuniform widths, and compare approximation methods using function behavior.","AP Topics 6.2, 6.3",riemann_error_study,performance,,"Unit 6 Assessment Plan + AP Calculus AB Course Framework; supplied AP Topic scoring guides consulted for authentic representations and rigor only, with no published question wording copied.","Eligibility: after Section 6.2. Formative family 2, version 4."
U6-FA-D4-02-V5,MATH,6,6.2,formative_assessment,formative,d4_02_v5,performance,4,"Approximate definite integrals with left, right, midpoint, and trapezoid sums on uniform or nonuniform partitions and interpret over/under estimates.","I can construct named numerical sums from tables or graphs, handle nonuniform widths, and compare approximation methods using function behavior.","AP Topics 6.2, 6.3",riemann_error_study,performance,,"Unit 6 Assessment Plan + AP Calculus AB Course Framework; supplied AP Topic scoring guides consulted for authentic representations and rigor only, with no published question wording copied.","Eligibility: after Section 6.2. Formative family 2, version 5."
U6-FA-D4-02-V6,MATH,6,6.2,formative_assessment,formative,d4_02_v6,performance,4,"Approximate definite integrals with left, right, midpoint, and trapezoid sums on uniform or nonuniform partitions and interpret over/under estimates.","I can construct named numerical sums from tables or graphs, handle nonuniform widths, and compare approximation methods using function behavior.","AP Topics 6.2, 6.3",riemann_error_study,performance,,"Unit 6 Assessment Plan + AP Calculus AB Course Framework; supplied AP Topic scoring guides consulted for authentic representations and rigor only, with no published question wording copied.","Eligibility: after Section 6.2. Formative family 2, version 6."
U6-FA-D4-02-V7,MATH,6,6.2,formative_assessment,formative,d4_02_v7,performance,4,"Approximate definite integrals with left, right, midpoint, and trapezoid sums on uniform or nonuniform partitions and interpret over/under estimates.","I can construct named numerical sums from tables or graphs, handle nonuniform widths, and compare approximation methods using function behavior.","AP Topics 6.2, 6.3",riemann_error_study,performance,,"Unit 6 Assessment Plan + AP Calculus AB Course Framework; supplied AP Topic scoring guides consulted for authentic representations and rigor only, with no published question wording copied.","Eligibility: after Section 6.2. Formative family 2, version 7."
U6-FA-D4-02-V8,MATH,6,6.2,formative_assessment,formative,d4_02_v8,performance,4,"Approximate definite integrals with left, right, midpoint, and trapezoid sums on uniform or nonuniform partitions and interpret over/under estimates.","I can construct named numerical sums from tables or graphs, handle nonuniform widths, and compare approximation methods using function behavior.","AP Topics 6.2, 6.3",riemann_error_study,performance,,"Unit 6 Assessment Plan + AP Calculus AB Course Framework; supplied AP Topic scoring guides consulted for authentic representations and rigor only, with no published question wording copied.","Eligibility: after Section 6.2. Formative family 2, version 8."
U6-FA-D4-03-V1,MATH,6,6.3,formative_assessment,formative,d4_03_v1,performance,4,"Connect definite integrals and accumulation functions through the Fundamental Theorem of Calculus, including derivatives of integrals and behavior of accumulation functions.",I can differentiate integral-defined functions and use the integrand to analyze how an accumulation function changes.,"AP Topics 6.4, 6.5",ftc_synthesis_performance,performance,,"Unit 6 Assessment Plan + AP Calculus AB Course Framework; supplied AP Topic scoring guides consulted for authentic representations and rigor only, with no published question wording copied.","Eligibility: after Section 6.3. Formative family 3, version 1."
U6-FA-D4-03-V2,MATH,6,6.3,formative_assessment,formative,d4_03_v2,performance,4,"Connect definite integrals and accumulation functions through the Fundamental Theorem of Calculus, including derivatives of integrals and behavior of accumulation functions.",I can differentiate integral-defined functions and use the integrand to analyze how an accumulation function changes.,"AP Topics 6.4, 6.5",ftc_synthesis_performance,performance,,"Unit 6 Assessment Plan + AP Calculus AB Course Framework; supplied AP Topic scoring guides consulted for authentic representations and rigor only, with no published question wording copied.","Eligibility: after Section 6.3. Formative family 3, version 2."
U6-FA-D4-03-V3,MATH,6,6.3,formative_assessment,formative,d4_03_v3,performance,4,"Connect definite integrals and accumulation functions through the Fundamental Theorem of Calculus, including derivatives of integrals and behavior of accumulation functions.",I can differentiate integral-defined functions and use the integrand to analyze how an accumulation function changes.,"AP Topics 6.4, 6.5",ftc_synthesis_performance,performance,,"Unit 6 Assessment Plan + AP Calculus AB Course Framework; supplied AP Topic scoring guides consulted for authentic representations and rigor only, with no published question wording copied.","Eligibility: after Section 6.3. Formative family 3, version 3."
U6-FA-D4-03-V4,MATH,6,6.3,formative_assessment,formative,d4_03_v4,performance,4,"Connect definite integrals and accumulation functions through the Fundamental Theorem of Calculus, including derivatives of integrals and behavior of accumulation functions.",I can differentiate integral-defined functions and use the integrand to analyze how an accumulation function changes.,"AP Topics 6.4, 6.5",ftc_synthesis_performance,performance,,"Unit 6 Assessment Plan + AP Calculus AB Course Framework; supplied AP Topic scoring guides consulted for authentic representations and rigor only, with no published question wording copied.","Eligibility: after Section 6.3. Formative family 3, version 4."
U6-FA-D4-03-V5,MATH,6,6.3,formative_assessment,formative,d4_03_v5,performance,4,"Connect definite integrals and accumulation functions through the Fundamental Theorem of Calculus, including derivatives of integrals and behavior of accumulation functions.",I can differentiate integral-defined functions and use the integrand to analyze how an accumulation function changes.,"AP Topics 6.4, 6.5",ftc_synthesis_performance,performance,,"Unit 6 Assessment Plan + AP Calculus AB Course Framework; supplied AP Topic scoring guides consulted for authentic representations and rigor only, with no published question wording copied.","Eligibility: after Section 6.3. Formative family 3, version 5."
U6-FA-D4-03-V6,MATH,6,6.3,formative_assessment,formative,d4_03_v6,performance,4,"Connect definite integrals and accumulation functions through the Fundamental Theorem of Calculus, including derivatives of integrals and behavior of accumulation functions.",I can differentiate integral-defined functions and use the integrand to analyze how an accumulation function changes.,"AP Topics 6.4, 6.5",ftc_synthesis_performance,performance,,"Unit 6 Assessment Plan + AP Calculus AB Course Framework; supplied AP Topic scoring guides consulted for authentic representations and rigor only, with no published question wording copied.","Eligibility: after Section 6.3. Formative family 3, version 6."
U6-FA-D4-03-V7,MATH,6,6.3,formative_assessment,formative,d4_03_v7,performance,4,"Connect definite integrals and accumulation functions through the Fundamental Theorem of Calculus, including derivatives of integrals and behavior of accumulation functions.",I can differentiate integral-defined functions and use the integrand to analyze how an accumulation function changes.,"AP Topics 6.4, 6.5",ftc_synthesis_performance,performance,,"Unit 6 Assessment Plan + AP Calculus AB Course Framework; supplied AP Topic scoring guides consulted for authentic representations and rigor only, with no published question wording copied.","Eligibility: after Section 6.3. Formative family 3, version 7."
U6-FA-D4-03-V8,MATH,6,6.3,formative_assessment,formative,d4_03_v8,performance,4,"Connect definite integrals and accumulation functions through the Fundamental Theorem of Calculus, including derivatives of integrals and behavior of accumulation functions.",I can differentiate integral-defined functions and use the integrand to analyze how an accumulation function changes.,"AP Topics 6.4, 6.5",ftc_synthesis_performance,performance,,"Unit 6 Assessment Plan + AP Calculus AB Course Framework; supplied AP Topic scoring guides consulted for authentic representations and rigor only, with no published question wording copied.","Eligibility: after Section 6.3. Formative family 3, version 8."
U6-FA-D4-04-V1,MATH,6,6.5,formative_assessment,formative,d4_04_v1,performance,4,"Use $u$-substitution as chain-rule reversal and select among substitution, algebraic rewriting, long division, or completing the square when appropriate.","I can recognize integrand structure, choose an efficient integration strategy, execute the method consistently, and justify why it fits.","AP Topics 6.9, 6.10, 6.14",integration_strategy_performance,performance,,"Unit 6 Assessment Plan + AP Calculus AB Course Framework; supplied AP Topic scoring guides consulted for authentic representations and rigor only, with no published question wording copied.","Eligibility: after Section 6.5. Formative family 4, version 1."
U6-FA-D4-04-V2,MATH,6,6.5,formative_assessment,formative,d4_04_v2,performance,4,"Use $u$-substitution as chain-rule reversal and select among substitution, algebraic rewriting, long division, or completing the square when appropriate.","I can recognize integrand structure, choose an efficient integration strategy, execute the method consistently, and justify why it fits.","AP Topics 6.9, 6.10, 6.14",integration_strategy_performance,performance,,"Unit 6 Assessment Plan + AP Calculus AB Course Framework; supplied AP Topic scoring guides consulted for authentic representations and rigor only, with no published question wording copied.","Eligibility: after Section 6.5. Formative family 4, version 2."
U6-FA-D4-04-V3,MATH,6,6.5,formative_assessment,formative,d4_04_v3,performance,4,"Use $u$-substitution as chain-rule reversal and select among substitution, algebraic rewriting, long division, or completing the square when appropriate.","I can recognize integrand structure, choose an efficient integration strategy, execute the method consistently, and justify why it fits.","AP Topics 6.9, 6.10, 6.14",integration_strategy_performance,performance,,"Unit 6 Assessment Plan + AP Calculus AB Course Framework; supplied AP Topic scoring guides consulted for authentic representations and rigor only, with no published question wording copied.","Eligibility: after Section 6.5. Formative family 4, version 3."
U6-FA-D4-04-V4,MATH,6,6.5,formative_assessment,formative,d4_04_v4,performance,4,"Use $u$-substitution as chain-rule reversal and select among substitution, algebraic rewriting, long division, or completing the square when appropriate.","I can recognize integrand structure, choose an efficient integration strategy, execute the method consistently, and justify why it fits.","AP Topics 6.9, 6.10, 6.14",integration_strategy_performance,performance,,"Unit 6 Assessment Plan + AP Calculus AB Course Framework; supplied AP Topic scoring guides consulted for authentic representations and rigor only, with no published question wording copied.","Eligibility: after Section 6.5. Formative family 4, version 4."
U6-FA-D4-04-V5,MATH,6,6.5,formative_assessment,formative,d4_04_v5,performance,4,"Use $u$-substitution as chain-rule reversal and select among substitution, algebraic rewriting, long division, or completing the square when appropriate.","I can recognize integrand structure, choose an efficient integration strategy, execute the method consistently, and justify why it fits.","AP Topics 6.9, 6.10, 6.14",integration_strategy_performance,performance,,"Unit 6 Assessment Plan + AP Calculus AB Course Framework; supplied AP Topic scoring guides consulted for authentic representations and rigor only, with no published question wording copied.","Eligibility: after Section 6.5. Formative family 4, version 5."
U6-FA-D4-04-V6,MATH,6,6.5,formative_assessment,formative,d4_04_v6,performance,4,"Use $u$-substitution as chain-rule reversal and select among substitution, algebraic rewriting, long division, or completing the square when appropriate.","I can recognize integrand structure, choose an efficient integration strategy, execute the method consistently, and justify why it fits.","AP Topics 6.9, 6.10, 6.14",integration_strategy_performance,performance,,"Unit 6 Assessment Plan + AP Calculus AB Course Framework; supplied AP Topic scoring guides consulted for authentic representations and rigor only, with no published question wording copied.","Eligibility: after Section 6.5. Formative family 4, version 6."
U6-FA-D4-04-V7,MATH,6,6.5,formative_assessment,formative,d4_04_v7,performance,4,"Use $u$-substitution as chain-rule reversal and select among substitution, algebraic rewriting, long division, or completing the square when appropriate.","I can recognize integrand structure, choose an efficient integration strategy, execute the method consistently, and justify why it fits.","AP Topics 6.9, 6.10, 6.14",integration_strategy_performance,performance,,"Unit 6 Assessment Plan + AP Calculus AB Course Framework; supplied AP Topic scoring guides consulted for authentic representations and rigor only, with no published question wording copied.","Eligibility: after Section 6.5. Formative family 4, version 7."
U6-FA-D4-04-V8,MATH,6,6.5,formative_assessment,formative,d4_04_v8,performance,4,"Use $u$-substitution as chain-rule reversal and select among substitution, algebraic rewriting, long division, or completing the square when appropriate.","I can recognize integrand structure, choose an efficient integration strategy, execute the method consistently, and justify why it fits.","AP Topics 6.9, 6.10, 6.14",integration_strategy_performance,performance,,"Unit 6 Assessment Plan + AP Calculus AB Course Framework; supplied AP Topic scoring guides consulted for authentic representations and rigor only, with no published question wording copied.","Eligibility: after Section 6.5. Formative family 4, version 8."
U6-SUM-V1-Q01,MATH,6,6.1,summative_assessment,summative,v1_q01,unit-synthesis,1,"Interpret accumulation of change from rate graphs using signed area, units, and properties of definite integrals.","I can interpret signed area as net change, estimate accumulation from geometric regions, and keep the units of an accumulated rate meaningful.","AP Topics 6.1, 6.6",integral_properties,multiple_choice,,"Unit 6 Assessment Plan + AP Calculus AB Course Framework; supplied AP Topic scoring guides consulted for authentic representations and rigor only, with no published question wording copied.",AP-style mixed selected/constructed response source; no published wording copied.
U6-SUM-V1-Q02,MATH,6,6.2,summative_assessment,summative,v1_q02,unit-synthesis,2,"Approximate definite integrals with left, right, midpoint, and trapezoid sums on uniform or nonuniform partitions and interpret over/under estimates.","I can construct named numerical sums from tables or graphs, handle nonuniform widths, and compare approximation methods using function behavior.","AP Topics 6.2, 6.3",riemann_error,multiple_choice,,"Unit 6 Assessment Plan + AP Calculus AB Course Framework; supplied AP Topic scoring guides consulted for authentic representations and rigor only, with no published question wording copied.",AP-style mixed selected/constructed response source; no published wording copied.
U6-SUM-V1-Q03,MATH,6,6.3,summative_assessment,summative,v1_q03,unit-synthesis,2,"Connect definite integrals and accumulation functions through the Fundamental Theorem of Calculus, including derivatives of integrals and behavior of accumulation functions.",I can differentiate integral-defined functions and use the integrand to analyze how an accumulation function changes.,"AP Topics 6.4, 6.5",ftc_chain,multiple_choice,,"Unit 6 Assessment Plan + AP Calculus AB Course Framework; supplied AP Topic scoring guides consulted for authentic representations and rigor only, with no published question wording copied.",AP-style mixed selected/constructed response source; no published wording copied.
U6-SUM-V1-Q04,MATH,6,6.4,summative_assessment,summative,v1_q04,unit-synthesis,1,"Find antiderivatives and evaluate definite integrals using the Fundamental Theorem of Calculus, with correct constants and notation for indefinite integrals.","I can find antiderivative families, evaluate definite integrals from antiderivatives, and distinguish when a constant of integration belongs.","AP Topics 6.7, 6.8",antiderivative_mc,multiple_choice,,"Unit 6 Assessment Plan + AP Calculus AB Course Framework; supplied AP Topic scoring guides consulted for authentic representations and rigor only, with no published question wording copied.",AP-style mixed selected/constructed response source; no published wording copied.
U6-SUM-V1-Q05,MATH,6,6.5,summative_assessment,summative,v1_q05,unit-synthesis,2,"Use $u$-substitution as chain-rule reversal and select among substitution, algebraic rewriting, long division, or completing the square when appropriate.","I can recognize integrand structure, choose an efficient integration strategy, execute the method consistently, and justify why it fits.","AP Topics 6.9, 6.10, 6.14",integration_strategy_mc,multiple_choice,,"Unit 6 Assessment Plan + AP Calculus AB Course Framework; supplied AP Topic scoring guides consulted for authentic representations and rigor only, with no published question wording copied.",AP-style mixed selected/constructed response source; no published wording copied.
U6-SUM-V1-Q06,MATH,6,6.1,summative_assessment,summative,v1_q06,unit-synthesis,1,"Interpret accumulation of change from rate graphs using signed area, units, and properties of definite integrals.","I can interpret signed area as net change, estimate accumulation from geometric regions, and keep the units of an accumulated rate meaningful.","AP Topics 6.1, 6.6",integral_units,multiple_choice,,"Unit 6 Assessment Plan + AP Calculus AB Course Framework; supplied AP Topic scoring guides consulted for authentic representations and rigor only, with no published question wording copied.",AP-style mixed selected/constructed response source; no published wording copied.
U6-SUM-V1-Q07,MATH,6,6.2,summative_assessment,summative,v1_q07,unit-synthesis,2,"Approximate definite integrals with left, right, midpoint, and trapezoid sums on uniform or nonuniform partitions and interpret over/under estimates.","I can construct named numerical sums from tables or graphs, handle nonuniform widths, and compare approximation methods using function behavior.","AP Topics 6.2, 6.3",riemann_error,multiple_choice,,"Unit 6 Assessment Plan + AP Calculus AB Course Framework; supplied AP Topic scoring guides consulted for authentic representations and rigor only, with no published question wording copied.",AP-style mixed selected/constructed response source; no published wording copied.
U6-SUM-V1-Q08,MATH,6,6.3,summative_assessment,summative,v1_q08,unit-synthesis,2,"Connect definite integrals and accumulation functions through the Fundamental Theorem of Calculus, including derivatives of integrals and behavior of accumulation functions.",I can differentiate integral-defined functions and use the integrand to analyze how an accumulation function changes.,"AP Topics 6.4, 6.5",ftc_chain,multiple_choice,,"Unit 6 Assessment Plan + AP Calculus AB Course Framework; supplied AP Topic scoring guides consulted for authentic representations and rigor only, with no published question wording copied.",AP-style mixed selected/constructed response source; no published wording copied.
U6-SUM-V1-Q09,MATH,6,6.4,summative_assessment,summative,v1_q09,unit-synthesis,1,"Find antiderivatives and evaluate definite integrals using the Fundamental Theorem of Calculus, with correct constants and notation for indefinite integrals.","I can find antiderivative families, evaluate definite integrals from antiderivatives, and distinguish when a constant of integration belongs.","AP Topics 6.7, 6.8",antiderivative_mc,multiple_choice,,"Unit 6 Assessment Plan + AP Calculus AB Course Framework; supplied AP Topic scoring guides consulted for authentic representations and rigor only, with no published question wording copied.",AP-style mixed selected/constructed response source; no published wording copied.
U6-SUM-V1-Q10,MATH,6,6.5,summative_assessment,summative,v1_q10,unit-synthesis,2,"Use $u$-substitution as chain-rule reversal and select among substitution, algebraic rewriting, long division, or completing the square when appropriate.","I can recognize integrand structure, choose an efficient integration strategy, execute the method consistently, and justify why it fits.","AP Topics 6.9, 6.10, 6.14",integration_strategy_mc,multiple_choice,,"Unit 6 Assessment Plan + AP Calculus AB Course Framework; supplied AP Topic scoring guides consulted for authentic representations and rigor only, with no published question wording copied.",AP-style mixed selected/constructed response source; no published wording copied.
U6-SUM-V1-Q11,MATH,6,6.1,summative_assessment,summative,v1_q11,unit-synthesis,1,"Interpret accumulation of change from rate graphs using signed area, units, and properties of definite integrals.","I can interpret signed area as net change, estimate accumulation from geometric regions, and keep the units of an accumulated rate meaningful.","AP Topics 6.1, 6.6",integral_properties,multiple_choice,,"Unit 6 Assessment Plan + AP Calculus AB Course Framework; supplied AP Topic scoring guides consulted for authentic representations and rigor only, with no published question wording copied.",AP-style mixed selected/constructed response source; no published wording copied.
U6-SUM-V1-Q12,MATH,6,6.2,summative_assessment,summative,v1_q12,unit-synthesis,2,"Approximate definite integrals with left, right, midpoint, and trapezoid sums on uniform or nonuniform partitions and interpret over/under estimates.","I can construct named numerical sums from tables or graphs, handle nonuniform widths, and compare approximation methods using function behavior.","AP Topics 6.2, 6.3",riemann_error,multiple_choice,,"Unit 6 Assessment Plan + AP Calculus AB Course Framework; supplied AP Topic scoring guides consulted for authentic representations and rigor only, with no published question wording copied.",AP-style mixed selected/constructed response source; no published wording copied.
U6-SUM-V1-Q13,MATH,6,6.3,summative_assessment,summative,v1_q13,unit-synthesis,2,"Connect definite integrals and accumulation functions through the Fundamental Theorem of Calculus, including derivatives of integrals and behavior of accumulation functions.",I can differentiate integral-defined functions and use the integrand to analyze how an accumulation function changes.,"AP Topics 6.4, 6.5",accumulation_graph_frq,constructed_response,u6_sum_v1_q13_sum_integrand.png,"Unit 6 Assessment Plan + AP Calculus AB Course Framework; supplied AP Topic scoring guides consulted for authentic representations and rigor only, with no published question wording copied.",AP-style mixed selected/constructed response source; no published wording copied.
U6-SUM-V1-Q14,MATH,6,6.4,summative_assessment,summative,v1_q14,unit-synthesis,2,"Find antiderivatives and evaluate definite integrals using the Fundamental Theorem of Calculus, with correct constants and notation for indefinite integrals.","I can find antiderivative families, evaluate definite integrals from antiderivatives, and distinguish when a constant of integration belongs.","AP Topics 6.7, 6.8",ftc_evaluation_frq,constructed_response,,"Unit 6 Assessment Plan + AP Calculus AB Course Framework; supplied AP Topic scoring guides consulted for authentic representations and rigor only, with no published question wording copied.",AP-style mixed selected/constructed response source; no published wording copied.
U6-SUM-V1-Q15,MATH,6,6.5,summative_assessment,summative,v1_q15,unit-synthesis,2,"Use $u$-substitution as chain-rule reversal and select among substitution, algebraic rewriting, long division, or completing the square when appropriate.","I can recognize integrand structure, choose an efficient integration strategy, execute the method consistently, and justify why it fits.","AP Topics 6.9, 6.10, 6.14",complete_square_integration,constructed_response,,"Unit 6 Assessment Plan + AP Calculus AB Course Framework; supplied AP Topic scoring guides consulted for authentic representations and rigor only, with no published question wording copied.",AP-style mixed selected/constructed response source; no published wording copied.
U6-SUM-V1-Q16,MATH,6,6.1,summative_assessment,summative,v1_q16,unit-synthesis,2,"Interpret accumulation of change from rate graphs using signed area, units, and properties of definite integrals.","I can interpret signed area as net change, estimate accumulation from geometric regions, and keep the units of an accumulated rate meaningful.","AP Topics 6.1, 6.6",signed_accumulation_frq,constructed_response,u6_sum_v1_q16_sum_rate.png,"Unit 6 Assessment Plan + AP Calculus AB Course Framework; supplied AP Topic scoring guides consulted for authentic representations and rigor only, with no published question wording copied.",AP-style mixed selected/constructed response source; no published wording copied.
U6-SUM-V1-Q17,MATH,6,6.2,summative_assessment,summative,v1_q17,unit-synthesis,2,"Approximate definite integrals with left, right, midpoint, and trapezoid sums on uniform or nonuniform partitions and interpret over/under estimates.","I can construct named numerical sums from tables or graphs, handle nonuniform widths, and compare approximation methods using function behavior.","AP Topics 6.2, 6.3",trapezoid_frq,constructed_response,,"Unit 6 Assessment Plan + AP Calculus AB Course Framework; supplied AP Topic scoring guides consulted for authentic representations and rigor only, with no published question wording copied.",AP-style mixed selected/constructed response source; no published wording copied.
U6-SUM-V1-Q18,MATH,6,6.3,summative_assessment,summative,v1_q18,unit-synthesis,2,"Connect definite integrals and accumulation functions through the Fundamental Theorem of Calculus, including derivatives of integrals and behavior of accumulation functions.",I can differentiate integral-defined functions and use the integrand to analyze how an accumulation function changes.,"AP Topics 6.4, 6.5",accumulation_graph_frq,constructed_response,u6_sum_v1_q18_sum_integrand.png,"Unit 6 Assessment Plan + AP Calculus AB Course Framework; supplied AP Topic scoring guides consulted for authentic representations and rigor only, with no published question wording copied.",AP-style mixed selected/constructed response source; no published wording copied.
U6-SUM-V1-Q19,MATH,6,6.4,summative_assessment,summative,v1_q19,unit-synthesis,2,"Find antiderivatives and evaluate definite integrals using the Fundamental Theorem of Calculus, with correct constants and notation for indefinite integrals.","I can find antiderivative families, evaluate definite integrals from antiderivatives, and distinguish when a constant of integration belongs.","AP Topics 6.7, 6.8",ftc_evaluation_frq,constructed_response,,"Unit 6 Assessment Plan + AP Calculus AB Course Framework; supplied AP Topic scoring guides consulted for authentic representations and rigor only, with no published question wording copied.",AP-style mixed selected/constructed response source; no published wording copied.
U6-SUM-V1-Q20,MATH,6,6.5,summative_assessment,summative,v1_q20,unit-synthesis,2,"Use $u$-substitution as chain-rule reversal and select among substitution, algebraic rewriting, long division, or completing the square when appropriate.","I can recognize integrand structure, choose an efficient integration strategy, execute the method consistently, and justify why it fits.","AP Topics 6.9, 6.10, 6.14",long_division_integration,constructed_response,,"Unit 6 Assessment Plan + AP Calculus AB Course Framework; supplied AP Topic scoring guides consulted for authentic representations and rigor only, with no published question wording copied.",AP-style mixed selected/constructed response source; no published wording copied.
U6-SUM-V2-Q01,MATH,6,6.1,summative_assessment,summative,v2_q01,unit-synthesis,1,"Interpret accumulation of change from rate graphs using signed area, units, and properties of definite integrals.","I can interpret signed area as net change, estimate accumulation from geometric regions, and keep the units of an accumulated rate meaningful.","AP Topics 6.1, 6.6",integral_properties,multiple_choice,,"Unit 6 Assessment Plan + AP Calculus AB Course Framework; supplied AP Topic scoring guides consulted for authentic representations and rigor only, with no published question wording copied.",AP-style mixed selected/constructed response source; no published wording copied.
U6-SUM-V2-Q02,MATH,6,6.2,summative_assessment,summative,v2_q02,unit-synthesis,2,"Approximate definite integrals with left, right, midpoint, and trapezoid sums on uniform or nonuniform partitions and interpret over/under estimates.","I can construct named numerical sums from tables or graphs, handle nonuniform widths, and compare approximation methods using function behavior.","AP Topics 6.2, 6.3",riemann_error,multiple_choice,,"Unit 6 Assessment Plan + AP Calculus AB Course Framework; supplied AP Topic scoring guides consulted for authentic representations and rigor only, with no published question wording copied.",AP-style mixed selected/constructed response source; no published wording copied.
U6-SUM-V2-Q03,MATH,6,6.3,summative_assessment,summative,v2_q03,unit-synthesis,2,"Connect definite integrals and accumulation functions through the Fundamental Theorem of Calculus, including derivatives of integrals and behavior of accumulation functions.",I can differentiate integral-defined functions and use the integrand to analyze how an accumulation function changes.,"AP Topics 6.4, 6.5",ftc_chain,multiple_choice,,"Unit 6 Assessment Plan + AP Calculus AB Course Framework; supplied AP Topic scoring guides consulted for authentic representations and rigor only, with no published question wording copied.",AP-style mixed selected/constructed response source; no published wording copied.
U6-SUM-V2-Q04,MATH,6,6.4,summative_assessment,summative,v2_q04,unit-synthesis,1,"Find antiderivatives and evaluate definite integrals using the Fundamental Theorem of Calculus, with correct constants and notation for indefinite integrals.","I can find antiderivative families, evaluate definite integrals from antiderivatives, and distinguish when a constant of integration belongs.","AP Topics 6.7, 6.8",antiderivative_mc,multiple_choice,,"Unit 6 Assessment Plan + AP Calculus AB Course Framework; supplied AP Topic scoring guides consulted for authentic representations and rigor only, with no published question wording copied.",AP-style mixed selected/constructed response source; no published wording copied.
U6-SUM-V2-Q05,MATH,6,6.5,summative_assessment,summative,v2_q05,unit-synthesis,2,"Use $u$-substitution as chain-rule reversal and select among substitution, algebraic rewriting, long division, or completing the square when appropriate.","I can recognize integrand structure, choose an efficient integration strategy, execute the method consistently, and justify why it fits.","AP Topics 6.9, 6.10, 6.14",integration_strategy_mc,multiple_choice,,"Unit 6 Assessment Plan + AP Calculus AB Course Framework; supplied AP Topic scoring guides consulted for authentic representations and rigor only, with no published question wording copied.",AP-style mixed selected/constructed response source; no published wording copied.
U6-SUM-V2-Q06,MATH,6,6.1,summative_assessment,summative,v2_q06,unit-synthesis,1,"Interpret accumulation of change from rate graphs using signed area, units, and properties of definite integrals.","I can interpret signed area as net change, estimate accumulation from geometric regions, and keep the units of an accumulated rate meaningful.","AP Topics 6.1, 6.6",integral_units,multiple_choice,,"Unit 6 Assessment Plan + AP Calculus AB Course Framework; supplied AP Topic scoring guides consulted for authentic representations and rigor only, with no published question wording copied.",AP-style mixed selected/constructed response source; no published wording copied.
U6-SUM-V2-Q07,MATH,6,6.2,summative_assessment,summative,v2_q07,unit-synthesis,2,"Approximate definite integrals with left, right, midpoint, and trapezoid sums on uniform or nonuniform partitions and interpret over/under estimates.","I can construct named numerical sums from tables or graphs, handle nonuniform widths, and compare approximation methods using function behavior.","AP Topics 6.2, 6.3",riemann_error,multiple_choice,,"Unit 6 Assessment Plan + AP Calculus AB Course Framework; supplied AP Topic scoring guides consulted for authentic representations and rigor only, with no published question wording copied.",AP-style mixed selected/constructed response source; no published wording copied.
U6-SUM-V2-Q08,MATH,6,6.3,summative_assessment,summative,v2_q08,unit-synthesis,2,"Connect definite integrals and accumulation functions through the Fundamental Theorem of Calculus, including derivatives of integrals and behavior of accumulation functions.",I can differentiate integral-defined functions and use the integrand to analyze how an accumulation function changes.,"AP Topics 6.4, 6.5",ftc_chain,multiple_choice,,"Unit 6 Assessment Plan + AP Calculus AB Course Framework; supplied AP Topic scoring guides consulted for authentic representations and rigor only, with no published question wording copied.",AP-style mixed selected/constructed response source; no published wording copied.
U6-SUM-V2-Q09,MATH,6,6.4,summative_assessment,summative,v2_q09,unit-synthesis,1,"Find antiderivatives and evaluate definite integrals using the Fundamental Theorem of Calculus, with correct constants and notation for indefinite integrals.","I can find antiderivative families, evaluate definite integrals from antiderivatives, and distinguish when a constant of integration belongs.","AP Topics 6.7, 6.8",antiderivative_mc,multiple_choice,,"Unit 6 Assessment Plan + AP Calculus AB Course Framework; supplied AP Topic scoring guides consulted for authentic representations and rigor only, with no published question wording copied.",AP-style mixed selected/constructed response source; no published wording copied.
U6-SUM-V2-Q10,MATH,6,6.5,summative_assessment,summative,v2_q10,unit-synthesis,2,"Use $u$-substitution as chain-rule reversal and select among substitution, algebraic rewriting, long division, or completing the square when appropriate.","I can recognize integrand structure, choose an efficient integration strategy, execute the method consistently, and justify why it fits.","AP Topics 6.9, 6.10, 6.14",integration_strategy_mc,multiple_choice,,"Unit 6 Assessment Plan + AP Calculus AB Course Framework; supplied AP Topic scoring guides consulted for authentic representations and rigor only, with no published question wording copied.",AP-style mixed selected/constructed response source; no published wording copied.
U6-SUM-V2-Q11,MATH,6,6.1,summative_assessment,summative,v2_q11,unit-synthesis,1,"Interpret accumulation of change from rate graphs using signed area, units, and properties of definite integrals.","I can interpret signed area as net change, estimate accumulation from geometric regions, and keep the units of an accumulated rate meaningful.","AP Topics 6.1, 6.6",integral_properties,multiple_choice,,"Unit 6 Assessment Plan + AP Calculus AB Course Framework; supplied AP Topic scoring guides consulted for authentic representations and rigor only, with no published question wording copied.",AP-style mixed selected/constructed response source; no published wording copied.
U6-SUM-V2-Q12,MATH,6,6.2,summative_assessment,summative,v2_q12,unit-synthesis,2,"Approximate definite integrals with left, right, midpoint, and trapezoid sums on uniform or nonuniform partitions and interpret over/under estimates.","I can construct named numerical sums from tables or graphs, handle nonuniform widths, and compare approximation methods using function behavior.","AP Topics 6.2, 6.3",riemann_error,multiple_choice,,"Unit 6 Assessment Plan + AP Calculus AB Course Framework; supplied AP Topic scoring guides consulted for authentic representations and rigor only, with no published question wording copied.",AP-style mixed selected/constructed response source; no published wording copied.
U6-SUM-V2-Q13,MATH,6,6.3,summative_assessment,summative,v2_q13,unit-synthesis,2,"Connect definite integrals and accumulation functions through the Fundamental Theorem of Calculus, including derivatives of integrals and behavior of accumulation functions.",I can differentiate integral-defined functions and use the integrand to analyze how an accumulation function changes.,"AP Topics 6.4, 6.5",accumulation_graph_frq,constructed_response,u6_sum_v2_q13_sum_integrand.png,"Unit 6 Assessment Plan + AP Calculus AB Course Framework; supplied AP Topic scoring guides consulted for authentic representations and rigor only, with no published question wording copied.",AP-style mixed selected/constructed response source; no published wording copied.
U6-SUM-V2-Q14,MATH,6,6.4,summative_assessment,summative,v2_q14,unit-synthesis,2,"Find antiderivatives and evaluate definite integrals using the Fundamental Theorem of Calculus, with correct constants and notation for indefinite integrals.","I can find antiderivative families, evaluate definite integrals from antiderivatives, and distinguish when a constant of integration belongs.","AP Topics 6.7, 6.8",ftc_evaluation_frq,constructed_response,,"Unit 6 Assessment Plan + AP Calculus AB Course Framework; supplied AP Topic scoring guides consulted for authentic representations and rigor only, with no published question wording copied.",AP-style mixed selected/constructed response source; no published wording copied.
U6-SUM-V2-Q15,MATH,6,6.5,summative_assessment,summative,v2_q15,unit-synthesis,3,"Use $u$-substitution as chain-rule reversal and select among substitution, algebraic rewriting, long division, or completing the square when appropriate.","I can recognize integrand structure, choose an efficient integration strategy, execute the method consistently, and justify why it fits.","AP Topics 6.9, 6.10, 6.14",integration_strategy_selection,constructed_response,,"Unit 6 Assessment Plan + AP Calculus AB Course Framework; supplied AP Topic scoring guides consulted for authentic representations and rigor only, with no published question wording copied.",AP-style mixed selected/constructed response source; no published wording copied.
U6-SUM-V2-Q16,MATH,6,6.1,summative_assessment,summative,v2_q16,unit-synthesis,2,"Interpret accumulation of change from rate graphs using signed area, units, and properties of definite integrals.","I can interpret signed area as net change, estimate accumulation from geometric regions, and keep the units of an accumulated rate meaningful.","AP Topics 6.1, 6.6",signed_accumulation_frq,constructed_response,u6_sum_v2_q16_sum_rate.png,"Unit 6 Assessment Plan + AP Calculus AB Course Framework; supplied AP Topic scoring guides consulted for authentic representations and rigor only, with no published question wording copied.",AP-style mixed selected/constructed response source; no published wording copied.
U6-SUM-V2-Q17,MATH,6,6.2,summative_assessment,summative,v2_q17,unit-synthesis,2,"Approximate definite integrals with left, right, midpoint, and trapezoid sums on uniform or nonuniform partitions and interpret over/under estimates.","I can construct named numerical sums from tables or graphs, handle nonuniform widths, and compare approximation methods using function behavior.","AP Topics 6.2, 6.3",trapezoid_frq,constructed_response,,"Unit 6 Assessment Plan + AP Calculus AB Course Framework; supplied AP Topic scoring guides consulted for authentic representations and rigor only, with no published question wording copied.",AP-style mixed selected/constructed response source; no published wording copied.
U6-SUM-V2-Q18,MATH,6,6.3,summative_assessment,summative,v2_q18,unit-synthesis,2,"Connect definite integrals and accumulation functions through the Fundamental Theorem of Calculus, including derivatives of integrals and behavior of accumulation functions.",I can differentiate integral-defined functions and use the integrand to analyze how an accumulation function changes.,"AP Topics 6.4, 6.5",accumulation_graph_frq,constructed_response,u6_sum_v2_q18_sum_integrand.png,"Unit 6 Assessment Plan + AP Calculus AB Course Framework; supplied AP Topic scoring guides consulted for authentic representations and rigor only, with no published question wording copied.",AP-style mixed selected/constructed response source; no published wording copied.
U6-SUM-V2-Q19,MATH,6,6.4,summative_assessment,summative,v2_q19,unit-synthesis,2,"Find antiderivatives and evaluate definite integrals using the Fundamental Theorem of Calculus, with correct constants and notation for indefinite integrals.","I can find antiderivative families, evaluate definite integrals from antiderivatives, and distinguish when a constant of integration belongs.","AP Topics 6.7, 6.8",ftc_evaluation_frq,constructed_response,,"Unit 6 Assessment Plan + AP Calculus AB Course Framework; supplied AP Topic scoring guides consulted for authentic representations and rigor only, with no published question wording copied.",AP-style mixed selected/constructed response source; no published wording copied.
U6-SUM-V2-Q20,MATH,6,6.5,summative_assessment,summative,v2_q20,unit-synthesis,2,"Use $u$-substitution as chain-rule reversal and select among substitution, algebraic rewriting, long division, or completing the square when appropriate.","I can recognize integrand structure, choose an efficient integration strategy, execute the method consistently, and justify why it fits.","AP Topics 6.9, 6.10, 6.14",complete_square_integration,constructed_response,,"Unit 6 Assessment Plan + AP Calculus AB Course Framework; supplied AP Topic scoring guides consulted for authentic representations and rigor only, with no published question wording copied.",AP-style mixed selected/constructed response source; no published wording copied.
U6-SUM-V3-Q01,MATH,6,6.1,summative_assessment,summative,v3_q01,unit-synthesis,1,"Interpret accumulation of change from rate graphs using signed area, units, and properties of definite integrals.","I can interpret signed area as net change, estimate accumulation from geometric regions, and keep the units of an accumulated rate meaningful.","AP Topics 6.1, 6.6",integral_properties,multiple_choice,,"Unit 6 Assessment Plan + AP Calculus AB Course Framework; supplied AP Topic scoring guides consulted for authentic representations and rigor only, with no published question wording copied.",AP-style mixed selected/constructed response source; no published wording copied.
U6-SUM-V3-Q02,MATH,6,6.2,summative_assessment,summative,v3_q02,unit-synthesis,2,"Approximate definite integrals with left, right, midpoint, and trapezoid sums on uniform or nonuniform partitions and interpret over/under estimates.","I can construct named numerical sums from tables or graphs, handle nonuniform widths, and compare approximation methods using function behavior.","AP Topics 6.2, 6.3",riemann_error,multiple_choice,,"Unit 6 Assessment Plan + AP Calculus AB Course Framework; supplied AP Topic scoring guides consulted for authentic representations and rigor only, with no published question wording copied.",AP-style mixed selected/constructed response source; no published wording copied.
U6-SUM-V3-Q03,MATH,6,6.3,summative_assessment,summative,v3_q03,unit-synthesis,2,"Connect definite integrals and accumulation functions through the Fundamental Theorem of Calculus, including derivatives of integrals and behavior of accumulation functions.",I can differentiate integral-defined functions and use the integrand to analyze how an accumulation function changes.,"AP Topics 6.4, 6.5",ftc_chain,multiple_choice,,"Unit 6 Assessment Plan + AP Calculus AB Course Framework; supplied AP Topic scoring guides consulted for authentic representations and rigor only, with no published question wording copied.",AP-style mixed selected/constructed response source; no published wording copied.
U6-SUM-V3-Q04,MATH,6,6.4,summative_assessment,summative,v3_q04,unit-synthesis,1,"Find antiderivatives and evaluate definite integrals using the Fundamental Theorem of Calculus, with correct constants and notation for indefinite integrals.","I can find antiderivative families, evaluate definite integrals from antiderivatives, and distinguish when a constant of integration belongs.","AP Topics 6.7, 6.8",antiderivative_mc,multiple_choice,,"Unit 6 Assessment Plan + AP Calculus AB Course Framework; supplied AP Topic scoring guides consulted for authentic representations and rigor only, with no published question wording copied.",AP-style mixed selected/constructed response source; no published wording copied.
U6-SUM-V3-Q05,MATH,6,6.5,summative_assessment,summative,v3_q05,unit-synthesis,2,"Use $u$-substitution as chain-rule reversal and select among substitution, algebraic rewriting, long division, or completing the square when appropriate.","I can recognize integrand structure, choose an efficient integration strategy, execute the method consistently, and justify why it fits.","AP Topics 6.9, 6.10, 6.14",integration_strategy_mc,multiple_choice,,"Unit 6 Assessment Plan + AP Calculus AB Course Framework; supplied AP Topic scoring guides consulted for authentic representations and rigor only, with no published question wording copied.",AP-style mixed selected/constructed response source; no published wording copied.
U6-SUM-V3-Q06,MATH,6,6.1,summative_assessment,summative,v3_q06,unit-synthesis,1,"Interpret accumulation of change from rate graphs using signed area, units, and properties of definite integrals.","I can interpret signed area as net change, estimate accumulation from geometric regions, and keep the units of an accumulated rate meaningful.","AP Topics 6.1, 6.6",integral_units,multiple_choice,,"Unit 6 Assessment Plan + AP Calculus AB Course Framework; supplied AP Topic scoring guides consulted for authentic representations and rigor only, with no published question wording copied.",AP-style mixed selected/constructed response source; no published wording copied.
U6-SUM-V3-Q07,MATH,6,6.2,summative_assessment,summative,v3_q07,unit-synthesis,2,"Approximate definite integrals with left, right, midpoint, and trapezoid sums on uniform or nonuniform partitions and interpret over/under estimates.","I can construct named numerical sums from tables or graphs, handle nonuniform widths, and compare approximation methods using function behavior.","AP Topics 6.2, 6.3",riemann_error,multiple_choice,,"Unit 6 Assessment Plan + AP Calculus AB Course Framework; supplied AP Topic scoring guides consulted for authentic representations and rigor only, with no published question wording copied.",AP-style mixed selected/constructed response source; no published wording copied.
U6-SUM-V3-Q08,MATH,6,6.3,summative_assessment,summative,v3_q08,unit-synthesis,2,"Connect definite integrals and accumulation functions through the Fundamental Theorem of Calculus, including derivatives of integrals and behavior of accumulation functions.",I can differentiate integral-defined functions and use the integrand to analyze how an accumulation function changes.,"AP Topics 6.4, 6.5",ftc_chain,multiple_choice,,"Unit 6 Assessment Plan + AP Calculus AB Course Framework; supplied AP Topic scoring guides consulted for authentic representations and rigor only, with no published question wording copied.",AP-style mixed selected/constructed response source; no published wording copied.
U6-SUM-V3-Q09,MATH,6,6.4,summative_assessment,summative,v3_q09,unit-synthesis,1,"Find antiderivatives and evaluate definite integrals using the Fundamental Theorem of Calculus, with correct constants and notation for indefinite integrals.","I can find antiderivative families, evaluate definite integrals from antiderivatives, and distinguish when a constant of integration belongs.","AP Topics 6.7, 6.8",antiderivative_mc,multiple_choice,,"Unit 6 Assessment Plan + AP Calculus AB Course Framework; supplied AP Topic scoring guides consulted for authentic representations and rigor only, with no published question wording copied.",AP-style mixed selected/constructed response source; no published wording copied.
U6-SUM-V3-Q10,MATH,6,6.5,summative_assessment,summative,v3_q10,unit-synthesis,2,"Use $u$-substitution as chain-rule reversal and select among substitution, algebraic rewriting, long division, or completing the square when appropriate.","I can recognize integrand structure, choose an efficient integration strategy, execute the method consistently, and justify why it fits.","AP Topics 6.9, 6.10, 6.14",integration_strategy_mc,multiple_choice,,"Unit 6 Assessment Plan + AP Calculus AB Course Framework; supplied AP Topic scoring guides consulted for authentic representations and rigor only, with no published question wording copied.",AP-style mixed selected/constructed response source; no published wording copied.
U6-SUM-V3-Q11,MATH,6,6.1,summative_assessment,summative,v3_q11,unit-synthesis,1,"Interpret accumulation of change from rate graphs using signed area, units, and properties of definite integrals.","I can interpret signed area as net change, estimate accumulation from geometric regions, and keep the units of an accumulated rate meaningful.","AP Topics 6.1, 6.6",integral_properties,multiple_choice,,"Unit 6 Assessment Plan + AP Calculus AB Course Framework; supplied AP Topic scoring guides consulted for authentic representations and rigor only, with no published question wording copied.",AP-style mixed selected/constructed response source; no published wording copied.
U6-SUM-V3-Q12,MATH,6,6.2,summative_assessment,summative,v3_q12,unit-synthesis,2,"Approximate definite integrals with left, right, midpoint, and trapezoid sums on uniform or nonuniform partitions and interpret over/under estimates.","I can construct named numerical sums from tables or graphs, handle nonuniform widths, and compare approximation methods using function behavior.","AP Topics 6.2, 6.3",riemann_error,multiple_choice,,"Unit 6 Assessment Plan + AP Calculus AB Course Framework; supplied AP Topic scoring guides consulted for authentic representations and rigor only, with no published question wording copied.",AP-style mixed selected/constructed response source; no published wording copied.
U6-SUM-V3-Q13,MATH,6,6.3,summative_assessment,summative,v3_q13,unit-synthesis,2,"Connect definite integrals and accumulation functions through the Fundamental Theorem of Calculus, including derivatives of integrals and behavior of accumulation functions.",I can differentiate integral-defined functions and use the integrand to analyze how an accumulation function changes.,"AP Topics 6.4, 6.5",accumulation_graph_frq,constructed_response,u6_sum_v3_q13_sum_integrand.png,"Unit 6 Assessment Plan + AP Calculus AB Course Framework; supplied AP Topic scoring guides consulted for authentic representations and rigor only, with no published question wording copied.",AP-style mixed selected/constructed response source; no published wording copied.
U6-SUM-V3-Q14,MATH,6,6.4,summative_assessment,summative,v3_q14,unit-synthesis,2,"Find antiderivatives and evaluate definite integrals using the Fundamental Theorem of Calculus, with correct constants and notation for indefinite integrals.","I can find antiderivative families, evaluate definite integrals from antiderivatives, and distinguish when a constant of integration belongs.","AP Topics 6.7, 6.8",ftc_evaluation_frq,constructed_response,,"Unit 6 Assessment Plan + AP Calculus AB Course Framework; supplied AP Topic scoring guides consulted for authentic representations and rigor only, with no published question wording copied.",AP-style mixed selected/constructed response source; no published wording copied.
U6-SUM-V3-Q15,MATH,6,6.5,summative_assessment,summative,v3_q15,unit-synthesis,2,"Use $u$-substitution as chain-rule reversal and select among substitution, algebraic rewriting, long division, or completing the square when appropriate.","I can recognize integrand structure, choose an efficient integration strategy, execute the method consistently, and justify why it fits.","AP Topics 6.9, 6.10, 6.14",u_substitution,constructed_response,,"Unit 6 Assessment Plan + AP Calculus AB Course Framework; supplied AP Topic scoring guides consulted for authentic representations and rigor only, with no published question wording copied.",AP-style mixed selected/constructed response source; no published wording copied.
U6-SUM-V3-Q16,MATH,6,6.1,summative_assessment,summative,v3_q16,unit-synthesis,2,"Interpret accumulation of change from rate graphs using signed area, units, and properties of definite integrals.","I can interpret signed area as net change, estimate accumulation from geometric regions, and keep the units of an accumulated rate meaningful.","AP Topics 6.1, 6.6",signed_accumulation_frq,constructed_response,u6_sum_v3_q16_sum_rate.png,"Unit 6 Assessment Plan + AP Calculus AB Course Framework; supplied AP Topic scoring guides consulted for authentic representations and rigor only, with no published question wording copied.",AP-style mixed selected/constructed response source; no published wording copied.
U6-SUM-V3-Q17,MATH,6,6.2,summative_assessment,summative,v3_q17,unit-synthesis,2,"Approximate definite integrals with left, right, midpoint, and trapezoid sums on uniform or nonuniform partitions and interpret over/under estimates.","I can construct named numerical sums from tables or graphs, handle nonuniform widths, and compare approximation methods using function behavior.","AP Topics 6.2, 6.3",trapezoid_frq,constructed_response,,"Unit 6 Assessment Plan + AP Calculus AB Course Framework; supplied AP Topic scoring guides consulted for authentic representations and rigor only, with no published question wording copied.",AP-style mixed selected/constructed response source; no published wording copied.
U6-SUM-V3-Q18,MATH,6,6.3,summative_assessment,summative,v3_q18,unit-synthesis,2,"Connect definite integrals and accumulation functions through the Fundamental Theorem of Calculus, including derivatives of integrals and behavior of accumulation functions.",I can differentiate integral-defined functions and use the integrand to analyze how an accumulation function changes.,"AP Topics 6.4, 6.5",accumulation_graph_frq,constructed_response,u6_sum_v3_q18_sum_integrand.png,"Unit 6 Assessment Plan + AP Calculus AB Course Framework; supplied AP Topic scoring guides consulted for authentic representations and rigor only, with no published question wording copied.",AP-style mixed selected/constructed response source; no published wording copied.
U6-SUM-V3-Q19,MATH,6,6.4,summative_assessment,summative,v3_q19,unit-synthesis,2,"Find antiderivatives and evaluate definite integrals using the Fundamental Theorem of Calculus, with correct constants and notation for indefinite integrals.","I can find antiderivative families, evaluate definite integrals from antiderivatives, and distinguish when a constant of integration belongs.","AP Topics 6.7, 6.8",ftc_evaluation_frq,constructed_response,,"Unit 6 Assessment Plan + AP Calculus AB Course Framework; supplied AP Topic scoring guides consulted for authentic representations and rigor only, with no published question wording copied.",AP-style mixed selected/constructed response source; no published wording copied.
U6-SUM-V3-Q20,MATH,6,6.5,summative_assessment,summative,v3_q20,unit-synthesis,3,"Use $u$-substitution as chain-rule reversal and select among substitution, algebraic rewriting, long division, or completing the square when appropriate.","I can recognize integrand structure, choose an efficient integration strategy, execute the method consistently, and justify why it fits.","AP Topics 6.9, 6.10, 6.14",integration_strategy_selection,constructed_response,,"Unit 6 Assessment Plan + AP Calculus AB Course Framework; supplied AP Topic scoring guides consulted for authentic representations and rigor only, with no published question wording copied.",AP-style mixed selected/constructed response source; no published wording copied.
U6-SUM-V4-Q01,MATH,6,6.1,summative_assessment,summative,v4_q01,unit-synthesis,1,"Interpret accumulation of change from rate graphs using signed area, units, and properties of definite integrals.","I can interpret signed area as net change, estimate accumulation from geometric regions, and keep the units of an accumulated rate meaningful.","AP Topics 6.1, 6.6",integral_properties,multiple_choice,,"Unit 6 Assessment Plan + AP Calculus AB Course Framework; supplied AP Topic scoring guides consulted for authentic representations and rigor only, with no published question wording copied.",AP-style mixed selected/constructed response source; no published wording copied.
U6-SUM-V4-Q02,MATH,6,6.2,summative_assessment,summative,v4_q02,unit-synthesis,2,"Approximate definite integrals with left, right, midpoint, and trapezoid sums on uniform or nonuniform partitions and interpret over/under estimates.","I can construct named numerical sums from tables or graphs, handle nonuniform widths, and compare approximation methods using function behavior.","AP Topics 6.2, 6.3",riemann_error,multiple_choice,,"Unit 6 Assessment Plan + AP Calculus AB Course Framework; supplied AP Topic scoring guides consulted for authentic representations and rigor only, with no published question wording copied.",AP-style mixed selected/constructed response source; no published wording copied.
U6-SUM-V4-Q03,MATH,6,6.3,summative_assessment,summative,v4_q03,unit-synthesis,2,"Connect definite integrals and accumulation functions through the Fundamental Theorem of Calculus, including derivatives of integrals and behavior of accumulation functions.",I can differentiate integral-defined functions and use the integrand to analyze how an accumulation function changes.,"AP Topics 6.4, 6.5",ftc_chain,multiple_choice,,"Unit 6 Assessment Plan + AP Calculus AB Course Framework; supplied AP Topic scoring guides consulted for authentic representations and rigor only, with no published question wording copied.",AP-style mixed selected/constructed response source; no published wording copied.
U6-SUM-V4-Q04,MATH,6,6.4,summative_assessment,summative,v4_q04,unit-synthesis,1,"Find antiderivatives and evaluate definite integrals using the Fundamental Theorem of Calculus, with correct constants and notation for indefinite integrals.","I can find antiderivative families, evaluate definite integrals from antiderivatives, and distinguish when a constant of integration belongs.","AP Topics 6.7, 6.8",antiderivative_mc,multiple_choice,,"Unit 6 Assessment Plan + AP Calculus AB Course Framework; supplied AP Topic scoring guides consulted for authentic representations and rigor only, with no published question wording copied.",AP-style mixed selected/constructed response source; no published wording copied.
U6-SUM-V4-Q05,MATH,6,6.5,summative_assessment,summative,v4_q05,unit-synthesis,2,"Use $u$-substitution as chain-rule reversal and select among substitution, algebraic rewriting, long division, or completing the square when appropriate.","I can recognize integrand structure, choose an efficient integration strategy, execute the method consistently, and justify why it fits.","AP Topics 6.9, 6.10, 6.14",integration_strategy_mc,multiple_choice,,"Unit 6 Assessment Plan + AP Calculus AB Course Framework; supplied AP Topic scoring guides consulted for authentic representations and rigor only, with no published question wording copied.",AP-style mixed selected/constructed response source; no published wording copied.
U6-SUM-V4-Q06,MATH,6,6.1,summative_assessment,summative,v4_q06,unit-synthesis,1,"Interpret accumulation of change from rate graphs using signed area, units, and properties of definite integrals.","I can interpret signed area as net change, estimate accumulation from geometric regions, and keep the units of an accumulated rate meaningful.","AP Topics 6.1, 6.6",integral_units,multiple_choice,,"Unit 6 Assessment Plan + AP Calculus AB Course Framework; supplied AP Topic scoring guides consulted for authentic representations and rigor only, with no published question wording copied.",AP-style mixed selected/constructed response source; no published wording copied.
U6-SUM-V4-Q07,MATH,6,6.2,summative_assessment,summative,v4_q07,unit-synthesis,2,"Approximate definite integrals with left, right, midpoint, and trapezoid sums on uniform or nonuniform partitions and interpret over/under estimates.","I can construct named numerical sums from tables or graphs, handle nonuniform widths, and compare approximation methods using function behavior.","AP Topics 6.2, 6.3",riemann_error,multiple_choice,,"Unit 6 Assessment Plan + AP Calculus AB Course Framework; supplied AP Topic scoring guides consulted for authentic representations and rigor only, with no published question wording copied.",AP-style mixed selected/constructed response source; no published wording copied.
U6-SUM-V4-Q08,MATH,6,6.3,summative_assessment,summative,v4_q08,unit-synthesis,2,"Connect definite integrals and accumulation functions through the Fundamental Theorem of Calculus, including derivatives of integrals and behavior of accumulation functions.",I can differentiate integral-defined functions and use the integrand to analyze how an accumulation function changes.,"AP Topics 6.4, 6.5",ftc_chain,multiple_choice,,"Unit 6 Assessment Plan + AP Calculus AB Course Framework; supplied AP Topic scoring guides consulted for authentic representations and rigor only, with no published question wording copied.",AP-style mixed selected/constructed response source; no published wording copied.
U6-SUM-V4-Q09,MATH,6,6.4,summative_assessment,summative,v4_q09,unit-synthesis,1,"Find antiderivatives and evaluate definite integrals using the Fundamental Theorem of Calculus, with correct constants and notation for indefinite integrals.","I can find antiderivative families, evaluate definite integrals from antiderivatives, and distinguish when a constant of integration belongs.","AP Topics 6.7, 6.8",antiderivative_mc,multiple_choice,,"Unit 6 Assessment Plan + AP Calculus AB Course Framework; supplied AP Topic scoring guides consulted for authentic representations and rigor only, with no published question wording copied.",AP-style mixed selected/constructed response source; no published wording copied.
U6-SUM-V4-Q10,MATH,6,6.5,summative_assessment,summative,v4_q10,unit-synthesis,2,"Use $u$-substitution as chain-rule reversal and select among substitution, algebraic rewriting, long division, or completing the square when appropriate.","I can recognize integrand structure, choose an efficient integration strategy, execute the method consistently, and justify why it fits.","AP Topics 6.9, 6.10, 6.14",integration_strategy_mc,multiple_choice,,"Unit 6 Assessment Plan + AP Calculus AB Course Framework; supplied AP Topic scoring guides consulted for authentic representations and rigor only, with no published question wording copied.",AP-style mixed selected/constructed response source; no published wording copied.
U6-SUM-V4-Q11,MATH,6,6.1,summative_assessment,summative,v4_q11,unit-synthesis,1,"Interpret accumulation of change from rate graphs using signed area, units, and properties of definite integrals.","I can interpret signed area as net change, estimate accumulation from geometric regions, and keep the units of an accumulated rate meaningful.","AP Topics 6.1, 6.6",integral_properties,multiple_choice,,"Unit 6 Assessment Plan + AP Calculus AB Course Framework; supplied AP Topic scoring guides consulted for authentic representations and rigor only, with no published question wording copied.",AP-style mixed selected/constructed response source; no published wording copied.
U6-SUM-V4-Q12,MATH,6,6.2,summative_assessment,summative,v4_q12,unit-synthesis,2,"Approximate definite integrals with left, right, midpoint, and trapezoid sums on uniform or nonuniform partitions and interpret over/under estimates.","I can construct named numerical sums from tables or graphs, handle nonuniform widths, and compare approximation methods using function behavior.","AP Topics 6.2, 6.3",riemann_error,multiple_choice,,"Unit 6 Assessment Plan + AP Calculus AB Course Framework; supplied AP Topic scoring guides consulted for authentic representations and rigor only, with no published question wording copied.",AP-style mixed selected/constructed response source; no published wording copied.
U6-SUM-V4-Q13,MATH,6,6.3,summative_assessment,summative,v4_q13,unit-synthesis,2,"Connect definite integrals and accumulation functions through the Fundamental Theorem of Calculus, including derivatives of integrals and behavior of accumulation functions.",I can differentiate integral-defined functions and use the integrand to analyze how an accumulation function changes.,"AP Topics 6.4, 6.5",accumulation_graph_frq,constructed_response,u6_sum_v4_q13_sum_integrand.png,"Unit 6 Assessment Plan + AP Calculus AB Course Framework; supplied AP Topic scoring guides consulted for authentic representations and rigor only, with no published question wording copied.",AP-style mixed selected/constructed response source; no published wording copied.
U6-SUM-V4-Q14,MATH,6,6.4,summative_assessment,summative,v4_q14,unit-synthesis,2,"Find antiderivatives and evaluate definite integrals using the Fundamental Theorem of Calculus, with correct constants and notation for indefinite integrals.","I can find antiderivative families, evaluate definite integrals from antiderivatives, and distinguish when a constant of integration belongs.","AP Topics 6.7, 6.8",ftc_evaluation_frq,constructed_response,,"Unit 6 Assessment Plan + AP Calculus AB Course Framework; supplied AP Topic scoring guides consulted for authentic representations and rigor only, with no published question wording copied.",AP-style mixed selected/constructed response source; no published wording copied.
U6-SUM-V4-Q15,MATH,6,6.5,summative_assessment,summative,v4_q15,unit-synthesis,2,"Use $u$-substitution as chain-rule reversal and select among substitution, algebraic rewriting, long division, or completing the square when appropriate.","I can recognize integrand structure, choose an efficient integration strategy, execute the method consistently, and justify why it fits.","AP Topics 6.9, 6.10, 6.14",definite_u_substitution,constructed_response,,"Unit 6 Assessment Plan + AP Calculus AB Course Framework; supplied AP Topic scoring guides consulted for authentic representations and rigor only, with no published question wording copied.",AP-style mixed selected/constructed response source; no published wording copied.
U6-SUM-V4-Q16,MATH,6,6.1,summative_assessment,summative,v4_q16,unit-synthesis,2,"Interpret accumulation of change from rate graphs using signed area, units, and properties of definite integrals.","I can interpret signed area as net change, estimate accumulation from geometric regions, and keep the units of an accumulated rate meaningful.","AP Topics 6.1, 6.6",signed_accumulation_frq,constructed_response,u6_sum_v4_q16_sum_rate.png,"Unit 6 Assessment Plan + AP Calculus AB Course Framework; supplied AP Topic scoring guides consulted for authentic representations and rigor only, with no published question wording copied.",AP-style mixed selected/constructed response source; no published wording copied.
U6-SUM-V4-Q17,MATH,6,6.2,summative_assessment,summative,v4_q17,unit-synthesis,2,"Approximate definite integrals with left, right, midpoint, and trapezoid sums on uniform or nonuniform partitions and interpret over/under estimates.","I can construct named numerical sums from tables or graphs, handle nonuniform widths, and compare approximation methods using function behavior.","AP Topics 6.2, 6.3",trapezoid_frq,constructed_response,,"Unit 6 Assessment Plan + AP Calculus AB Course Framework; supplied AP Topic scoring guides consulted for authentic representations and rigor only, with no published question wording copied.",AP-style mixed selected/constructed response source; no published wording copied.
U6-SUM-V4-Q18,MATH,6,6.3,summative_assessment,summative,v4_q18,unit-synthesis,2,"Connect definite integrals and accumulation functions through the Fundamental Theorem of Calculus, including derivatives of integrals and behavior of accumulation functions.",I can differentiate integral-defined functions and use the integrand to analyze how an accumulation function changes.,"AP Topics 6.4, 6.5",accumulation_graph_frq,constructed_response,u6_sum_v4_q18_sum_integrand.png,"Unit 6 Assessment Plan + AP Calculus AB Course Framework; supplied AP Topic scoring guides consulted for authentic representations and rigor only, with no published question wording copied.",AP-style mixed selected/constructed response source; no published wording copied.
U6-SUM-V4-Q19,MATH,6,6.4,summative_assessment,summative,v4_q19,unit-synthesis,2,"Find antiderivatives and evaluate definite integrals using the Fundamental Theorem of Calculus, with correct constants and notation for indefinite integrals.","I can find antiderivative families, evaluate definite integrals from antiderivatives, and distinguish when a constant of integration belongs.","AP Topics 6.7, 6.8",ftc_evaluation_frq,constructed_response,,"Unit 6 Assessment Plan + AP Calculus AB Course Framework; supplied AP Topic scoring guides consulted for authentic representations and rigor only, with no published question wording copied.",AP-style mixed selected/constructed response source; no published wording copied.
U6-SUM-V4-Q20,MATH,6,6.5,summative_assessment,summative,v4_q20,unit-synthesis,2,"Use $u$-substitution as chain-rule reversal and select among substitution, algebraic rewriting, long division, or completing the square when appropriate.","I can recognize integrand structure, choose an efficient integration strategy, execute the method consistently, and justify why it fits.","AP Topics 6.9, 6.10, 6.14",u_substitution,constructed_response,,"Unit 6 Assessment Plan + AP Calculus AB Course Framework; supplied AP Topic scoring guides consulted for authentic representations and rigor only, with no published question wording copied.",AP-style mixed selected/constructed response source; no published wording copied.
U6-SUM-V5-Q01,MATH,6,6.1,summative_assessment,summative,v5_q01,unit-synthesis,1,"Interpret accumulation of change from rate graphs using signed area, units, and properties of definite integrals.","I can interpret signed area as net change, estimate accumulation from geometric regions, and keep the units of an accumulated rate meaningful.","AP Topics 6.1, 6.6",integral_properties,multiple_choice,,"Unit 6 Assessment Plan + AP Calculus AB Course Framework; supplied AP Topic scoring guides consulted for authentic representations and rigor only, with no published question wording copied.",AP-style mixed selected/constructed response source; no published wording copied.
U6-SUM-V5-Q02,MATH,6,6.2,summative_assessment,summative,v5_q02,unit-synthesis,2,"Approximate definite integrals with left, right, midpoint, and trapezoid sums on uniform or nonuniform partitions and interpret over/under estimates.","I can construct named numerical sums from tables or graphs, handle nonuniform widths, and compare approximation methods using function behavior.","AP Topics 6.2, 6.3",riemann_error,multiple_choice,,"Unit 6 Assessment Plan + AP Calculus AB Course Framework; supplied AP Topic scoring guides consulted for authentic representations and rigor only, with no published question wording copied.",AP-style mixed selected/constructed response source; no published wording copied.
U6-SUM-V5-Q03,MATH,6,6.3,summative_assessment,summative,v5_q03,unit-synthesis,2,"Connect definite integrals and accumulation functions through the Fundamental Theorem of Calculus, including derivatives of integrals and behavior of accumulation functions.",I can differentiate integral-defined functions and use the integrand to analyze how an accumulation function changes.,"AP Topics 6.4, 6.5",ftc_chain,multiple_choice,,"Unit 6 Assessment Plan + AP Calculus AB Course Framework; supplied AP Topic scoring guides consulted for authentic representations and rigor only, with no published question wording copied.",AP-style mixed selected/constructed response source; no published wording copied.
U6-SUM-V5-Q04,MATH,6,6.4,summative_assessment,summative,v5_q04,unit-synthesis,1,"Find antiderivatives and evaluate definite integrals using the Fundamental Theorem of Calculus, with correct constants and notation for indefinite integrals.","I can find antiderivative families, evaluate definite integrals from antiderivatives, and distinguish when a constant of integration belongs.","AP Topics 6.7, 6.8",antiderivative_mc,multiple_choice,,"Unit 6 Assessment Plan + AP Calculus AB Course Framework; supplied AP Topic scoring guides consulted for authentic representations and rigor only, with no published question wording copied.",AP-style mixed selected/constructed response source; no published wording copied.
U6-SUM-V5-Q05,MATH,6,6.5,summative_assessment,summative,v5_q05,unit-synthesis,2,"Use $u$-substitution as chain-rule reversal and select among substitution, algebraic rewriting, long division, or completing the square when appropriate.","I can recognize integrand structure, choose an efficient integration strategy, execute the method consistently, and justify why it fits.","AP Topics 6.9, 6.10, 6.14",integration_strategy_mc,multiple_choice,,"Unit 6 Assessment Plan + AP Calculus AB Course Framework; supplied AP Topic scoring guides consulted for authentic representations and rigor only, with no published question wording copied.",AP-style mixed selected/constructed response source; no published wording copied.
U6-SUM-V5-Q06,MATH,6,6.1,summative_assessment,summative,v5_q06,unit-synthesis,1,"Interpret accumulation of change from rate graphs using signed area, units, and properties of definite integrals.","I can interpret signed area as net change, estimate accumulation from geometric regions, and keep the units of an accumulated rate meaningful.","AP Topics 6.1, 6.6",integral_units,multiple_choice,,"Unit 6 Assessment Plan + AP Calculus AB Course Framework; supplied AP Topic scoring guides consulted for authentic representations and rigor only, with no published question wording copied.",AP-style mixed selected/constructed response source; no published wording copied.
U6-SUM-V5-Q07,MATH,6,6.2,summative_assessment,summative,v5_q07,unit-synthesis,2,"Approximate definite integrals with left, right, midpoint, and trapezoid sums on uniform or nonuniform partitions and interpret over/under estimates.","I can construct named numerical sums from tables or graphs, handle nonuniform widths, and compare approximation methods using function behavior.","AP Topics 6.2, 6.3",riemann_error,multiple_choice,,"Unit 6 Assessment Plan + AP Calculus AB Course Framework; supplied AP Topic scoring guides consulted for authentic representations and rigor only, with no published question wording copied.",AP-style mixed selected/constructed response source; no published wording copied.
U6-SUM-V5-Q08,MATH,6,6.3,summative_assessment,summative,v5_q08,unit-synthesis,2,"Connect definite integrals and accumulation functions through the Fundamental Theorem of Calculus, including derivatives of integrals and behavior of accumulation functions.",I can differentiate integral-defined functions and use the integrand to analyze how an accumulation function changes.,"AP Topics 6.4, 6.5",ftc_chain,multiple_choice,,"Unit 6 Assessment Plan + AP Calculus AB Course Framework; supplied AP Topic scoring guides consulted for authentic representations and rigor only, with no published question wording copied.",AP-style mixed selected/constructed response source; no published wording copied.
U6-SUM-V5-Q09,MATH,6,6.4,summative_assessment,summative,v5_q09,unit-synthesis,1,"Find antiderivatives and evaluate definite integrals using the Fundamental Theorem of Calculus, with correct constants and notation for indefinite integrals.","I can find antiderivative families, evaluate definite integrals from antiderivatives, and distinguish when a constant of integration belongs.","AP Topics 6.7, 6.8",antiderivative_mc,multiple_choice,,"Unit 6 Assessment Plan + AP Calculus AB Course Framework; supplied AP Topic scoring guides consulted for authentic representations and rigor only, with no published question wording copied.",AP-style mixed selected/constructed response source; no published wording copied.
U6-SUM-V5-Q10,MATH,6,6.5,summative_assessment,summative,v5_q10,unit-synthesis,2,"Use $u$-substitution as chain-rule reversal and select among substitution, algebraic rewriting, long division, or completing the square when appropriate.","I can recognize integrand structure, choose an efficient integration strategy, execute the method consistently, and justify why it fits.","AP Topics 6.9, 6.10, 6.14",integration_strategy_mc,multiple_choice,,"Unit 6 Assessment Plan + AP Calculus AB Course Framework; supplied AP Topic scoring guides consulted for authentic representations and rigor only, with no published question wording copied.",AP-style mixed selected/constructed response source; no published wording copied.
U6-SUM-V5-Q11,MATH,6,6.1,summative_assessment,summative,v5_q11,unit-synthesis,1,"Interpret accumulation of change from rate graphs using signed area, units, and properties of definite integrals.","I can interpret signed area as net change, estimate accumulation from geometric regions, and keep the units of an accumulated rate meaningful.","AP Topics 6.1, 6.6",integral_properties,multiple_choice,,"Unit 6 Assessment Plan + AP Calculus AB Course Framework; supplied AP Topic scoring guides consulted for authentic representations and rigor only, with no published question wording copied.",AP-style mixed selected/constructed response source; no published wording copied.
U6-SUM-V5-Q12,MATH,6,6.2,summative_assessment,summative,v5_q12,unit-synthesis,2,"Approximate definite integrals with left, right, midpoint, and trapezoid sums on uniform or nonuniform partitions and interpret over/under estimates.","I can construct named numerical sums from tables or graphs, handle nonuniform widths, and compare approximation methods using function behavior.","AP Topics 6.2, 6.3",riemann_error,multiple_choice,,"Unit 6 Assessment Plan + AP Calculus AB Course Framework; supplied AP Topic scoring guides consulted for authentic representations and rigor only, with no published question wording copied.",AP-style mixed selected/constructed response source; no published wording copied.
U6-SUM-V5-Q13,MATH,6,6.3,summative_assessment,summative,v5_q13,unit-synthesis,2,"Connect definite integrals and accumulation functions through the Fundamental Theorem of Calculus, including derivatives of integrals and behavior of accumulation functions.",I can differentiate integral-defined functions and use the integrand to analyze how an accumulation function changes.,"AP Topics 6.4, 6.5",accumulation_graph_frq,constructed_response,u6_sum_v5_q13_sum_integrand.png,"Unit 6 Assessment Plan + AP Calculus AB Course Framework; supplied AP Topic scoring guides consulted for authentic representations and rigor only, with no published question wording copied.",AP-style mixed selected/constructed response source; no published wording copied.
U6-SUM-V5-Q14,MATH,6,6.4,summative_assessment,summative,v5_q14,unit-synthesis,2,"Find antiderivatives and evaluate definite integrals using the Fundamental Theorem of Calculus, with correct constants and notation for indefinite integrals.","I can find antiderivative families, evaluate definite integrals from antiderivatives, and distinguish when a constant of integration belongs.","AP Topics 6.7, 6.8",ftc_evaluation_frq,constructed_response,,"Unit 6 Assessment Plan + AP Calculus AB Course Framework; supplied AP Topic scoring guides consulted for authentic representations and rigor only, with no published question wording copied.",AP-style mixed selected/constructed response source; no published wording copied.
U6-SUM-V5-Q15,MATH,6,6.5,summative_assessment,summative,v5_q15,unit-synthesis,2,"Use $u$-substitution as chain-rule reversal and select among substitution, algebraic rewriting, long division, or completing the square when appropriate.","I can recognize integrand structure, choose an efficient integration strategy, execute the method consistently, and justify why it fits.","AP Topics 6.9, 6.10, 6.14",algebraic_rewrite_integration,constructed_response,,"Unit 6 Assessment Plan + AP Calculus AB Course Framework; supplied AP Topic scoring guides consulted for authentic representations and rigor only, with no published question wording copied.",AP-style mixed selected/constructed response source; no published wording copied.
U6-SUM-V5-Q16,MATH,6,6.1,summative_assessment,summative,v5_q16,unit-synthesis,2,"Interpret accumulation of change from rate graphs using signed area, units, and properties of definite integrals.","I can interpret signed area as net change, estimate accumulation from geometric regions, and keep the units of an accumulated rate meaningful.","AP Topics 6.1, 6.6",signed_accumulation_frq,constructed_response,u6_sum_v5_q16_sum_rate.png,"Unit 6 Assessment Plan + AP Calculus AB Course Framework; supplied AP Topic scoring guides consulted for authentic representations and rigor only, with no published question wording copied.",AP-style mixed selected/constructed response source; no published wording copied.
U6-SUM-V5-Q17,MATH,6,6.2,summative_assessment,summative,v5_q17,unit-synthesis,2,"Approximate definite integrals with left, right, midpoint, and trapezoid sums on uniform or nonuniform partitions and interpret over/under estimates.","I can construct named numerical sums from tables or graphs, handle nonuniform widths, and compare approximation methods using function behavior.","AP Topics 6.2, 6.3",trapezoid_frq,constructed_response,,"Unit 6 Assessment Plan + AP Calculus AB Course Framework; supplied AP Topic scoring guides consulted for authentic representations and rigor only, with no published question wording copied.",AP-style mixed selected/constructed response source; no published wording copied.
U6-SUM-V5-Q18,MATH,6,6.3,summative_assessment,summative,v5_q18,unit-synthesis,2,"Connect definite integrals and accumulation functions through the Fundamental Theorem of Calculus, including derivatives of integrals and behavior of accumulation functions.",I can differentiate integral-defined functions and use the integrand to analyze how an accumulation function changes.,"AP Topics 6.4, 6.5",accumulation_graph_frq,constructed_response,u6_sum_v5_q18_sum_integrand.png,"Unit 6 Assessment Plan + AP Calculus AB Course Framework; supplied AP Topic scoring guides consulted for authentic representations and rigor only, with no published question wording copied.",AP-style mixed selected/constructed response source; no published wording copied.
U6-SUM-V5-Q19,MATH,6,6.4,summative_assessment,summative,v5_q19,unit-synthesis,2,"Find antiderivatives and evaluate definite integrals using the Fundamental Theorem of Calculus, with correct constants and notation for indefinite integrals.","I can find antiderivative families, evaluate definite integrals from antiderivatives, and distinguish when a constant of integration belongs.","AP Topics 6.7, 6.8",ftc_evaluation_frq,constructed_response,,"Unit 6 Assessment Plan + AP Calculus AB Course Framework; supplied AP Topic scoring guides consulted for authentic representations and rigor only, with no published question wording copied.",AP-style mixed selected/constructed response source; no published wording copied.
U6-SUM-V5-Q20,MATH,6,6.5,summative_assessment,summative,v5_q20,unit-synthesis,2,"Use $u$-substitution as chain-rule reversal and select among substitution, algebraic rewriting, long division, or completing the square when appropriate.","I can recognize integrand structure, choose an efficient integration strategy, execute the method consistently, and justify why it fits.","AP Topics 6.9, 6.10, 6.14",definite_u_substitution,constructed_response,,"Unit 6 Assessment Plan + AP Calculus AB Course Framework; supplied AP Topic scoring guides consulted for authentic representations and rigor only, with no published question wording copied.",AP-style mixed selected/constructed response source; no published wording copied.
U6-SUM-V6-Q01,MATH,6,6.1,summative_assessment,summative,v6_q01,unit-synthesis,1,"Interpret accumulation of change from rate graphs using signed area, units, and properties of definite integrals.","I can interpret signed area as net change, estimate accumulation from geometric regions, and keep the units of an accumulated rate meaningful.","AP Topics 6.1, 6.6",integral_properties,multiple_choice,,"Unit 6 Assessment Plan + AP Calculus AB Course Framework; supplied AP Topic scoring guides consulted for authentic representations and rigor only, with no published question wording copied.",AP-style mixed selected/constructed response source; no published wording copied.
U6-SUM-V6-Q02,MATH,6,6.2,summative_assessment,summative,v6_q02,unit-synthesis,2,"Approximate definite integrals with left, right, midpoint, and trapezoid sums on uniform or nonuniform partitions and interpret over/under estimates.","I can construct named numerical sums from tables or graphs, handle nonuniform widths, and compare approximation methods using function behavior.","AP Topics 6.2, 6.3",riemann_error,multiple_choice,,"Unit 6 Assessment Plan + AP Calculus AB Course Framework; supplied AP Topic scoring guides consulted for authentic representations and rigor only, with no published question wording copied.",AP-style mixed selected/constructed response source; no published wording copied.
U6-SUM-V6-Q03,MATH,6,6.3,summative_assessment,summative,v6_q03,unit-synthesis,2,"Connect definite integrals and accumulation functions through the Fundamental Theorem of Calculus, including derivatives of integrals and behavior of accumulation functions.",I can differentiate integral-defined functions and use the integrand to analyze how an accumulation function changes.,"AP Topics 6.4, 6.5",ftc_chain,multiple_choice,,"Unit 6 Assessment Plan + AP Calculus AB Course Framework; supplied AP Topic scoring guides consulted for authentic representations and rigor only, with no published question wording copied.",AP-style mixed selected/constructed response source; no published wording copied.
U6-SUM-V6-Q04,MATH,6,6.4,summative_assessment,summative,v6_q04,unit-synthesis,1,"Find antiderivatives and evaluate definite integrals using the Fundamental Theorem of Calculus, with correct constants and notation for indefinite integrals.","I can find antiderivative families, evaluate definite integrals from antiderivatives, and distinguish when a constant of integration belongs.","AP Topics 6.7, 6.8",antiderivative_mc,multiple_choice,,"Unit 6 Assessment Plan + AP Calculus AB Course Framework; supplied AP Topic scoring guides consulted for authentic representations and rigor only, with no published question wording copied.",AP-style mixed selected/constructed response source; no published wording copied.
U6-SUM-V6-Q05,MATH,6,6.5,summative_assessment,summative,v6_q05,unit-synthesis,2,"Use $u$-substitution as chain-rule reversal and select among substitution, algebraic rewriting, long division, or completing the square when appropriate.","I can recognize integrand structure, choose an efficient integration strategy, execute the method consistently, and justify why it fits.","AP Topics 6.9, 6.10, 6.14",integration_strategy_mc,multiple_choice,,"Unit 6 Assessment Plan + AP Calculus AB Course Framework; supplied AP Topic scoring guides consulted for authentic representations and rigor only, with no published question wording copied.",AP-style mixed selected/constructed response source; no published wording copied.
U6-SUM-V6-Q06,MATH,6,6.1,summative_assessment,summative,v6_q06,unit-synthesis,1,"Interpret accumulation of change from rate graphs using signed area, units, and properties of definite integrals.","I can interpret signed area as net change, estimate accumulation from geometric regions, and keep the units of an accumulated rate meaningful.","AP Topics 6.1, 6.6",integral_units,multiple_choice,,"Unit 6 Assessment Plan + AP Calculus AB Course Framework; supplied AP Topic scoring guides consulted for authentic representations and rigor only, with no published question wording copied.",AP-style mixed selected/constructed response source; no published wording copied.
U6-SUM-V6-Q07,MATH,6,6.2,summative_assessment,summative,v6_q07,unit-synthesis,2,"Approximate definite integrals with left, right, midpoint, and trapezoid sums on uniform or nonuniform partitions and interpret over/under estimates.","I can construct named numerical sums from tables or graphs, handle nonuniform widths, and compare approximation methods using function behavior.","AP Topics 6.2, 6.3",riemann_error,multiple_choice,,"Unit 6 Assessment Plan + AP Calculus AB Course Framework; supplied AP Topic scoring guides consulted for authentic representations and rigor only, with no published question wording copied.",AP-style mixed selected/constructed response source; no published wording copied.
U6-SUM-V6-Q08,MATH,6,6.3,summative_assessment,summative,v6_q08,unit-synthesis,2,"Connect definite integrals and accumulation functions through the Fundamental Theorem of Calculus, including derivatives of integrals and behavior of accumulation functions.",I can differentiate integral-defined functions and use the integrand to analyze how an accumulation function changes.,"AP Topics 6.4, 6.5",ftc_chain,multiple_choice,,"Unit 6 Assessment Plan + AP Calculus AB Course Framework; supplied AP Topic scoring guides consulted for authentic representations and rigor only, with no published question wording copied.",AP-style mixed selected/constructed response source; no published wording copied.
U6-SUM-V6-Q09,MATH,6,6.4,summative_assessment,summative,v6_q09,unit-synthesis,1,"Find antiderivatives and evaluate definite integrals using the Fundamental Theorem of Calculus, with correct constants and notation for indefinite integrals.","I can find antiderivative families, evaluate definite integrals from antiderivatives, and distinguish when a constant of integration belongs.","AP Topics 6.7, 6.8",antiderivative_mc,multiple_choice,,"Unit 6 Assessment Plan + AP Calculus AB Course Framework; supplied AP Topic scoring guides consulted for authentic representations and rigor only, with no published question wording copied.",AP-style mixed selected/constructed response source; no published wording copied.
U6-SUM-V6-Q10,MATH,6,6.5,summative_assessment,summative,v6_q10,unit-synthesis,2,"Use $u$-substitution as chain-rule reversal and select among substitution, algebraic rewriting, long division, or completing the square when appropriate.","I can recognize integrand structure, choose an efficient integration strategy, execute the method consistently, and justify why it fits.","AP Topics 6.9, 6.10, 6.14",integration_strategy_mc,multiple_choice,,"Unit 6 Assessment Plan + AP Calculus AB Course Framework; supplied AP Topic scoring guides consulted for authentic representations and rigor only, with no published question wording copied.",AP-style mixed selected/constructed response source; no published wording copied.
U6-SUM-V6-Q11,MATH,6,6.1,summative_assessment,summative,v6_q11,unit-synthesis,1,"Interpret accumulation of change from rate graphs using signed area, units, and properties of definite integrals.","I can interpret signed area as net change, estimate accumulation from geometric regions, and keep the units of an accumulated rate meaningful.","AP Topics 6.1, 6.6",integral_properties,multiple_choice,,"Unit 6 Assessment Plan + AP Calculus AB Course Framework; supplied AP Topic scoring guides consulted for authentic representations and rigor only, with no published question wording copied.",AP-style mixed selected/constructed response source; no published wording copied.
U6-SUM-V6-Q12,MATH,6,6.2,summative_assessment,summative,v6_q12,unit-synthesis,2,"Approximate definite integrals with left, right, midpoint, and trapezoid sums on uniform or nonuniform partitions and interpret over/under estimates.","I can construct named numerical sums from tables or graphs, handle nonuniform widths, and compare approximation methods using function behavior.","AP Topics 6.2, 6.3",riemann_error,multiple_choice,,"Unit 6 Assessment Plan + AP Calculus AB Course Framework; supplied AP Topic scoring guides consulted for authentic representations and rigor only, with no published question wording copied.",AP-style mixed selected/constructed response source; no published wording copied.
U6-SUM-V6-Q13,MATH,6,6.3,summative_assessment,summative,v6_q13,unit-synthesis,2,"Connect definite integrals and accumulation functions through the Fundamental Theorem of Calculus, including derivatives of integrals and behavior of accumulation functions.",I can differentiate integral-defined functions and use the integrand to analyze how an accumulation function changes.,"AP Topics 6.4, 6.5",accumulation_graph_frq,constructed_response,u6_sum_v6_q13_sum_integrand.png,"Unit 6 Assessment Plan + AP Calculus AB Course Framework; supplied AP Topic scoring guides consulted for authentic representations and rigor only, with no published question wording copied.",AP-style mixed selected/constructed response source; no published wording copied.
U6-SUM-V6-Q14,MATH,6,6.4,summative_assessment,summative,v6_q14,unit-synthesis,2,"Find antiderivatives and evaluate definite integrals using the Fundamental Theorem of Calculus, with correct constants and notation for indefinite integrals.","I can find antiderivative families, evaluate definite integrals from antiderivatives, and distinguish when a constant of integration belongs.","AP Topics 6.7, 6.8",ftc_evaluation_frq,constructed_response,,"Unit 6 Assessment Plan + AP Calculus AB Course Framework; supplied AP Topic scoring guides consulted for authentic representations and rigor only, with no published question wording copied.",AP-style mixed selected/constructed response source; no published wording copied.
U6-SUM-V6-Q15,MATH,6,6.5,summative_assessment,summative,v6_q15,unit-synthesis,2,"Use $u$-substitution as chain-rule reversal and select among substitution, algebraic rewriting, long division, or completing the square when appropriate.","I can recognize integrand structure, choose an efficient integration strategy, execute the method consistently, and justify why it fits.","AP Topics 6.9, 6.10, 6.14",long_division_integration,constructed_response,,"Unit 6 Assessment Plan + AP Calculus AB Course Framework; supplied AP Topic scoring guides consulted for authentic representations and rigor only, with no published question wording copied.",AP-style mixed selected/constructed response source; no published wording copied.
U6-SUM-V6-Q16,MATH,6,6.1,summative_assessment,summative,v6_q16,unit-synthesis,2,"Interpret accumulation of change from rate graphs using signed area, units, and properties of definite integrals.","I can interpret signed area as net change, estimate accumulation from geometric regions, and keep the units of an accumulated rate meaningful.","AP Topics 6.1, 6.6",signed_accumulation_frq,constructed_response,u6_sum_v6_q16_sum_rate.png,"Unit 6 Assessment Plan + AP Calculus AB Course Framework; supplied AP Topic scoring guides consulted for authentic representations and rigor only, with no published question wording copied.",AP-style mixed selected/constructed response source; no published wording copied.
U6-SUM-V6-Q17,MATH,6,6.2,summative_assessment,summative,v6_q17,unit-synthesis,2,"Approximate definite integrals with left, right, midpoint, and trapezoid sums on uniform or nonuniform partitions and interpret over/under estimates.","I can construct named numerical sums from tables or graphs, handle nonuniform widths, and compare approximation methods using function behavior.","AP Topics 6.2, 6.3",trapezoid_frq,constructed_response,,"Unit 6 Assessment Plan + AP Calculus AB Course Framework; supplied AP Topic scoring guides consulted for authentic representations and rigor only, with no published question wording copied.",AP-style mixed selected/constructed response source; no published wording copied.
U6-SUM-V6-Q18,MATH,6,6.3,summative_assessment,summative,v6_q18,unit-synthesis,2,"Connect definite integrals and accumulation functions through the Fundamental Theorem of Calculus, including derivatives of integrals and behavior of accumulation functions.",I can differentiate integral-defined functions and use the integrand to analyze how an accumulation function changes.,"AP Topics 6.4, 6.5",accumulation_graph_frq,constructed_response,u6_sum_v6_q18_sum_integrand.png,"Unit 6 Assessment Plan + AP Calculus AB Course Framework; supplied AP Topic scoring guides consulted for authentic representations and rigor only, with no published question wording copied.",AP-style mixed selected/constructed response source; no published wording copied.
U6-SUM-V6-Q19,MATH,6,6.4,summative_assessment,summative,v6_q19,unit-synthesis,2,"Find antiderivatives and evaluate definite integrals using the Fundamental Theorem of Calculus, with correct constants and notation for indefinite integrals.","I can find antiderivative families, evaluate definite integrals from antiderivatives, and distinguish when a constant of integration belongs.","AP Topics 6.7, 6.8",ftc_evaluation_frq,constructed_response,,"Unit 6 Assessment Plan + AP Calculus AB Course Framework; supplied AP Topic scoring guides consulted for authentic representations and rigor only, with no published question wording copied.",AP-style mixed selected/constructed response source; no published wording copied.
U6-SUM-V6-Q20,MATH,6,6.5,summative_assessment,summative,v6_q20,unit-synthesis,2,"Use $u$-substitution as chain-rule reversal and select among substitution, algebraic rewriting, long division, or completing the square when appropriate.","I can recognize integrand structure, choose an efficient integration strategy, execute the method consistently, and justify why it fits.","AP Topics 6.9, 6.10, 6.14",algebraic_rewrite_integration,constructed_response,,"Unit 6 Assessment Plan + AP Calculus AB Course Framework; supplied AP Topic scoring guides consulted for authentic representations and rigor only, with no published question wording copied.",AP-style mixed selected/constructed response source; no published wording copied.
U6-SUM-V7-Q01,MATH,6,6.1,summative_assessment,summative,v7_q01,unit-synthesis,1,"Interpret accumulation of change from rate graphs using signed area, units, and properties of definite integrals.","I can interpret signed area as net change, estimate accumulation from geometric regions, and keep the units of an accumulated rate meaningful.","AP Topics 6.1, 6.6",integral_properties,multiple_choice,,"Unit 6 Assessment Plan + AP Calculus AB Course Framework; supplied AP Topic scoring guides consulted for authentic representations and rigor only, with no published question wording copied.",AP-style mixed selected/constructed response source; no published wording copied.
U6-SUM-V7-Q02,MATH,6,6.2,summative_assessment,summative,v7_q02,unit-synthesis,2,"Approximate definite integrals with left, right, midpoint, and trapezoid sums on uniform or nonuniform partitions and interpret over/under estimates.","I can construct named numerical sums from tables or graphs, handle nonuniform widths, and compare approximation methods using function behavior.","AP Topics 6.2, 6.3",riemann_error,multiple_choice,,"Unit 6 Assessment Plan + AP Calculus AB Course Framework; supplied AP Topic scoring guides consulted for authentic representations and rigor only, with no published question wording copied.",AP-style mixed selected/constructed response source; no published wording copied.
U6-SUM-V7-Q03,MATH,6,6.3,summative_assessment,summative,v7_q03,unit-synthesis,2,"Connect definite integrals and accumulation functions through the Fundamental Theorem of Calculus, including derivatives of integrals and behavior of accumulation functions.",I can differentiate integral-defined functions and use the integrand to analyze how an accumulation function changes.,"AP Topics 6.4, 6.5",ftc_chain,multiple_choice,,"Unit 6 Assessment Plan + AP Calculus AB Course Framework; supplied AP Topic scoring guides consulted for authentic representations and rigor only, with no published question wording copied.",AP-style mixed selected/constructed response source; no published wording copied.
U6-SUM-V7-Q04,MATH,6,6.4,summative_assessment,summative,v7_q04,unit-synthesis,1,"Find antiderivatives and evaluate definite integrals using the Fundamental Theorem of Calculus, with correct constants and notation for indefinite integrals.","I can find antiderivative families, evaluate definite integrals from antiderivatives, and distinguish when a constant of integration belongs.","AP Topics 6.7, 6.8",antiderivative_mc,multiple_choice,,"Unit 6 Assessment Plan + AP Calculus AB Course Framework; supplied AP Topic scoring guides consulted for authentic representations and rigor only, with no published question wording copied.",AP-style mixed selected/constructed response source; no published wording copied.
U6-SUM-V7-Q05,MATH,6,6.5,summative_assessment,summative,v7_q05,unit-synthesis,2,"Use $u$-substitution as chain-rule reversal and select among substitution, algebraic rewriting, long division, or completing the square when appropriate.","I can recognize integrand structure, choose an efficient integration strategy, execute the method consistently, and justify why it fits.","AP Topics 6.9, 6.10, 6.14",integration_strategy_mc,multiple_choice,,"Unit 6 Assessment Plan + AP Calculus AB Course Framework; supplied AP Topic scoring guides consulted for authentic representations and rigor only, with no published question wording copied.",AP-style mixed selected/constructed response source; no published wording copied.
U6-SUM-V7-Q06,MATH,6,6.1,summative_assessment,summative,v7_q06,unit-synthesis,1,"Interpret accumulation of change from rate graphs using signed area, units, and properties of definite integrals.","I can interpret signed area as net change, estimate accumulation from geometric regions, and keep the units of an accumulated rate meaningful.","AP Topics 6.1, 6.6",integral_units,multiple_choice,,"Unit 6 Assessment Plan + AP Calculus AB Course Framework; supplied AP Topic scoring guides consulted for authentic representations and rigor only, with no published question wording copied.",AP-style mixed selected/constructed response source; no published wording copied.
U6-SUM-V7-Q07,MATH,6,6.2,summative_assessment,summative,v7_q07,unit-synthesis,2,"Approximate definite integrals with left, right, midpoint, and trapezoid sums on uniform or nonuniform partitions and interpret over/under estimates.","I can construct named numerical sums from tables or graphs, handle nonuniform widths, and compare approximation methods using function behavior.","AP Topics 6.2, 6.3",riemann_error,multiple_choice,,"Unit 6 Assessment Plan + AP Calculus AB Course Framework; supplied AP Topic scoring guides consulted for authentic representations and rigor only, with no published question wording copied.",AP-style mixed selected/constructed response source; no published wording copied.
U6-SUM-V7-Q08,MATH,6,6.3,summative_assessment,summative,v7_q08,unit-synthesis,2,"Connect definite integrals and accumulation functions through the Fundamental Theorem of Calculus, including derivatives of integrals and behavior of accumulation functions.",I can differentiate integral-defined functions and use the integrand to analyze how an accumulation function changes.,"AP Topics 6.4, 6.5",ftc_chain,multiple_choice,,"Unit 6 Assessment Plan + AP Calculus AB Course Framework; supplied AP Topic scoring guides consulted for authentic representations and rigor only, with no published question wording copied.",AP-style mixed selected/constructed response source; no published wording copied.
U6-SUM-V7-Q09,MATH,6,6.4,summative_assessment,summative,v7_q09,unit-synthesis,1,"Find antiderivatives and evaluate definite integrals using the Fundamental Theorem of Calculus, with correct constants and notation for indefinite integrals.","I can find antiderivative families, evaluate definite integrals from antiderivatives, and distinguish when a constant of integration belongs.","AP Topics 6.7, 6.8",antiderivative_mc,multiple_choice,,"Unit 6 Assessment Plan + AP Calculus AB Course Framework; supplied AP Topic scoring guides consulted for authentic representations and rigor only, with no published question wording copied.",AP-style mixed selected/constructed response source; no published wording copied.
U6-SUM-V7-Q10,MATH,6,6.5,summative_assessment,summative,v7_q10,unit-synthesis,2,"Use $u$-substitution as chain-rule reversal and select among substitution, algebraic rewriting, long division, or completing the square when appropriate.","I can recognize integrand structure, choose an efficient integration strategy, execute the method consistently, and justify why it fits.","AP Topics 6.9, 6.10, 6.14",integration_strategy_mc,multiple_choice,,"Unit 6 Assessment Plan + AP Calculus AB Course Framework; supplied AP Topic scoring guides consulted for authentic representations and rigor only, with no published question wording copied.",AP-style mixed selected/constructed response source; no published wording copied.
U6-SUM-V7-Q11,MATH,6,6.1,summative_assessment,summative,v7_q11,unit-synthesis,1,"Interpret accumulation of change from rate graphs using signed area, units, and properties of definite integrals.","I can interpret signed area as net change, estimate accumulation from geometric regions, and keep the units of an accumulated rate meaningful.","AP Topics 6.1, 6.6",integral_properties,multiple_choice,,"Unit 6 Assessment Plan + AP Calculus AB Course Framework; supplied AP Topic scoring guides consulted for authentic representations and rigor only, with no published question wording copied.",AP-style mixed selected/constructed response source; no published wording copied.
U6-SUM-V7-Q12,MATH,6,6.2,summative_assessment,summative,v7_q12,unit-synthesis,2,"Approximate definite integrals with left, right, midpoint, and trapezoid sums on uniform or nonuniform partitions and interpret over/under estimates.","I can construct named numerical sums from tables or graphs, handle nonuniform widths, and compare approximation methods using function behavior.","AP Topics 6.2, 6.3",riemann_error,multiple_choice,,"Unit 6 Assessment Plan + AP Calculus AB Course Framework; supplied AP Topic scoring guides consulted for authentic representations and rigor only, with no published question wording copied.",AP-style mixed selected/constructed response source; no published wording copied.
U6-SUM-V7-Q13,MATH,6,6.3,summative_assessment,summative,v7_q13,unit-synthesis,2,"Connect definite integrals and accumulation functions through the Fundamental Theorem of Calculus, including derivatives of integrals and behavior of accumulation functions.",I can differentiate integral-defined functions and use the integrand to analyze how an accumulation function changes.,"AP Topics 6.4, 6.5",accumulation_graph_frq,constructed_response,u6_sum_v7_q13_sum_integrand.png,"Unit 6 Assessment Plan + AP Calculus AB Course Framework; supplied AP Topic scoring guides consulted for authentic representations and rigor only, with no published question wording copied.",AP-style mixed selected/constructed response source; no published wording copied.
U6-SUM-V7-Q14,MATH,6,6.4,summative_assessment,summative,v7_q14,unit-synthesis,2,"Find antiderivatives and evaluate definite integrals using the Fundamental Theorem of Calculus, with correct constants and notation for indefinite integrals.","I can find antiderivative families, evaluate definite integrals from antiderivatives, and distinguish when a constant of integration belongs.","AP Topics 6.7, 6.8",ftc_evaluation_frq,constructed_response,,"Unit 6 Assessment Plan + AP Calculus AB Course Framework; supplied AP Topic scoring guides consulted for authentic representations and rigor only, with no published question wording copied.",AP-style mixed selected/constructed response source; no published wording copied.
U6-SUM-V7-Q15,MATH,6,6.5,summative_assessment,summative,v7_q15,unit-synthesis,2,"Use $u$-substitution as chain-rule reversal and select among substitution, algebraic rewriting, long division, or completing the square when appropriate.","I can recognize integrand structure, choose an efficient integration strategy, execute the method consistently, and justify why it fits.","AP Topics 6.9, 6.10, 6.14",complete_square_integration,constructed_response,,"Unit 6 Assessment Plan + AP Calculus AB Course Framework; supplied AP Topic scoring guides consulted for authentic representations and rigor only, with no published question wording copied.",AP-style mixed selected/constructed response source; no published wording copied.
U6-SUM-V7-Q16,MATH,6,6.1,summative_assessment,summative,v7_q16,unit-synthesis,2,"Interpret accumulation of change from rate graphs using signed area, units, and properties of definite integrals.","I can interpret signed area as net change, estimate accumulation from geometric regions, and keep the units of an accumulated rate meaningful.","AP Topics 6.1, 6.6",signed_accumulation_frq,constructed_response,u6_sum_v7_q16_sum_rate.png,"Unit 6 Assessment Plan + AP Calculus AB Course Framework; supplied AP Topic scoring guides consulted for authentic representations and rigor only, with no published question wording copied.",AP-style mixed selected/constructed response source; no published wording copied.
U6-SUM-V7-Q17,MATH,6,6.2,summative_assessment,summative,v7_q17,unit-synthesis,2,"Approximate definite integrals with left, right, midpoint, and trapezoid sums on uniform or nonuniform partitions and interpret over/under estimates.","I can construct named numerical sums from tables or graphs, handle nonuniform widths, and compare approximation methods using function behavior.","AP Topics 6.2, 6.3",trapezoid_frq,constructed_response,,"Unit 6 Assessment Plan + AP Calculus AB Course Framework; supplied AP Topic scoring guides consulted for authentic representations and rigor only, with no published question wording copied.",AP-style mixed selected/constructed response source; no published wording copied.
U6-SUM-V7-Q18,MATH,6,6.3,summative_assessment,summative,v7_q18,unit-synthesis,2,"Connect definite integrals and accumulation functions through the Fundamental Theorem of Calculus, including derivatives of integrals and behavior of accumulation functions.",I can differentiate integral-defined functions and use the integrand to analyze how an accumulation function changes.,"AP Topics 6.4, 6.5",accumulation_graph_frq,constructed_response,u6_sum_v7_q18_sum_integrand.png,"Unit 6 Assessment Plan + AP Calculus AB Course Framework; supplied AP Topic scoring guides consulted for authentic representations and rigor only, with no published question wording copied.",AP-style mixed selected/constructed response source; no published wording copied.
U6-SUM-V7-Q19,MATH,6,6.4,summative_assessment,summative,v7_q19,unit-synthesis,2,"Find antiderivatives and evaluate definite integrals using the Fundamental Theorem of Calculus, with correct constants and notation for indefinite integrals.","I can find antiderivative families, evaluate definite integrals from antiderivatives, and distinguish when a constant of integration belongs.","AP Topics 6.7, 6.8",ftc_evaluation_frq,constructed_response,,"Unit 6 Assessment Plan + AP Calculus AB Course Framework; supplied AP Topic scoring guides consulted for authentic representations and rigor only, with no published question wording copied.",AP-style mixed selected/constructed response source; no published wording copied.
U6-SUM-V7-Q20,MATH,6,6.5,summative_assessment,summative,v7_q20,unit-synthesis,2,"Use $u$-substitution as chain-rule reversal and select among substitution, algebraic rewriting, long division, or completing the square when appropriate.","I can recognize integrand structure, choose an efficient integration strategy, execute the method consistently, and justify why it fits.","AP Topics 6.9, 6.10, 6.14",long_division_integration,constructed_response,,"Unit 6 Assessment Plan + AP Calculus AB Course Framework; supplied AP Topic scoring guides consulted for authentic representations and rigor only, with no published question wording copied.",AP-style mixed selected/constructed response source; no published wording copied.
U6-SUM-V8-Q01,MATH,6,6.1,summative_assessment,summative,v8_q01,unit-synthesis,1,"Interpret accumulation of change from rate graphs using signed area, units, and properties of definite integrals.","I can interpret signed area as net change, estimate accumulation from geometric regions, and keep the units of an accumulated rate meaningful.","AP Topics 6.1, 6.6",integral_properties,multiple_choice,,"Unit 6 Assessment Plan + AP Calculus AB Course Framework; supplied AP Topic scoring guides consulted for authentic representations and rigor only, with no published question wording copied.",AP-style mixed selected/constructed response source; no published wording copied.
U6-SUM-V8-Q02,MATH,6,6.2,summative_assessment,summative,v8_q02,unit-synthesis,2,"Approximate definite integrals with left, right, midpoint, and trapezoid sums on uniform or nonuniform partitions and interpret over/under estimates.","I can construct named numerical sums from tables or graphs, handle nonuniform widths, and compare approximation methods using function behavior.","AP Topics 6.2, 6.3",riemann_error,multiple_choice,,"Unit 6 Assessment Plan + AP Calculus AB Course Framework; supplied AP Topic scoring guides consulted for authentic representations and rigor only, with no published question wording copied.",AP-style mixed selected/constructed response source; no published wording copied.
U6-SUM-V8-Q03,MATH,6,6.3,summative_assessment,summative,v8_q03,unit-synthesis,2,"Connect definite integrals and accumulation functions through the Fundamental Theorem of Calculus, including derivatives of integrals and behavior of accumulation functions.",I can differentiate integral-defined functions and use the integrand to analyze how an accumulation function changes.,"AP Topics 6.4, 6.5",ftc_chain,multiple_choice,,"Unit 6 Assessment Plan + AP Calculus AB Course Framework; supplied AP Topic scoring guides consulted for authentic representations and rigor only, with no published question wording copied.",AP-style mixed selected/constructed response source; no published wording copied.
U6-SUM-V8-Q04,MATH,6,6.4,summative_assessment,summative,v8_q04,unit-synthesis,1,"Find antiderivatives and evaluate definite integrals using the Fundamental Theorem of Calculus, with correct constants and notation for indefinite integrals.","I can find antiderivative families, evaluate definite integrals from antiderivatives, and distinguish when a constant of integration belongs.","AP Topics 6.7, 6.8",antiderivative_mc,multiple_choice,,"Unit 6 Assessment Plan + AP Calculus AB Course Framework; supplied AP Topic scoring guides consulted for authentic representations and rigor only, with no published question wording copied.",AP-style mixed selected/constructed response source; no published wording copied.
U6-SUM-V8-Q05,MATH,6,6.5,summative_assessment,summative,v8_q05,unit-synthesis,2,"Use $u$-substitution as chain-rule reversal and select among substitution, algebraic rewriting, long division, or completing the square when appropriate.","I can recognize integrand structure, choose an efficient integration strategy, execute the method consistently, and justify why it fits.","AP Topics 6.9, 6.10, 6.14",integration_strategy_mc,multiple_choice,,"Unit 6 Assessment Plan + AP Calculus AB Course Framework; supplied AP Topic scoring guides consulted for authentic representations and rigor only, with no published question wording copied.",AP-style mixed selected/constructed response source; no published wording copied.
U6-SUM-V8-Q06,MATH,6,6.1,summative_assessment,summative,v8_q06,unit-synthesis,1,"Interpret accumulation of change from rate graphs using signed area, units, and properties of definite integrals.","I can interpret signed area as net change, estimate accumulation from geometric regions, and keep the units of an accumulated rate meaningful.","AP Topics 6.1, 6.6",integral_units,multiple_choice,,"Unit 6 Assessment Plan + AP Calculus AB Course Framework; supplied AP Topic scoring guides consulted for authentic representations and rigor only, with no published question wording copied.",AP-style mixed selected/constructed response source; no published wording copied.
U6-SUM-V8-Q07,MATH,6,6.2,summative_assessment,summative,v8_q07,unit-synthesis,2,"Approximate definite integrals with left, right, midpoint, and trapezoid sums on uniform or nonuniform partitions and interpret over/under estimates.","I can construct named numerical sums from tables or graphs, handle nonuniform widths, and compare approximation methods using function behavior.","AP Topics 6.2, 6.3",riemann_error,multiple_choice,,"Unit 6 Assessment Plan + AP Calculus AB Course Framework; supplied AP Topic scoring guides consulted for authentic representations and rigor only, with no published question wording copied.",AP-style mixed selected/constructed response source; no published wording copied.
U6-SUM-V8-Q08,MATH,6,6.3,summative_assessment,summative,v8_q08,unit-synthesis,2,"Connect definite integrals and accumulation functions through the Fundamental Theorem of Calculus, including derivatives of integrals and behavior of accumulation functions.",I can differentiate integral-defined functions and use the integrand to analyze how an accumulation function changes.,"AP Topics 6.4, 6.5",ftc_chain,multiple_choice,,"Unit 6 Assessment Plan + AP Calculus AB Course Framework; supplied AP Topic scoring guides consulted for authentic representations and rigor only, with no published question wording copied.",AP-style mixed selected/constructed response source; no published wording copied.
U6-SUM-V8-Q09,MATH,6,6.4,summative_assessment,summative,v8_q09,unit-synthesis,1,"Find antiderivatives and evaluate definite integrals using the Fundamental Theorem of Calculus, with correct constants and notation for indefinite integrals.","I can find antiderivative families, evaluate definite integrals from antiderivatives, and distinguish when a constant of integration belongs.","AP Topics 6.7, 6.8",antiderivative_mc,multiple_choice,,"Unit 6 Assessment Plan + AP Calculus AB Course Framework; supplied AP Topic scoring guides consulted for authentic representations and rigor only, with no published question wording copied.",AP-style mixed selected/constructed response source; no published wording copied.
U6-SUM-V8-Q10,MATH,6,6.5,summative_assessment,summative,v8_q10,unit-synthesis,2,"Use $u$-substitution as chain-rule reversal and select among substitution, algebraic rewriting, long division, or completing the square when appropriate.","I can recognize integrand structure, choose an efficient integration strategy, execute the method consistently, and justify why it fits.","AP Topics 6.9, 6.10, 6.14",integration_strategy_mc,multiple_choice,,"Unit 6 Assessment Plan + AP Calculus AB Course Framework; supplied AP Topic scoring guides consulted for authentic representations and rigor only, with no published question wording copied.",AP-style mixed selected/constructed response source; no published wording copied.
U6-SUM-V8-Q11,MATH,6,6.1,summative_assessment,summative,v8_q11,unit-synthesis,1,"Interpret accumulation of change from rate graphs using signed area, units, and properties of definite integrals.","I can interpret signed area as net change, estimate accumulation from geometric regions, and keep the units of an accumulated rate meaningful.","AP Topics 6.1, 6.6",integral_properties,multiple_choice,,"Unit 6 Assessment Plan + AP Calculus AB Course Framework; supplied AP Topic scoring guides consulted for authentic representations and rigor only, with no published question wording copied.",AP-style mixed selected/constructed response source; no published wording copied.
U6-SUM-V8-Q12,MATH,6,6.2,summative_assessment,summative,v8_q12,unit-synthesis,2,"Approximate definite integrals with left, right, midpoint, and trapezoid sums on uniform or nonuniform partitions and interpret over/under estimates.","I can construct named numerical sums from tables or graphs, handle nonuniform widths, and compare approximation methods using function behavior.","AP Topics 6.2, 6.3",riemann_error,multiple_choice,,"Unit 6 Assessment Plan + AP Calculus AB Course Framework; supplied AP Topic scoring guides consulted for authentic representations and rigor only, with no published question wording copied.",AP-style mixed selected/constructed response source; no published wording copied.
U6-SUM-V8-Q13,MATH,6,6.3,summative_assessment,summative,v8_q13,unit-synthesis,2,"Connect definite integrals and accumulation functions through the Fundamental Theorem of Calculus, including derivatives of integrals and behavior of accumulation functions.",I can differentiate integral-defined functions and use the integrand to analyze how an accumulation function changes.,"AP Topics 6.4, 6.5",accumulation_graph_frq,constructed_response,u6_sum_v8_q13_sum_integrand.png,"Unit 6 Assessment Plan + AP Calculus AB Course Framework; supplied AP Topic scoring guides consulted for authentic representations and rigor only, with no published question wording copied.",AP-style mixed selected/constructed response source; no published wording copied.
U6-SUM-V8-Q14,MATH,6,6.4,summative_assessment,summative,v8_q14,unit-synthesis,2,"Find antiderivatives and evaluate definite integrals using the Fundamental Theorem of Calculus, with correct constants and notation for indefinite integrals.","I can find antiderivative families, evaluate definite integrals from antiderivatives, and distinguish when a constant of integration belongs.","AP Topics 6.7, 6.8",ftc_evaluation_frq,constructed_response,,"Unit 6 Assessment Plan + AP Calculus AB Course Framework; supplied AP Topic scoring guides consulted for authentic representations and rigor only, with no published question wording copied.",AP-style mixed selected/constructed response source; no published wording copied.
U6-SUM-V8-Q15,MATH,6,6.5,summative_assessment,summative,v8_q15,unit-synthesis,3,"Use $u$-substitution as chain-rule reversal and select among substitution, algebraic rewriting, long division, or completing the square when appropriate.","I can recognize integrand structure, choose an efficient integration strategy, execute the method consistently, and justify why it fits.","AP Topics 6.9, 6.10, 6.14",integration_strategy_selection,constructed_response,,"Unit 6 Assessment Plan + AP Calculus AB Course Framework; supplied AP Topic scoring guides consulted for authentic representations and rigor only, with no published question wording copied.",AP-style mixed selected/constructed response source; no published wording copied.
U6-SUM-V8-Q16,MATH,6,6.1,summative_assessment,summative,v8_q16,unit-synthesis,2,"Interpret accumulation of change from rate graphs using signed area, units, and properties of definite integrals.","I can interpret signed area as net change, estimate accumulation from geometric regions, and keep the units of an accumulated rate meaningful.","AP Topics 6.1, 6.6",signed_accumulation_frq,constructed_response,u6_sum_v8_q16_sum_rate.png,"Unit 6 Assessment Plan + AP Calculus AB Course Framework; supplied AP Topic scoring guides consulted for authentic representations and rigor only, with no published question wording copied.",AP-style mixed selected/constructed response source; no published wording copied.
U6-SUM-V8-Q17,MATH,6,6.2,summative_assessment,summative,v8_q17,unit-synthesis,2,"Approximate definite integrals with left, right, midpoint, and trapezoid sums on uniform or nonuniform partitions and interpret over/under estimates.","I can construct named numerical sums from tables or graphs, handle nonuniform widths, and compare approximation methods using function behavior.","AP Topics 6.2, 6.3",trapezoid_frq,constructed_response,,"Unit 6 Assessment Plan + AP Calculus AB Course Framework; supplied AP Topic scoring guides consulted for authentic representations and rigor only, with no published question wording copied.",AP-style mixed selected/constructed response source; no published wording copied.
U6-SUM-V8-Q18,MATH,6,6.3,summative_assessment,summative,v8_q18,unit-synthesis,2,"Connect definite integrals and accumulation functions through the Fundamental Theorem of Calculus, including derivatives of integrals and behavior of accumulation functions.",I can differentiate integral-defined functions and use the integrand to analyze how an accumulation function changes.,"AP Topics 6.4, 6.5",accumulation_graph_frq,constructed_response,u6_sum_v8_q18_sum_integrand.png,"Unit 6 Assessment Plan + AP Calculus AB Course Framework; supplied AP Topic scoring guides consulted for authentic representations and rigor only, with no published question wording copied.",AP-style mixed selected/constructed response source; no published wording copied.
U6-SUM-V8-Q19,MATH,6,6.4,summative_assessment,summative,v8_q19,unit-synthesis,2,"Find antiderivatives and evaluate definite integrals using the Fundamental Theorem of Calculus, with correct constants and notation for indefinite integrals.","I can find antiderivative families, evaluate definite integrals from antiderivatives, and distinguish when a constant of integration belongs.","AP Topics 6.7, 6.8",ftc_evaluation_frq,constructed_response,,"Unit 6 Assessment Plan + AP Calculus AB Course Framework; supplied AP Topic scoring guides consulted for authentic representations and rigor only, with no published question wording copied.",AP-style mixed selected/constructed response source; no published wording copied.
U6-SUM-V8-Q20,MATH,6,6.5,summative_assessment,summative,v8_q20,unit-synthesis,2,"Use $u$-substitution as chain-rule reversal and select among substitution, algebraic rewriting, long division, or completing the square when appropriate.","I can recognize integrand structure, choose an efficient integration strategy, execute the method consistently, and justify why it fits.","AP Topics 6.9, 6.10, 6.14",complete_square_integration,constructed_response,,"Unit 6 Assessment Plan + AP Calculus AB Course Framework; supplied AP Topic scoring guides consulted for authentic representations and rigor only, with no published question wording copied.",AP-style mixed selected/constructed response source; no published wording copied.
