bank_id,course_family,unit,section,destination,destination_group,destination_slot,spiral_role,dok,learning_target,i_can,framework_alignment,item_type,answer_type,figure_files,source_basis,notes
U4-S1-NOTE-EX01,MATH,4,4.1,notes_example,notes,pair_1_ex,current,1,"Interpret $f$, $f'$, and $f''$ in context using appropriate units, rates, and verbal meaning.","I can interpret $f$, $f'$, and $f''$ in context, attach correct units, and distinguish a quantity from its first and second rates of change.","AP Topics 4.1, 4.3",context_function_value,interpretation,,Unit 4 Assessment Plan + Course Framework; supplied AP Topic scoring guides consulted for authentic representation/rigor only (no question wording copied).,Notes pair 1; EX.
U4-S1-NOTE-YTI01,MATH,4,4.1,notes_you_try_it,notes,pair_1_yti,current,1,"Interpret $f$, $f'$, and $f''$ in context using appropriate units, rates, and verbal meaning.","I can interpret $f$, $f'$, and $f''$ in context, attach correct units, and distinguish a quantity from its first and second rates of change.","AP Topics 4.1, 4.3",context_function_value,interpretation,,Unit 4 Assessment Plan + Course Framework; supplied AP Topic scoring guides consulted for authentic representation/rigor only (no question wording copied).,Notes pair 1; YTI.
U4-S1-NOTE-EX02,MATH,4,4.1,notes_example,notes,pair_2_ex,current,1,"Interpret $f$, $f'$, and $f''$ in context using appropriate units, rates, and verbal meaning.","I can interpret $f$, $f'$, and $f''$ in context, attach correct units, and distinguish a quantity from its first and second rates of change.","AP Topics 4.1, 4.3",context_first_derivative,interpretation,,Unit 4 Assessment Plan + Course Framework; supplied AP Topic scoring guides consulted for authentic representation/rigor only (no question wording copied).,Notes pair 2; EX.
U4-S1-NOTE-YTI02,MATH,4,4.1,notes_you_try_it,notes,pair_2_yti,current,1,"Interpret $f$, $f'$, and $f''$ in context using appropriate units, rates, and verbal meaning.","I can interpret $f$, $f'$, and $f''$ in context, attach correct units, and distinguish a quantity from its first and second rates of change.","AP Topics 4.1, 4.3",context_first_derivative,interpretation,,Unit 4 Assessment Plan + Course Framework; supplied AP Topic scoring guides consulted for authentic representation/rigor only (no question wording copied).,Notes pair 2; YTI.
U4-S1-NOTE-EX03,MATH,4,4.1,notes_example,notes,pair_3_ex,current,2,"Interpret $f$, $f'$, and $f''$ in context using appropriate units, rates, and verbal meaning.","I can interpret $f$, $f'$, and $f''$ in context, attach correct units, and distinguish a quantity from its first and second rates of change.","AP Topics 4.1, 4.3",context_second_derivative,interpretation,,Unit 4 Assessment Plan + Course Framework; supplied AP Topic scoring guides consulted for authentic representation/rigor only (no question wording copied).,Notes pair 3; EX.
U4-S1-NOTE-YTI03,MATH,4,4.1,notes_you_try_it,notes,pair_3_yti,current,2,"Interpret $f$, $f'$, and $f''$ in context using appropriate units, rates, and verbal meaning.","I can interpret $f$, $f'$, and $f''$ in context, attach correct units, and distinguish a quantity from its first and second rates of change.","AP Topics 4.1, 4.3",context_second_derivative,interpretation,,Unit 4 Assessment Plan + Course Framework; supplied AP Topic scoring guides consulted for authentic representation/rigor only (no question wording copied).,Notes pair 3; YTI.
U4-S1-NOTE-EX04,MATH,4,4.1,notes_example,notes,pair_4_ex,current,2,"Interpret $f$, $f'$, and $f''$ in context using appropriate units, rates, and verbal meaning.","I can interpret $f$, $f'$, and $f''$ in context, attach correct units, and distinguish a quantity from its first and second rates of change.","AP Topics 4.1, 4.3",context_compare_orders,constructed_response,,Unit 4 Assessment Plan + Course Framework; supplied AP Topic scoring guides consulted for authentic representation/rigor only (no question wording copied).,Notes pair 4; EX.
U4-S1-NOTE-YTI04,MATH,4,4.1,notes_you_try_it,notes,pair_4_yti,current,2,"Interpret $f$, $f'$, and $f''$ in context using appropriate units, rates, and verbal meaning.","I can interpret $f$, $f'$, and $f''$ in context, attach correct units, and distinguish a quantity from its first and second rates of change.","AP Topics 4.1, 4.3",context_compare_orders,constructed_response,,Unit 4 Assessment Plan + Course Framework; supplied AP Topic scoring guides consulted for authentic representation/rigor only (no question wording copied).,Notes pair 4; YTI.
U4-S2-NOTE-EX01,MATH,4,4.2,notes_example,notes,pair_1_ex,current,2,"Analyze position, velocity, acceleration, speed, and sign relationships from equations, graphs, tables, and calculator-supported representations.","I can connect position, velocity, acceleration, speed, direction, and speeding-up/slowing-down behavior using derivative values and signs.",AP Topic 4.2,motion_velocity,numeric,,Unit 4 Assessment Plan + Course Framework; supplied AP Topic scoring guides consulted for authentic representation/rigor only (no question wording copied).,Notes pair 1; EX.
U4-S2-NOTE-YTI01,MATH,4,4.2,notes_you_try_it,notes,pair_1_yti,current,2,"Analyze position, velocity, acceleration, speed, and sign relationships from equations, graphs, tables, and calculator-supported representations.","I can connect position, velocity, acceleration, speed, direction, and speeding-up/slowing-down behavior using derivative values and signs.",AP Topic 4.2,motion_velocity,numeric,,Unit 4 Assessment Plan + Course Framework; supplied AP Topic scoring guides consulted for authentic representation/rigor only (no question wording copied).,Notes pair 1; YTI.
U4-S2-NOTE-EX02,MATH,4,4.2,notes_example,notes,pair_2_ex,current,2,"Analyze position, velocity, acceleration, speed, and sign relationships from equations, graphs, tables, and calculator-supported representations.","I can connect position, velocity, acceleration, speed, direction, and speeding-up/slowing-down behavior using derivative values and signs.",AP Topic 4.2,motion_acceleration,numeric,,Unit 4 Assessment Plan + Course Framework; supplied AP Topic scoring guides consulted for authentic representation/rigor only (no question wording copied).,Notes pair 2; EX.
U4-S2-NOTE-YTI02,MATH,4,4.2,notes_you_try_it,notes,pair_2_yti,current,2,"Analyze position, velocity, acceleration, speed, and sign relationships from equations, graphs, tables, and calculator-supported representations.","I can connect position, velocity, acceleration, speed, direction, and speeding-up/slowing-down behavior using derivative values and signs.",AP Topic 4.2,motion_acceleration,numeric,,Unit 4 Assessment Plan + Course Framework; supplied AP Topic scoring guides consulted for authentic representation/rigor only (no question wording copied).,Notes pair 2; YTI.
U4-S2-NOTE-EX03,MATH,4,4.2,notes_example,notes,pair_3_ex,current,1,"Analyze position, velocity, acceleration, speed, and sign relationships from equations, graphs, tables, and calculator-supported representations.","I can connect position, velocity, acceleration, speed, direction, and speeding-up/slowing-down behavior using derivative values and signs.",AP Topic 4.2,motion_speed_direction,short_response,,Unit 4 Assessment Plan + Course Framework; supplied AP Topic scoring guides consulted for authentic representation/rigor only (no question wording copied).,Notes pair 3; EX.
U4-S2-NOTE-YTI03,MATH,4,4.2,notes_you_try_it,notes,pair_3_yti,current,1,"Analyze position, velocity, acceleration, speed, and sign relationships from equations, graphs, tables, and calculator-supported representations.","I can connect position, velocity, acceleration, speed, direction, and speeding-up/slowing-down behavior using derivative values and signs.",AP Topic 4.2,motion_speed_direction,short_response,,Unit 4 Assessment Plan + Course Framework; supplied AP Topic scoring guides consulted for authentic representation/rigor only (no question wording copied).,Notes pair 3; YTI.
U4-S2-NOTE-EX04,MATH,4,4.2,notes_example,notes,pair_4_ex,current,2,"Analyze position, velocity, acceleration, speed, and sign relationships from equations, graphs, tables, and calculator-supported representations.","I can connect position, velocity, acceleration, speed, direction, and speeding-up/slowing-down behavior using derivative values and signs.",AP Topic 4.2,motion_sign_analysis,interpretation,,Unit 4 Assessment Plan + Course Framework; supplied AP Topic scoring guides consulted for authentic representation/rigor only (no question wording copied).,Notes pair 4; EX.
U4-S2-NOTE-YTI04,MATH,4,4.2,notes_you_try_it,notes,pair_4_yti,current,2,"Analyze position, velocity, acceleration, speed, and sign relationships from equations, graphs, tables, and calculator-supported representations.","I can connect position, velocity, acceleration, speed, direction, and speeding-up/slowing-down behavior using derivative values and signs.",AP Topic 4.2,motion_sign_analysis,interpretation,,Unit 4 Assessment Plan + Course Framework; supplied AP Topic scoring guides consulted for authentic representation/rigor only (no question wording copied).,Notes pair 4; YTI.
U4-S3-NOTE-EX01,MATH,4,4.3,notes_example,notes,pair_1_ex,current,1,"Translate a changing-quantity context into related variables, rates, a constraint equation, and the specific instant needed for related-rates reasoning.","I can identify changing quantities and rates, write a valid constraint, and prepare a related-rates setup without substituting values too early.",AP Topic 4.4,related_setup_vocabulary,classification,,Unit 4 Assessment Plan + Course Framework; supplied AP Topic scoring guides consulted for authentic representation/rigor only (no question wording copied).,Notes pair 1; EX.
U4-S3-NOTE-YTI01,MATH,4,4.3,notes_you_try_it,notes,pair_1_yti,current,1,"Translate a changing-quantity context into related variables, rates, a constraint equation, and the specific instant needed for related-rates reasoning.","I can identify changing quantities and rates, write a valid constraint, and prepare a related-rates setup without substituting values too early.",AP Topic 4.4,related_setup_vocabulary,classification,,Unit 4 Assessment Plan + Course Framework; supplied AP Topic scoring guides consulted for authentic representation/rigor only (no question wording copied).,Notes pair 1; YTI.
U4-S3-NOTE-EX02,MATH,4,4.3,notes_example,notes,pair_2_ex,current,2,"Translate a changing-quantity context into related variables, rates, a constraint equation, and the specific instant needed for related-rates reasoning.","I can identify changing quantities and rates, write a valid constraint, and prepare a related-rates setup without substituting values too early.",AP Topic 4.4,related_setup_square,equation,,Unit 4 Assessment Plan + Course Framework; supplied AP Topic scoring guides consulted for authentic representation/rigor only (no question wording copied).,Notes pair 2; EX.
U4-S3-NOTE-YTI02,MATH,4,4.3,notes_you_try_it,notes,pair_2_yti,current,2,"Translate a changing-quantity context into related variables, rates, a constraint equation, and the specific instant needed for related-rates reasoning.","I can identify changing quantities and rates, write a valid constraint, and prepare a related-rates setup without substituting values too early.",AP Topic 4.4,related_setup_square,equation,,Unit 4 Assessment Plan + Course Framework; supplied AP Topic scoring guides consulted for authentic representation/rigor only (no question wording copied).,Notes pair 2; YTI.
U4-S3-NOTE-EX03,MATH,4,4.3,notes_example,notes,pair_3_ex,current,2,"Translate a changing-quantity context into related variables, rates, a constraint equation, and the specific instant needed for related-rates reasoning.","I can identify changing quantities and rates, write a valid constraint, and prepare a related-rates setup without substituting values too early.",AP Topic 4.4,related_setup_ladder,equation,,Unit 4 Assessment Plan + Course Framework; supplied AP Topic scoring guides consulted for authentic representation/rigor only (no question wording copied).,Notes pair 3; EX.
U4-S3-NOTE-YTI03,MATH,4,4.3,notes_you_try_it,notes,pair_3_yti,current,2,"Translate a changing-quantity context into related variables, rates, a constraint equation, and the specific instant needed for related-rates reasoning.","I can identify changing quantities and rates, write a valid constraint, and prepare a related-rates setup without substituting values too early.",AP Topic 4.4,related_setup_ladder,equation,,Unit 4 Assessment Plan + Course Framework; supplied AP Topic scoring guides consulted for authentic representation/rigor only (no question wording copied).,Notes pair 3; YTI.
U4-S3-NOTE-EX04,MATH,4,4.3,notes_example,notes,pair_4_ex,current,1,"Translate a changing-quantity context into related variables, rates, a constraint equation, and the specific instant needed for related-rates reasoning.","I can identify changing quantities and rates, write a valid constraint, and prepare a related-rates setup without substituting values too early.",AP Topic 4.4,related_quantity_rate,classification,,Unit 4 Assessment Plan + Course Framework; supplied AP Topic scoring guides consulted for authentic representation/rigor only (no question wording copied).,Notes pair 4; EX.
U4-S3-NOTE-YTI04,MATH,4,4.3,notes_you_try_it,notes,pair_4_yti,current,1,"Translate a changing-quantity context into related variables, rates, a constraint equation, and the specific instant needed for related-rates reasoning.","I can identify changing quantities and rates, write a valid constraint, and prepare a related-rates setup without substituting values too early.",AP Topic 4.4,related_quantity_rate,classification,,Unit 4 Assessment Plan + Course Framework; supplied AP Topic scoring guides consulted for authentic representation/rigor only (no question wording copied).,Notes pair 4; YTI.
U4-S4-NOTE-EX01,MATH,4,4.4,notes_example,notes,pair_1_ex,current,2,"Solve related-rates problems by modeling the quantities, differentiating with respect to time, substituting the instant data, and interpreting the resulting rate with units and direction.",I can solve geometric and physical related-rate contexts and explain the sign and units of the requested rate.,AP Topic 4.5,related_circle_area,numeric,,Unit 4 Assessment Plan + Course Framework; supplied AP Topic scoring guides consulted for authentic representation/rigor only (no question wording copied).,Notes pair 1; EX.
U4-S4-NOTE-YTI01,MATH,4,4.4,notes_you_try_it,notes,pair_1_yti,current,2,"Solve related-rates problems by modeling the quantities, differentiating with respect to time, substituting the instant data, and interpreting the resulting rate with units and direction.",I can solve geometric and physical related-rate contexts and explain the sign and units of the requested rate.,AP Topic 4.5,related_circle_area,numeric,,Unit 4 Assessment Plan + Course Framework; supplied AP Topic scoring guides consulted for authentic representation/rigor only (no question wording copied).,Notes pair 1; YTI.
U4-S4-NOTE-EX02,MATH,4,4.4,notes_example,notes,pair_2_ex,current,2,"Solve related-rates problems by modeling the quantities, differentiating with respect to time, substituting the instant data, and interpreting the resulting rate with units and direction.",I can solve geometric and physical related-rate contexts and explain the sign and units of the requested rate.,AP Topic 4.5,related_sphere_volume,numeric,,Unit 4 Assessment Plan + Course Framework; supplied AP Topic scoring guides consulted for authentic representation/rigor only (no question wording copied).,Notes pair 2; EX.
U4-S4-NOTE-YTI02,MATH,4,4.4,notes_you_try_it,notes,pair_2_yti,current,2,"Solve related-rates problems by modeling the quantities, differentiating with respect to time, substituting the instant data, and interpreting the resulting rate with units and direction.",I can solve geometric and physical related-rate contexts and explain the sign and units of the requested rate.,AP Topic 4.5,related_sphere_volume,numeric,,Unit 4 Assessment Plan + Course Framework; supplied AP Topic scoring guides consulted for authentic representation/rigor only (no question wording copied).,Notes pair 2; YTI.
U4-S4-NOTE-EX03,MATH,4,4.4,notes_example,notes,pair_3_ex,current,2,"Solve related-rates problems by modeling the quantities, differentiating with respect to time, substituting the instant data, and interpreting the resulting rate with units and direction.",I can solve geometric and physical related-rate contexts and explain the sign and units of the requested rate.,AP Topic 4.5,related_ladder,numeric,,Unit 4 Assessment Plan + Course Framework; supplied AP Topic scoring guides consulted for authentic representation/rigor only (no question wording copied).,Notes pair 3; EX.
U4-S4-NOTE-YTI03,MATH,4,4.4,notes_you_try_it,notes,pair_3_yti,current,2,"Solve related-rates problems by modeling the quantities, differentiating with respect to time, substituting the instant data, and interpreting the resulting rate with units and direction.",I can solve geometric and physical related-rate contexts and explain the sign and units of the requested rate.,AP Topic 4.5,related_ladder,numeric,,Unit 4 Assessment Plan + Course Framework; supplied AP Topic scoring guides consulted for authentic representation/rigor only (no question wording copied).,Notes pair 3; YTI.
U4-S4-NOTE-EX04,MATH,4,4.4,notes_example,notes,pair_4_ex,current,2,"Solve related-rates problems by modeling the quantities, differentiating with respect to time, substituting the instant data, and interpreting the resulting rate with units and direction.",I can solve geometric and physical related-rate contexts and explain the sign and units of the requested rate.,AP Topic 4.5,related_cylinder,numeric,,Unit 4 Assessment Plan + Course Framework; supplied AP Topic scoring guides consulted for authentic representation/rigor only (no question wording copied).,Notes pair 4; EX.
U4-S4-NOTE-YTI04,MATH,4,4.4,notes_you_try_it,notes,pair_4_yti,current,2,"Solve related-rates problems by modeling the quantities, differentiating with respect to time, substituting the instant data, and interpreting the resulting rate with units and direction.",I can solve geometric and physical related-rate contexts and explain the sign and units of the requested rate.,AP Topic 4.5,related_cylinder,numeric,,Unit 4 Assessment Plan + Course Framework; supplied AP Topic scoring guides consulted for authentic representation/rigor only (no question wording copied).,Notes pair 4; YTI.
U4-S5-NOTE-EX01,MATH,4,4.5,notes_example,notes,pair_1_ex,current,2,Use local linearity for tangent-line approximation and apply L'Hospital's Rule only to appropriate indeterminate forms when its conditions are satisfied.,"I can build and use a linearization, discuss local approximation behavior, and decide whether L'Hospital's Rule is justified before applying it.","AP Topics 4.6, 4.7",linearization_data,numeric,,Unit 4 Assessment Plan + Course Framework; supplied AP Topic scoring guides consulted for authentic representation/rigor only (no question wording copied).,Notes pair 1; EX.
U4-S5-NOTE-YTI01,MATH,4,4.5,notes_you_try_it,notes,pair_1_yti,current,2,Use local linearity for tangent-line approximation and apply L'Hospital's Rule only to appropriate indeterminate forms when its conditions are satisfied.,"I can build and use a linearization, discuss local approximation behavior, and decide whether L'Hospital's Rule is justified before applying it.","AP Topics 4.6, 4.7",linearization_data,numeric,,Unit 4 Assessment Plan + Course Framework; supplied AP Topic scoring guides consulted for authentic representation/rigor only (no question wording copied).,Notes pair 1; YTI.
U4-S5-NOTE-EX02,MATH,4,4.5,notes_example,notes,pair_2_ex,current,2,Use local linearity for tangent-line approximation and apply L'Hospital's Rule only to appropriate indeterminate forms when its conditions are satisfied.,"I can build and use a linearization, discuss local approximation behavior, and decide whether L'Hospital's Rule is justified before applying it.","AP Topics 4.6, 4.7",linearization_sqrt,numeric,,Unit 4 Assessment Plan + Course Framework; supplied AP Topic scoring guides consulted for authentic representation/rigor only (no question wording copied).,Notes pair 2; EX.
U4-S5-NOTE-YTI02,MATH,4,4.5,notes_you_try_it,notes,pair_2_yti,current,2,Use local linearity for tangent-line approximation and apply L'Hospital's Rule only to appropriate indeterminate forms when its conditions are satisfied.,"I can build and use a linearization, discuss local approximation behavior, and decide whether L'Hospital's Rule is justified before applying it.","AP Topics 4.6, 4.7",linearization_sqrt,numeric,,Unit 4 Assessment Plan + Course Framework; supplied AP Topic scoring guides consulted for authentic representation/rigor only (no question wording copied).,Notes pair 2; YTI.
U4-S5-NOTE-EX03,MATH,4,4.5,notes_example,notes,pair_3_ex,current,2,Use local linearity for tangent-line approximation and apply L'Hospital's Rule only to appropriate indeterminate forms when its conditions are satisfied.,"I can build and use a linearization, discuss local approximation behavior, and decide whether L'Hospital's Rule is justified before applying it.","AP Topics 4.6, 4.7",linearization_locality,constructed_response,u4_s5_note_ex03_local_linearity.png,Unit 4 Assessment Plan + Course Framework; supplied AP Topic scoring guides consulted for authentic representation/rigor only (no question wording copied).,Notes pair 3; EX.
U4-S5-NOTE-YTI03,MATH,4,4.5,notes_you_try_it,notes,pair_3_yti,current,2,Use local linearity for tangent-line approximation and apply L'Hospital's Rule only to appropriate indeterminate forms when its conditions are satisfied.,"I can build and use a linearization, discuss local approximation behavior, and decide whether L'Hospital's Rule is justified before applying it.","AP Topics 4.6, 4.7",linearization_locality,constructed_response,u4_s5_note_yti03_local_linearity.png,Unit 4 Assessment Plan + Course Framework; supplied AP Topic scoring guides consulted for authentic representation/rigor only (no question wording copied).,Notes pair 3; YTI.
U4-S5-NOTE-EX04,MATH,4,4.5,notes_example,notes,pair_4_ex,current,1,Use local linearity for tangent-line approximation and apply L'Hospital's Rule only to appropriate indeterminate forms when its conditions are satisfied.,"I can build and use a linearization, discuss local approximation behavior, and decide whether L'Hospital's Rule is justified before applying it.","AP Topics 4.6, 4.7",lhopital_form_recognition,classification,,Unit 4 Assessment Plan + Course Framework; supplied AP Topic scoring guides consulted for authentic representation/rigor only (no question wording copied).,Notes pair 4; EX.
U4-S5-NOTE-YTI04,MATH,4,4.5,notes_you_try_it,notes,pair_4_yti,current,1,Use local linearity for tangent-line approximation and apply L'Hospital's Rule only to appropriate indeterminate forms when its conditions are satisfied.,"I can build and use a linearization, discuss local approximation behavior, and decide whether L'Hospital's Rule is justified before applying it.","AP Topics 4.6, 4.7",lhopital_form_recognition,classification,,Unit 4 Assessment Plan + Course Framework; supplied AP Topic scoring guides consulted for authentic representation/rigor only (no question wording copied).,Notes pair 4; YTI.
U4-S1-PS1-C01,MATH,4,4.1,practice_set_1,practice,ps1_c01,current,1,"Interpret $f$, $f'$, and $f''$ in context using appropriate units, rates, and verbal meaning.","I can interpret $f$, $f'$, and $f''$ in context, attach correct units, and distinguish a quantity from its first and second rates of change.","AP Topics 4.1, 4.3",context_function_value,interpretation,,Unit 4 Assessment Plan + Course Framework; supplied AP Topic scoring guides consulted for authentic representation/rigor only (no question wording copied).,
U4-S1-PS1-C02,MATH,4,4.1,practice_set_1,practice,ps1_c02,current,1,"Interpret $f$, $f'$, and $f''$ in context using appropriate units, rates, and verbal meaning.","I can interpret $f$, $f'$, and $f''$ in context, attach correct units, and distinguish a quantity from its first and second rates of change.","AP Topics 4.1, 4.3",context_first_derivative,interpretation,,Unit 4 Assessment Plan + Course Framework; supplied AP Topic scoring guides consulted for authentic representation/rigor only (no question wording copied).,
U4-S1-PS1-C03,MATH,4,4.1,practice_set_1,practice,ps1_c03,current,2,"Interpret $f$, $f'$, and $f''$ in context using appropriate units, rates, and verbal meaning.","I can interpret $f$, $f'$, and $f''$ in context, attach correct units, and distinguish a quantity from its first and second rates of change.","AP Topics 4.1, 4.3",context_second_derivative,interpretation,,Unit 4 Assessment Plan + Course Framework; supplied AP Topic scoring guides consulted for authentic representation/rigor only (no question wording copied).,
U4-S1-PS1-C04,MATH,4,4.1,practice_set_1,practice,ps1_c04,current,2,"Interpret $f$, $f'$, and $f''$ in context using appropriate units, rates, and verbal meaning.","I can interpret $f$, $f'$, and $f''$ in context, attach correct units, and distinguish a quantity from its first and second rates of change.","AP Topics 4.1, 4.3",context_compare_orders,constructed_response,,Unit 4 Assessment Plan + Course Framework; supplied AP Topic scoring guides consulted for authentic representation/rigor only (no question wording copied).,
U4-S1-PS1-C05,MATH,4,4.1,practice_set_1,practice,ps1_c05,current,3,"Interpret $f$, $f'$, and $f''$ in context using appropriate units, rates, and verbal meaning.","I can interpret $f$, $f'$, and $f''$ in context, attach correct units, and distinguish a quantity from its first and second rates of change.","AP Topics 4.1, 4.3",context_claim_critique,constructed_response,,Unit 4 Assessment Plan + Course Framework; supplied AP Topic scoring guides consulted for authentic representation/rigor only (no question wording copied).,
U4-S1-PS1-L01,MATH,4,4.1,practice_set_1,practice,ps1_l01,last,3,"Synthesize derivative rules, higher-order notation, procedure selection, and early motion connections from Unit 3 Section 3.5.",Retrieve and apply the most recent prerequisite learning.,"AP Topics 4.1, 4.3",strategy_selection,constructed_response,,Unit 4 Assessment Plan + Course Framework; supplied AP Topic scoring guides consulted for authentic representation/rigor only (no question wording copied).,
U4-S1-PS1-L02,MATH,4,4.1,practice_set_1,practice,ps1_l02,last,2,"Synthesize derivative rules, higher-order notation, procedure selection, and early motion connections from Unit 3 Section 3.5.",Retrieve and apply the most recent prerequisite learning.,"AP Topics 4.1, 4.3",motion_preview,numeric,,Unit 4 Assessment Plan + Course Framework; supplied AP Topic scoring guides consulted for authentic representation/rigor only (no question wording copied).,
U4-S1-PS1-L03,MATH,4,4.1,practice_set_1,practice,ps1_l03,last,2,"Synthesize derivative rules, higher-order notation, procedure selection, and early motion connections from Unit 3 Section 3.5.",Retrieve and apply the most recent prerequisite learning.,"AP Topics 4.1, 4.3",chain_rule,expression,,Unit 4 Assessment Plan + Course Framework; supplied AP Topic scoring guides consulted for authentic representation/rigor only (no question wording copied).,
U4-S1-PS1-L04,MATH,4,4.1,practice_set_1,practice,ps1_l04,last,2,"Synthesize derivative rules, higher-order notation, procedure selection, and early motion connections from Unit 3 Section 3.5.",Retrieve and apply the most recent prerequisite learning.,"AP Topics 4.1, 4.3",mixed_derivative,expression,,Unit 4 Assessment Plan + Course Framework; supplied AP Topic scoring guides consulted for authentic representation/rigor only (no question wording copied).,
U4-S1-PS1-L05,MATH,4,4.1,practice_set_1,practice,ps1_l05,last,2,"Synthesize derivative rules, higher-order notation, procedure selection, and early motion connections from Unit 3 Section 3.5.",Retrieve and apply the most recent prerequisite learning.,"AP Topics 4.1, 4.3",implicit_derivative,expression,,Unit 4 Assessment Plan + Course Framework; supplied AP Topic scoring guides consulted for authentic representation/rigor only (no question wording copied).,
U4-S1-PS1-M01,MATH,4,4.1,practice_set_1,practice,ps1_m01,mastery,2,Derivative notation and rules; graph/table interpretation; units and rate meaning; limit and continuity reasoning when relevant.,Retrieve durable prerequisite learning that supports derivative reasoning.,"AP Topics 4.1, 4.3",algebraic_limit,numeric,,Unit 4 Assessment Plan + Course Framework; supplied AP Topic scoring guides consulted for authentic representation/rigor only (no question wording copied).,
U4-S1-PS1-M02,MATH,4,4.1,practice_set_1,practice,ps1_m02,mastery,2,Derivative notation and rules; graph/table interpretation; units and rate meaning; limit and continuity reasoning when relevant.,Retrieve durable prerequisite learning that supports derivative reasoning.,"AP Topics 4.1, 4.3",table_derivative,numeric,,Unit 4 Assessment Plan + Course Framework; supplied AP Topic scoring guides consulted for authentic representation/rigor only (no question wording copied).,
U4-S1-PS1-M03,MATH,4,4.1,practice_set_1,practice,ps1_m03,mastery,1,Derivative notation and rules; graph/table interpretation; units and rate meaning; limit and continuity reasoning when relevant.,Retrieve durable prerequisite learning that supports derivative reasoning.,"AP Topics 4.1, 4.3",derivative_units,short_response,,Unit 4 Assessment Plan + Course Framework; supplied AP Topic scoring guides consulted for authentic representation/rigor only (no question wording copied).,
U4-S1-PS1-M04,MATH,4,4.1,practice_set_1,practice,ps1_m04,mastery,1,Derivative notation and rules; graph/table interpretation; units and rate meaning; limit and continuity reasoning when relevant.,Retrieve durable prerequisite learning that supports derivative reasoning.,"AP Topics 4.1, 4.3",continuity,short_response,,Unit 4 Assessment Plan + Course Framework; supplied AP Topic scoring guides consulted for authentic representation/rigor only (no question wording copied).,
U4-S1-PS1-M05,MATH,4,4.1,practice_set_1,practice,ps1_m05,mastery,2,Derivative notation and rules; graph/table interpretation; units and rate meaning; limit and continuity reasoning when relevant.,Retrieve durable prerequisite learning that supports derivative reasoning.,"AP Topics 4.1, 4.3",product_rule,expression,,Unit 4 Assessment Plan + Course Framework; supplied AP Topic scoring guides consulted for authentic representation/rigor only (no question wording copied).,
U4-S1-PS1-M06,MATH,4,4.1,practice_set_1,practice,ps1_m06,mastery,2,Derivative notation and rules; graph/table interpretation; units and rate meaning; limit and continuity reasoning when relevant.,Retrieve durable prerequisite learning that supports derivative reasoning.,"AP Topics 4.1, 4.3",quotient_rule,expression,,Unit 4 Assessment Plan + Course Framework; supplied AP Topic scoring guides consulted for authentic representation/rigor only (no question wording copied).,
U4-S1-PS1-M07,MATH,4,4.1,practice_set_1,practice,ps1_m07,mastery,2,Derivative notation and rules; graph/table interpretation; units and rate meaning; limit and continuity reasoning when relevant.,Retrieve durable prerequisite learning that supports derivative reasoning.,"AP Topics 4.1, 4.3",derivative_evaluation,numeric,,Unit 4 Assessment Plan + Course Framework; supplied AP Topic scoring guides consulted for authentic representation/rigor only (no question wording copied).,
U4-S1-PS1-M08,MATH,4,4.1,practice_set_1,practice,ps1_m08,mastery,1,Derivative notation and rules; graph/table interpretation; units and rate meaning; limit and continuity reasoning when relevant.,Retrieve durable prerequisite learning that supports derivative reasoning.,"AP Topics 4.1, 4.3",average_rate,numeric,,Unit 4 Assessment Plan + Course Framework; supplied AP Topic scoring guides consulted for authentic representation/rigor only (no question wording copied).,
U4-S1-PS1-M09,MATH,4,4.1,practice_set_1,practice,ps1_m09,mastery,2,Derivative notation and rules; graph/table interpretation; units and rate meaning; limit and continuity reasoning when relevant.,Retrieve durable prerequisite learning that supports derivative reasoning.,"AP Topics 4.1, 4.3",algebraic_limit,numeric,,Unit 4 Assessment Plan + Course Framework; supplied AP Topic scoring guides consulted for authentic representation/rigor only (no question wording copied).,
U4-S1-PS1-M10,MATH,4,4.1,practice_set_1,practice,ps1_m10,mastery,2,Derivative notation and rules; graph/table interpretation; units and rate meaning; limit and continuity reasoning when relevant.,Retrieve durable prerequisite learning that supports derivative reasoning.,"AP Topics 4.1, 4.3",table_derivative,numeric,,Unit 4 Assessment Plan + Course Framework; supplied AP Topic scoring guides consulted for authentic representation/rigor only (no question wording copied).,
U4-S1-PS2-C01,MATH,4,4.1,practice_set_2,practice,ps2_c01,current,3,"Interpret $f$, $f'$, and $f''$ in context using appropriate units, rates, and verbal meaning.","I can interpret $f$, $f'$, and $f''$ in context, attach correct units, and distinguish a quantity from its first and second rates of change.","AP Topics 4.1, 4.3",context_claim_critique,constructed_response,,Unit 4 Assessment Plan + Course Framework; supplied AP Topic scoring guides consulted for authentic representation/rigor only (no question wording copied).,
U4-S1-PS2-C02,MATH,4,4.1,practice_set_2,practice,ps2_c02,current,1,"Interpret $f$, $f'$, and $f''$ in context using appropriate units, rates, and verbal meaning.","I can interpret $f$, $f'$, and $f''$ in context, attach correct units, and distinguish a quantity from its first and second rates of change.","AP Topics 4.1, 4.3",context_units,short_response,,Unit 4 Assessment Plan + Course Framework; supplied AP Topic scoring guides consulted for authentic representation/rigor only (no question wording copied).,
U4-S1-PS2-C03,MATH,4,4.1,practice_set_2,practice,ps2_c03,current,2,"Interpret $f$, $f'$, and $f''$ in context using appropriate units, rates, and verbal meaning.","I can interpret $f$, $f'$, and $f''$ in context, attach correct units, and distinguish a quantity from its first and second rates of change.","AP Topics 4.1, 4.3",context_table_sign,interpretation,,Unit 4 Assessment Plan + Course Framework; supplied AP Topic scoring guides consulted for authentic representation/rigor only (no question wording copied).,
U4-S1-PS2-C04,MATH,4,4.1,practice_set_2,practice,ps2_c04,current,2,"Interpret $f$, $f'$, and $f''$ in context using appropriate units, rates, and verbal meaning.","I can interpret $f$, $f'$, and $f''$ in context, attach correct units, and distinguish a quantity from its first and second rates of change.","AP Topics 4.1, 4.3",context_synthesis,constructed_response,,Unit 4 Assessment Plan + Course Framework; supplied AP Topic scoring guides consulted for authentic representation/rigor only (no question wording copied).,
U4-S1-PS2-C05,MATH,4,4.1,practice_set_2,practice,ps2_c05,current,1,"Interpret $f$, $f'$, and $f''$ in context using appropriate units, rates, and verbal meaning.","I can interpret $f$, $f'$, and $f''$ in context, attach correct units, and distinguish a quantity from its first and second rates of change.","AP Topics 4.1, 4.3",context_function_value,interpretation,,Unit 4 Assessment Plan + Course Framework; supplied AP Topic scoring guides consulted for authentic representation/rigor only (no question wording copied).,
U4-S1-PS2-L01,MATH,4,4.1,practice_set_2,practice,ps2_l01,last,2,"Synthesize derivative rules, higher-order notation, procedure selection, and early motion connections from Unit 3 Section 3.5.",Retrieve and apply the most recent prerequisite learning.,"AP Topics 4.1, 4.3",higher_order,expression,,Unit 4 Assessment Plan + Course Framework; supplied AP Topic scoring guides consulted for authentic representation/rigor only (no question wording copied).,
U4-S1-PS2-L02,MATH,4,4.1,practice_set_2,practice,ps2_l02,last,3,"Synthesize derivative rules, higher-order notation, procedure selection, and early motion connections from Unit 3 Section 3.5.",Retrieve and apply the most recent prerequisite learning.,"AP Topics 4.1, 4.3",strategy_selection,constructed_response,,Unit 4 Assessment Plan + Course Framework; supplied AP Topic scoring guides consulted for authentic representation/rigor only (no question wording copied).,
U4-S1-PS2-L03,MATH,4,4.1,practice_set_2,practice,ps2_l03,last,2,"Synthesize derivative rules, higher-order notation, procedure selection, and early motion connections from Unit 3 Section 3.5.",Retrieve and apply the most recent prerequisite learning.,"AP Topics 4.1, 4.3",motion_preview,numeric,,Unit 4 Assessment Plan + Course Framework; supplied AP Topic scoring guides consulted for authentic representation/rigor only (no question wording copied).,
U4-S1-PS2-L04,MATH,4,4.1,practice_set_2,practice,ps2_l04,last,2,"Synthesize derivative rules, higher-order notation, procedure selection, and early motion connections from Unit 3 Section 3.5.",Retrieve and apply the most recent prerequisite learning.,"AP Topics 4.1, 4.3",chain_rule,expression,,Unit 4 Assessment Plan + Course Framework; supplied AP Topic scoring guides consulted for authentic representation/rigor only (no question wording copied).,
U4-S1-PS2-L05,MATH,4,4.1,practice_set_2,practice,ps2_l05,last,2,"Synthesize derivative rules, higher-order notation, procedure selection, and early motion connections from Unit 3 Section 3.5.",Retrieve and apply the most recent prerequisite learning.,"AP Topics 4.1, 4.3",mixed_derivative,expression,,Unit 4 Assessment Plan + Course Framework; supplied AP Topic scoring guides consulted for authentic representation/rigor only (no question wording copied).,
U4-S1-PS2-M01,MATH,4,4.1,practice_set_2,practice,ps2_m01,mastery,2,Derivative notation and rules; graph/table interpretation; units and rate meaning; limit and continuity reasoning when relevant.,Retrieve durable prerequisite learning that supports derivative reasoning.,"AP Topics 4.1, 4.3",product_rule,expression,,Unit 4 Assessment Plan + Course Framework; supplied AP Topic scoring guides consulted for authentic representation/rigor only (no question wording copied).,
U4-S1-PS2-M02,MATH,4,4.1,practice_set_2,practice,ps2_m02,mastery,2,Derivative notation and rules; graph/table interpretation; units and rate meaning; limit and continuity reasoning when relevant.,Retrieve durable prerequisite learning that supports derivative reasoning.,"AP Topics 4.1, 4.3",quotient_rule,expression,,Unit 4 Assessment Plan + Course Framework; supplied AP Topic scoring guides consulted for authentic representation/rigor only (no question wording copied).,
U4-S1-PS2-M03,MATH,4,4.1,practice_set_2,practice,ps2_m03,mastery,2,Derivative notation and rules; graph/table interpretation; units and rate meaning; limit and continuity reasoning when relevant.,Retrieve durable prerequisite learning that supports derivative reasoning.,"AP Topics 4.1, 4.3",derivative_evaluation,numeric,,Unit 4 Assessment Plan + Course Framework; supplied AP Topic scoring guides consulted for authentic representation/rigor only (no question wording copied).,
U4-S1-PS2-M04,MATH,4,4.1,practice_set_2,practice,ps2_m04,mastery,1,Derivative notation and rules; graph/table interpretation; units and rate meaning; limit and continuity reasoning when relevant.,Retrieve durable prerequisite learning that supports derivative reasoning.,"AP Topics 4.1, 4.3",average_rate,numeric,,Unit 4 Assessment Plan + Course Framework; supplied AP Topic scoring guides consulted for authentic representation/rigor only (no question wording copied).,
U4-S1-PS2-M05,MATH,4,4.1,practice_set_2,practice,ps2_m05,mastery,2,Derivative notation and rules; graph/table interpretation; units and rate meaning; limit and continuity reasoning when relevant.,Retrieve durable prerequisite learning that supports derivative reasoning.,"AP Topics 4.1, 4.3",algebraic_limit,numeric,,Unit 4 Assessment Plan + Course Framework; supplied AP Topic scoring guides consulted for authentic representation/rigor only (no question wording copied).,
U4-S1-PS2-M06,MATH,4,4.1,practice_set_2,practice,ps2_m06,mastery,2,Derivative notation and rules; graph/table interpretation; units and rate meaning; limit and continuity reasoning when relevant.,Retrieve durable prerequisite learning that supports derivative reasoning.,"AP Topics 4.1, 4.3",table_derivative,numeric,,Unit 4 Assessment Plan + Course Framework; supplied AP Topic scoring guides consulted for authentic representation/rigor only (no question wording copied).,
U4-S1-PS2-M07,MATH,4,4.1,practice_set_2,practice,ps2_m07,mastery,1,Derivative notation and rules; graph/table interpretation; units and rate meaning; limit and continuity reasoning when relevant.,Retrieve durable prerequisite learning that supports derivative reasoning.,"AP Topics 4.1, 4.3",derivative_units,short_response,,Unit 4 Assessment Plan + Course Framework; supplied AP Topic scoring guides consulted for authentic representation/rigor only (no question wording copied).,
U4-S1-PS2-M08,MATH,4,4.1,practice_set_2,practice,ps2_m08,mastery,1,Derivative notation and rules; graph/table interpretation; units and rate meaning; limit and continuity reasoning when relevant.,Retrieve durable prerequisite learning that supports derivative reasoning.,"AP Topics 4.1, 4.3",continuity,short_response,,Unit 4 Assessment Plan + Course Framework; supplied AP Topic scoring guides consulted for authentic representation/rigor only (no question wording copied).,
U4-S1-PS2-M09,MATH,4,4.1,practice_set_2,practice,ps2_m09,mastery,2,Derivative notation and rules; graph/table interpretation; units and rate meaning; limit and continuity reasoning when relevant.,Retrieve durable prerequisite learning that supports derivative reasoning.,"AP Topics 4.1, 4.3",product_rule,expression,,Unit 4 Assessment Plan + Course Framework; supplied AP Topic scoring guides consulted for authentic representation/rigor only (no question wording copied).,
U4-S1-PS2-M10,MATH,4,4.1,practice_set_2,practice,ps2_m10,mastery,2,Derivative notation and rules; graph/table interpretation; units and rate meaning; limit and continuity reasoning when relevant.,Retrieve durable prerequisite learning that supports derivative reasoning.,"AP Topics 4.1, 4.3",quotient_rule,expression,,Unit 4 Assessment Plan + Course Framework; supplied AP Topic scoring guides consulted for authentic representation/rigor only (no question wording copied).,
U4-S1-PS3-C01,MATH,4,4.1,practice_set_3,practice,ps3_c01,current,1,"Interpret $f$, $f'$, and $f''$ in context using appropriate units, rates, and verbal meaning.","I can interpret $f$, $f'$, and $f''$ in context, attach correct units, and distinguish a quantity from its first and second rates of change.","AP Topics 4.1, 4.3",context_units,short_response,,Unit 4 Assessment Plan + Course Framework; supplied AP Topic scoring guides consulted for authentic representation/rigor only (no question wording copied).,Tarsia-friendly concise source.
U4-S1-PS3-C02,MATH,4,4.1,practice_set_3,practice,ps3_c02,current,1,"Interpret $f$, $f'$, and $f''$ in context using appropriate units, rates, and verbal meaning.","I can interpret $f$, $f'$, and $f''$ in context, attach correct units, and distinguish a quantity from its first and second rates of change.","AP Topics 4.1, 4.3",context_units,short_response,,Unit 4 Assessment Plan + Course Framework; supplied AP Topic scoring guides consulted for authentic representation/rigor only (no question wording copied).,Tarsia-friendly concise source.
U4-S1-PS3-C03,MATH,4,4.1,practice_set_3,practice,ps3_c03,current,1,"Interpret $f$, $f'$, and $f''$ in context using appropriate units, rates, and verbal meaning.","I can interpret $f$, $f'$, and $f''$ in context, attach correct units, and distinguish a quantity from its first and second rates of change.","AP Topics 4.1, 4.3",context_units,short_response,,Unit 4 Assessment Plan + Course Framework; supplied AP Topic scoring guides consulted for authentic representation/rigor only (no question wording copied).,Tarsia-friendly concise source.
U4-S1-PS3-C04,MATH,4,4.1,practice_set_3,practice,ps3_c04,current,1,"Interpret $f$, $f'$, and $f''$ in context using appropriate units, rates, and verbal meaning.","I can interpret $f$, $f'$, and $f''$ in context, attach correct units, and distinguish a quantity from its first and second rates of change.","AP Topics 4.1, 4.3",context_first_derivative,interpretation,,Unit 4 Assessment Plan + Course Framework; supplied AP Topic scoring guides consulted for authentic representation/rigor only (no question wording copied).,Tarsia-friendly concise source.
U4-S1-PS3-C05,MATH,4,4.1,practice_set_3,practice,ps3_c05,current,1,"Interpret $f$, $f'$, and $f''$ in context using appropriate units, rates, and verbal meaning.","I can interpret $f$, $f'$, and $f''$ in context, attach correct units, and distinguish a quantity from its first and second rates of change.","AP Topics 4.1, 4.3",context_first_derivative,interpretation,,Unit 4 Assessment Plan + Course Framework; supplied AP Topic scoring guides consulted for authentic representation/rigor only (no question wording copied).,Tarsia-friendly concise source.
U4-S1-PS3-L01,MATH,4,4.1,practice_set_3,practice,ps3_l01,last,2,"Synthesize derivative rules, higher-order notation, procedure selection, and early motion connections from Unit 3 Section 3.5.",Retrieve and apply the most recent prerequisite learning.,"AP Topics 4.1, 4.3",implicit_derivative,expression,,Unit 4 Assessment Plan + Course Framework; supplied AP Topic scoring guides consulted for authentic representation/rigor only (no question wording copied).,Tarsia-friendly concise source.
U4-S1-PS3-L02,MATH,4,4.1,practice_set_3,practice,ps3_l02,last,2,"Synthesize derivative rules, higher-order notation, procedure selection, and early motion connections from Unit 3 Section 3.5.",Retrieve and apply the most recent prerequisite learning.,"AP Topics 4.1, 4.3",higher_order,expression,,Unit 4 Assessment Plan + Course Framework; supplied AP Topic scoring guides consulted for authentic representation/rigor only (no question wording copied).,Tarsia-friendly concise source.
U4-S1-PS3-L03,MATH,4,4.1,practice_set_3,practice,ps3_l03,last,2,"Synthesize derivative rules, higher-order notation, procedure selection, and early motion connections from Unit 3 Section 3.5.",Retrieve and apply the most recent prerequisite learning.,"AP Topics 4.1, 4.3",inverse_derivative,numeric,,Unit 4 Assessment Plan + Course Framework; supplied AP Topic scoring guides consulted for authentic representation/rigor only (no question wording copied).,Tarsia-friendly concise source.
U4-S1-PS3-L04,MATH,4,4.1,practice_set_3,practice,ps3_l04,last,2,"Synthesize derivative rules, higher-order notation, procedure selection, and early motion connections from Unit 3 Section 3.5.",Retrieve and apply the most recent prerequisite learning.,"AP Topics 4.1, 4.3",chain_rule,expression,,Unit 4 Assessment Plan + Course Framework; supplied AP Topic scoring guides consulted for authentic representation/rigor only (no question wording copied).,Tarsia-friendly concise source.
U4-S1-PS3-L05,MATH,4,4.1,practice_set_3,practice,ps3_l05,last,2,"Synthesize derivative rules, higher-order notation, procedure selection, and early motion connections from Unit 3 Section 3.5.",Retrieve and apply the most recent prerequisite learning.,"AP Topics 4.1, 4.3",implicit_derivative,expression,,Unit 4 Assessment Plan + Course Framework; supplied AP Topic scoring guides consulted for authentic representation/rigor only (no question wording copied).,Tarsia-friendly concise source.
U4-S1-PS3-M01,MATH,4,4.1,practice_set_3,practice,ps3_m01,mastery,2,Derivative notation and rules; graph/table interpretation; units and rate meaning; limit and continuity reasoning when relevant.,Retrieve durable prerequisite learning that supports derivative reasoning.,"AP Topics 4.1, 4.3",derivative_evaluation,numeric,,Unit 4 Assessment Plan + Course Framework; supplied AP Topic scoring guides consulted for authentic representation/rigor only (no question wording copied).,Tarsia-friendly concise source.
U4-S1-PS3-M02,MATH,4,4.1,practice_set_3,practice,ps3_m02,mastery,2,Derivative notation and rules; graph/table interpretation; units and rate meaning; limit and continuity reasoning when relevant.,Retrieve durable prerequisite learning that supports derivative reasoning.,"AP Topics 4.1, 4.3",algebraic_limit,numeric,,Unit 4 Assessment Plan + Course Framework; supplied AP Topic scoring guides consulted for authentic representation/rigor only (no question wording copied).,Tarsia-friendly concise source.
U4-S1-PS3-M03,MATH,4,4.1,practice_set_3,practice,ps3_m03,mastery,1,Derivative notation and rules; graph/table interpretation; units and rate meaning; limit and continuity reasoning when relevant.,Retrieve durable prerequisite learning that supports derivative reasoning.,"AP Topics 4.1, 4.3",derivative_units,short_response,,Unit 4 Assessment Plan + Course Framework; supplied AP Topic scoring guides consulted for authentic representation/rigor only (no question wording copied).,Tarsia-friendly concise source.
U4-S1-PS3-M04,MATH,4,4.1,practice_set_3,practice,ps3_m04,mastery,2,Derivative notation and rules; graph/table interpretation; units and rate meaning; limit and continuity reasoning when relevant.,Retrieve durable prerequisite learning that supports derivative reasoning.,"AP Topics 4.1, 4.3",average_rate,numeric,,Unit 4 Assessment Plan + Course Framework; supplied AP Topic scoring guides consulted for authentic representation/rigor only (no question wording copied).,Tarsia-friendly concise source.
U4-S1-PS3-M05,MATH,4,4.1,practice_set_3,practice,ps3_m05,mastery,2,Derivative notation and rules; graph/table interpretation; units and rate meaning; limit and continuity reasoning when relevant.,Retrieve durable prerequisite learning that supports derivative reasoning.,"AP Topics 4.1, 4.3",product_rule,expression,,Unit 4 Assessment Plan + Course Framework; supplied AP Topic scoring guides consulted for authentic representation/rigor only (no question wording copied).,Tarsia-friendly concise source.
U4-S1-PS3-M06,MATH,4,4.1,practice_set_3,practice,ps3_m06,mastery,2,Derivative notation and rules; graph/table interpretation; units and rate meaning; limit and continuity reasoning when relevant.,Retrieve durable prerequisite learning that supports derivative reasoning.,"AP Topics 4.1, 4.3",derivative_evaluation,numeric,,Unit 4 Assessment Plan + Course Framework; supplied AP Topic scoring guides consulted for authentic representation/rigor only (no question wording copied).,Tarsia-friendly concise source.
U4-S1-PS3-M07,MATH,4,4.1,practice_set_3,practice,ps3_m07,mastery,2,Derivative notation and rules; graph/table interpretation; units and rate meaning; limit and continuity reasoning when relevant.,Retrieve durable prerequisite learning that supports derivative reasoning.,"AP Topics 4.1, 4.3",algebraic_limit,numeric,,Unit 4 Assessment Plan + Course Framework; supplied AP Topic scoring guides consulted for authentic representation/rigor only (no question wording copied).,Tarsia-friendly concise source.
U4-S1-PS3-M08,MATH,4,4.1,practice_set_3,practice,ps3_m08,mastery,1,Derivative notation and rules; graph/table interpretation; units and rate meaning; limit and continuity reasoning when relevant.,Retrieve durable prerequisite learning that supports derivative reasoning.,"AP Topics 4.1, 4.3",derivative_units,short_response,,Unit 4 Assessment Plan + Course Framework; supplied AP Topic scoring guides consulted for authentic representation/rigor only (no question wording copied).,Tarsia-friendly concise source.
U4-S1-PS3-M09,MATH,4,4.1,practice_set_3,practice,ps3_m09,mastery,2,Derivative notation and rules; graph/table interpretation; units and rate meaning; limit and continuity reasoning when relevant.,Retrieve durable prerequisite learning that supports derivative reasoning.,"AP Topics 4.1, 4.3",average_rate,numeric,,Unit 4 Assessment Plan + Course Framework; supplied AP Topic scoring guides consulted for authentic representation/rigor only (no question wording copied).,Tarsia-friendly concise source.
U4-S1-PS3-M10,MATH,4,4.1,practice_set_3,practice,ps3_m10,mastery,2,Derivative notation and rules; graph/table interpretation; units and rate meaning; limit and continuity reasoning when relevant.,Retrieve durable prerequisite learning that supports derivative reasoning.,"AP Topics 4.1, 4.3",product_rule,expression,,Unit 4 Assessment Plan + Course Framework; supplied AP Topic scoring guides consulted for authentic representation/rigor only (no question wording copied).,Tarsia-friendly concise source.
U4-S1-XP-C01,MATH,4,4.1,extra_practice,practice,xp_c01,current,3,"Interpret $f$, $f'$, and $f''$ in context using appropriate units, rates, and verbal meaning.","I can interpret $f$, $f'$, and $f''$ in context, attach correct units, and distinguish a quantity from its first and second rates of change.","AP Topics 4.1, 4.3",context_claim_critique,constructed_response,,Unit 4 Assessment Plan + Course Framework; supplied AP Topic scoring guides consulted for authentic representation/rigor only (no question wording copied).,
U4-S1-XP-C02,MATH,4,4.1,extra_practice,practice,xp_c02,current,1,"Interpret $f$, $f'$, and $f''$ in context using appropriate units, rates, and verbal meaning.","I can interpret $f$, $f'$, and $f''$ in context, attach correct units, and distinguish a quantity from its first and second rates of change.","AP Topics 4.1, 4.3",context_units,short_response,,Unit 4 Assessment Plan + Course Framework; supplied AP Topic scoring guides consulted for authentic representation/rigor only (no question wording copied).,
U4-S1-XP-C03,MATH,4,4.1,extra_practice,practice,xp_c03,current,2,"Interpret $f$, $f'$, and $f''$ in context using appropriate units, rates, and verbal meaning.","I can interpret $f$, $f'$, and $f''$ in context, attach correct units, and distinguish a quantity from its first and second rates of change.","AP Topics 4.1, 4.3",context_table_sign,interpretation,,Unit 4 Assessment Plan + Course Framework; supplied AP Topic scoring guides consulted for authentic representation/rigor only (no question wording copied).,
U4-S1-XP-C04,MATH,4,4.1,extra_practice,practice,xp_c04,current,2,"Interpret $f$, $f'$, and $f''$ in context using appropriate units, rates, and verbal meaning.","I can interpret $f$, $f'$, and $f''$ in context, attach correct units, and distinguish a quantity from its first and second rates of change.","AP Topics 4.1, 4.3",context_synthesis,constructed_response,,Unit 4 Assessment Plan + Course Framework; supplied AP Topic scoring guides consulted for authentic representation/rigor only (no question wording copied).,
U4-S1-XP-C05,MATH,4,4.1,extra_practice,practice,xp_c05,current,1,"Interpret $f$, $f'$, and $f''$ in context using appropriate units, rates, and verbal meaning.","I can interpret $f$, $f'$, and $f''$ in context, attach correct units, and distinguish a quantity from its first and second rates of change.","AP Topics 4.1, 4.3",context_function_value,interpretation,,Unit 4 Assessment Plan + Course Framework; supplied AP Topic scoring guides consulted for authentic representation/rigor only (no question wording copied).,
U4-S1-XP-L01,MATH,4,4.1,extra_practice,practice,xp_l01,last,2,"Synthesize derivative rules, higher-order notation, procedure selection, and early motion connections from Unit 3 Section 3.5.",Retrieve and apply the most recent prerequisite learning.,"AP Topics 4.1, 4.3",implicit_derivative,expression,,Unit 4 Assessment Plan + Course Framework; supplied AP Topic scoring guides consulted for authentic representation/rigor only (no question wording copied).,
U4-S1-XP-L02,MATH,4,4.1,extra_practice,practice,xp_l02,last,2,"Synthesize derivative rules, higher-order notation, procedure selection, and early motion connections from Unit 3 Section 3.5.",Retrieve and apply the most recent prerequisite learning.,"AP Topics 4.1, 4.3",inverse_derivative,numeric,,Unit 4 Assessment Plan + Course Framework; supplied AP Topic scoring guides consulted for authentic representation/rigor only (no question wording copied).,
U4-S1-XP-L03,MATH,4,4.1,extra_practice,practice,xp_l03,last,2,"Synthesize derivative rules, higher-order notation, procedure selection, and early motion connections from Unit 3 Section 3.5.",Retrieve and apply the most recent prerequisite learning.,"AP Topics 4.1, 4.3",higher_order,expression,,Unit 4 Assessment Plan + Course Framework; supplied AP Topic scoring guides consulted for authentic representation/rigor only (no question wording copied).,
U4-S1-XP-L04,MATH,4,4.1,extra_practice,practice,xp_l04,last,3,"Synthesize derivative rules, higher-order notation, procedure selection, and early motion connections from Unit 3 Section 3.5.",Retrieve and apply the most recent prerequisite learning.,"AP Topics 4.1, 4.3",strategy_selection,constructed_response,,Unit 4 Assessment Plan + Course Framework; supplied AP Topic scoring guides consulted for authentic representation/rigor only (no question wording copied).,
U4-S1-XP-L05,MATH,4,4.1,extra_practice,practice,xp_l05,last,2,"Synthesize derivative rules, higher-order notation, procedure selection, and early motion connections from Unit 3 Section 3.5.",Retrieve and apply the most recent prerequisite learning.,"AP Topics 4.1, 4.3",motion_preview,numeric,,Unit 4 Assessment Plan + Course Framework; supplied AP Topic scoring guides consulted for authentic representation/rigor only (no question wording copied).,
U4-S1-XP-M01,MATH,4,4.1,extra_practice,practice,xp_m01,mastery,2,Derivative notation and rules; graph/table interpretation; units and rate meaning; limit and continuity reasoning when relevant.,Retrieve durable prerequisite learning that supports derivative reasoning.,"AP Topics 4.1, 4.3",product_rule,expression,,Unit 4 Assessment Plan + Course Framework; supplied AP Topic scoring guides consulted for authentic representation/rigor only (no question wording copied).,
U4-S1-XP-M02,MATH,4,4.1,extra_practice,practice,xp_m02,mastery,2,Derivative notation and rules; graph/table interpretation; units and rate meaning; limit and continuity reasoning when relevant.,Retrieve durable prerequisite learning that supports derivative reasoning.,"AP Topics 4.1, 4.3",quotient_rule,expression,,Unit 4 Assessment Plan + Course Framework; supplied AP Topic scoring guides consulted for authentic representation/rigor only (no question wording copied).,
U4-S1-XP-M03,MATH,4,4.1,extra_practice,practice,xp_m03,mastery,2,Derivative notation and rules; graph/table interpretation; units and rate meaning; limit and continuity reasoning when relevant.,Retrieve durable prerequisite learning that supports derivative reasoning.,"AP Topics 4.1, 4.3",derivative_evaluation,numeric,,Unit 4 Assessment Plan + Course Framework; supplied AP Topic scoring guides consulted for authentic representation/rigor only (no question wording copied).,
U4-S1-XP-M04,MATH,4,4.1,extra_practice,practice,xp_m04,mastery,1,Derivative notation and rules; graph/table interpretation; units and rate meaning; limit and continuity reasoning when relevant.,Retrieve durable prerequisite learning that supports derivative reasoning.,"AP Topics 4.1, 4.3",average_rate,numeric,,Unit 4 Assessment Plan + Course Framework; supplied AP Topic scoring guides consulted for authentic representation/rigor only (no question wording copied).,
U4-S1-XP-M05,MATH,4,4.1,extra_practice,practice,xp_m05,mastery,2,Derivative notation and rules; graph/table interpretation; units and rate meaning; limit and continuity reasoning when relevant.,Retrieve durable prerequisite learning that supports derivative reasoning.,"AP Topics 4.1, 4.3",algebraic_limit,numeric,,Unit 4 Assessment Plan + Course Framework; supplied AP Topic scoring guides consulted for authentic representation/rigor only (no question wording copied).,
U4-S1-XP-M06,MATH,4,4.1,extra_practice,practice,xp_m06,mastery,2,Derivative notation and rules; graph/table interpretation; units and rate meaning; limit and continuity reasoning when relevant.,Retrieve durable prerequisite learning that supports derivative reasoning.,"AP Topics 4.1, 4.3",table_derivative,numeric,,Unit 4 Assessment Plan + Course Framework; supplied AP Topic scoring guides consulted for authentic representation/rigor only (no question wording copied).,
U4-S1-XP-M07,MATH,4,4.1,extra_practice,practice,xp_m07,mastery,1,Derivative notation and rules; graph/table interpretation; units and rate meaning; limit and continuity reasoning when relevant.,Retrieve durable prerequisite learning that supports derivative reasoning.,"AP Topics 4.1, 4.3",derivative_units,short_response,,Unit 4 Assessment Plan + Course Framework; supplied AP Topic scoring guides consulted for authentic representation/rigor only (no question wording copied).,
U4-S1-XP-M08,MATH,4,4.1,extra_practice,practice,xp_m08,mastery,1,Derivative notation and rules; graph/table interpretation; units and rate meaning; limit and continuity reasoning when relevant.,Retrieve durable prerequisite learning that supports derivative reasoning.,"AP Topics 4.1, 4.3",continuity,short_response,,Unit 4 Assessment Plan + Course Framework; supplied AP Topic scoring guides consulted for authentic representation/rigor only (no question wording copied).,
U4-S1-XP-M09,MATH,4,4.1,extra_practice,practice,xp_m09,mastery,2,Derivative notation and rules; graph/table interpretation; units and rate meaning; limit and continuity reasoning when relevant.,Retrieve durable prerequisite learning that supports derivative reasoning.,"AP Topics 4.1, 4.3",product_rule,expression,,Unit 4 Assessment Plan + Course Framework; supplied AP Topic scoring guides consulted for authentic representation/rigor only (no question wording copied).,
U4-S1-XP-M10,MATH,4,4.1,extra_practice,practice,xp_m10,mastery,2,Derivative notation and rules; graph/table interpretation; units and rate meaning; limit and continuity reasoning when relevant.,Retrieve durable prerequisite learning that supports derivative reasoning.,"AP Topics 4.1, 4.3",quotient_rule,expression,,Unit 4 Assessment Plan + Course Framework; supplied AP Topic scoring guides consulted for authentic representation/rigor only (no question wording copied).,
U4-S2-PS1-C01,MATH,4,4.2,practice_set_1,practice,ps1_c01,current,2,"Analyze position, velocity, acceleration, speed, and sign relationships from equations, graphs, tables, and calculator-supported representations.","I can connect position, velocity, acceleration, speed, direction, and speeding-up/slowing-down behavior using derivative values and signs.",AP Topic 4.2,motion_velocity,numeric,,Unit 4 Assessment Plan + Course Framework; supplied AP Topic scoring guides consulted for authentic representation/rigor only (no question wording copied).,
U4-S2-PS1-C02,MATH,4,4.2,practice_set_1,practice,ps1_c02,current,2,"Analyze position, velocity, acceleration, speed, and sign relationships from equations, graphs, tables, and calculator-supported representations.","I can connect position, velocity, acceleration, speed, direction, and speeding-up/slowing-down behavior using derivative values and signs.",AP Topic 4.2,motion_acceleration,numeric,,Unit 4 Assessment Plan + Course Framework; supplied AP Topic scoring guides consulted for authentic representation/rigor only (no question wording copied).,
U4-S2-PS1-C03,MATH,4,4.2,practice_set_1,practice,ps1_c03,current,1,"Analyze position, velocity, acceleration, speed, and sign relationships from equations, graphs, tables, and calculator-supported representations.","I can connect position, velocity, acceleration, speed, direction, and speeding-up/slowing-down behavior using derivative values and signs.",AP Topic 4.2,motion_speed_direction,short_response,,Unit 4 Assessment Plan + Course Framework; supplied AP Topic scoring guides consulted for authentic representation/rigor only (no question wording copied).,
U4-S2-PS1-C04,MATH,4,4.2,practice_set_1,practice,ps1_c04,current,2,"Analyze position, velocity, acceleration, speed, and sign relationships from equations, graphs, tables, and calculator-supported representations.","I can connect position, velocity, acceleration, speed, direction, and speeding-up/slowing-down behavior using derivative values and signs.",AP Topic 4.2,motion_sign_analysis,interpretation,,Unit 4 Assessment Plan + Course Framework; supplied AP Topic scoring guides consulted for authentic representation/rigor only (no question wording copied).,
U4-S2-PS1-C05,MATH,4,4.2,practice_set_1,practice,ps1_c05,current,2,"Analyze position, velocity, acceleration, speed, and sign relationships from equations, graphs, tables, and calculator-supported representations.","I can connect position, velocity, acceleration, speed, direction, and speeding-up/slowing-down behavior using derivative values and signs.",AP Topic 4.2,motion_table_acceleration,numeric,,Unit 4 Assessment Plan + Course Framework; supplied AP Topic scoring guides consulted for authentic representation/rigor only (no question wording copied).,
U4-S2-PS1-L01,MATH,4,4.2,practice_set_1,practice,ps1_l01,last,1,"Interpret $f$, $f'$, and $f''$ in context using appropriate units, rates, and verbal meaning.",Retrieve and apply the most recent prerequisite learning.,AP Topic 4.2,context_units,short_response,,Unit 4 Assessment Plan + Course Framework; supplied AP Topic scoring guides consulted for authentic representation/rigor only (no question wording copied).,
U4-S2-PS1-L02,MATH,4,4.2,practice_set_1,practice,ps1_l02,last,2,"Interpret $f$, $f'$, and $f''$ in context using appropriate units, rates, and verbal meaning.",Retrieve and apply the most recent prerequisite learning.,AP Topic 4.2,context_table_sign,interpretation,,Unit 4 Assessment Plan + Course Framework; supplied AP Topic scoring guides consulted for authentic representation/rigor only (no question wording copied).,
U4-S2-PS1-L03,MATH,4,4.2,practice_set_1,practice,ps1_l03,last,2,"Interpret $f$, $f'$, and $f''$ in context using appropriate units, rates, and verbal meaning.",Retrieve and apply the most recent prerequisite learning.,AP Topic 4.2,context_synthesis,constructed_response,,Unit 4 Assessment Plan + Course Framework; supplied AP Topic scoring guides consulted for authentic representation/rigor only (no question wording copied).,
U4-S2-PS1-L04,MATH,4,4.2,practice_set_1,practice,ps1_l04,last,1,"Interpret $f$, $f'$, and $f''$ in context using appropriate units, rates, and verbal meaning.",Retrieve and apply the most recent prerequisite learning.,AP Topic 4.2,context_function_value,interpretation,,Unit 4 Assessment Plan + Course Framework; supplied AP Topic scoring guides consulted for authentic representation/rigor only (no question wording copied).,
U4-S2-PS1-L05,MATH,4,4.2,practice_set_1,practice,ps1_l05,last,1,"Interpret $f$, $f'$, and $f''$ in context using appropriate units, rates, and verbal meaning.",Retrieve and apply the most recent prerequisite learning.,AP Topic 4.2,context_first_derivative,interpretation,,Unit 4 Assessment Plan + Course Framework; supplied AP Topic scoring guides consulted for authentic representation/rigor only (no question wording copied).,
U4-S2-PS1-M01,MATH,4,4.2,practice_set_1,practice,ps1_m01,mastery,2,Derivative notation and rules; graph/table interpretation; units and rate meaning; limit and continuity reasoning when relevant.,Retrieve durable prerequisite learning that supports derivative reasoning.,AP Topic 4.2,algebraic_limit,numeric,,Unit 4 Assessment Plan + Course Framework; supplied AP Topic scoring guides consulted for authentic representation/rigor only (no question wording copied).,
U4-S2-PS1-M02,MATH,4,4.2,practice_set_1,practice,ps1_m02,mastery,2,Derivative notation and rules; graph/table interpretation; units and rate meaning; limit and continuity reasoning when relevant.,Retrieve durable prerequisite learning that supports derivative reasoning.,AP Topic 4.2,table_derivative,numeric,,Unit 4 Assessment Plan + Course Framework; supplied AP Topic scoring guides consulted for authentic representation/rigor only (no question wording copied).,
U4-S2-PS1-M03,MATH,4,4.2,practice_set_1,practice,ps1_m03,mastery,1,Derivative notation and rules; graph/table interpretation; units and rate meaning; limit and continuity reasoning when relevant.,Retrieve durable prerequisite learning that supports derivative reasoning.,AP Topic 4.2,derivative_units,short_response,,Unit 4 Assessment Plan + Course Framework; supplied AP Topic scoring guides consulted for authentic representation/rigor only (no question wording copied).,
U4-S2-PS1-M04,MATH,4,4.2,practice_set_1,practice,ps1_m04,mastery,1,Derivative notation and rules; graph/table interpretation; units and rate meaning; limit and continuity reasoning when relevant.,Retrieve durable prerequisite learning that supports derivative reasoning.,AP Topic 4.2,continuity,short_response,,Unit 4 Assessment Plan + Course Framework; supplied AP Topic scoring guides consulted for authentic representation/rigor only (no question wording copied).,
U4-S2-PS1-M05,MATH,4,4.2,practice_set_1,practice,ps1_m05,mastery,2,Derivative notation and rules; graph/table interpretation; units and rate meaning; limit and continuity reasoning when relevant.,Retrieve durable prerequisite learning that supports derivative reasoning.,AP Topic 4.2,product_rule,expression,,Unit 4 Assessment Plan + Course Framework; supplied AP Topic scoring guides consulted for authentic representation/rigor only (no question wording copied).,
U4-S2-PS1-M06,MATH,4,4.2,practice_set_1,practice,ps1_m06,mastery,2,Derivative notation and rules; graph/table interpretation; units and rate meaning; limit and continuity reasoning when relevant.,Retrieve durable prerequisite learning that supports derivative reasoning.,AP Topic 4.2,quotient_rule,expression,,Unit 4 Assessment Plan + Course Framework; supplied AP Topic scoring guides consulted for authentic representation/rigor only (no question wording copied).,
U4-S2-PS1-M07,MATH,4,4.2,practice_set_1,practice,ps1_m07,mastery,2,Derivative notation and rules; graph/table interpretation; units and rate meaning; limit and continuity reasoning when relevant.,Retrieve durable prerequisite learning that supports derivative reasoning.,AP Topic 4.2,derivative_evaluation,numeric,,Unit 4 Assessment Plan + Course Framework; supplied AP Topic scoring guides consulted for authentic representation/rigor only (no question wording copied).,
U4-S2-PS1-M08,MATH,4,4.2,practice_set_1,practice,ps1_m08,mastery,1,Derivative notation and rules; graph/table interpretation; units and rate meaning; limit and continuity reasoning when relevant.,Retrieve durable prerequisite learning that supports derivative reasoning.,AP Topic 4.2,average_rate,numeric,,Unit 4 Assessment Plan + Course Framework; supplied AP Topic scoring guides consulted for authentic representation/rigor only (no question wording copied).,
U4-S2-PS1-M09,MATH,4,4.2,practice_set_1,practice,ps1_m09,mastery,2,Derivative notation and rules; graph/table interpretation; units and rate meaning; limit and continuity reasoning when relevant.,Retrieve durable prerequisite learning that supports derivative reasoning.,AP Topic 4.2,algebraic_limit,numeric,,Unit 4 Assessment Plan + Course Framework; supplied AP Topic scoring guides consulted for authentic representation/rigor only (no question wording copied).,
U4-S2-PS1-M10,MATH,4,4.2,practice_set_1,practice,ps1_m10,mastery,2,Derivative notation and rules; graph/table interpretation; units and rate meaning; limit and continuity reasoning when relevant.,Retrieve durable prerequisite learning that supports derivative reasoning.,AP Topic 4.2,table_derivative,numeric,,Unit 4 Assessment Plan + Course Framework; supplied AP Topic scoring guides consulted for authentic representation/rigor only (no question wording copied).,
U4-S2-PS2-C01,MATH,4,4.2,practice_set_2,practice,ps2_c01,current,2,"Analyze position, velocity, acceleration, speed, and sign relationships from equations, graphs, tables, and calculator-supported representations.","I can connect position, velocity, acceleration, speed, direction, and speeding-up/slowing-down behavior using derivative values and signs.",AP Topic 4.2,motion_table_acceleration,numeric,,Unit 4 Assessment Plan + Course Framework; supplied AP Topic scoring guides consulted for authentic representation/rigor only (no question wording copied).,
U4-S2-PS2-C02,MATH,4,4.2,practice_set_2,practice,ps2_c02,current,2,"Analyze position, velocity, acceleration, speed, and sign relationships from equations, graphs, tables, and calculator-supported representations.","I can connect position, velocity, acceleration, speed, direction, and speeding-up/slowing-down behavior using derivative values and signs.",AP Topic 4.2,motion_graph_direction,constructed_response,u4_s2_ps2_c02_velocity_graph.png,Unit 4 Assessment Plan + Course Framework; supplied AP Topic scoring guides consulted for authentic representation/rigor only (no question wording copied).,
U4-S2-PS2-C03,MATH,4,4.2,practice_set_2,practice,ps2_c03,current,2,"Analyze position, velocity, acceleration, speed, and sign relationships from equations, graphs, tables, and calculator-supported representations.","I can connect position, velocity, acceleration, speed, direction, and speeding-up/slowing-down behavior using derivative values and signs.",AP Topic 4.2,motion_graph_connection,constructed_response,u4_s2_ps2_c03_position_graph.png,Unit 4 Assessment Plan + Course Framework; supplied AP Topic scoring guides consulted for authentic representation/rigor only (no question wording copied).,
U4-S2-PS2-C04,MATH,4,4.2,practice_set_2,practice,ps2_c04,current,3,"Analyze position, velocity, acceleration, speed, and sign relationships from equations, graphs, tables, and calculator-supported representations.","I can connect position, velocity, acceleration, speed, direction, and speeding-up/slowing-down behavior using derivative values and signs.",AP Topic 4.2,motion_claim_critique,constructed_response,,Unit 4 Assessment Plan + Course Framework; supplied AP Topic scoring guides consulted for authentic representation/rigor only (no question wording copied).,
U4-S2-PS2-C05,MATH,4,4.2,practice_set_2,practice,ps2_c05,current,2,"Analyze position, velocity, acceleration, speed, and sign relationships from equations, graphs, tables, and calculator-supported representations.","I can connect position, velocity, acceleration, speed, direction, and speeding-up/slowing-down behavior using derivative values and signs.",AP Topic 4.2,motion_velocity,numeric,,Unit 4 Assessment Plan + Course Framework; supplied AP Topic scoring guides consulted for authentic representation/rigor only (no question wording copied).,
U4-S2-PS2-L01,MATH,4,4.2,practice_set_2,practice,ps2_l01,last,1,"Interpret $f$, $f'$, and $f''$ in context using appropriate units, rates, and verbal meaning.",Retrieve and apply the most recent prerequisite learning.,AP Topic 4.2,context_first_derivative,interpretation,,Unit 4 Assessment Plan + Course Framework; supplied AP Topic scoring guides consulted for authentic representation/rigor only (no question wording copied).,
U4-S2-PS2-L02,MATH,4,4.2,practice_set_2,practice,ps2_l02,last,2,"Interpret $f$, $f'$, and $f''$ in context using appropriate units, rates, and verbal meaning.",Retrieve and apply the most recent prerequisite learning.,AP Topic 4.2,context_second_derivative,interpretation,,Unit 4 Assessment Plan + Course Framework; supplied AP Topic scoring guides consulted for authentic representation/rigor only (no question wording copied).,
U4-S2-PS2-L03,MATH,4,4.2,practice_set_2,practice,ps2_l03,last,2,"Interpret $f$, $f'$, and $f''$ in context using appropriate units, rates, and verbal meaning.",Retrieve and apply the most recent prerequisite learning.,AP Topic 4.2,context_compare_orders,constructed_response,,Unit 4 Assessment Plan + Course Framework; supplied AP Topic scoring guides consulted for authentic representation/rigor only (no question wording copied).,
U4-S2-PS2-L04,MATH,4,4.2,practice_set_2,practice,ps2_l04,last,3,"Interpret $f$, $f'$, and $f''$ in context using appropriate units, rates, and verbal meaning.",Retrieve and apply the most recent prerequisite learning.,AP Topic 4.2,context_claim_critique,constructed_response,,Unit 4 Assessment Plan + Course Framework; supplied AP Topic scoring guides consulted for authentic representation/rigor only (no question wording copied).,
U4-S2-PS2-L05,MATH,4,4.2,practice_set_2,practice,ps2_l05,last,1,"Interpret $f$, $f'$, and $f''$ in context using appropriate units, rates, and verbal meaning.",Retrieve and apply the most recent prerequisite learning.,AP Topic 4.2,context_units,short_response,,Unit 4 Assessment Plan + Course Framework; supplied AP Topic scoring guides consulted for authentic representation/rigor only (no question wording copied).,
U4-S2-PS2-M01,MATH,4,4.2,practice_set_2,practice,ps2_m01,mastery,2,Derivative notation and rules; graph/table interpretation; units and rate meaning; limit and continuity reasoning when relevant.,Retrieve durable prerequisite learning that supports derivative reasoning.,AP Topic 4.2,product_rule,expression,,Unit 4 Assessment Plan + Course Framework; supplied AP Topic scoring guides consulted for authentic representation/rigor only (no question wording copied).,
U4-S2-PS2-M02,MATH,4,4.2,practice_set_2,practice,ps2_m02,mastery,2,Derivative notation and rules; graph/table interpretation; units and rate meaning; limit and continuity reasoning when relevant.,Retrieve durable prerequisite learning that supports derivative reasoning.,AP Topic 4.2,quotient_rule,expression,,Unit 4 Assessment Plan + Course Framework; supplied AP Topic scoring guides consulted for authentic representation/rigor only (no question wording copied).,
U4-S2-PS2-M03,MATH,4,4.2,practice_set_2,practice,ps2_m03,mastery,2,Derivative notation and rules; graph/table interpretation; units and rate meaning; limit and continuity reasoning when relevant.,Retrieve durable prerequisite learning that supports derivative reasoning.,AP Topic 4.2,derivative_evaluation,numeric,,Unit 4 Assessment Plan + Course Framework; supplied AP Topic scoring guides consulted for authentic representation/rigor only (no question wording copied).,
U4-S2-PS2-M04,MATH,4,4.2,practice_set_2,practice,ps2_m04,mastery,1,Derivative notation and rules; graph/table interpretation; units and rate meaning; limit and continuity reasoning when relevant.,Retrieve durable prerequisite learning that supports derivative reasoning.,AP Topic 4.2,average_rate,numeric,,Unit 4 Assessment Plan + Course Framework; supplied AP Topic scoring guides consulted for authentic representation/rigor only (no question wording copied).,
U4-S2-PS2-M05,MATH,4,4.2,practice_set_2,practice,ps2_m05,mastery,2,Derivative notation and rules; graph/table interpretation; units and rate meaning; limit and continuity reasoning when relevant.,Retrieve durable prerequisite learning that supports derivative reasoning.,AP Topic 4.2,algebraic_limit,numeric,,Unit 4 Assessment Plan + Course Framework; supplied AP Topic scoring guides consulted for authentic representation/rigor only (no question wording copied).,
U4-S2-PS2-M06,MATH,4,4.2,practice_set_2,practice,ps2_m06,mastery,2,Derivative notation and rules; graph/table interpretation; units and rate meaning; limit and continuity reasoning when relevant.,Retrieve durable prerequisite learning that supports derivative reasoning.,AP Topic 4.2,table_derivative,numeric,,Unit 4 Assessment Plan + Course Framework; supplied AP Topic scoring guides consulted for authentic representation/rigor only (no question wording copied).,
U4-S2-PS2-M07,MATH,4,4.2,practice_set_2,practice,ps2_m07,mastery,1,Derivative notation and rules; graph/table interpretation; units and rate meaning; limit and continuity reasoning when relevant.,Retrieve durable prerequisite learning that supports derivative reasoning.,AP Topic 4.2,derivative_units,short_response,,Unit 4 Assessment Plan + Course Framework; supplied AP Topic scoring guides consulted for authentic representation/rigor only (no question wording copied).,
U4-S2-PS2-M08,MATH,4,4.2,practice_set_2,practice,ps2_m08,mastery,1,Derivative notation and rules; graph/table interpretation; units and rate meaning; limit and continuity reasoning when relevant.,Retrieve durable prerequisite learning that supports derivative reasoning.,AP Topic 4.2,continuity,short_response,,Unit 4 Assessment Plan + Course Framework; supplied AP Topic scoring guides consulted for authentic representation/rigor only (no question wording copied).,
U4-S2-PS2-M09,MATH,4,4.2,practice_set_2,practice,ps2_m09,mastery,2,Derivative notation and rules; graph/table interpretation; units and rate meaning; limit and continuity reasoning when relevant.,Retrieve durable prerequisite learning that supports derivative reasoning.,AP Topic 4.2,product_rule,expression,,Unit 4 Assessment Plan + Course Framework; supplied AP Topic scoring guides consulted for authentic representation/rigor only (no question wording copied).,
U4-S2-PS2-M10,MATH,4,4.2,practice_set_2,practice,ps2_m10,mastery,2,Derivative notation and rules; graph/table interpretation; units and rate meaning; limit and continuity reasoning when relevant.,Retrieve durable prerequisite learning that supports derivative reasoning.,AP Topic 4.2,quotient_rule,expression,,Unit 4 Assessment Plan + Course Framework; supplied AP Topic scoring guides consulted for authentic representation/rigor only (no question wording copied).,
U4-S2-PS3-C01,MATH,4,4.2,practice_set_3,practice,ps3_c01,current,2,"Analyze position, velocity, acceleration, speed, and sign relationships from equations, graphs, tables, and calculator-supported representations.","I can connect position, velocity, acceleration, speed, direction, and speeding-up/slowing-down behavior using derivative values and signs.",AP Topic 4.2,motion_sign_analysis,short_response,,Unit 4 Assessment Plan + Course Framework; supplied AP Topic scoring guides consulted for authentic representation/rigor only (no question wording copied).,Tarsia-friendly concise source.
U4-S2-PS3-C02,MATH,4,4.2,practice_set_3,practice,ps3_c02,current,2,"Analyze position, velocity, acceleration, speed, and sign relationships from equations, graphs, tables, and calculator-supported representations.","I can connect position, velocity, acceleration, speed, direction, and speeding-up/slowing-down behavior using derivative values and signs.",AP Topic 4.2,motion_sign_analysis,short_response,,Unit 4 Assessment Plan + Course Framework; supplied AP Topic scoring guides consulted for authentic representation/rigor only (no question wording copied).,Tarsia-friendly concise source.
U4-S2-PS3-C03,MATH,4,4.2,practice_set_3,practice,ps3_c03,current,2,"Analyze position, velocity, acceleration, speed, and sign relationships from equations, graphs, tables, and calculator-supported representations.","I can connect position, velocity, acceleration, speed, direction, and speeding-up/slowing-down behavior using derivative values and signs.",AP Topic 4.2,motion_sign_analysis,short_response,,Unit 4 Assessment Plan + Course Framework; supplied AP Topic scoring guides consulted for authentic representation/rigor only (no question wording copied).,Tarsia-friendly concise source.
U4-S2-PS3-C04,MATH,4,4.2,practice_set_3,practice,ps3_c04,current,2,"Analyze position, velocity, acceleration, speed, and sign relationships from equations, graphs, tables, and calculator-supported representations.","I can connect position, velocity, acceleration, speed, direction, and speeding-up/slowing-down behavior using derivative values and signs.",AP Topic 4.2,motion_sign_analysis,short_response,,Unit 4 Assessment Plan + Course Framework; supplied AP Topic scoring guides consulted for authentic representation/rigor only (no question wording copied).,Tarsia-friendly concise source.
U4-S2-PS3-C05,MATH,4,4.2,practice_set_3,practice,ps3_c05,current,2,"Analyze position, velocity, acceleration, speed, and sign relationships from equations, graphs, tables, and calculator-supported representations.","I can connect position, velocity, acceleration, speed, direction, and speeding-up/slowing-down behavior using derivative values and signs.",AP Topic 4.2,motion_sign_analysis,short_response,,Unit 4 Assessment Plan + Course Framework; supplied AP Topic scoring guides consulted for authentic representation/rigor only (no question wording copied).,Tarsia-friendly concise source.
U4-S2-PS3-L01,MATH,4,4.2,practice_set_3,practice,ps3_l01,last,1,"Interpret $f$, $f'$, and $f''$ in context using appropriate units, rates, and verbal meaning.",Retrieve and apply the most recent prerequisite learning.,AP Topic 4.2,context_units,short_response,,Unit 4 Assessment Plan + Course Framework; supplied AP Topic scoring guides consulted for authentic representation/rigor only (no question wording copied).,Tarsia-friendly concise source.
U4-S2-PS3-L02,MATH,4,4.2,practice_set_3,practice,ps3_l02,last,1,"Interpret $f$, $f'$, and $f''$ in context using appropriate units, rates, and verbal meaning.",Retrieve and apply the most recent prerequisite learning.,AP Topic 4.2,context_units,short_response,,Unit 4 Assessment Plan + Course Framework; supplied AP Topic scoring guides consulted for authentic representation/rigor only (no question wording copied).,Tarsia-friendly concise source.
U4-S2-PS3-L03,MATH,4,4.2,practice_set_3,practice,ps3_l03,last,1,"Interpret $f$, $f'$, and $f''$ in context using appropriate units, rates, and verbal meaning.",Retrieve and apply the most recent prerequisite learning.,AP Topic 4.2,context_first_derivative,interpretation,,Unit 4 Assessment Plan + Course Framework; supplied AP Topic scoring guides consulted for authentic representation/rigor only (no question wording copied).,Tarsia-friendly concise source.
U4-S2-PS3-L04,MATH,4,4.2,practice_set_3,practice,ps3_l04,last,1,"Interpret $f$, $f'$, and $f''$ in context using appropriate units, rates, and verbal meaning.",Retrieve and apply the most recent prerequisite learning.,AP Topic 4.2,context_units,short_response,,Unit 4 Assessment Plan + Course Framework; supplied AP Topic scoring guides consulted for authentic representation/rigor only (no question wording copied).,Tarsia-friendly concise source.
U4-S2-PS3-L05,MATH,4,4.2,practice_set_3,practice,ps3_l05,last,1,"Interpret $f$, $f'$, and $f''$ in context using appropriate units, rates, and verbal meaning.",Retrieve and apply the most recent prerequisite learning.,AP Topic 4.2,context_units,short_response,,Unit 4 Assessment Plan + Course Framework; supplied AP Topic scoring guides consulted for authentic representation/rigor only (no question wording copied).,Tarsia-friendly concise source.
U4-S2-PS3-M01,MATH,4,4.2,practice_set_3,practice,ps3_m01,mastery,2,Derivative notation and rules; graph/table interpretation; units and rate meaning; limit and continuity reasoning when relevant.,Retrieve durable prerequisite learning that supports derivative reasoning.,AP Topic 4.2,derivative_evaluation,numeric,,Unit 4 Assessment Plan + Course Framework; supplied AP Topic scoring guides consulted for authentic representation/rigor only (no question wording copied).,Tarsia-friendly concise source.
U4-S2-PS3-M02,MATH,4,4.2,practice_set_3,practice,ps3_m02,mastery,2,Derivative notation and rules; graph/table interpretation; units and rate meaning; limit and continuity reasoning when relevant.,Retrieve durable prerequisite learning that supports derivative reasoning.,AP Topic 4.2,algebraic_limit,numeric,,Unit 4 Assessment Plan + Course Framework; supplied AP Topic scoring guides consulted for authentic representation/rigor only (no question wording copied).,Tarsia-friendly concise source.
U4-S2-PS3-M03,MATH,4,4.2,practice_set_3,practice,ps3_m03,mastery,1,Derivative notation and rules; graph/table interpretation; units and rate meaning; limit and continuity reasoning when relevant.,Retrieve durable prerequisite learning that supports derivative reasoning.,AP Topic 4.2,derivative_units,short_response,,Unit 4 Assessment Plan + Course Framework; supplied AP Topic scoring guides consulted for authentic representation/rigor only (no question wording copied).,Tarsia-friendly concise source.
U4-S2-PS3-M04,MATH,4,4.2,practice_set_3,practice,ps3_m04,mastery,2,Derivative notation and rules; graph/table interpretation; units and rate meaning; limit and continuity reasoning when relevant.,Retrieve durable prerequisite learning that supports derivative reasoning.,AP Topic 4.2,average_rate,numeric,,Unit 4 Assessment Plan + Course Framework; supplied AP Topic scoring guides consulted for authentic representation/rigor only (no question wording copied).,Tarsia-friendly concise source.
U4-S2-PS3-M05,MATH,4,4.2,practice_set_3,practice,ps3_m05,mastery,2,Derivative notation and rules; graph/table interpretation; units and rate meaning; limit and continuity reasoning when relevant.,Retrieve durable prerequisite learning that supports derivative reasoning.,AP Topic 4.2,product_rule,expression,,Unit 4 Assessment Plan + Course Framework; supplied AP Topic scoring guides consulted for authentic representation/rigor only (no question wording copied).,Tarsia-friendly concise source.
U4-S2-PS3-M06,MATH,4,4.2,practice_set_3,practice,ps3_m06,mastery,2,Derivative notation and rules; graph/table interpretation; units and rate meaning; limit and continuity reasoning when relevant.,Retrieve durable prerequisite learning that supports derivative reasoning.,AP Topic 4.2,derivative_evaluation,numeric,,Unit 4 Assessment Plan + Course Framework; supplied AP Topic scoring guides consulted for authentic representation/rigor only (no question wording copied).,Tarsia-friendly concise source.
U4-S2-PS3-M07,MATH,4,4.2,practice_set_3,practice,ps3_m07,mastery,2,Derivative notation and rules; graph/table interpretation; units and rate meaning; limit and continuity reasoning when relevant.,Retrieve durable prerequisite learning that supports derivative reasoning.,AP Topic 4.2,algebraic_limit,numeric,,Unit 4 Assessment Plan + Course Framework; supplied AP Topic scoring guides consulted for authentic representation/rigor only (no question wording copied).,Tarsia-friendly concise source.
U4-S2-PS3-M08,MATH,4,4.2,practice_set_3,practice,ps3_m08,mastery,1,Derivative notation and rules; graph/table interpretation; units and rate meaning; limit and continuity reasoning when relevant.,Retrieve durable prerequisite learning that supports derivative reasoning.,AP Topic 4.2,derivative_units,short_response,,Unit 4 Assessment Plan + Course Framework; supplied AP Topic scoring guides consulted for authentic representation/rigor only (no question wording copied).,Tarsia-friendly concise source.
U4-S2-PS3-M09,MATH,4,4.2,practice_set_3,practice,ps3_m09,mastery,2,Derivative notation and rules; graph/table interpretation; units and rate meaning; limit and continuity reasoning when relevant.,Retrieve durable prerequisite learning that supports derivative reasoning.,AP Topic 4.2,average_rate,numeric,,Unit 4 Assessment Plan + Course Framework; supplied AP Topic scoring guides consulted for authentic representation/rigor only (no question wording copied).,Tarsia-friendly concise source.
U4-S2-PS3-M10,MATH,4,4.2,practice_set_3,practice,ps3_m10,mastery,2,Derivative notation and rules; graph/table interpretation; units and rate meaning; limit and continuity reasoning when relevant.,Retrieve durable prerequisite learning that supports derivative reasoning.,AP Topic 4.2,product_rule,expression,,Unit 4 Assessment Plan + Course Framework; supplied AP Topic scoring guides consulted for authentic representation/rigor only (no question wording copied).,Tarsia-friendly concise source.
U4-S2-XP-C01,MATH,4,4.2,extra_practice,practice,xp_c01,current,2,"Analyze position, velocity, acceleration, speed, and sign relationships from equations, graphs, tables, and calculator-supported representations.","I can connect position, velocity, acceleration, speed, direction, and speeding-up/slowing-down behavior using derivative values and signs.",AP Topic 4.2,motion_table_acceleration,numeric,,Unit 4 Assessment Plan + Course Framework; supplied AP Topic scoring guides consulted for authentic representation/rigor only (no question wording copied).,
U4-S2-XP-C02,MATH,4,4.2,extra_practice,practice,xp_c02,current,2,"Analyze position, velocity, acceleration, speed, and sign relationships from equations, graphs, tables, and calculator-supported representations.","I can connect position, velocity, acceleration, speed, direction, and speeding-up/slowing-down behavior using derivative values and signs.",AP Topic 4.2,motion_graph_direction,constructed_response,u4_s2_xp_c02_velocity_graph.png,Unit 4 Assessment Plan + Course Framework; supplied AP Topic scoring guides consulted for authentic representation/rigor only (no question wording copied).,
U4-S2-XP-C03,MATH,4,4.2,extra_practice,practice,xp_c03,current,2,"Analyze position, velocity, acceleration, speed, and sign relationships from equations, graphs, tables, and calculator-supported representations.","I can connect position, velocity, acceleration, speed, direction, and speeding-up/slowing-down behavior using derivative values and signs.",AP Topic 4.2,motion_graph_connection,constructed_response,u4_s2_xp_c03_position_graph.png,Unit 4 Assessment Plan + Course Framework; supplied AP Topic scoring guides consulted for authentic representation/rigor only (no question wording copied).,
U4-S2-XP-C04,MATH,4,4.2,extra_practice,practice,xp_c04,current,3,"Analyze position, velocity, acceleration, speed, and sign relationships from equations, graphs, tables, and calculator-supported representations.","I can connect position, velocity, acceleration, speed, direction, and speeding-up/slowing-down behavior using derivative values and signs.",AP Topic 4.2,motion_claim_critique,constructed_response,,Unit 4 Assessment Plan + Course Framework; supplied AP Topic scoring guides consulted for authentic representation/rigor only (no question wording copied).,
U4-S2-XP-C05,MATH,4,4.2,extra_practice,practice,xp_c05,current,2,"Analyze position, velocity, acceleration, speed, and sign relationships from equations, graphs, tables, and calculator-supported representations.","I can connect position, velocity, acceleration, speed, direction, and speeding-up/slowing-down behavior using derivative values and signs.",AP Topic 4.2,motion_velocity,numeric,,Unit 4 Assessment Plan + Course Framework; supplied AP Topic scoring guides consulted for authentic representation/rigor only (no question wording copied).,
U4-S2-XP-L01,MATH,4,4.2,extra_practice,practice,xp_l01,last,1,"Interpret $f$, $f'$, and $f''$ in context using appropriate units, rates, and verbal meaning.",Retrieve and apply the most recent prerequisite learning.,AP Topic 4.2,context_first_derivative,interpretation,,Unit 4 Assessment Plan + Course Framework; supplied AP Topic scoring guides consulted for authentic representation/rigor only (no question wording copied).,
U4-S2-XP-L02,MATH,4,4.2,extra_practice,practice,xp_l02,last,2,"Interpret $f$, $f'$, and $f''$ in context using appropriate units, rates, and verbal meaning.",Retrieve and apply the most recent prerequisite learning.,AP Topic 4.2,context_second_derivative,interpretation,,Unit 4 Assessment Plan + Course Framework; supplied AP Topic scoring guides consulted for authentic representation/rigor only (no question wording copied).,
U4-S2-XP-L03,MATH,4,4.2,extra_practice,practice,xp_l03,last,2,"Interpret $f$, $f'$, and $f''$ in context using appropriate units, rates, and verbal meaning.",Retrieve and apply the most recent prerequisite learning.,AP Topic 4.2,context_compare_orders,constructed_response,,Unit 4 Assessment Plan + Course Framework; supplied AP Topic scoring guides consulted for authentic representation/rigor only (no question wording copied).,
U4-S2-XP-L04,MATH,4,4.2,extra_practice,practice,xp_l04,last,3,"Interpret $f$, $f'$, and $f''$ in context using appropriate units, rates, and verbal meaning.",Retrieve and apply the most recent prerequisite learning.,AP Topic 4.2,context_claim_critique,constructed_response,,Unit 4 Assessment Plan + Course Framework; supplied AP Topic scoring guides consulted for authentic representation/rigor only (no question wording copied).,
U4-S2-XP-L05,MATH,4,4.2,extra_practice,practice,xp_l05,last,1,"Interpret $f$, $f'$, and $f''$ in context using appropriate units, rates, and verbal meaning.",Retrieve and apply the most recent prerequisite learning.,AP Topic 4.2,context_units,short_response,,Unit 4 Assessment Plan + Course Framework; supplied AP Topic scoring guides consulted for authentic representation/rigor only (no question wording copied).,
U4-S2-XP-M01,MATH,4,4.2,extra_practice,practice,xp_m01,mastery,2,Derivative notation and rules; graph/table interpretation; units and rate meaning; limit and continuity reasoning when relevant.,Retrieve durable prerequisite learning that supports derivative reasoning.,AP Topic 4.2,product_rule,expression,,Unit 4 Assessment Plan + Course Framework; supplied AP Topic scoring guides consulted for authentic representation/rigor only (no question wording copied).,
U4-S2-XP-M02,MATH,4,4.2,extra_practice,practice,xp_m02,mastery,2,Derivative notation and rules; graph/table interpretation; units and rate meaning; limit and continuity reasoning when relevant.,Retrieve durable prerequisite learning that supports derivative reasoning.,AP Topic 4.2,quotient_rule,expression,,Unit 4 Assessment Plan + Course Framework; supplied AP Topic scoring guides consulted for authentic representation/rigor only (no question wording copied).,
U4-S2-XP-M03,MATH,4,4.2,extra_practice,practice,xp_m03,mastery,2,Derivative notation and rules; graph/table interpretation; units and rate meaning; limit and continuity reasoning when relevant.,Retrieve durable prerequisite learning that supports derivative reasoning.,AP Topic 4.2,derivative_evaluation,numeric,,Unit 4 Assessment Plan + Course Framework; supplied AP Topic scoring guides consulted for authentic representation/rigor only (no question wording copied).,
U4-S2-XP-M04,MATH,4,4.2,extra_practice,practice,xp_m04,mastery,1,Derivative notation and rules; graph/table interpretation; units and rate meaning; limit and continuity reasoning when relevant.,Retrieve durable prerequisite learning that supports derivative reasoning.,AP Topic 4.2,average_rate,numeric,,Unit 4 Assessment Plan + Course Framework; supplied AP Topic scoring guides consulted for authentic representation/rigor only (no question wording copied).,
U4-S2-XP-M05,MATH,4,4.2,extra_practice,practice,xp_m05,mastery,2,Derivative notation and rules; graph/table interpretation; units and rate meaning; limit and continuity reasoning when relevant.,Retrieve durable prerequisite learning that supports derivative reasoning.,AP Topic 4.2,algebraic_limit,numeric,,Unit 4 Assessment Plan + Course Framework; supplied AP Topic scoring guides consulted for authentic representation/rigor only (no question wording copied).,
U4-S2-XP-M06,MATH,4,4.2,extra_practice,practice,xp_m06,mastery,2,Derivative notation and rules; graph/table interpretation; units and rate meaning; limit and continuity reasoning when relevant.,Retrieve durable prerequisite learning that supports derivative reasoning.,AP Topic 4.2,table_derivative,numeric,,Unit 4 Assessment Plan + Course Framework; supplied AP Topic scoring guides consulted for authentic representation/rigor only (no question wording copied).,
U4-S2-XP-M07,MATH,4,4.2,extra_practice,practice,xp_m07,mastery,1,Derivative notation and rules; graph/table interpretation; units and rate meaning; limit and continuity reasoning when relevant.,Retrieve durable prerequisite learning that supports derivative reasoning.,AP Topic 4.2,derivative_units,short_response,,Unit 4 Assessment Plan + Course Framework; supplied AP Topic scoring guides consulted for authentic representation/rigor only (no question wording copied).,
U4-S2-XP-M08,MATH,4,4.2,extra_practice,practice,xp_m08,mastery,1,Derivative notation and rules; graph/table interpretation; units and rate meaning; limit and continuity reasoning when relevant.,Retrieve durable prerequisite learning that supports derivative reasoning.,AP Topic 4.2,continuity,short_response,,Unit 4 Assessment Plan + Course Framework; supplied AP Topic scoring guides consulted for authentic representation/rigor only (no question wording copied).,
U4-S2-XP-M09,MATH,4,4.2,extra_practice,practice,xp_m09,mastery,2,Derivative notation and rules; graph/table interpretation; units and rate meaning; limit and continuity reasoning when relevant.,Retrieve durable prerequisite learning that supports derivative reasoning.,AP Topic 4.2,product_rule,expression,,Unit 4 Assessment Plan + Course Framework; supplied AP Topic scoring guides consulted for authentic representation/rigor only (no question wording copied).,
U4-S2-XP-M10,MATH,4,4.2,extra_practice,practice,xp_m10,mastery,2,Derivative notation and rules; graph/table interpretation; units and rate meaning; limit and continuity reasoning when relevant.,Retrieve durable prerequisite learning that supports derivative reasoning.,AP Topic 4.2,quotient_rule,expression,,Unit 4 Assessment Plan + Course Framework; supplied AP Topic scoring guides consulted for authentic representation/rigor only (no question wording copied).,
U4-S3-PS1-C01,MATH,4,4.3,practice_set_1,practice,ps1_c01,current,1,"Translate a changing-quantity context into related variables, rates, a constraint equation, and the specific instant needed for related-rates reasoning.","I can identify changing quantities and rates, write a valid constraint, and prepare a related-rates setup without substituting values too early.",AP Topic 4.4,related_setup_vocabulary,classification,,Unit 4 Assessment Plan + Course Framework; supplied AP Topic scoring guides consulted for authentic representation/rigor only (no question wording copied).,
U4-S3-PS1-C02,MATH,4,4.3,practice_set_1,practice,ps1_c02,current,2,"Translate a changing-quantity context into related variables, rates, a constraint equation, and the specific instant needed for related-rates reasoning.","I can identify changing quantities and rates, write a valid constraint, and prepare a related-rates setup without substituting values too early.",AP Topic 4.4,related_setup_square,equation,,Unit 4 Assessment Plan + Course Framework; supplied AP Topic scoring guides consulted for authentic representation/rigor only (no question wording copied).,
U4-S3-PS1-C03,MATH,4,4.3,practice_set_1,practice,ps1_c03,current,2,"Translate a changing-quantity context into related variables, rates, a constraint equation, and the specific instant needed for related-rates reasoning.","I can identify changing quantities and rates, write a valid constraint, and prepare a related-rates setup without substituting values too early.",AP Topic 4.4,related_setup_ladder,equation,,Unit 4 Assessment Plan + Course Framework; supplied AP Topic scoring guides consulted for authentic representation/rigor only (no question wording copied).,
U4-S3-PS1-C04,MATH,4,4.3,practice_set_1,practice,ps1_c04,current,1,"Translate a changing-quantity context into related variables, rates, a constraint equation, and the specific instant needed for related-rates reasoning.","I can identify changing quantities and rates, write a valid constraint, and prepare a related-rates setup without substituting values too early.",AP Topic 4.4,related_quantity_rate,classification,,Unit 4 Assessment Plan + Course Framework; supplied AP Topic scoring guides consulted for authentic representation/rigor only (no question wording copied).,
U4-S3-PS1-C05,MATH,4,4.3,practice_set_1,practice,ps1_c05,current,2,"Translate a changing-quantity context into related variables, rates, a constraint equation, and the specific instant needed for related-rates reasoning.","I can identify changing quantities and rates, write a valid constraint, and prepare a related-rates setup without substituting values too early.",AP Topic 4.4,related_setup_cylinder,equation,,Unit 4 Assessment Plan + Course Framework; supplied AP Topic scoring guides consulted for authentic representation/rigor only (no question wording copied).,
U4-S3-PS1-L01,MATH,4,4.3,practice_set_1,practice,ps1_l01,last,2,"Analyze position, velocity, acceleration, speed, and sign relationships from equations, graphs, tables, and calculator-supported representations.",Retrieve and apply the most recent prerequisite learning.,AP Topic 4.4,motion_graph_direction,constructed_response,u4_s3_ps1_l01_velocity_graph.png,Unit 4 Assessment Plan + Course Framework; supplied AP Topic scoring guides consulted for authentic representation/rigor only (no question wording copied).,
U4-S3-PS1-L02,MATH,4,4.3,practice_set_1,practice,ps1_l02,last,2,"Analyze position, velocity, acceleration, speed, and sign relationships from equations, graphs, tables, and calculator-supported representations.",Retrieve and apply the most recent prerequisite learning.,AP Topic 4.4,motion_graph_connection,constructed_response,u4_s3_ps1_l02_position_graph.png,Unit 4 Assessment Plan + Course Framework; supplied AP Topic scoring guides consulted for authentic representation/rigor only (no question wording copied).,
U4-S3-PS1-L03,MATH,4,4.3,practice_set_1,practice,ps1_l03,last,3,"Analyze position, velocity, acceleration, speed, and sign relationships from equations, graphs, tables, and calculator-supported representations.",Retrieve and apply the most recent prerequisite learning.,AP Topic 4.4,motion_claim_critique,constructed_response,,Unit 4 Assessment Plan + Course Framework; supplied AP Topic scoring guides consulted for authentic representation/rigor only (no question wording copied).,
U4-S3-PS1-L04,MATH,4,4.3,practice_set_1,practice,ps1_l04,last,2,"Analyze position, velocity, acceleration, speed, and sign relationships from equations, graphs, tables, and calculator-supported representations.",Retrieve and apply the most recent prerequisite learning.,AP Topic 4.4,motion_velocity,numeric,,Unit 4 Assessment Plan + Course Framework; supplied AP Topic scoring guides consulted for authentic representation/rigor only (no question wording copied).,
U4-S3-PS1-L05,MATH,4,4.3,practice_set_1,practice,ps1_l05,last,2,"Analyze position, velocity, acceleration, speed, and sign relationships from equations, graphs, tables, and calculator-supported representations.",Retrieve and apply the most recent prerequisite learning.,AP Topic 4.4,motion_acceleration,numeric,,Unit 4 Assessment Plan + Course Framework; supplied AP Topic scoring guides consulted for authentic representation/rigor only (no question wording copied).,
U4-S3-PS1-M01,MATH,4,4.3,practice_set_1,practice,ps1_m01,mastery,2,Derivative notation and rules; graph/table interpretation; units and rate meaning; limit and continuity reasoning when relevant.,Retrieve durable prerequisite learning that supports derivative reasoning.,AP Topic 4.4,algebraic_limit,numeric,,Unit 4 Assessment Plan + Course Framework; supplied AP Topic scoring guides consulted for authentic representation/rigor only (no question wording copied).,
U4-S3-PS1-M02,MATH,4,4.3,practice_set_1,practice,ps1_m02,mastery,2,Derivative notation and rules; graph/table interpretation; units and rate meaning; limit and continuity reasoning when relevant.,Retrieve durable prerequisite learning that supports derivative reasoning.,AP Topic 4.4,table_derivative,numeric,,Unit 4 Assessment Plan + Course Framework; supplied AP Topic scoring guides consulted for authentic representation/rigor only (no question wording copied).,
U4-S3-PS1-M03,MATH,4,4.3,practice_set_1,practice,ps1_m03,mastery,1,Derivative notation and rules; graph/table interpretation; units and rate meaning; limit and continuity reasoning when relevant.,Retrieve durable prerequisite learning that supports derivative reasoning.,AP Topic 4.4,derivative_units,short_response,,Unit 4 Assessment Plan + Course Framework; supplied AP Topic scoring guides consulted for authentic representation/rigor only (no question wording copied).,
U4-S3-PS1-M04,MATH,4,4.3,practice_set_1,practice,ps1_m04,mastery,1,Derivative notation and rules; graph/table interpretation; units and rate meaning; limit and continuity reasoning when relevant.,Retrieve durable prerequisite learning that supports derivative reasoning.,AP Topic 4.4,continuity,short_response,,Unit 4 Assessment Plan + Course Framework; supplied AP Topic scoring guides consulted for authentic representation/rigor only (no question wording copied).,
U4-S3-PS1-M05,MATH,4,4.3,practice_set_1,practice,ps1_m05,mastery,2,Derivative notation and rules; graph/table interpretation; units and rate meaning; limit and continuity reasoning when relevant.,Retrieve durable prerequisite learning that supports derivative reasoning.,AP Topic 4.4,product_rule,expression,,Unit 4 Assessment Plan + Course Framework; supplied AP Topic scoring guides consulted for authentic representation/rigor only (no question wording copied).,
U4-S3-PS1-M06,MATH,4,4.3,practice_set_1,practice,ps1_m06,mastery,2,Derivative notation and rules; graph/table interpretation; units and rate meaning; limit and continuity reasoning when relevant.,Retrieve durable prerequisite learning that supports derivative reasoning.,AP Topic 4.4,quotient_rule,expression,,Unit 4 Assessment Plan + Course Framework; supplied AP Topic scoring guides consulted for authentic representation/rigor only (no question wording copied).,
U4-S3-PS1-M07,MATH,4,4.3,practice_set_1,practice,ps1_m07,mastery,2,Derivative notation and rules; graph/table interpretation; units and rate meaning; limit and continuity reasoning when relevant.,Retrieve durable prerequisite learning that supports derivative reasoning.,AP Topic 4.4,derivative_evaluation,numeric,,Unit 4 Assessment Plan + Course Framework; supplied AP Topic scoring guides consulted for authentic representation/rigor only (no question wording copied).,
U4-S3-PS1-M08,MATH,4,4.3,practice_set_1,practice,ps1_m08,mastery,1,Derivative notation and rules; graph/table interpretation; units and rate meaning; limit and continuity reasoning when relevant.,Retrieve durable prerequisite learning that supports derivative reasoning.,AP Topic 4.4,average_rate,numeric,,Unit 4 Assessment Plan + Course Framework; supplied AP Topic scoring guides consulted for authentic representation/rigor only (no question wording copied).,
U4-S3-PS1-M09,MATH,4,4.3,practice_set_1,practice,ps1_m09,mastery,2,Derivative notation and rules; graph/table interpretation; units and rate meaning; limit and continuity reasoning when relevant.,Retrieve durable prerequisite learning that supports derivative reasoning.,AP Topic 4.4,algebraic_limit,numeric,,Unit 4 Assessment Plan + Course Framework; supplied AP Topic scoring guides consulted for authentic representation/rigor only (no question wording copied).,
U4-S3-PS1-M10,MATH,4,4.3,practice_set_1,practice,ps1_m10,mastery,2,Derivative notation and rules; graph/table interpretation; units and rate meaning; limit and continuity reasoning when relevant.,Retrieve durable prerequisite learning that supports derivative reasoning.,AP Topic 4.4,table_derivative,numeric,,Unit 4 Assessment Plan + Course Framework; supplied AP Topic scoring guides consulted for authentic representation/rigor only (no question wording copied).,
U4-S3-PS2-C01,MATH,4,4.3,practice_set_2,practice,ps2_c01,current,2,"Translate a changing-quantity context into related variables, rates, a constraint equation, and the specific instant needed for related-rates reasoning.","I can identify changing quantities and rates, write a valid constraint, and prepare a related-rates setup without substituting values too early.",AP Topic 4.4,related_setup_cylinder,equation,,Unit 4 Assessment Plan + Course Framework; supplied AP Topic scoring guides consulted for authentic representation/rigor only (no question wording copied).,
U4-S3-PS2-C02,MATH,4,4.3,practice_set_2,practice,ps2_c02,current,2,"Translate a changing-quantity context into related variables, rates, a constraint equation, and the specific instant needed for related-rates reasoning.","I can identify changing quantities and rates, write a valid constraint, and prepare a related-rates setup without substituting values too early.",AP Topic 4.4,related_substitution_timing,constructed_response,,Unit 4 Assessment Plan + Course Framework; supplied AP Topic scoring guides consulted for authentic representation/rigor only (no question wording copied).,
U4-S3-PS2-C03,MATH,4,4.3,practice_set_2,practice,ps2_c03,current,2,"Translate a changing-quantity context into related variables, rates, a constraint equation, and the specific instant needed for related-rates reasoning.","I can identify changing quantities and rates, write a valid constraint, and prepare a related-rates setup without substituting values too early.",AP Topic 4.4,related_setup_product,equation,,Unit 4 Assessment Plan + Course Framework; supplied AP Topic scoring guides consulted for authentic representation/rigor only (no question wording copied).,
U4-S3-PS2-C04,MATH,4,4.3,practice_set_2,practice,ps2_c04,current,3,"Translate a changing-quantity context into related variables, rates, a constraint equation, and the specific instant needed for related-rates reasoning.","I can identify changing quantities and rates, write a valid constraint, and prepare a related-rates setup without substituting values too early.",AP Topic 4.4,related_setup_critique,constructed_response,,Unit 4 Assessment Plan + Course Framework; supplied AP Topic scoring guides consulted for authentic representation/rigor only (no question wording copied).,
U4-S3-PS2-C05,MATH,4,4.3,practice_set_2,practice,ps2_c05,current,1,"Translate a changing-quantity context into related variables, rates, a constraint equation, and the specific instant needed for related-rates reasoning.","I can identify changing quantities and rates, write a valid constraint, and prepare a related-rates setup without substituting values too early.",AP Topic 4.4,related_setup_vocabulary,classification,,Unit 4 Assessment Plan + Course Framework; supplied AP Topic scoring guides consulted for authentic representation/rigor only (no question wording copied).,
U4-S3-PS2-L01,MATH,4,4.3,practice_set_2,practice,ps2_l01,last,2,"Analyze position, velocity, acceleration, speed, and sign relationships from equations, graphs, tables, and calculator-supported representations.",Retrieve and apply the most recent prerequisite learning.,AP Topic 4.4,motion_acceleration,numeric,,Unit 4 Assessment Plan + Course Framework; supplied AP Topic scoring guides consulted for authentic representation/rigor only (no question wording copied).,
U4-S3-PS2-L02,MATH,4,4.3,practice_set_2,practice,ps2_l02,last,1,"Analyze position, velocity, acceleration, speed, and sign relationships from equations, graphs, tables, and calculator-supported representations.",Retrieve and apply the most recent prerequisite learning.,AP Topic 4.4,motion_speed_direction,short_response,,Unit 4 Assessment Plan + Course Framework; supplied AP Topic scoring guides consulted for authentic representation/rigor only (no question wording copied).,
U4-S3-PS2-L03,MATH,4,4.3,practice_set_2,practice,ps2_l03,last,2,"Analyze position, velocity, acceleration, speed, and sign relationships from equations, graphs, tables, and calculator-supported representations.",Retrieve and apply the most recent prerequisite learning.,AP Topic 4.4,motion_sign_analysis,interpretation,,Unit 4 Assessment Plan + Course Framework; supplied AP Topic scoring guides consulted for authentic representation/rigor only (no question wording copied).,
U4-S3-PS2-L04,MATH,4,4.3,practice_set_2,practice,ps2_l04,last,2,"Analyze position, velocity, acceleration, speed, and sign relationships from equations, graphs, tables, and calculator-supported representations.",Retrieve and apply the most recent prerequisite learning.,AP Topic 4.4,motion_table_acceleration,numeric,,Unit 4 Assessment Plan + Course Framework; supplied AP Topic scoring guides consulted for authentic representation/rigor only (no question wording copied).,
U4-S3-PS2-L05,MATH,4,4.3,practice_set_2,practice,ps2_l05,last,2,"Analyze position, velocity, acceleration, speed, and sign relationships from equations, graphs, tables, and calculator-supported representations.",Retrieve and apply the most recent prerequisite learning.,AP Topic 4.4,motion_graph_direction,constructed_response,u4_s3_ps2_l05_velocity_graph.png,Unit 4 Assessment Plan + Course Framework; supplied AP Topic scoring guides consulted for authentic representation/rigor only (no question wording copied).,
U4-S3-PS2-M01,MATH,4,4.3,practice_set_2,practice,ps2_m01,mastery,2,Derivative notation and rules; graph/table interpretation; units and rate meaning; limit and continuity reasoning when relevant.,Retrieve durable prerequisite learning that supports derivative reasoning.,AP Topic 4.4,product_rule,expression,,Unit 4 Assessment Plan + Course Framework; supplied AP Topic scoring guides consulted for authentic representation/rigor only (no question wording copied).,
U4-S3-PS2-M02,MATH,4,4.3,practice_set_2,practice,ps2_m02,mastery,2,Derivative notation and rules; graph/table interpretation; units and rate meaning; limit and continuity reasoning when relevant.,Retrieve durable prerequisite learning that supports derivative reasoning.,AP Topic 4.4,quotient_rule,expression,,Unit 4 Assessment Plan + Course Framework; supplied AP Topic scoring guides consulted for authentic representation/rigor only (no question wording copied).,
U4-S3-PS2-M03,MATH,4,4.3,practice_set_2,practice,ps2_m03,mastery,2,Derivative notation and rules; graph/table interpretation; units and rate meaning; limit and continuity reasoning when relevant.,Retrieve durable prerequisite learning that supports derivative reasoning.,AP Topic 4.4,derivative_evaluation,numeric,,Unit 4 Assessment Plan + Course Framework; supplied AP Topic scoring guides consulted for authentic representation/rigor only (no question wording copied).,
U4-S3-PS2-M04,MATH,4,4.3,practice_set_2,practice,ps2_m04,mastery,1,Derivative notation and rules; graph/table interpretation; units and rate meaning; limit and continuity reasoning when relevant.,Retrieve durable prerequisite learning that supports derivative reasoning.,AP Topic 4.4,average_rate,numeric,,Unit 4 Assessment Plan + Course Framework; supplied AP Topic scoring guides consulted for authentic representation/rigor only (no question wording copied).,
U4-S3-PS2-M05,MATH,4,4.3,practice_set_2,practice,ps2_m05,mastery,2,Derivative notation and rules; graph/table interpretation; units and rate meaning; limit and continuity reasoning when relevant.,Retrieve durable prerequisite learning that supports derivative reasoning.,AP Topic 4.4,algebraic_limit,numeric,,Unit 4 Assessment Plan + Course Framework; supplied AP Topic scoring guides consulted for authentic representation/rigor only (no question wording copied).,
U4-S3-PS2-M06,MATH,4,4.3,practice_set_2,practice,ps2_m06,mastery,2,Derivative notation and rules; graph/table interpretation; units and rate meaning; limit and continuity reasoning when relevant.,Retrieve durable prerequisite learning that supports derivative reasoning.,AP Topic 4.4,table_derivative,numeric,,Unit 4 Assessment Plan + Course Framework; supplied AP Topic scoring guides consulted for authentic representation/rigor only (no question wording copied).,
U4-S3-PS2-M07,MATH,4,4.3,practice_set_2,practice,ps2_m07,mastery,1,Derivative notation and rules; graph/table interpretation; units and rate meaning; limit and continuity reasoning when relevant.,Retrieve durable prerequisite learning that supports derivative reasoning.,AP Topic 4.4,derivative_units,short_response,,Unit 4 Assessment Plan + Course Framework; supplied AP Topic scoring guides consulted for authentic representation/rigor only (no question wording copied).,
U4-S3-PS2-M08,MATH,4,4.3,practice_set_2,practice,ps2_m08,mastery,1,Derivative notation and rules; graph/table interpretation; units and rate meaning; limit and continuity reasoning when relevant.,Retrieve durable prerequisite learning that supports derivative reasoning.,AP Topic 4.4,continuity,short_response,,Unit 4 Assessment Plan + Course Framework; supplied AP Topic scoring guides consulted for authentic representation/rigor only (no question wording copied).,
U4-S3-PS2-M09,MATH,4,4.3,practice_set_2,practice,ps2_m09,mastery,2,Derivative notation and rules; graph/table interpretation; units and rate meaning; limit and continuity reasoning when relevant.,Retrieve durable prerequisite learning that supports derivative reasoning.,AP Topic 4.4,product_rule,expression,,Unit 4 Assessment Plan + Course Framework; supplied AP Topic scoring guides consulted for authentic representation/rigor only (no question wording copied).,
U4-S3-PS2-M10,MATH,4,4.3,practice_set_2,practice,ps2_m10,mastery,2,Derivative notation and rules; graph/table interpretation; units and rate meaning; limit and continuity reasoning when relevant.,Retrieve durable prerequisite learning that supports derivative reasoning.,AP Topic 4.4,quotient_rule,expression,,Unit 4 Assessment Plan + Course Framework; supplied AP Topic scoring guides consulted for authentic representation/rigor only (no question wording copied).,
U4-S3-PS3-C01,MATH,4,4.3,practice_set_3,practice,ps3_c01,current,1,"Translate a changing-quantity context into related variables, rates, a constraint equation, and the specific instant needed for related-rates reasoning.","I can identify changing quantities and rates, write a valid constraint, and prepare a related-rates setup without substituting values too early.",AP Topic 4.4,related_constraint,equation,,Unit 4 Assessment Plan + Course Framework; supplied AP Topic scoring guides consulted for authentic representation/rigor only (no question wording copied).,Tarsia-friendly concise source.
U4-S3-PS3-C02,MATH,4,4.3,practice_set_3,practice,ps3_c02,current,2,"Translate a changing-quantity context into related variables, rates, a constraint equation, and the specific instant needed for related-rates reasoning.","I can identify changing quantities and rates, write a valid constraint, and prepare a related-rates setup without substituting values too early.",AP Topic 4.4,related_setup_product,equation,,Unit 4 Assessment Plan + Course Framework; supplied AP Topic scoring guides consulted for authentic representation/rigor only (no question wording copied).,Tarsia-friendly concise source.
U4-S3-PS3-C03,MATH,4,4.3,practice_set_3,practice,ps3_c03,current,2,"Translate a changing-quantity context into related variables, rates, a constraint equation, and the specific instant needed for related-rates reasoning.","I can identify changing quantities and rates, write a valid constraint, and prepare a related-rates setup without substituting values too early.",AP Topic 4.4,related_setup_circle,equation,,Unit 4 Assessment Plan + Course Framework; supplied AP Topic scoring guides consulted for authentic representation/rigor only (no question wording copied).,Tarsia-friendly concise source.
U4-S3-PS3-C04,MATH,4,4.3,practice_set_3,practice,ps3_c04,current,1,"Translate a changing-quantity context into related variables, rates, a constraint equation, and the specific instant needed for related-rates reasoning.","I can identify changing quantities and rates, write a valid constraint, and prepare a related-rates setup without substituting values too early.",AP Topic 4.4,related_constraint,equation,,Unit 4 Assessment Plan + Course Framework; supplied AP Topic scoring guides consulted for authentic representation/rigor only (no question wording copied).,Tarsia-friendly concise source.
U4-S3-PS3-C05,MATH,4,4.3,practice_set_3,practice,ps3_c05,current,2,"Translate a changing-quantity context into related variables, rates, a constraint equation, and the specific instant needed for related-rates reasoning.","I can identify changing quantities and rates, write a valid constraint, and prepare a related-rates setup without substituting values too early.",AP Topic 4.4,related_setup_product,equation,,Unit 4 Assessment Plan + Course Framework; supplied AP Topic scoring guides consulted for authentic representation/rigor only (no question wording copied).,Tarsia-friendly concise source.
U4-S3-PS3-L01,MATH,4,4.3,practice_set_3,practice,ps3_l01,last,2,"Analyze position, velocity, acceleration, speed, and sign relationships from equations, graphs, tables, and calculator-supported representations.",Retrieve and apply the most recent prerequisite learning.,AP Topic 4.4,motion_sign_analysis,short_response,,Unit 4 Assessment Plan + Course Framework; supplied AP Topic scoring guides consulted for authentic representation/rigor only (no question wording copied).,Tarsia-friendly concise source.
U4-S3-PS3-L02,MATH,4,4.3,practice_set_3,practice,ps3_l02,last,2,"Analyze position, velocity, acceleration, speed, and sign relationships from equations, graphs, tables, and calculator-supported representations.",Retrieve and apply the most recent prerequisite learning.,AP Topic 4.4,motion_sign_analysis,short_response,,Unit 4 Assessment Plan + Course Framework; supplied AP Topic scoring guides consulted for authentic representation/rigor only (no question wording copied).,Tarsia-friendly concise source.
U4-S3-PS3-L03,MATH,4,4.3,practice_set_3,practice,ps3_l03,last,2,"Analyze position, velocity, acceleration, speed, and sign relationships from equations, graphs, tables, and calculator-supported representations.",Retrieve and apply the most recent prerequisite learning.,AP Topic 4.4,motion_sign_analysis,short_response,,Unit 4 Assessment Plan + Course Framework; supplied AP Topic scoring guides consulted for authentic representation/rigor only (no question wording copied).,Tarsia-friendly concise source.
U4-S3-PS3-L04,MATH,4,4.3,practice_set_3,practice,ps3_l04,last,2,"Analyze position, velocity, acceleration, speed, and sign relationships from equations, graphs, tables, and calculator-supported representations.",Retrieve and apply the most recent prerequisite learning.,AP Topic 4.4,motion_sign_analysis,short_response,,Unit 4 Assessment Plan + Course Framework; supplied AP Topic scoring guides consulted for authentic representation/rigor only (no question wording copied).,Tarsia-friendly concise source.
U4-S3-PS3-L05,MATH,4,4.3,practice_set_3,practice,ps3_l05,last,2,"Analyze position, velocity, acceleration, speed, and sign relationships from equations, graphs, tables, and calculator-supported representations.",Retrieve and apply the most recent prerequisite learning.,AP Topic 4.4,motion_sign_analysis,short_response,,Unit 4 Assessment Plan + Course Framework; supplied AP Topic scoring guides consulted for authentic representation/rigor only (no question wording copied).,Tarsia-friendly concise source.
U4-S3-PS3-M01,MATH,4,4.3,practice_set_3,practice,ps3_m01,mastery,2,Derivative notation and rules; graph/table interpretation; units and rate meaning; limit and continuity reasoning when relevant.,Retrieve durable prerequisite learning that supports derivative reasoning.,AP Topic 4.4,derivative_evaluation,numeric,,Unit 4 Assessment Plan + Course Framework; supplied AP Topic scoring guides consulted for authentic representation/rigor only (no question wording copied).,Tarsia-friendly concise source.
U4-S3-PS3-M02,MATH,4,4.3,practice_set_3,practice,ps3_m02,mastery,2,Derivative notation and rules; graph/table interpretation; units and rate meaning; limit and continuity reasoning when relevant.,Retrieve durable prerequisite learning that supports derivative reasoning.,AP Topic 4.4,algebraic_limit,numeric,,Unit 4 Assessment Plan + Course Framework; supplied AP Topic scoring guides consulted for authentic representation/rigor only (no question wording copied).,Tarsia-friendly concise source.
U4-S3-PS3-M03,MATH,4,4.3,practice_set_3,practice,ps3_m03,mastery,1,Derivative notation and rules; graph/table interpretation; units and rate meaning; limit and continuity reasoning when relevant.,Retrieve durable prerequisite learning that supports derivative reasoning.,AP Topic 4.4,derivative_units,short_response,,Unit 4 Assessment Plan + Course Framework; supplied AP Topic scoring guides consulted for authentic representation/rigor only (no question wording copied).,Tarsia-friendly concise source.
U4-S3-PS3-M04,MATH,4,4.3,practice_set_3,practice,ps3_m04,mastery,2,Derivative notation and rules; graph/table interpretation; units and rate meaning; limit and continuity reasoning when relevant.,Retrieve durable prerequisite learning that supports derivative reasoning.,AP Topic 4.4,average_rate,numeric,,Unit 4 Assessment Plan + Course Framework; supplied AP Topic scoring guides consulted for authentic representation/rigor only (no question wording copied).,Tarsia-friendly concise source.
U4-S3-PS3-M05,MATH,4,4.3,practice_set_3,practice,ps3_m05,mastery,2,Derivative notation and rules; graph/table interpretation; units and rate meaning; limit and continuity reasoning when relevant.,Retrieve durable prerequisite learning that supports derivative reasoning.,AP Topic 4.4,product_rule,expression,,Unit 4 Assessment Plan + Course Framework; supplied AP Topic scoring guides consulted for authentic representation/rigor only (no question wording copied).,Tarsia-friendly concise source.
U4-S3-PS3-M06,MATH,4,4.3,practice_set_3,practice,ps3_m06,mastery,2,Derivative notation and rules; graph/table interpretation; units and rate meaning; limit and continuity reasoning when relevant.,Retrieve durable prerequisite learning that supports derivative reasoning.,AP Topic 4.4,derivative_evaluation,numeric,,Unit 4 Assessment Plan + Course Framework; supplied AP Topic scoring guides consulted for authentic representation/rigor only (no question wording copied).,Tarsia-friendly concise source.
U4-S3-PS3-M07,MATH,4,4.3,practice_set_3,practice,ps3_m07,mastery,2,Derivative notation and rules; graph/table interpretation; units and rate meaning; limit and continuity reasoning when relevant.,Retrieve durable prerequisite learning that supports derivative reasoning.,AP Topic 4.4,algebraic_limit,numeric,,Unit 4 Assessment Plan + Course Framework; supplied AP Topic scoring guides consulted for authentic representation/rigor only (no question wording copied).,Tarsia-friendly concise source.
U4-S3-PS3-M08,MATH,4,4.3,practice_set_3,practice,ps3_m08,mastery,1,Derivative notation and rules; graph/table interpretation; units and rate meaning; limit and continuity reasoning when relevant.,Retrieve durable prerequisite learning that supports derivative reasoning.,AP Topic 4.4,derivative_units,short_response,,Unit 4 Assessment Plan + Course Framework; supplied AP Topic scoring guides consulted for authentic representation/rigor only (no question wording copied).,Tarsia-friendly concise source.
U4-S3-PS3-M09,MATH,4,4.3,practice_set_3,practice,ps3_m09,mastery,2,Derivative notation and rules; graph/table interpretation; units and rate meaning; limit and continuity reasoning when relevant.,Retrieve durable prerequisite learning that supports derivative reasoning.,AP Topic 4.4,average_rate,numeric,,Unit 4 Assessment Plan + Course Framework; supplied AP Topic scoring guides consulted for authentic representation/rigor only (no question wording copied).,Tarsia-friendly concise source.
U4-S3-PS3-M10,MATH,4,4.3,practice_set_3,practice,ps3_m10,mastery,2,Derivative notation and rules; graph/table interpretation; units and rate meaning; limit and continuity reasoning when relevant.,Retrieve durable prerequisite learning that supports derivative reasoning.,AP Topic 4.4,product_rule,expression,,Unit 4 Assessment Plan + Course Framework; supplied AP Topic scoring guides consulted for authentic representation/rigor only (no question wording copied).,Tarsia-friendly concise source.
U4-S3-XP-C01,MATH,4,4.3,extra_practice,practice,xp_c01,current,2,"Translate a changing-quantity context into related variables, rates, a constraint equation, and the specific instant needed for related-rates reasoning.","I can identify changing quantities and rates, write a valid constraint, and prepare a related-rates setup without substituting values too early.",AP Topic 4.4,related_setup_cylinder,equation,,Unit 4 Assessment Plan + Course Framework; supplied AP Topic scoring guides consulted for authentic representation/rigor only (no question wording copied).,
U4-S3-XP-C02,MATH,4,4.3,extra_practice,practice,xp_c02,current,2,"Translate a changing-quantity context into related variables, rates, a constraint equation, and the specific instant needed for related-rates reasoning.","I can identify changing quantities and rates, write a valid constraint, and prepare a related-rates setup without substituting values too early.",AP Topic 4.4,related_substitution_timing,constructed_response,,Unit 4 Assessment Plan + Course Framework; supplied AP Topic scoring guides consulted for authentic representation/rigor only (no question wording copied).,
U4-S3-XP-C03,MATH,4,4.3,extra_practice,practice,xp_c03,current,2,"Translate a changing-quantity context into related variables, rates, a constraint equation, and the specific instant needed for related-rates reasoning.","I can identify changing quantities and rates, write a valid constraint, and prepare a related-rates setup without substituting values too early.",AP Topic 4.4,related_setup_product,equation,,Unit 4 Assessment Plan + Course Framework; supplied AP Topic scoring guides consulted for authentic representation/rigor only (no question wording copied).,
U4-S3-XP-C04,MATH,4,4.3,extra_practice,practice,xp_c04,current,3,"Translate a changing-quantity context into related variables, rates, a constraint equation, and the specific instant needed for related-rates reasoning.","I can identify changing quantities and rates, write a valid constraint, and prepare a related-rates setup without substituting values too early.",AP Topic 4.4,related_setup_critique,constructed_response,,Unit 4 Assessment Plan + Course Framework; supplied AP Topic scoring guides consulted for authentic representation/rigor only (no question wording copied).,
U4-S3-XP-C05,MATH,4,4.3,extra_practice,practice,xp_c05,current,1,"Translate a changing-quantity context into related variables, rates, a constraint equation, and the specific instant needed for related-rates reasoning.","I can identify changing quantities and rates, write a valid constraint, and prepare a related-rates setup without substituting values too early.",AP Topic 4.4,related_setup_vocabulary,classification,,Unit 4 Assessment Plan + Course Framework; supplied AP Topic scoring guides consulted for authentic representation/rigor only (no question wording copied).,
U4-S3-XP-L01,MATH,4,4.3,extra_practice,practice,xp_l01,last,2,"Analyze position, velocity, acceleration, speed, and sign relationships from equations, graphs, tables, and calculator-supported representations.",Retrieve and apply the most recent prerequisite learning.,AP Topic 4.4,motion_acceleration,numeric,,Unit 4 Assessment Plan + Course Framework; supplied AP Topic scoring guides consulted for authentic representation/rigor only (no question wording copied).,
U4-S3-XP-L02,MATH,4,4.3,extra_practice,practice,xp_l02,last,1,"Analyze position, velocity, acceleration, speed, and sign relationships from equations, graphs, tables, and calculator-supported representations.",Retrieve and apply the most recent prerequisite learning.,AP Topic 4.4,motion_speed_direction,short_response,,Unit 4 Assessment Plan + Course Framework; supplied AP Topic scoring guides consulted for authentic representation/rigor only (no question wording copied).,
U4-S3-XP-L03,MATH,4,4.3,extra_practice,practice,xp_l03,last,2,"Analyze position, velocity, acceleration, speed, and sign relationships from equations, graphs, tables, and calculator-supported representations.",Retrieve and apply the most recent prerequisite learning.,AP Topic 4.4,motion_sign_analysis,interpretation,,Unit 4 Assessment Plan + Course Framework; supplied AP Topic scoring guides consulted for authentic representation/rigor only (no question wording copied).,
U4-S3-XP-L04,MATH,4,4.3,extra_practice,practice,xp_l04,last,2,"Analyze position, velocity, acceleration, speed, and sign relationships from equations, graphs, tables, and calculator-supported representations.",Retrieve and apply the most recent prerequisite learning.,AP Topic 4.4,motion_table_acceleration,numeric,,Unit 4 Assessment Plan + Course Framework; supplied AP Topic scoring guides consulted for authentic representation/rigor only (no question wording copied).,
U4-S3-XP-L05,MATH,4,4.3,extra_practice,practice,xp_l05,last,2,"Analyze position, velocity, acceleration, speed, and sign relationships from equations, graphs, tables, and calculator-supported representations.",Retrieve and apply the most recent prerequisite learning.,AP Topic 4.4,motion_graph_direction,constructed_response,u4_s3_xp_l05_velocity_graph.png,Unit 4 Assessment Plan + Course Framework; supplied AP Topic scoring guides consulted for authentic representation/rigor only (no question wording copied).,
U4-S3-XP-M01,MATH,4,4.3,extra_practice,practice,xp_m01,mastery,2,Derivative notation and rules; graph/table interpretation; units and rate meaning; limit and continuity reasoning when relevant.,Retrieve durable prerequisite learning that supports derivative reasoning.,AP Topic 4.4,product_rule,expression,,Unit 4 Assessment Plan + Course Framework; supplied AP Topic scoring guides consulted for authentic representation/rigor only (no question wording copied).,
U4-S3-XP-M02,MATH,4,4.3,extra_practice,practice,xp_m02,mastery,2,Derivative notation and rules; graph/table interpretation; units and rate meaning; limit and continuity reasoning when relevant.,Retrieve durable prerequisite learning that supports derivative reasoning.,AP Topic 4.4,quotient_rule,expression,,Unit 4 Assessment Plan + Course Framework; supplied AP Topic scoring guides consulted for authentic representation/rigor only (no question wording copied).,
U4-S3-XP-M03,MATH,4,4.3,extra_practice,practice,xp_m03,mastery,2,Derivative notation and rules; graph/table interpretation; units and rate meaning; limit and continuity reasoning when relevant.,Retrieve durable prerequisite learning that supports derivative reasoning.,AP Topic 4.4,derivative_evaluation,numeric,,Unit 4 Assessment Plan + Course Framework; supplied AP Topic scoring guides consulted for authentic representation/rigor only (no question wording copied).,
U4-S3-XP-M04,MATH,4,4.3,extra_practice,practice,xp_m04,mastery,1,Derivative notation and rules; graph/table interpretation; units and rate meaning; limit and continuity reasoning when relevant.,Retrieve durable prerequisite learning that supports derivative reasoning.,AP Topic 4.4,average_rate,numeric,,Unit 4 Assessment Plan + Course Framework; supplied AP Topic scoring guides consulted for authentic representation/rigor only (no question wording copied).,
U4-S3-XP-M05,MATH,4,4.3,extra_practice,practice,xp_m05,mastery,2,Derivative notation and rules; graph/table interpretation; units and rate meaning; limit and continuity reasoning when relevant.,Retrieve durable prerequisite learning that supports derivative reasoning.,AP Topic 4.4,algebraic_limit,numeric,,Unit 4 Assessment Plan + Course Framework; supplied AP Topic scoring guides consulted for authentic representation/rigor only (no question wording copied).,
U4-S3-XP-M06,MATH,4,4.3,extra_practice,practice,xp_m06,mastery,2,Derivative notation and rules; graph/table interpretation; units and rate meaning; limit and continuity reasoning when relevant.,Retrieve durable prerequisite learning that supports derivative reasoning.,AP Topic 4.4,table_derivative,numeric,,Unit 4 Assessment Plan + Course Framework; supplied AP Topic scoring guides consulted for authentic representation/rigor only (no question wording copied).,
U4-S3-XP-M07,MATH,4,4.3,extra_practice,practice,xp_m07,mastery,1,Derivative notation and rules; graph/table interpretation; units and rate meaning; limit and continuity reasoning when relevant.,Retrieve durable prerequisite learning that supports derivative reasoning.,AP Topic 4.4,derivative_units,short_response,,Unit 4 Assessment Plan + Course Framework; supplied AP Topic scoring guides consulted for authentic representation/rigor only (no question wording copied).,
U4-S3-XP-M08,MATH,4,4.3,extra_practice,practice,xp_m08,mastery,1,Derivative notation and rules; graph/table interpretation; units and rate meaning; limit and continuity reasoning when relevant.,Retrieve durable prerequisite learning that supports derivative reasoning.,AP Topic 4.4,continuity,short_response,,Unit 4 Assessment Plan + Course Framework; supplied AP Topic scoring guides consulted for authentic representation/rigor only (no question wording copied).,
U4-S3-XP-M09,MATH,4,4.3,extra_practice,practice,xp_m09,mastery,2,Derivative notation and rules; graph/table interpretation; units and rate meaning; limit and continuity reasoning when relevant.,Retrieve durable prerequisite learning that supports derivative reasoning.,AP Topic 4.4,product_rule,expression,,Unit 4 Assessment Plan + Course Framework; supplied AP Topic scoring guides consulted for authentic representation/rigor only (no question wording copied).,
U4-S3-XP-M10,MATH,4,4.3,extra_practice,practice,xp_m10,mastery,2,Derivative notation and rules; graph/table interpretation; units and rate meaning; limit and continuity reasoning when relevant.,Retrieve durable prerequisite learning that supports derivative reasoning.,AP Topic 4.4,quotient_rule,expression,,Unit 4 Assessment Plan + Course Framework; supplied AP Topic scoring guides consulted for authentic representation/rigor only (no question wording copied).,
U4-S4-PS1-C01,MATH,4,4.4,practice_set_1,practice,ps1_c01,current,2,"Solve related-rates problems by modeling the quantities, differentiating with respect to time, substituting the instant data, and interpreting the resulting rate with units and direction.",I can solve geometric and physical related-rate contexts and explain the sign and units of the requested rate.,AP Topic 4.5,related_circle_area,numeric,,Unit 4 Assessment Plan + Course Framework; supplied AP Topic scoring guides consulted for authentic representation/rigor only (no question wording copied).,
U4-S4-PS1-C02,MATH,4,4.4,practice_set_1,practice,ps1_c02,current,2,"Solve related-rates problems by modeling the quantities, differentiating with respect to time, substituting the instant data, and interpreting the resulting rate with units and direction.",I can solve geometric and physical related-rate contexts and explain the sign and units of the requested rate.,AP Topic 4.5,related_sphere_volume,numeric,,Unit 4 Assessment Plan + Course Framework; supplied AP Topic scoring guides consulted for authentic representation/rigor only (no question wording copied).,
U4-S4-PS1-C03,MATH,4,4.4,practice_set_1,practice,ps1_c03,current,2,"Solve related-rates problems by modeling the quantities, differentiating with respect to time, substituting the instant data, and interpreting the resulting rate with units and direction.",I can solve geometric and physical related-rate contexts and explain the sign and units of the requested rate.,AP Topic 4.5,related_ladder,numeric,,Unit 4 Assessment Plan + Course Framework; supplied AP Topic scoring guides consulted for authentic representation/rigor only (no question wording copied).,
U4-S4-PS1-C04,MATH,4,4.4,practice_set_1,practice,ps1_c04,current,2,"Solve related-rates problems by modeling the quantities, differentiating with respect to time, substituting the instant data, and interpreting the resulting rate with units and direction.",I can solve geometric and physical related-rate contexts and explain the sign and units of the requested rate.,AP Topic 4.5,related_cylinder,numeric,,Unit 4 Assessment Plan + Course Framework; supplied AP Topic scoring guides consulted for authentic representation/rigor only (no question wording copied).,
U4-S4-PS1-C05,MATH,4,4.4,practice_set_1,practice,ps1_c05,current,2,"Solve related-rates problems by modeling the quantities, differentiating with respect to time, substituting the instant data, and interpreting the resulting rate with units and direction.",I can solve geometric and physical related-rate contexts and explain the sign and units of the requested rate.,AP Topic 4.5,related_rectangle,numeric,,Unit 4 Assessment Plan + Course Framework; supplied AP Topic scoring guides consulted for authentic representation/rigor only (no question wording copied).,
U4-S4-PS1-L01,MATH,4,4.4,practice_set_1,practice,ps1_l01,last,2,"Translate a changing-quantity context into related variables, rates, a constraint equation, and the specific instant needed for related-rates reasoning.",Retrieve and apply the most recent prerequisite learning.,AP Topic 4.5,related_substitution_timing,constructed_response,,Unit 4 Assessment Plan + Course Framework; supplied AP Topic scoring guides consulted for authentic representation/rigor only (no question wording copied).,
U4-S4-PS1-L02,MATH,4,4.4,practice_set_1,practice,ps1_l02,last,2,"Translate a changing-quantity context into related variables, rates, a constraint equation, and the specific instant needed for related-rates reasoning.",Retrieve and apply the most recent prerequisite learning.,AP Topic 4.5,related_setup_product,equation,,Unit 4 Assessment Plan + Course Framework; supplied AP Topic scoring guides consulted for authentic representation/rigor only (no question wording copied).,
U4-S4-PS1-L03,MATH,4,4.4,practice_set_1,practice,ps1_l03,last,3,"Translate a changing-quantity context into related variables, rates, a constraint equation, and the specific instant needed for related-rates reasoning.",Retrieve and apply the most recent prerequisite learning.,AP Topic 4.5,related_setup_critique,constructed_response,,Unit 4 Assessment Plan + Course Framework; supplied AP Topic scoring guides consulted for authentic representation/rigor only (no question wording copied).,
U4-S4-PS1-L04,MATH,4,4.4,practice_set_1,practice,ps1_l04,last,1,"Translate a changing-quantity context into related variables, rates, a constraint equation, and the specific instant needed for related-rates reasoning.",Retrieve and apply the most recent prerequisite learning.,AP Topic 4.5,related_setup_vocabulary,classification,,Unit 4 Assessment Plan + Course Framework; supplied AP Topic scoring guides consulted for authentic representation/rigor only (no question wording copied).,
U4-S4-PS1-L05,MATH,4,4.4,practice_set_1,practice,ps1_l05,last,2,"Translate a changing-quantity context into related variables, rates, a constraint equation, and the specific instant needed for related-rates reasoning.",Retrieve and apply the most recent prerequisite learning.,AP Topic 4.5,related_setup_square,equation,,Unit 4 Assessment Plan + Course Framework; supplied AP Topic scoring guides consulted for authentic representation/rigor only (no question wording copied).,
U4-S4-PS1-M01,MATH,4,4.4,practice_set_1,practice,ps1_m01,mastery,2,Derivative notation and rules; graph/table interpretation; units and rate meaning; limit and continuity reasoning when relevant.,Retrieve durable prerequisite learning that supports derivative reasoning.,AP Topic 4.5,algebraic_limit,numeric,,Unit 4 Assessment Plan + Course Framework; supplied AP Topic scoring guides consulted for authentic representation/rigor only (no question wording copied).,
U4-S4-PS1-M02,MATH,4,4.4,practice_set_1,practice,ps1_m02,mastery,2,Derivative notation and rules; graph/table interpretation; units and rate meaning; limit and continuity reasoning when relevant.,Retrieve durable prerequisite learning that supports derivative reasoning.,AP Topic 4.5,table_derivative,numeric,,Unit 4 Assessment Plan + Course Framework; supplied AP Topic scoring guides consulted for authentic representation/rigor only (no question wording copied).,
U4-S4-PS1-M03,MATH,4,4.4,practice_set_1,practice,ps1_m03,mastery,1,Derivative notation and rules; graph/table interpretation; units and rate meaning; limit and continuity reasoning when relevant.,Retrieve durable prerequisite learning that supports derivative reasoning.,AP Topic 4.5,derivative_units,short_response,,Unit 4 Assessment Plan + Course Framework; supplied AP Topic scoring guides consulted for authentic representation/rigor only (no question wording copied).,
U4-S4-PS1-M04,MATH,4,4.4,practice_set_1,practice,ps1_m04,mastery,1,Derivative notation and rules; graph/table interpretation; units and rate meaning; limit and continuity reasoning when relevant.,Retrieve durable prerequisite learning that supports derivative reasoning.,AP Topic 4.5,continuity,short_response,,Unit 4 Assessment Plan + Course Framework; supplied AP Topic scoring guides consulted for authentic representation/rigor only (no question wording copied).,
U4-S4-PS1-M05,MATH,4,4.4,practice_set_1,practice,ps1_m05,mastery,2,Derivative notation and rules; graph/table interpretation; units and rate meaning; limit and continuity reasoning when relevant.,Retrieve durable prerequisite learning that supports derivative reasoning.,AP Topic 4.5,product_rule,expression,,Unit 4 Assessment Plan + Course Framework; supplied AP Topic scoring guides consulted for authentic representation/rigor only (no question wording copied).,
U4-S4-PS1-M06,MATH,4,4.4,practice_set_1,practice,ps1_m06,mastery,2,Derivative notation and rules; graph/table interpretation; units and rate meaning; limit and continuity reasoning when relevant.,Retrieve durable prerequisite learning that supports derivative reasoning.,AP Topic 4.5,quotient_rule,expression,,Unit 4 Assessment Plan + Course Framework; supplied AP Topic scoring guides consulted for authentic representation/rigor only (no question wording copied).,
U4-S4-PS1-M07,MATH,4,4.4,practice_set_1,practice,ps1_m07,mastery,2,Derivative notation and rules; graph/table interpretation; units and rate meaning; limit and continuity reasoning when relevant.,Retrieve durable prerequisite learning that supports derivative reasoning.,AP Topic 4.5,derivative_evaluation,numeric,,Unit 4 Assessment Plan + Course Framework; supplied AP Topic scoring guides consulted for authentic representation/rigor only (no question wording copied).,
U4-S4-PS1-M08,MATH,4,4.4,practice_set_1,practice,ps1_m08,mastery,1,Derivative notation and rules; graph/table interpretation; units and rate meaning; limit and continuity reasoning when relevant.,Retrieve durable prerequisite learning that supports derivative reasoning.,AP Topic 4.5,average_rate,numeric,,Unit 4 Assessment Plan + Course Framework; supplied AP Topic scoring guides consulted for authentic representation/rigor only (no question wording copied).,
U4-S4-PS1-M09,MATH,4,4.4,practice_set_1,practice,ps1_m09,mastery,2,Derivative notation and rules; graph/table interpretation; units and rate meaning; limit and continuity reasoning when relevant.,Retrieve durable prerequisite learning that supports derivative reasoning.,AP Topic 4.5,algebraic_limit,numeric,,Unit 4 Assessment Plan + Course Framework; supplied AP Topic scoring guides consulted for authentic representation/rigor only (no question wording copied).,
U4-S4-PS1-M10,MATH,4,4.4,practice_set_1,practice,ps1_m10,mastery,2,Derivative notation and rules; graph/table interpretation; units and rate meaning; limit and continuity reasoning when relevant.,Retrieve durable prerequisite learning that supports derivative reasoning.,AP Topic 4.5,table_derivative,numeric,,Unit 4 Assessment Plan + Course Framework; supplied AP Topic scoring guides consulted for authentic representation/rigor only (no question wording copied).,
U4-S4-PS2-C01,MATH,4,4.4,practice_set_2,practice,ps2_c01,current,2,"Solve related-rates problems by modeling the quantities, differentiating with respect to time, substituting the instant data, and interpreting the resulting rate with units and direction.",I can solve geometric and physical related-rate contexts and explain the sign and units of the requested rate.,AP Topic 4.5,related_rectangle,numeric,,Unit 4 Assessment Plan + Course Framework; supplied AP Topic scoring guides consulted for authentic representation/rigor only (no question wording copied).,
U4-S4-PS2-C02,MATH,4,4.4,practice_set_2,practice,ps2_c02,current,3,"Solve related-rates problems by modeling the quantities, differentiating with respect to time, substituting the instant data, and interpreting the resulting rate with units and direction.",I can solve geometric and physical related-rate contexts and explain the sign and units of the requested rate.,AP Topic 4.5,related_sign_critique,constructed_response,,Unit 4 Assessment Plan + Course Framework; supplied AP Topic scoring guides consulted for authentic representation/rigor only (no question wording copied).,
U4-S4-PS2-C03,MATH,4,4.4,practice_set_2,practice,ps2_c03,current,3,"Solve related-rates problems by modeling the quantities, differentiating with respect to time, substituting the instant data, and interpreting the resulting rate with units and direction.",I can solve geometric and physical related-rate contexts and explain the sign and units of the requested rate.,AP Topic 4.5,related_model_choice,constructed_response,,Unit 4 Assessment Plan + Course Framework; supplied AP Topic scoring guides consulted for authentic representation/rigor only (no question wording copied).,
U4-S4-PS2-C04,MATH,4,4.4,practice_set_2,practice,ps2_c04,current,2,"Solve related-rates problems by modeling the quantities, differentiating with respect to time, substituting the instant data, and interpreting the resulting rate with units and direction.",I can solve geometric and physical related-rate contexts and explain the sign and units of the requested rate.,AP Topic 4.5,related_process_explanation,constructed_response,,Unit 4 Assessment Plan + Course Framework; supplied AP Topic scoring guides consulted for authentic representation/rigor only (no question wording copied).,
U4-S4-PS2-C05,MATH,4,4.4,practice_set_2,practice,ps2_c05,current,2,"Solve related-rates problems by modeling the quantities, differentiating with respect to time, substituting the instant data, and interpreting the resulting rate with units and direction.",I can solve geometric and physical related-rate contexts and explain the sign and units of the requested rate.,AP Topic 4.5,related_circle_area,numeric,,Unit 4 Assessment Plan + Course Framework; supplied AP Topic scoring guides consulted for authentic representation/rigor only (no question wording copied).,
U4-S4-PS2-L01,MATH,4,4.4,practice_set_2,practice,ps2_l01,last,2,"Translate a changing-quantity context into related variables, rates, a constraint equation, and the specific instant needed for related-rates reasoning.",Retrieve and apply the most recent prerequisite learning.,AP Topic 4.5,related_setup_square,equation,,Unit 4 Assessment Plan + Course Framework; supplied AP Topic scoring guides consulted for authentic representation/rigor only (no question wording copied).,
U4-S4-PS2-L02,MATH,4,4.4,practice_set_2,practice,ps2_l02,last,2,"Translate a changing-quantity context into related variables, rates, a constraint equation, and the specific instant needed for related-rates reasoning.",Retrieve and apply the most recent prerequisite learning.,AP Topic 4.5,related_setup_ladder,equation,,Unit 4 Assessment Plan + Course Framework; supplied AP Topic scoring guides consulted for authentic representation/rigor only (no question wording copied).,
U4-S4-PS2-L03,MATH,4,4.4,practice_set_2,practice,ps2_l03,last,1,"Translate a changing-quantity context into related variables, rates, a constraint equation, and the specific instant needed for related-rates reasoning.",Retrieve and apply the most recent prerequisite learning.,AP Topic 4.5,related_quantity_rate,classification,,Unit 4 Assessment Plan + Course Framework; supplied AP Topic scoring guides consulted for authentic representation/rigor only (no question wording copied).,
U4-S4-PS2-L04,MATH,4,4.4,practice_set_2,practice,ps2_l04,last,2,"Translate a changing-quantity context into related variables, rates, a constraint equation, and the specific instant needed for related-rates reasoning.",Retrieve and apply the most recent prerequisite learning.,AP Topic 4.5,related_setup_cylinder,equation,,Unit 4 Assessment Plan + Course Framework; supplied AP Topic scoring guides consulted for authentic representation/rigor only (no question wording copied).,
U4-S4-PS2-L05,MATH,4,4.4,practice_set_2,practice,ps2_l05,last,2,"Translate a changing-quantity context into related variables, rates, a constraint equation, and the specific instant needed for related-rates reasoning.",Retrieve and apply the most recent prerequisite learning.,AP Topic 4.5,related_substitution_timing,constructed_response,,Unit 4 Assessment Plan + Course Framework; supplied AP Topic scoring guides consulted for authentic representation/rigor only (no question wording copied).,
U4-S4-PS2-M01,MATH,4,4.4,practice_set_2,practice,ps2_m01,mastery,2,Derivative notation and rules; graph/table interpretation; units and rate meaning; limit and continuity reasoning when relevant.,Retrieve durable prerequisite learning that supports derivative reasoning.,AP Topic 4.5,product_rule,expression,,Unit 4 Assessment Plan + Course Framework; supplied AP Topic scoring guides consulted for authentic representation/rigor only (no question wording copied).,
U4-S4-PS2-M02,MATH,4,4.4,practice_set_2,practice,ps2_m02,mastery,2,Derivative notation and rules; graph/table interpretation; units and rate meaning; limit and continuity reasoning when relevant.,Retrieve durable prerequisite learning that supports derivative reasoning.,AP Topic 4.5,quotient_rule,expression,,Unit 4 Assessment Plan + Course Framework; supplied AP Topic scoring guides consulted for authentic representation/rigor only (no question wording copied).,
U4-S4-PS2-M03,MATH,4,4.4,practice_set_2,practice,ps2_m03,mastery,2,Derivative notation and rules; graph/table interpretation; units and rate meaning; limit and continuity reasoning when relevant.,Retrieve durable prerequisite learning that supports derivative reasoning.,AP Topic 4.5,derivative_evaluation,numeric,,Unit 4 Assessment Plan + Course Framework; supplied AP Topic scoring guides consulted for authentic representation/rigor only (no question wording copied).,
U4-S4-PS2-M04,MATH,4,4.4,practice_set_2,practice,ps2_m04,mastery,1,Derivative notation and rules; graph/table interpretation; units and rate meaning; limit and continuity reasoning when relevant.,Retrieve durable prerequisite learning that supports derivative reasoning.,AP Topic 4.5,average_rate,numeric,,Unit 4 Assessment Plan + Course Framework; supplied AP Topic scoring guides consulted for authentic representation/rigor only (no question wording copied).,
U4-S4-PS2-M05,MATH,4,4.4,practice_set_2,practice,ps2_m05,mastery,2,Derivative notation and rules; graph/table interpretation; units and rate meaning; limit and continuity reasoning when relevant.,Retrieve durable prerequisite learning that supports derivative reasoning.,AP Topic 4.5,algebraic_limit,numeric,,Unit 4 Assessment Plan + Course Framework; supplied AP Topic scoring guides consulted for authentic representation/rigor only (no question wording copied).,
U4-S4-PS2-M06,MATH,4,4.4,practice_set_2,practice,ps2_m06,mastery,2,Derivative notation and rules; graph/table interpretation; units and rate meaning; limit and continuity reasoning when relevant.,Retrieve durable prerequisite learning that supports derivative reasoning.,AP Topic 4.5,table_derivative,numeric,,Unit 4 Assessment Plan + Course Framework; supplied AP Topic scoring guides consulted for authentic representation/rigor only (no question wording copied).,
U4-S4-PS2-M07,MATH,4,4.4,practice_set_2,practice,ps2_m07,mastery,1,Derivative notation and rules; graph/table interpretation; units and rate meaning; limit and continuity reasoning when relevant.,Retrieve durable prerequisite learning that supports derivative reasoning.,AP Topic 4.5,derivative_units,short_response,,Unit 4 Assessment Plan + Course Framework; supplied AP Topic scoring guides consulted for authentic representation/rigor only (no question wording copied).,
U4-S4-PS2-M08,MATH,4,4.4,practice_set_2,practice,ps2_m08,mastery,1,Derivative notation and rules; graph/table interpretation; units and rate meaning; limit and continuity reasoning when relevant.,Retrieve durable prerequisite learning that supports derivative reasoning.,AP Topic 4.5,continuity,short_response,,Unit 4 Assessment Plan + Course Framework; supplied AP Topic scoring guides consulted for authentic representation/rigor only (no question wording copied).,
U4-S4-PS2-M09,MATH,4,4.4,practice_set_2,practice,ps2_m09,mastery,2,Derivative notation and rules; graph/table interpretation; units and rate meaning; limit and continuity reasoning when relevant.,Retrieve durable prerequisite learning that supports derivative reasoning.,AP Topic 4.5,product_rule,expression,,Unit 4 Assessment Plan + Course Framework; supplied AP Topic scoring guides consulted for authentic representation/rigor only (no question wording copied).,
U4-S4-PS2-M10,MATH,4,4.4,practice_set_2,practice,ps2_m10,mastery,2,Derivative notation and rules; graph/table interpretation; units and rate meaning; limit and continuity reasoning when relevant.,Retrieve durable prerequisite learning that supports derivative reasoning.,AP Topic 4.5,quotient_rule,expression,,Unit 4 Assessment Plan + Course Framework; supplied AP Topic scoring guides consulted for authentic representation/rigor only (no question wording copied).,
U4-S4-PS3-C01,MATH,4,4.4,practice_set_3,practice,ps3_c01,current,2,"Solve related-rates problems by modeling the quantities, differentiating with respect to time, substituting the instant data, and interpreting the resulting rate with units and direction.",I can solve geometric and physical related-rate contexts and explain the sign and units of the requested rate.,AP Topic 4.5,related_circle_area,numeric,,Unit 4 Assessment Plan + Course Framework; supplied AP Topic scoring guides consulted for authentic representation/rigor only (no question wording copied).,Tarsia-friendly concise source.
U4-S4-PS3-C02,MATH,4,4.4,practice_set_3,practice,ps3_c02,current,2,"Solve related-rates problems by modeling the quantities, differentiating with respect to time, substituting the instant data, and interpreting the resulting rate with units and direction.",I can solve geometric and physical related-rate contexts and explain the sign and units of the requested rate.,AP Topic 4.5,related_circle_area,numeric,,Unit 4 Assessment Plan + Course Framework; supplied AP Topic scoring guides consulted for authentic representation/rigor only (no question wording copied).,Tarsia-friendly concise source.
U4-S4-PS3-C03,MATH,4,4.4,practice_set_3,practice,ps3_c03,current,2,"Solve related-rates problems by modeling the quantities, differentiating with respect to time, substituting the instant data, and interpreting the resulting rate with units and direction.",I can solve geometric and physical related-rate contexts and explain the sign and units of the requested rate.,AP Topic 4.5,related_circle_area,numeric,,Unit 4 Assessment Plan + Course Framework; supplied AP Topic scoring guides consulted for authentic representation/rigor only (no question wording copied).,Tarsia-friendly concise source.
U4-S4-PS3-C04,MATH,4,4.4,practice_set_3,practice,ps3_c04,current,2,"Solve related-rates problems by modeling the quantities, differentiating with respect to time, substituting the instant data, and interpreting the resulting rate with units and direction.",I can solve geometric and physical related-rate contexts and explain the sign and units of the requested rate.,AP Topic 4.5,related_circle_area,numeric,,Unit 4 Assessment Plan + Course Framework; supplied AP Topic scoring guides consulted for authentic representation/rigor only (no question wording copied).,Tarsia-friendly concise source.
U4-S4-PS3-C05,MATH,4,4.4,practice_set_3,practice,ps3_c05,current,2,"Solve related-rates problems by modeling the quantities, differentiating with respect to time, substituting the instant data, and interpreting the resulting rate with units and direction.",I can solve geometric and physical related-rate contexts and explain the sign and units of the requested rate.,AP Topic 4.5,related_circle_area,numeric,,Unit 4 Assessment Plan + Course Framework; supplied AP Topic scoring guides consulted for authentic representation/rigor only (no question wording copied).,Tarsia-friendly concise source.
U4-S4-PS3-L01,MATH,4,4.4,practice_set_3,practice,ps3_l01,last,2,"Translate a changing-quantity context into related variables, rates, a constraint equation, and the specific instant needed for related-rates reasoning.",Retrieve and apply the most recent prerequisite learning.,AP Topic 4.5,related_setup_circle,equation,,Unit 4 Assessment Plan + Course Framework; supplied AP Topic scoring guides consulted for authentic representation/rigor only (no question wording copied).,Tarsia-friendly concise source.
U4-S4-PS3-L02,MATH,4,4.4,practice_set_3,practice,ps3_l02,last,1,"Translate a changing-quantity context into related variables, rates, a constraint equation, and the specific instant needed for related-rates reasoning.",Retrieve and apply the most recent prerequisite learning.,AP Topic 4.5,related_constraint,equation,,Unit 4 Assessment Plan + Course Framework; supplied AP Topic scoring guides consulted for authentic representation/rigor only (no question wording copied).,Tarsia-friendly concise source.
U4-S4-PS3-L03,MATH,4,4.4,practice_set_3,practice,ps3_l03,last,2,"Translate a changing-quantity context into related variables, rates, a constraint equation, and the specific instant needed for related-rates reasoning.",Retrieve and apply the most recent prerequisite learning.,AP Topic 4.5,related_setup_product,equation,,Unit 4 Assessment Plan + Course Framework; supplied AP Topic scoring guides consulted for authentic representation/rigor only (no question wording copied).,Tarsia-friendly concise source.
U4-S4-PS3-L04,MATH,4,4.4,practice_set_3,practice,ps3_l04,last,2,"Translate a changing-quantity context into related variables, rates, a constraint equation, and the specific instant needed for related-rates reasoning.",Retrieve and apply the most recent prerequisite learning.,AP Topic 4.5,related_setup_circle,equation,,Unit 4 Assessment Plan + Course Framework; supplied AP Topic scoring guides consulted for authentic representation/rigor only (no question wording copied).,Tarsia-friendly concise source.
U4-S4-PS3-L05,MATH,4,4.4,practice_set_3,practice,ps3_l05,last,1,"Translate a changing-quantity context into related variables, rates, a constraint equation, and the specific instant needed for related-rates reasoning.",Retrieve and apply the most recent prerequisite learning.,AP Topic 4.5,related_constraint,equation,,Unit 4 Assessment Plan + Course Framework; supplied AP Topic scoring guides consulted for authentic representation/rigor only (no question wording copied).,Tarsia-friendly concise source.
U4-S4-PS3-M01,MATH,4,4.4,practice_set_3,practice,ps3_m01,mastery,2,Derivative notation and rules; graph/table interpretation; units and rate meaning; limit and continuity reasoning when relevant.,Retrieve durable prerequisite learning that supports derivative reasoning.,AP Topic 4.5,derivative_evaluation,numeric,,Unit 4 Assessment Plan + Course Framework; supplied AP Topic scoring guides consulted for authentic representation/rigor only (no question wording copied).,Tarsia-friendly concise source.
U4-S4-PS3-M02,MATH,4,4.4,practice_set_3,practice,ps3_m02,mastery,2,Derivative notation and rules; graph/table interpretation; units and rate meaning; limit and continuity reasoning when relevant.,Retrieve durable prerequisite learning that supports derivative reasoning.,AP Topic 4.5,algebraic_limit,numeric,,Unit 4 Assessment Plan + Course Framework; supplied AP Topic scoring guides consulted for authentic representation/rigor only (no question wording copied).,Tarsia-friendly concise source.
U4-S4-PS3-M03,MATH,4,4.4,practice_set_3,practice,ps3_m03,mastery,1,Derivative notation and rules; graph/table interpretation; units and rate meaning; limit and continuity reasoning when relevant.,Retrieve durable prerequisite learning that supports derivative reasoning.,AP Topic 4.5,derivative_units,short_response,,Unit 4 Assessment Plan + Course Framework; supplied AP Topic scoring guides consulted for authentic representation/rigor only (no question wording copied).,Tarsia-friendly concise source.
U4-S4-PS3-M04,MATH,4,4.4,practice_set_3,practice,ps3_m04,mastery,2,Derivative notation and rules; graph/table interpretation; units and rate meaning; limit and continuity reasoning when relevant.,Retrieve durable prerequisite learning that supports derivative reasoning.,AP Topic 4.5,average_rate,numeric,,Unit 4 Assessment Plan + Course Framework; supplied AP Topic scoring guides consulted for authentic representation/rigor only (no question wording copied).,Tarsia-friendly concise source.
U4-S4-PS3-M05,MATH,4,4.4,practice_set_3,practice,ps3_m05,mastery,2,Derivative notation and rules; graph/table interpretation; units and rate meaning; limit and continuity reasoning when relevant.,Retrieve durable prerequisite learning that supports derivative reasoning.,AP Topic 4.5,product_rule,expression,,Unit 4 Assessment Plan + Course Framework; supplied AP Topic scoring guides consulted for authentic representation/rigor only (no question wording copied).,Tarsia-friendly concise source.
U4-S4-PS3-M06,MATH,4,4.4,practice_set_3,practice,ps3_m06,mastery,2,Derivative notation and rules; graph/table interpretation; units and rate meaning; limit and continuity reasoning when relevant.,Retrieve durable prerequisite learning that supports derivative reasoning.,AP Topic 4.5,derivative_evaluation,numeric,,Unit 4 Assessment Plan + Course Framework; supplied AP Topic scoring guides consulted for authentic representation/rigor only (no question wording copied).,Tarsia-friendly concise source.
U4-S4-PS3-M07,MATH,4,4.4,practice_set_3,practice,ps3_m07,mastery,2,Derivative notation and rules; graph/table interpretation; units and rate meaning; limit and continuity reasoning when relevant.,Retrieve durable prerequisite learning that supports derivative reasoning.,AP Topic 4.5,algebraic_limit,numeric,,Unit 4 Assessment Plan + Course Framework; supplied AP Topic scoring guides consulted for authentic representation/rigor only (no question wording copied).,Tarsia-friendly concise source.
U4-S4-PS3-M08,MATH,4,4.4,practice_set_3,practice,ps3_m08,mastery,1,Derivative notation and rules; graph/table interpretation; units and rate meaning; limit and continuity reasoning when relevant.,Retrieve durable prerequisite learning that supports derivative reasoning.,AP Topic 4.5,derivative_units,short_response,,Unit 4 Assessment Plan + Course Framework; supplied AP Topic scoring guides consulted for authentic representation/rigor only (no question wording copied).,Tarsia-friendly concise source.
U4-S4-PS3-M09,MATH,4,4.4,practice_set_3,practice,ps3_m09,mastery,2,Derivative notation and rules; graph/table interpretation; units and rate meaning; limit and continuity reasoning when relevant.,Retrieve durable prerequisite learning that supports derivative reasoning.,AP Topic 4.5,average_rate,numeric,,Unit 4 Assessment Plan + Course Framework; supplied AP Topic scoring guides consulted for authentic representation/rigor only (no question wording copied).,Tarsia-friendly concise source.
U4-S4-PS3-M10,MATH,4,4.4,practice_set_3,practice,ps3_m10,mastery,2,Derivative notation and rules; graph/table interpretation; units and rate meaning; limit and continuity reasoning when relevant.,Retrieve durable prerequisite learning that supports derivative reasoning.,AP Topic 4.5,product_rule,expression,,Unit 4 Assessment Plan + Course Framework; supplied AP Topic scoring guides consulted for authentic representation/rigor only (no question wording copied).,Tarsia-friendly concise source.
U4-S4-XP-C01,MATH,4,4.4,extra_practice,practice,xp_c01,current,2,"Solve related-rates problems by modeling the quantities, differentiating with respect to time, substituting the instant data, and interpreting the resulting rate with units and direction.",I can solve geometric and physical related-rate contexts and explain the sign and units of the requested rate.,AP Topic 4.5,related_rectangle,numeric,,Unit 4 Assessment Plan + Course Framework; supplied AP Topic scoring guides consulted for authentic representation/rigor only (no question wording copied).,
U4-S4-XP-C02,MATH,4,4.4,extra_practice,practice,xp_c02,current,3,"Solve related-rates problems by modeling the quantities, differentiating with respect to time, substituting the instant data, and interpreting the resulting rate with units and direction.",I can solve geometric and physical related-rate contexts and explain the sign and units of the requested rate.,AP Topic 4.5,related_sign_critique,constructed_response,,Unit 4 Assessment Plan + Course Framework; supplied AP Topic scoring guides consulted for authentic representation/rigor only (no question wording copied).,
U4-S4-XP-C03,MATH,4,4.4,extra_practice,practice,xp_c03,current,3,"Solve related-rates problems by modeling the quantities, differentiating with respect to time, substituting the instant data, and interpreting the resulting rate with units and direction.",I can solve geometric and physical related-rate contexts and explain the sign and units of the requested rate.,AP Topic 4.5,related_model_choice,constructed_response,,Unit 4 Assessment Plan + Course Framework; supplied AP Topic scoring guides consulted for authentic representation/rigor only (no question wording copied).,
U4-S4-XP-C04,MATH,4,4.4,extra_practice,practice,xp_c04,current,2,"Solve related-rates problems by modeling the quantities, differentiating with respect to time, substituting the instant data, and interpreting the resulting rate with units and direction.",I can solve geometric and physical related-rate contexts and explain the sign and units of the requested rate.,AP Topic 4.5,related_process_explanation,constructed_response,,Unit 4 Assessment Plan + Course Framework; supplied AP Topic scoring guides consulted for authentic representation/rigor only (no question wording copied).,
U4-S4-XP-C05,MATH,4,4.4,extra_practice,practice,xp_c05,current,2,"Solve related-rates problems by modeling the quantities, differentiating with respect to time, substituting the instant data, and interpreting the resulting rate with units and direction.",I can solve geometric and physical related-rate contexts and explain the sign and units of the requested rate.,AP Topic 4.5,related_circle_area,numeric,,Unit 4 Assessment Plan + Course Framework; supplied AP Topic scoring guides consulted for authentic representation/rigor only (no question wording copied).,
U4-S4-XP-L01,MATH,4,4.4,extra_practice,practice,xp_l01,last,2,"Translate a changing-quantity context into related variables, rates, a constraint equation, and the specific instant needed for related-rates reasoning.",Retrieve and apply the most recent prerequisite learning.,AP Topic 4.5,related_setup_square,equation,,Unit 4 Assessment Plan + Course Framework; supplied AP Topic scoring guides consulted for authentic representation/rigor only (no question wording copied).,
U4-S4-XP-L02,MATH,4,4.4,extra_practice,practice,xp_l02,last,2,"Translate a changing-quantity context into related variables, rates, a constraint equation, and the specific instant needed for related-rates reasoning.",Retrieve and apply the most recent prerequisite learning.,AP Topic 4.5,related_setup_ladder,equation,,Unit 4 Assessment Plan + Course Framework; supplied AP Topic scoring guides consulted for authentic representation/rigor only (no question wording copied).,
U4-S4-XP-L03,MATH,4,4.4,extra_practice,practice,xp_l03,last,1,"Translate a changing-quantity context into related variables, rates, a constraint equation, and the specific instant needed for related-rates reasoning.",Retrieve and apply the most recent prerequisite learning.,AP Topic 4.5,related_quantity_rate,classification,,Unit 4 Assessment Plan + Course Framework; supplied AP Topic scoring guides consulted for authentic representation/rigor only (no question wording copied).,
U4-S4-XP-L04,MATH,4,4.4,extra_practice,practice,xp_l04,last,2,"Translate a changing-quantity context into related variables, rates, a constraint equation, and the specific instant needed for related-rates reasoning.",Retrieve and apply the most recent prerequisite learning.,AP Topic 4.5,related_setup_cylinder,equation,,Unit 4 Assessment Plan + Course Framework; supplied AP Topic scoring guides consulted for authentic representation/rigor only (no question wording copied).,
U4-S4-XP-L05,MATH,4,4.4,extra_practice,practice,xp_l05,last,2,"Translate a changing-quantity context into related variables, rates, a constraint equation, and the specific instant needed for related-rates reasoning.",Retrieve and apply the most recent prerequisite learning.,AP Topic 4.5,related_substitution_timing,constructed_response,,Unit 4 Assessment Plan + Course Framework; supplied AP Topic scoring guides consulted for authentic representation/rigor only (no question wording copied).,
U4-S4-XP-M01,MATH,4,4.4,extra_practice,practice,xp_m01,mastery,2,Derivative notation and rules; graph/table interpretation; units and rate meaning; limit and continuity reasoning when relevant.,Retrieve durable prerequisite learning that supports derivative reasoning.,AP Topic 4.5,product_rule,expression,,Unit 4 Assessment Plan + Course Framework; supplied AP Topic scoring guides consulted for authentic representation/rigor only (no question wording copied).,
U4-S4-XP-M02,MATH,4,4.4,extra_practice,practice,xp_m02,mastery,2,Derivative notation and rules; graph/table interpretation; units and rate meaning; limit and continuity reasoning when relevant.,Retrieve durable prerequisite learning that supports derivative reasoning.,AP Topic 4.5,quotient_rule,expression,,Unit 4 Assessment Plan + Course Framework; supplied AP Topic scoring guides consulted for authentic representation/rigor only (no question wording copied).,
U4-S4-XP-M03,MATH,4,4.4,extra_practice,practice,xp_m03,mastery,2,Derivative notation and rules; graph/table interpretation; units and rate meaning; limit and continuity reasoning when relevant.,Retrieve durable prerequisite learning that supports derivative reasoning.,AP Topic 4.5,derivative_evaluation,numeric,,Unit 4 Assessment Plan + Course Framework; supplied AP Topic scoring guides consulted for authentic representation/rigor only (no question wording copied).,
U4-S4-XP-M04,MATH,4,4.4,extra_practice,practice,xp_m04,mastery,1,Derivative notation and rules; graph/table interpretation; units and rate meaning; limit and continuity reasoning when relevant.,Retrieve durable prerequisite learning that supports derivative reasoning.,AP Topic 4.5,average_rate,numeric,,Unit 4 Assessment Plan + Course Framework; supplied AP Topic scoring guides consulted for authentic representation/rigor only (no question wording copied).,
U4-S4-XP-M05,MATH,4,4.4,extra_practice,practice,xp_m05,mastery,2,Derivative notation and rules; graph/table interpretation; units and rate meaning; limit and continuity reasoning when relevant.,Retrieve durable prerequisite learning that supports derivative reasoning.,AP Topic 4.5,algebraic_limit,numeric,,Unit 4 Assessment Plan + Course Framework; supplied AP Topic scoring guides consulted for authentic representation/rigor only (no question wording copied).,
U4-S4-XP-M06,MATH,4,4.4,extra_practice,practice,xp_m06,mastery,2,Derivative notation and rules; graph/table interpretation; units and rate meaning; limit and continuity reasoning when relevant.,Retrieve durable prerequisite learning that supports derivative reasoning.,AP Topic 4.5,table_derivative,numeric,,Unit 4 Assessment Plan + Course Framework; supplied AP Topic scoring guides consulted for authentic representation/rigor only (no question wording copied).,
U4-S4-XP-M07,MATH,4,4.4,extra_practice,practice,xp_m07,mastery,1,Derivative notation and rules; graph/table interpretation; units and rate meaning; limit and continuity reasoning when relevant.,Retrieve durable prerequisite learning that supports derivative reasoning.,AP Topic 4.5,derivative_units,short_response,,Unit 4 Assessment Plan + Course Framework; supplied AP Topic scoring guides consulted for authentic representation/rigor only (no question wording copied).,
U4-S4-XP-M08,MATH,4,4.4,extra_practice,practice,xp_m08,mastery,1,Derivative notation and rules; graph/table interpretation; units and rate meaning; limit and continuity reasoning when relevant.,Retrieve durable prerequisite learning that supports derivative reasoning.,AP Topic 4.5,continuity,short_response,,Unit 4 Assessment Plan + Course Framework; supplied AP Topic scoring guides consulted for authentic representation/rigor only (no question wording copied).,
U4-S4-XP-M09,MATH,4,4.4,extra_practice,practice,xp_m09,mastery,2,Derivative notation and rules; graph/table interpretation; units and rate meaning; limit and continuity reasoning when relevant.,Retrieve durable prerequisite learning that supports derivative reasoning.,AP Topic 4.5,product_rule,expression,,Unit 4 Assessment Plan + Course Framework; supplied AP Topic scoring guides consulted for authentic representation/rigor only (no question wording copied).,
U4-S4-XP-M10,MATH,4,4.4,extra_practice,practice,xp_m10,mastery,2,Derivative notation and rules; graph/table interpretation; units and rate meaning; limit and continuity reasoning when relevant.,Retrieve durable prerequisite learning that supports derivative reasoning.,AP Topic 4.5,quotient_rule,expression,,Unit 4 Assessment Plan + Course Framework; supplied AP Topic scoring guides consulted for authentic representation/rigor only (no question wording copied).,
U4-S5-PS1-C01,MATH,4,4.5,practice_set_1,practice,ps1_c01,current,2,Use local linearity for tangent-line approximation and apply L'Hospital's Rule only to appropriate indeterminate forms when its conditions are satisfied.,"I can build and use a linearization, discuss local approximation behavior, and decide whether L'Hospital's Rule is justified before applying it.","AP Topics 4.6, 4.7",linearization_data,numeric,,Unit 4 Assessment Plan + Course Framework; supplied AP Topic scoring guides consulted for authentic representation/rigor only (no question wording copied).,
U4-S5-PS1-C02,MATH,4,4.5,practice_set_1,practice,ps1_c02,current,2,Use local linearity for tangent-line approximation and apply L'Hospital's Rule only to appropriate indeterminate forms when its conditions are satisfied.,"I can build and use a linearization, discuss local approximation behavior, and decide whether L'Hospital's Rule is justified before applying it.","AP Topics 4.6, 4.7",linearization_sqrt,numeric,,Unit 4 Assessment Plan + Course Framework; supplied AP Topic scoring guides consulted for authentic representation/rigor only (no question wording copied).,
U4-S5-PS1-C03,MATH,4,4.5,practice_set_1,practice,ps1_c03,current,2,Use local linearity for tangent-line approximation and apply L'Hospital's Rule only to appropriate indeterminate forms when its conditions are satisfied.,"I can build and use a linearization, discuss local approximation behavior, and decide whether L'Hospital's Rule is justified before applying it.","AP Topics 4.6, 4.7",linearization_locality,constructed_response,u4_s5_ps1_c03_local_linearity.png,Unit 4 Assessment Plan + Course Framework; supplied AP Topic scoring guides consulted for authentic representation/rigor only (no question wording copied).,
U4-S5-PS1-C04,MATH,4,4.5,practice_set_1,practice,ps1_c04,current,1,Use local linearity for tangent-line approximation and apply L'Hospital's Rule only to appropriate indeterminate forms when its conditions are satisfied.,"I can build and use a linearization, discuss local approximation behavior, and decide whether L'Hospital's Rule is justified before applying it.","AP Topics 4.6, 4.7",lhopital_form_recognition,classification,,Unit 4 Assessment Plan + Course Framework; supplied AP Topic scoring guides consulted for authentic representation/rigor only (no question wording copied).,
U4-S5-PS1-C05,MATH,4,4.5,practice_set_1,practice,ps1_c05,current,2,Use local linearity for tangent-line approximation and apply L'Hospital's Rule only to appropriate indeterminate forms when its conditions are satisfied.,"I can build and use a linearization, discuss local approximation behavior, and decide whether L'Hospital's Rule is justified before applying it.","AP Topics 4.6, 4.7",lhopital_zero_zero,numeric,,Unit 4 Assessment Plan + Course Framework; supplied AP Topic scoring guides consulted for authentic representation/rigor only (no question wording copied).,
U4-S5-PS1-L01,MATH,4,4.5,practice_set_1,practice,ps1_l01,last,3,"Solve related-rates problems by modeling the quantities, differentiating with respect to time, substituting the instant data, and interpreting the resulting rate with units and direction.",Retrieve and apply the most recent prerequisite learning.,"AP Topics 4.6, 4.7",related_sign_critique,constructed_response,,Unit 4 Assessment Plan + Course Framework; supplied AP Topic scoring guides consulted for authentic representation/rigor only (no question wording copied).,
U4-S5-PS1-L02,MATH,4,4.5,practice_set_1,practice,ps1_l02,last,3,"Solve related-rates problems by modeling the quantities, differentiating with respect to time, substituting the instant data, and interpreting the resulting rate with units and direction.",Retrieve and apply the most recent prerequisite learning.,"AP Topics 4.6, 4.7",related_model_choice,constructed_response,,Unit 4 Assessment Plan + Course Framework; supplied AP Topic scoring guides consulted for authentic representation/rigor only (no question wording copied).,
U4-S5-PS1-L03,MATH,4,4.5,practice_set_1,practice,ps1_l03,last,2,"Solve related-rates problems by modeling the quantities, differentiating with respect to time, substituting the instant data, and interpreting the resulting rate with units and direction.",Retrieve and apply the most recent prerequisite learning.,"AP Topics 4.6, 4.7",related_process_explanation,constructed_response,,Unit 4 Assessment Plan + Course Framework; supplied AP Topic scoring guides consulted for authentic representation/rigor only (no question wording copied).,
U4-S5-PS1-L04,MATH,4,4.5,practice_set_1,practice,ps1_l04,last,2,"Solve related-rates problems by modeling the quantities, differentiating with respect to time, substituting the instant data, and interpreting the resulting rate with units and direction.",Retrieve and apply the most recent prerequisite learning.,"AP Topics 4.6, 4.7",related_circle_area,numeric,,Unit 4 Assessment Plan + Course Framework; supplied AP Topic scoring guides consulted for authentic representation/rigor only (no question wording copied).,
U4-S5-PS1-L05,MATH,4,4.5,practice_set_1,practice,ps1_l05,last,2,"Solve related-rates problems by modeling the quantities, differentiating with respect to time, substituting the instant data, and interpreting the resulting rate with units and direction.",Retrieve and apply the most recent prerequisite learning.,"AP Topics 4.6, 4.7",related_sphere_volume,numeric,,Unit 4 Assessment Plan + Course Framework; supplied AP Topic scoring guides consulted for authentic representation/rigor only (no question wording copied).,
U4-S5-PS1-M01,MATH,4,4.5,practice_set_1,practice,ps1_m01,mastery,2,Derivative notation and rules; graph/table interpretation; units and rate meaning; limit and continuity reasoning when relevant.,Retrieve durable prerequisite learning that supports derivative reasoning.,"AP Topics 4.6, 4.7",algebraic_limit,numeric,,Unit 4 Assessment Plan + Course Framework; supplied AP Topic scoring guides consulted for authentic representation/rigor only (no question wording copied).,
U4-S5-PS1-M02,MATH,4,4.5,practice_set_1,practice,ps1_m02,mastery,2,Derivative notation and rules; graph/table interpretation; units and rate meaning; limit and continuity reasoning when relevant.,Retrieve durable prerequisite learning that supports derivative reasoning.,"AP Topics 4.6, 4.7",table_derivative,numeric,,Unit 4 Assessment Plan + Course Framework; supplied AP Topic scoring guides consulted for authentic representation/rigor only (no question wording copied).,
U4-S5-PS1-M03,MATH,4,4.5,practice_set_1,practice,ps1_m03,mastery,1,Derivative notation and rules; graph/table interpretation; units and rate meaning; limit and continuity reasoning when relevant.,Retrieve durable prerequisite learning that supports derivative reasoning.,"AP Topics 4.6, 4.7",derivative_units,short_response,,Unit 4 Assessment Plan + Course Framework; supplied AP Topic scoring guides consulted for authentic representation/rigor only (no question wording copied).,
U4-S5-PS1-M04,MATH,4,4.5,practice_set_1,practice,ps1_m04,mastery,1,Derivative notation and rules; graph/table interpretation; units and rate meaning; limit and continuity reasoning when relevant.,Retrieve durable prerequisite learning that supports derivative reasoning.,"AP Topics 4.6, 4.7",continuity,short_response,,Unit 4 Assessment Plan + Course Framework; supplied AP Topic scoring guides consulted for authentic representation/rigor only (no question wording copied).,
U4-S5-PS1-M05,MATH,4,4.5,practice_set_1,practice,ps1_m05,mastery,2,Derivative notation and rules; graph/table interpretation; units and rate meaning; limit and continuity reasoning when relevant.,Retrieve durable prerequisite learning that supports derivative reasoning.,"AP Topics 4.6, 4.7",product_rule,expression,,Unit 4 Assessment Plan + Course Framework; supplied AP Topic scoring guides consulted for authentic representation/rigor only (no question wording copied).,
U4-S5-PS1-M06,MATH,4,4.5,practice_set_1,practice,ps1_m06,mastery,2,Derivative notation and rules; graph/table interpretation; units and rate meaning; limit and continuity reasoning when relevant.,Retrieve durable prerequisite learning that supports derivative reasoning.,"AP Topics 4.6, 4.7",quotient_rule,expression,,Unit 4 Assessment Plan + Course Framework; supplied AP Topic scoring guides consulted for authentic representation/rigor only (no question wording copied).,
U4-S5-PS1-M07,MATH,4,4.5,practice_set_1,practice,ps1_m07,mastery,2,Derivative notation and rules; graph/table interpretation; units and rate meaning; limit and continuity reasoning when relevant.,Retrieve durable prerequisite learning that supports derivative reasoning.,"AP Topics 4.6, 4.7",derivative_evaluation,numeric,,Unit 4 Assessment Plan + Course Framework; supplied AP Topic scoring guides consulted for authentic representation/rigor only (no question wording copied).,
U4-S5-PS1-M08,MATH,4,4.5,practice_set_1,practice,ps1_m08,mastery,1,Derivative notation and rules; graph/table interpretation; units and rate meaning; limit and continuity reasoning when relevant.,Retrieve durable prerequisite learning that supports derivative reasoning.,"AP Topics 4.6, 4.7",average_rate,numeric,,Unit 4 Assessment Plan + Course Framework; supplied AP Topic scoring guides consulted for authentic representation/rigor only (no question wording copied).,
U4-S5-PS1-M09,MATH,4,4.5,practice_set_1,practice,ps1_m09,mastery,2,Derivative notation and rules; graph/table interpretation; units and rate meaning; limit and continuity reasoning when relevant.,Retrieve durable prerequisite learning that supports derivative reasoning.,"AP Topics 4.6, 4.7",algebraic_limit,numeric,,Unit 4 Assessment Plan + Course Framework; supplied AP Topic scoring guides consulted for authentic representation/rigor only (no question wording copied).,
U4-S5-PS1-M10,MATH,4,4.5,practice_set_1,practice,ps1_m10,mastery,2,Derivative notation and rules; graph/table interpretation; units and rate meaning; limit and continuity reasoning when relevant.,Retrieve durable prerequisite learning that supports derivative reasoning.,"AP Topics 4.6, 4.7",table_derivative,numeric,,Unit 4 Assessment Plan + Course Framework; supplied AP Topic scoring guides consulted for authentic representation/rigor only (no question wording copied).,
U4-S5-PS2-C01,MATH,4,4.5,practice_set_2,practice,ps2_c01,current,2,Use local linearity for tangent-line approximation and apply L'Hospital's Rule only to appropriate indeterminate forms when its conditions are satisfied.,"I can build and use a linearization, discuss local approximation behavior, and decide whether L'Hospital's Rule is justified before applying it.","AP Topics 4.6, 4.7",lhopital_zero_zero,numeric,,Unit 4 Assessment Plan + Course Framework; supplied AP Topic scoring guides consulted for authentic representation/rigor only (no question wording copied).,
U4-S5-PS2-C02,MATH,4,4.5,practice_set_2,practice,ps2_c02,current,2,Use local linearity for tangent-line approximation and apply L'Hospital's Rule only to appropriate indeterminate forms when its conditions are satisfied.,"I can build and use a linearization, discuss local approximation behavior, and decide whether L'Hospital's Rule is justified before applying it.","AP Topics 4.6, 4.7",lhopital_infinity,numeric,,Unit 4 Assessment Plan + Course Framework; supplied AP Topic scoring guides consulted for authentic representation/rigor only (no question wording copied).,
U4-S5-PS2-C03,MATH,4,4.5,practice_set_2,practice,ps2_c03,current,3,Use local linearity for tangent-line approximation and apply L'Hospital's Rule only to appropriate indeterminate forms when its conditions are satisfied.,"I can build and use a linearization, discuss local approximation behavior, and decide whether L'Hospital's Rule is justified before applying it.","AP Topics 4.6, 4.7",lhopital_conditions_critique,constructed_response,,Unit 4 Assessment Plan + Course Framework; supplied AP Topic scoring guides consulted for authentic representation/rigor only (no question wording copied).,
U4-S5-PS2-C04,MATH,4,4.5,practice_set_2,practice,ps2_c04,current,3,Use local linearity for tangent-line approximation and apply L'Hospital's Rule only to appropriate indeterminate forms when its conditions are satisfied.,"I can build and use a linearization, discuss local approximation behavior, and decide whether L'Hospital's Rule is justified before applying it.","AP Topics 4.6, 4.7",method_conditions_compare,constructed_response,,Unit 4 Assessment Plan + Course Framework; supplied AP Topic scoring guides consulted for authentic representation/rigor only (no question wording copied).,
U4-S5-PS2-C05,MATH,4,4.5,practice_set_2,practice,ps2_c05,current,2,Use local linearity for tangent-line approximation and apply L'Hospital's Rule only to appropriate indeterminate forms when its conditions are satisfied.,"I can build and use a linearization, discuss local approximation behavior, and decide whether L'Hospital's Rule is justified before applying it.","AP Topics 4.6, 4.7",linearization_data,numeric,,Unit 4 Assessment Plan + Course Framework; supplied AP Topic scoring guides consulted for authentic representation/rigor only (no question wording copied).,
U4-S5-PS2-L01,MATH,4,4.5,practice_set_2,practice,ps2_l01,last,2,"Solve related-rates problems by modeling the quantities, differentiating with respect to time, substituting the instant data, and interpreting the resulting rate with units and direction.",Retrieve and apply the most recent prerequisite learning.,"AP Topics 4.6, 4.7",related_sphere_volume,numeric,,Unit 4 Assessment Plan + Course Framework; supplied AP Topic scoring guides consulted for authentic representation/rigor only (no question wording copied).,
U4-S5-PS2-L02,MATH,4,4.5,practice_set_2,practice,ps2_l02,last,2,"Solve related-rates problems by modeling the quantities, differentiating with respect to time, substituting the instant data, and interpreting the resulting rate with units and direction.",Retrieve and apply the most recent prerequisite learning.,"AP Topics 4.6, 4.7",related_ladder,numeric,,Unit 4 Assessment Plan + Course Framework; supplied AP Topic scoring guides consulted for authentic representation/rigor only (no question wording copied).,
U4-S5-PS2-L03,MATH,4,4.5,practice_set_2,practice,ps2_l03,last,2,"Solve related-rates problems by modeling the quantities, differentiating with respect to time, substituting the instant data, and interpreting the resulting rate with units and direction.",Retrieve and apply the most recent prerequisite learning.,"AP Topics 4.6, 4.7",related_cylinder,numeric,,Unit 4 Assessment Plan + Course Framework; supplied AP Topic scoring guides consulted for authentic representation/rigor only (no question wording copied).,
U4-S5-PS2-L04,MATH,4,4.5,practice_set_2,practice,ps2_l04,last,2,"Solve related-rates problems by modeling the quantities, differentiating with respect to time, substituting the instant data, and interpreting the resulting rate with units and direction.",Retrieve and apply the most recent prerequisite learning.,"AP Topics 4.6, 4.7",related_rectangle,numeric,,Unit 4 Assessment Plan + Course Framework; supplied AP Topic scoring guides consulted for authentic representation/rigor only (no question wording copied).,
U4-S5-PS2-L05,MATH,4,4.5,practice_set_2,practice,ps2_l05,last,3,"Solve related-rates problems by modeling the quantities, differentiating with respect to time, substituting the instant data, and interpreting the resulting rate with units and direction.",Retrieve and apply the most recent prerequisite learning.,"AP Topics 4.6, 4.7",related_sign_critique,constructed_response,,Unit 4 Assessment Plan + Course Framework; supplied AP Topic scoring guides consulted for authentic representation/rigor only (no question wording copied).,
U4-S5-PS2-M01,MATH,4,4.5,practice_set_2,practice,ps2_m01,mastery,2,Derivative notation and rules; graph/table interpretation; units and rate meaning; limit and continuity reasoning when relevant.,Retrieve durable prerequisite learning that supports derivative reasoning.,"AP Topics 4.6, 4.7",product_rule,expression,,Unit 4 Assessment Plan + Course Framework; supplied AP Topic scoring guides consulted for authentic representation/rigor only (no question wording copied).,
U4-S5-PS2-M02,MATH,4,4.5,practice_set_2,practice,ps2_m02,mastery,2,Derivative notation and rules; graph/table interpretation; units and rate meaning; limit and continuity reasoning when relevant.,Retrieve durable prerequisite learning that supports derivative reasoning.,"AP Topics 4.6, 4.7",quotient_rule,expression,,Unit 4 Assessment Plan + Course Framework; supplied AP Topic scoring guides consulted for authentic representation/rigor only (no question wording copied).,
U4-S5-PS2-M03,MATH,4,4.5,practice_set_2,practice,ps2_m03,mastery,2,Derivative notation and rules; graph/table interpretation; units and rate meaning; limit and continuity reasoning when relevant.,Retrieve durable prerequisite learning that supports derivative reasoning.,"AP Topics 4.6, 4.7",derivative_evaluation,numeric,,Unit 4 Assessment Plan + Course Framework; supplied AP Topic scoring guides consulted for authentic representation/rigor only (no question wording copied).,
U4-S5-PS2-M04,MATH,4,4.5,practice_set_2,practice,ps2_m04,mastery,1,Derivative notation and rules; graph/table interpretation; units and rate meaning; limit and continuity reasoning when relevant.,Retrieve durable prerequisite learning that supports derivative reasoning.,"AP Topics 4.6, 4.7",average_rate,numeric,,Unit 4 Assessment Plan + Course Framework; supplied AP Topic scoring guides consulted for authentic representation/rigor only (no question wording copied).,
U4-S5-PS2-M05,MATH,4,4.5,practice_set_2,practice,ps2_m05,mastery,2,Derivative notation and rules; graph/table interpretation; units and rate meaning; limit and continuity reasoning when relevant.,Retrieve durable prerequisite learning that supports derivative reasoning.,"AP Topics 4.6, 4.7",algebraic_limit,numeric,,Unit 4 Assessment Plan + Course Framework; supplied AP Topic scoring guides consulted for authentic representation/rigor only (no question wording copied).,
U4-S5-PS2-M06,MATH,4,4.5,practice_set_2,practice,ps2_m06,mastery,2,Derivative notation and rules; graph/table interpretation; units and rate meaning; limit and continuity reasoning when relevant.,Retrieve durable prerequisite learning that supports derivative reasoning.,"AP Topics 4.6, 4.7",table_derivative,numeric,,Unit 4 Assessment Plan + Course Framework; supplied AP Topic scoring guides consulted for authentic representation/rigor only (no question wording copied).,
U4-S5-PS2-M07,MATH,4,4.5,practice_set_2,practice,ps2_m07,mastery,1,Derivative notation and rules; graph/table interpretation; units and rate meaning; limit and continuity reasoning when relevant.,Retrieve durable prerequisite learning that supports derivative reasoning.,"AP Topics 4.6, 4.7",derivative_units,short_response,,Unit 4 Assessment Plan + Course Framework; supplied AP Topic scoring guides consulted for authentic representation/rigor only (no question wording copied).,
U4-S5-PS2-M08,MATH,4,4.5,practice_set_2,practice,ps2_m08,mastery,1,Derivative notation and rules; graph/table interpretation; units and rate meaning; limit and continuity reasoning when relevant.,Retrieve durable prerequisite learning that supports derivative reasoning.,"AP Topics 4.6, 4.7",continuity,short_response,,Unit 4 Assessment Plan + Course Framework; supplied AP Topic scoring guides consulted for authentic representation/rigor only (no question wording copied).,
U4-S5-PS2-M09,MATH,4,4.5,practice_set_2,practice,ps2_m09,mastery,2,Derivative notation and rules; graph/table interpretation; units and rate meaning; limit and continuity reasoning when relevant.,Retrieve durable prerequisite learning that supports derivative reasoning.,"AP Topics 4.6, 4.7",product_rule,expression,,Unit 4 Assessment Plan + Course Framework; supplied AP Topic scoring guides consulted for authentic representation/rigor only (no question wording copied).,
U4-S5-PS2-M10,MATH,4,4.5,practice_set_2,practice,ps2_m10,mastery,2,Derivative notation and rules; graph/table interpretation; units and rate meaning; limit and continuity reasoning when relevant.,Retrieve durable prerequisite learning that supports derivative reasoning.,"AP Topics 4.6, 4.7",quotient_rule,expression,,Unit 4 Assessment Plan + Course Framework; supplied AP Topic scoring guides consulted for authentic representation/rigor only (no question wording copied).,
U4-S5-PS3-C01,MATH,4,4.5,practice_set_3,practice,ps3_c01,current,2,Use local linearity for tangent-line approximation and apply L'Hospital's Rule only to appropriate indeterminate forms when its conditions are satisfied.,"I can build and use a linearization, discuss local approximation behavior, and decide whether L'Hospital's Rule is justified before applying it.","AP Topics 4.6, 4.7",linearization_data,numeric,,Unit 4 Assessment Plan + Course Framework; supplied AP Topic scoring guides consulted for authentic representation/rigor only (no question wording copied).,Tarsia-friendly concise source.
U4-S5-PS3-C02,MATH,4,4.5,practice_set_3,practice,ps3_c02,current,2,Use local linearity for tangent-line approximation and apply L'Hospital's Rule only to appropriate indeterminate forms when its conditions are satisfied.,"I can build and use a linearization, discuss local approximation behavior, and decide whether L'Hospital's Rule is justified before applying it.","AP Topics 4.6, 4.7",linearization_data,numeric,,Unit 4 Assessment Plan + Course Framework; supplied AP Topic scoring guides consulted for authentic representation/rigor only (no question wording copied).,Tarsia-friendly concise source.
U4-S5-PS3-C03,MATH,4,4.5,practice_set_3,practice,ps3_c03,current,2,Use local linearity for tangent-line approximation and apply L'Hospital's Rule only to appropriate indeterminate forms when its conditions are satisfied.,"I can build and use a linearization, discuss local approximation behavior, and decide whether L'Hospital's Rule is justified before applying it.","AP Topics 4.6, 4.7",linearization_data,numeric,,Unit 4 Assessment Plan + Course Framework; supplied AP Topic scoring guides consulted for authentic representation/rigor only (no question wording copied).,Tarsia-friendly concise source.
U4-S5-PS3-C04,MATH,4,4.5,practice_set_3,practice,ps3_c04,current,2,Use local linearity for tangent-line approximation and apply L'Hospital's Rule only to appropriate indeterminate forms when its conditions are satisfied.,"I can build and use a linearization, discuss local approximation behavior, and decide whether L'Hospital's Rule is justified before applying it.","AP Topics 4.6, 4.7",linearization_data,numeric,,Unit 4 Assessment Plan + Course Framework; supplied AP Topic scoring guides consulted for authentic representation/rigor only (no question wording copied).,Tarsia-friendly concise source.
U4-S5-PS3-C05,MATH,4,4.5,practice_set_3,practice,ps3_c05,current,2,Use local linearity for tangent-line approximation and apply L'Hospital's Rule only to appropriate indeterminate forms when its conditions are satisfied.,"I can build and use a linearization, discuss local approximation behavior, and decide whether L'Hospital's Rule is justified before applying it.","AP Topics 4.6, 4.7",linearization_data,numeric,,Unit 4 Assessment Plan + Course Framework; supplied AP Topic scoring guides consulted for authentic representation/rigor only (no question wording copied).,Tarsia-friendly concise source.
U4-S5-PS3-L01,MATH,4,4.5,practice_set_3,practice,ps3_l01,last,2,"Solve related-rates problems by modeling the quantities, differentiating with respect to time, substituting the instant data, and interpreting the resulting rate with units and direction.",Retrieve and apply the most recent prerequisite learning.,"AP Topics 4.6, 4.7",related_circle_area,numeric,,Unit 4 Assessment Plan + Course Framework; supplied AP Topic scoring guides consulted for authentic representation/rigor only (no question wording copied).,Tarsia-friendly concise source.
U4-S5-PS3-L02,MATH,4,4.5,practice_set_3,practice,ps3_l02,last,2,"Solve related-rates problems by modeling the quantities, differentiating with respect to time, substituting the instant data, and interpreting the resulting rate with units and direction.",Retrieve and apply the most recent prerequisite learning.,"AP Topics 4.6, 4.7",related_circle_area,numeric,,Unit 4 Assessment Plan + Course Framework; supplied AP Topic scoring guides consulted for authentic representation/rigor only (no question wording copied).,Tarsia-friendly concise source.
U4-S5-PS3-L03,MATH,4,4.5,practice_set_3,practice,ps3_l03,last,2,"Solve related-rates problems by modeling the quantities, differentiating with respect to time, substituting the instant data, and interpreting the resulting rate with units and direction.",Retrieve and apply the most recent prerequisite learning.,"AP Topics 4.6, 4.7",related_circle_area,numeric,,Unit 4 Assessment Plan + Course Framework; supplied AP Topic scoring guides consulted for authentic representation/rigor only (no question wording copied).,Tarsia-friendly concise source.
U4-S5-PS3-L04,MATH,4,4.5,practice_set_3,practice,ps3_l04,last,2,"Solve related-rates problems by modeling the quantities, differentiating with respect to time, substituting the instant data, and interpreting the resulting rate with units and direction.",Retrieve and apply the most recent prerequisite learning.,"AP Topics 4.6, 4.7",related_circle_area,numeric,,Unit 4 Assessment Plan + Course Framework; supplied AP Topic scoring guides consulted for authentic representation/rigor only (no question wording copied).,Tarsia-friendly concise source.
U4-S5-PS3-L05,MATH,4,4.5,practice_set_3,practice,ps3_l05,last,2,"Solve related-rates problems by modeling the quantities, differentiating with respect to time, substituting the instant data, and interpreting the resulting rate with units and direction.",Retrieve and apply the most recent prerequisite learning.,"AP Topics 4.6, 4.7",related_circle_area,numeric,,Unit 4 Assessment Plan + Course Framework; supplied AP Topic scoring guides consulted for authentic representation/rigor only (no question wording copied).,Tarsia-friendly concise source.
U4-S5-PS3-M01,MATH,4,4.5,practice_set_3,practice,ps3_m01,mastery,2,Derivative notation and rules; graph/table interpretation; units and rate meaning; limit and continuity reasoning when relevant.,Retrieve durable prerequisite learning that supports derivative reasoning.,"AP Topics 4.6, 4.7",derivative_evaluation,numeric,,Unit 4 Assessment Plan + Course Framework; supplied AP Topic scoring guides consulted for authentic representation/rigor only (no question wording copied).,Tarsia-friendly concise source.
U4-S5-PS3-M02,MATH,4,4.5,practice_set_3,practice,ps3_m02,mastery,2,Derivative notation and rules; graph/table interpretation; units and rate meaning; limit and continuity reasoning when relevant.,Retrieve durable prerequisite learning that supports derivative reasoning.,"AP Topics 4.6, 4.7",algebraic_limit,numeric,,Unit 4 Assessment Plan + Course Framework; supplied AP Topic scoring guides consulted for authentic representation/rigor only (no question wording copied).,Tarsia-friendly concise source.
U4-S5-PS3-M03,MATH,4,4.5,practice_set_3,practice,ps3_m03,mastery,1,Derivative notation and rules; graph/table interpretation; units and rate meaning; limit and continuity reasoning when relevant.,Retrieve durable prerequisite learning that supports derivative reasoning.,"AP Topics 4.6, 4.7",derivative_units,short_response,,Unit 4 Assessment Plan + Course Framework; supplied AP Topic scoring guides consulted for authentic representation/rigor only (no question wording copied).,Tarsia-friendly concise source.
U4-S5-PS3-M04,MATH,4,4.5,practice_set_3,practice,ps3_m04,mastery,2,Derivative notation and rules; graph/table interpretation; units and rate meaning; limit and continuity reasoning when relevant.,Retrieve durable prerequisite learning that supports derivative reasoning.,"AP Topics 4.6, 4.7",average_rate,numeric,,Unit 4 Assessment Plan + Course Framework; supplied AP Topic scoring guides consulted for authentic representation/rigor only (no question wording copied).,Tarsia-friendly concise source.
U4-S5-PS3-M05,MATH,4,4.5,practice_set_3,practice,ps3_m05,mastery,2,Derivative notation and rules; graph/table interpretation; units and rate meaning; limit and continuity reasoning when relevant.,Retrieve durable prerequisite learning that supports derivative reasoning.,"AP Topics 4.6, 4.7",product_rule,expression,,Unit 4 Assessment Plan + Course Framework; supplied AP Topic scoring guides consulted for authentic representation/rigor only (no question wording copied).,Tarsia-friendly concise source.
U4-S5-PS3-M06,MATH,4,4.5,practice_set_3,practice,ps3_m06,mastery,2,Derivative notation and rules; graph/table interpretation; units and rate meaning; limit and continuity reasoning when relevant.,Retrieve durable prerequisite learning that supports derivative reasoning.,"AP Topics 4.6, 4.7",derivative_evaluation,numeric,,Unit 4 Assessment Plan + Course Framework; supplied AP Topic scoring guides consulted for authentic representation/rigor only (no question wording copied).,Tarsia-friendly concise source.
U4-S5-PS3-M07,MATH,4,4.5,practice_set_3,practice,ps3_m07,mastery,2,Derivative notation and rules; graph/table interpretation; units and rate meaning; limit and continuity reasoning when relevant.,Retrieve durable prerequisite learning that supports derivative reasoning.,"AP Topics 4.6, 4.7",algebraic_limit,numeric,,Unit 4 Assessment Plan + Course Framework; supplied AP Topic scoring guides consulted for authentic representation/rigor only (no question wording copied).,Tarsia-friendly concise source.
U4-S5-PS3-M08,MATH,4,4.5,practice_set_3,practice,ps3_m08,mastery,1,Derivative notation and rules; graph/table interpretation; units and rate meaning; limit and continuity reasoning when relevant.,Retrieve durable prerequisite learning that supports derivative reasoning.,"AP Topics 4.6, 4.7",derivative_units,short_response,,Unit 4 Assessment Plan + Course Framework; supplied AP Topic scoring guides consulted for authentic representation/rigor only (no question wording copied).,Tarsia-friendly concise source.
U4-S5-PS3-M09,MATH,4,4.5,practice_set_3,practice,ps3_m09,mastery,2,Derivative notation and rules; graph/table interpretation; units and rate meaning; limit and continuity reasoning when relevant.,Retrieve durable prerequisite learning that supports derivative reasoning.,"AP Topics 4.6, 4.7",average_rate,numeric,,Unit 4 Assessment Plan + Course Framework; supplied AP Topic scoring guides consulted for authentic representation/rigor only (no question wording copied).,Tarsia-friendly concise source.
U4-S5-PS3-M10,MATH,4,4.5,practice_set_3,practice,ps3_m10,mastery,2,Derivative notation and rules; graph/table interpretation; units and rate meaning; limit and continuity reasoning when relevant.,Retrieve durable prerequisite learning that supports derivative reasoning.,"AP Topics 4.6, 4.7",product_rule,expression,,Unit 4 Assessment Plan + Course Framework; supplied AP Topic scoring guides consulted for authentic representation/rigor only (no question wording copied).,Tarsia-friendly concise source.
U4-S5-XP-C01,MATH,4,4.5,extra_practice,practice,xp_c01,current,2,Use local linearity for tangent-line approximation and apply L'Hospital's Rule only to appropriate indeterminate forms when its conditions are satisfied.,"I can build and use a linearization, discuss local approximation behavior, and decide whether L'Hospital's Rule is justified before applying it.","AP Topics 4.6, 4.7",lhopital_zero_zero,numeric,,Unit 4 Assessment Plan + Course Framework; supplied AP Topic scoring guides consulted for authentic representation/rigor only (no question wording copied).,
U4-S5-XP-C02,MATH,4,4.5,extra_practice,practice,xp_c02,current,2,Use local linearity for tangent-line approximation and apply L'Hospital's Rule only to appropriate indeterminate forms when its conditions are satisfied.,"I can build and use a linearization, discuss local approximation behavior, and decide whether L'Hospital's Rule is justified before applying it.","AP Topics 4.6, 4.7",lhopital_infinity,numeric,,Unit 4 Assessment Plan + Course Framework; supplied AP Topic scoring guides consulted for authentic representation/rigor only (no question wording copied).,
U4-S5-XP-C03,MATH,4,4.5,extra_practice,practice,xp_c03,current,3,Use local linearity for tangent-line approximation and apply L'Hospital's Rule only to appropriate indeterminate forms when its conditions are satisfied.,"I can build and use a linearization, discuss local approximation behavior, and decide whether L'Hospital's Rule is justified before applying it.","AP Topics 4.6, 4.7",lhopital_conditions_critique,constructed_response,,Unit 4 Assessment Plan + Course Framework; supplied AP Topic scoring guides consulted for authentic representation/rigor only (no question wording copied).,
U4-S5-XP-C04,MATH,4,4.5,extra_practice,practice,xp_c04,current,3,Use local linearity for tangent-line approximation and apply L'Hospital's Rule only to appropriate indeterminate forms when its conditions are satisfied.,"I can build and use a linearization, discuss local approximation behavior, and decide whether L'Hospital's Rule is justified before applying it.","AP Topics 4.6, 4.7",method_conditions_compare,constructed_response,,Unit 4 Assessment Plan + Course Framework; supplied AP Topic scoring guides consulted for authentic representation/rigor only (no question wording copied).,
U4-S5-XP-C05,MATH,4,4.5,extra_practice,practice,xp_c05,current,2,Use local linearity for tangent-line approximation and apply L'Hospital's Rule only to appropriate indeterminate forms when its conditions are satisfied.,"I can build and use a linearization, discuss local approximation behavior, and decide whether L'Hospital's Rule is justified before applying it.","AP Topics 4.6, 4.7",linearization_data,numeric,,Unit 4 Assessment Plan + Course Framework; supplied AP Topic scoring guides consulted for authentic representation/rigor only (no question wording copied).,
U4-S5-XP-L01,MATH,4,4.5,extra_practice,practice,xp_l01,last,2,"Solve related-rates problems by modeling the quantities, differentiating with respect to time, substituting the instant data, and interpreting the resulting rate with units and direction.",Retrieve and apply the most recent prerequisite learning.,"AP Topics 4.6, 4.7",related_sphere_volume,numeric,,Unit 4 Assessment Plan + Course Framework; supplied AP Topic scoring guides consulted for authentic representation/rigor only (no question wording copied).,
U4-S5-XP-L02,MATH,4,4.5,extra_practice,practice,xp_l02,last,2,"Solve related-rates problems by modeling the quantities, differentiating with respect to time, substituting the instant data, and interpreting the resulting rate with units and direction.",Retrieve and apply the most recent prerequisite learning.,"AP Topics 4.6, 4.7",related_ladder,numeric,,Unit 4 Assessment Plan + Course Framework; supplied AP Topic scoring guides consulted for authentic representation/rigor only (no question wording copied).,
U4-S5-XP-L03,MATH,4,4.5,extra_practice,practice,xp_l03,last,2,"Solve related-rates problems by modeling the quantities, differentiating with respect to time, substituting the instant data, and interpreting the resulting rate with units and direction.",Retrieve and apply the most recent prerequisite learning.,"AP Topics 4.6, 4.7",related_cylinder,numeric,,Unit 4 Assessment Plan + Course Framework; supplied AP Topic scoring guides consulted for authentic representation/rigor only (no question wording copied).,
U4-S5-XP-L04,MATH,4,4.5,extra_practice,practice,xp_l04,last,2,"Solve related-rates problems by modeling the quantities, differentiating with respect to time, substituting the instant data, and interpreting the resulting rate with units and direction.",Retrieve and apply the most recent prerequisite learning.,"AP Topics 4.6, 4.7",related_rectangle,numeric,,Unit 4 Assessment Plan + Course Framework; supplied AP Topic scoring guides consulted for authentic representation/rigor only (no question wording copied).,
U4-S5-XP-L05,MATH,4,4.5,extra_practice,practice,xp_l05,last,3,"Solve related-rates problems by modeling the quantities, differentiating with respect to time, substituting the instant data, and interpreting the resulting rate with units and direction.",Retrieve and apply the most recent prerequisite learning.,"AP Topics 4.6, 4.7",related_sign_critique,constructed_response,,Unit 4 Assessment Plan + Course Framework; supplied AP Topic scoring guides consulted for authentic representation/rigor only (no question wording copied).,
U4-S5-XP-M01,MATH,4,4.5,extra_practice,practice,xp_m01,mastery,2,Derivative notation and rules; graph/table interpretation; units and rate meaning; limit and continuity reasoning when relevant.,Retrieve durable prerequisite learning that supports derivative reasoning.,"AP Topics 4.6, 4.7",product_rule,expression,,Unit 4 Assessment Plan + Course Framework; supplied AP Topic scoring guides consulted for authentic representation/rigor only (no question wording copied).,
U4-S5-XP-M02,MATH,4,4.5,extra_practice,practice,xp_m02,mastery,2,Derivative notation and rules; graph/table interpretation; units and rate meaning; limit and continuity reasoning when relevant.,Retrieve durable prerequisite learning that supports derivative reasoning.,"AP Topics 4.6, 4.7",quotient_rule,expression,,Unit 4 Assessment Plan + Course Framework; supplied AP Topic scoring guides consulted for authentic representation/rigor only (no question wording copied).,
U4-S5-XP-M03,MATH,4,4.5,extra_practice,practice,xp_m03,mastery,2,Derivative notation and rules; graph/table interpretation; units and rate meaning; limit and continuity reasoning when relevant.,Retrieve durable prerequisite learning that supports derivative reasoning.,"AP Topics 4.6, 4.7",derivative_evaluation,numeric,,Unit 4 Assessment Plan + Course Framework; supplied AP Topic scoring guides consulted for authentic representation/rigor only (no question wording copied).,
U4-S5-XP-M04,MATH,4,4.5,extra_practice,practice,xp_m04,mastery,1,Derivative notation and rules; graph/table interpretation; units and rate meaning; limit and continuity reasoning when relevant.,Retrieve durable prerequisite learning that supports derivative reasoning.,"AP Topics 4.6, 4.7",average_rate,numeric,,Unit 4 Assessment Plan + Course Framework; supplied AP Topic scoring guides consulted for authentic representation/rigor only (no question wording copied).,
U4-S5-XP-M05,MATH,4,4.5,extra_practice,practice,xp_m05,mastery,2,Derivative notation and rules; graph/table interpretation; units and rate meaning; limit and continuity reasoning when relevant.,Retrieve durable prerequisite learning that supports derivative reasoning.,"AP Topics 4.6, 4.7",algebraic_limit,numeric,,Unit 4 Assessment Plan + Course Framework; supplied AP Topic scoring guides consulted for authentic representation/rigor only (no question wording copied).,
U4-S5-XP-M06,MATH,4,4.5,extra_practice,practice,xp_m06,mastery,2,Derivative notation and rules; graph/table interpretation; units and rate meaning; limit and continuity reasoning when relevant.,Retrieve durable prerequisite learning that supports derivative reasoning.,"AP Topics 4.6, 4.7",table_derivative,numeric,,Unit 4 Assessment Plan + Course Framework; supplied AP Topic scoring guides consulted for authentic representation/rigor only (no question wording copied).,
U4-S5-XP-M07,MATH,4,4.5,extra_practice,practice,xp_m07,mastery,1,Derivative notation and rules; graph/table interpretation; units and rate meaning; limit and continuity reasoning when relevant.,Retrieve durable prerequisite learning that supports derivative reasoning.,"AP Topics 4.6, 4.7",derivative_units,short_response,,Unit 4 Assessment Plan + Course Framework; supplied AP Topic scoring guides consulted for authentic representation/rigor only (no question wording copied).,
U4-S5-XP-M08,MATH,4,4.5,extra_practice,practice,xp_m08,mastery,1,Derivative notation and rules; graph/table interpretation; units and rate meaning; limit and continuity reasoning when relevant.,Retrieve durable prerequisite learning that supports derivative reasoning.,"AP Topics 4.6, 4.7",continuity,short_response,,Unit 4 Assessment Plan + Course Framework; supplied AP Topic scoring guides consulted for authentic representation/rigor only (no question wording copied).,
U4-S5-XP-M09,MATH,4,4.5,extra_practice,practice,xp_m09,mastery,2,Derivative notation and rules; graph/table interpretation; units and rate meaning; limit and continuity reasoning when relevant.,Retrieve durable prerequisite learning that supports derivative reasoning.,"AP Topics 4.6, 4.7",product_rule,expression,,Unit 4 Assessment Plan + Course Framework; supplied AP Topic scoring guides consulted for authentic representation/rigor only (no question wording copied).,
U4-S5-XP-M10,MATH,4,4.5,extra_practice,practice,xp_m10,mastery,2,Derivative notation and rules; graph/table interpretation; units and rate meaning; limit and continuity reasoning when relevant.,Retrieve durable prerequisite learning that supports derivative reasoning.,"AP Topics 4.6, 4.7",quotient_rule,expression,,Unit 4 Assessment Plan + Course Framework; supplied AP Topic scoring guides consulted for authentic representation/rigor only (no question wording copied).,
U4-S1-CYU-C01,MATH,4,4.1,cyu,cyu,c01,current,2,"Interpret $f$, $f'$, and $f''$ in context using appropriate units, rates, and verbal meaning.","I can interpret $f$, $f'$, and $f''$ in context, attach correct units, and distinguish a quantity from its first and second rates of change.","AP Topics 4.1, 4.3",context_synthesis,constructed_response,,Unit 4 Assessment Plan + Course Framework; supplied AP Topic scoring guides consulted for authentic representation/rigor only (no question wording copied).,
U4-S1-CYU-C02,MATH,4,4.1,cyu,cyu,c02,current,1,"Interpret $f$, $f'$, and $f''$ in context using appropriate units, rates, and verbal meaning.","I can interpret $f$, $f'$, and $f''$ in context, attach correct units, and distinguish a quantity from its first and second rates of change.","AP Topics 4.1, 4.3",context_function_value,interpretation,,Unit 4 Assessment Plan + Course Framework; supplied AP Topic scoring guides consulted for authentic representation/rigor only (no question wording copied).,
U4-S1-CYU-L01,MATH,4,4.1,cyu,cyu,l01,last,2,"Synthesize derivative rules, higher-order notation, procedure selection, and early motion connections from Unit 3 Section 3.5.",Retrieve recent learning.,"AP Topics 4.1, 4.3",implicit_derivative,expression,,Unit 4 Assessment Plan + Course Framework; supplied AP Topic scoring guides consulted for authentic representation/rigor only (no question wording copied).,
U4-S1-CYU-L02,MATH,4,4.1,cyu,cyu,l02,last,2,"Synthesize derivative rules, higher-order notation, procedure selection, and early motion connections from Unit 3 Section 3.5.",Retrieve recent learning.,"AP Topics 4.1, 4.3",inverse_derivative,numeric,,Unit 4 Assessment Plan + Course Framework; supplied AP Topic scoring guides consulted for authentic representation/rigor only (no question wording copied).,
U4-S1-CYU-M01,MATH,4,4.1,cyu,cyu,m01,mastery,2,Derivative notation and rules; graph/table interpretation; units and rate meaning; limit and continuity reasoning when relevant.,Retrieve durable prerequisite learning.,"AP Topics 4.1, 4.3",table_derivative,numeric,,Unit 4 Assessment Plan + Course Framework; supplied AP Topic scoring guides consulted for authentic representation/rigor only (no question wording copied).,
U4-S1-CYU-M02,MATH,4,4.1,cyu,cyu,m02,mastery,1,Derivative notation and rules; graph/table interpretation; units and rate meaning; limit and continuity reasoning when relevant.,Retrieve durable prerequisite learning.,"AP Topics 4.1, 4.3",derivative_units,short_response,,Unit 4 Assessment Plan + Course Framework; supplied AP Topic scoring guides consulted for authentic representation/rigor only (no question wording copied).,
U4-S1-WU1-C01,MATH,4,4.1,warm_up_1,warm_up,wu1_c01,current,2,"Interpret $f$, $f'$, and $f''$ in context using appropriate units, rates, and verbal meaning.","I can interpret $f$, $f'$, and $f''$ in context, attach correct units, and distinguish a quantity from its first and second rates of change.","AP Topics 4.1, 4.3",context_compare_orders,constructed_response,,Unit 4 Assessment Plan + Course Framework; supplied AP Topic scoring guides consulted for authentic representation/rigor only (no question wording copied).,
U4-S1-WU1-L01,MATH,4,4.1,warm_up_1,warm_up,wu1_l01,last,2,"Synthesize derivative rules, higher-order notation, procedure selection, and early motion connections from Unit 3 Section 3.5.",Retrieve recent learning.,"AP Topics 4.1, 4.3",mixed_derivative,expression,,Unit 4 Assessment Plan + Course Framework; supplied AP Topic scoring guides consulted for authentic representation/rigor only (no question wording copied).,
U4-S1-WU1-M01,MATH,4,4.1,warm_up_1,warm_up,wu1_m01,mastery,2,Derivative notation and rules; graph/table interpretation; units and rate meaning; limit and continuity reasoning when relevant.,Retrieve durable prerequisite learning.,"AP Topics 4.1, 4.3",quotient_rule,expression,,Unit 4 Assessment Plan + Course Framework; supplied AP Topic scoring guides consulted for authentic representation/rigor only (no question wording copied).,
U4-S1-WU2-C01,MATH,4,4.1,warm_up_2,warm_up,wu2_c01,current,3,"Interpret $f$, $f'$, and $f''$ in context using appropriate units, rates, and verbal meaning.","I can interpret $f$, $f'$, and $f''$ in context, attach correct units, and distinguish a quantity from its first and second rates of change.","AP Topics 4.1, 4.3",context_claim_critique,constructed_response,,Unit 4 Assessment Plan + Course Framework; supplied AP Topic scoring guides consulted for authentic representation/rigor only (no question wording copied).,
U4-S1-WU2-L01,MATH,4,4.1,warm_up_2,warm_up,wu2_l01,last,2,"Synthesize derivative rules, higher-order notation, procedure selection, and early motion connections from Unit 3 Section 3.5.",Retrieve recent learning.,"AP Topics 4.1, 4.3",implicit_derivative,expression,,Unit 4 Assessment Plan + Course Framework; supplied AP Topic scoring guides consulted for authentic representation/rigor only (no question wording copied).,
U4-S1-WU2-M01,MATH,4,4.1,warm_up_2,warm_up,wu2_m01,mastery,2,Derivative notation and rules; graph/table interpretation; units and rate meaning; limit and continuity reasoning when relevant.,Retrieve durable prerequisite learning.,"AP Topics 4.1, 4.3",derivative_evaluation,numeric,,Unit 4 Assessment Plan + Course Framework; supplied AP Topic scoring guides consulted for authentic representation/rigor only (no question wording copied).,
U4-S1-WU3-C01,MATH,4,4.1,warm_up_3,warm_up,wu3_c01,current,1,"Interpret $f$, $f'$, and $f''$ in context using appropriate units, rates, and verbal meaning.","I can interpret $f$, $f'$, and $f''$ in context, attach correct units, and distinguish a quantity from its first and second rates of change.","AP Topics 4.1, 4.3",context_units,short_response,,Unit 4 Assessment Plan + Course Framework; supplied AP Topic scoring guides consulted for authentic representation/rigor only (no question wording copied).,
U4-S1-WU3-L01,MATH,4,4.1,warm_up_3,warm_up,wu3_l01,last,2,"Synthesize derivative rules, higher-order notation, procedure selection, and early motion connections from Unit 3 Section 3.5.",Retrieve recent learning.,"AP Topics 4.1, 4.3",inverse_derivative,numeric,,Unit 4 Assessment Plan + Course Framework; supplied AP Topic scoring guides consulted for authentic representation/rigor only (no question wording copied).,
U4-S1-WU3-M01,MATH,4,4.1,warm_up_3,warm_up,wu3_m01,mastery,1,Derivative notation and rules; graph/table interpretation; units and rate meaning; limit and continuity reasoning when relevant.,Retrieve durable prerequisite learning.,"AP Topics 4.1, 4.3",average_rate,numeric,,Unit 4 Assessment Plan + Course Framework; supplied AP Topic scoring guides consulted for authentic representation/rigor only (no question wording copied).,
U4-S1-ET-A-C01,MATH,4,4.1,exit_ticket_a,exit_ticket,et_a_c01,current,1,"Interpret $f$, $f'$, and $f''$ in context using appropriate units, rates, and verbal meaning.","I can interpret $f$, $f'$, and $f''$ in context, attach correct units, and distinguish a quantity from its first and second rates of change.","AP Topics 4.1, 4.3",context_function_value,interpretation,,Unit 4 Assessment Plan + Course Framework; supplied AP Topic scoring guides consulted for authentic representation/rigor only (no question wording copied).,
U4-S1-ET-A-C02,MATH,4,4.1,exit_ticket_a,exit_ticket,et_a_c02,current,1,"Interpret $f$, $f'$, and $f''$ in context using appropriate units, rates, and verbal meaning.","I can interpret $f$, $f'$, and $f''$ in context, attach correct units, and distinguish a quantity from its first and second rates of change.","AP Topics 4.1, 4.3",context_first_derivative,interpretation,,Unit 4 Assessment Plan + Course Framework; supplied AP Topic scoring guides consulted for authentic representation/rigor only (no question wording copied).,
U4-S1-ET-A-L01,MATH,4,4.1,exit_ticket_a,exit_ticket,et_a_l01,last,2,"Synthesize derivative rules, higher-order notation, procedure selection, and early motion connections from Unit 3 Section 3.5.",Retrieve recent learning.,"AP Topics 4.1, 4.3",mixed_derivative,expression,,Unit 4 Assessment Plan + Course Framework; supplied AP Topic scoring guides consulted for authentic representation/rigor only (no question wording copied).,
U4-S1-ET-A-M01,MATH,4,4.1,exit_ticket_a,exit_ticket,et_a_m01,mastery,2,Derivative notation and rules; graph/table interpretation; units and rate meaning; limit and continuity reasoning when relevant.,Retrieve durable prerequisite learning.,"AP Topics 4.1, 4.3",table_derivative,numeric,,Unit 4 Assessment Plan + Course Framework; supplied AP Topic scoring guides consulted for authentic representation/rigor only (no question wording copied).,
U4-S1-ET-B-C01,MATH,4,4.1,exit_ticket_b,exit_ticket,et_b_c01,current,2,"Interpret $f$, $f'$, and $f''$ in context using appropriate units, rates, and verbal meaning.","I can interpret $f$, $f'$, and $f''$ in context, attach correct units, and distinguish a quantity from its first and second rates of change.","AP Topics 4.1, 4.3",context_synthesis,constructed_response,,Unit 4 Assessment Plan + Course Framework; supplied AP Topic scoring guides consulted for authentic representation/rigor only (no question wording copied).,
U4-S1-ET-B-C02,MATH,4,4.1,exit_ticket_b,exit_ticket,et_b_c02,current,1,"Interpret $f$, $f'$, and $f''$ in context using appropriate units, rates, and verbal meaning.","I can interpret $f$, $f'$, and $f''$ in context, attach correct units, and distinguish a quantity from its first and second rates of change.","AP Topics 4.1, 4.3",context_function_value,interpretation,,Unit 4 Assessment Plan + Course Framework; supplied AP Topic scoring guides consulted for authentic representation/rigor only (no question wording copied).,
U4-S1-ET-B-L01,MATH,4,4.1,exit_ticket_b,exit_ticket,et_b_l01,last,2,"Synthesize derivative rules, higher-order notation, procedure selection, and early motion connections from Unit 3 Section 3.5.",Retrieve recent learning.,"AP Topics 4.1, 4.3",mixed_derivative,expression,,Unit 4 Assessment Plan + Course Framework; supplied AP Topic scoring guides consulted for authentic representation/rigor only (no question wording copied).,
U4-S1-ET-B-M01,MATH,4,4.1,exit_ticket_b,exit_ticket,et_b_m01,mastery,2,Derivative notation and rules; graph/table interpretation; units and rate meaning; limit and continuity reasoning when relevant.,Retrieve durable prerequisite learning.,"AP Topics 4.1, 4.3",algebraic_limit,numeric,,Unit 4 Assessment Plan + Course Framework; supplied AP Topic scoring guides consulted for authentic representation/rigor only (no question wording copied).,
U4-S1-ET-C-C01,MATH,4,4.1,exit_ticket_c,exit_ticket,et_c_c01,current,2,"Interpret $f$, $f'$, and $f''$ in context using appropriate units, rates, and verbal meaning.","I can interpret $f$, $f'$, and $f''$ in context, attach correct units, and distinguish a quantity from its first and second rates of change.","AP Topics 4.1, 4.3",context_table_sign,interpretation,,Unit 4 Assessment Plan + Course Framework; supplied AP Topic scoring guides consulted for authentic representation/rigor only (no question wording copied).,
U4-S1-ET-C-C02,MATH,4,4.1,exit_ticket_c,exit_ticket,et_c_c02,current,2,"Interpret $f$, $f'$, and $f''$ in context using appropriate units, rates, and verbal meaning.","I can interpret $f$, $f'$, and $f''$ in context, attach correct units, and distinguish a quantity from its first and second rates of change.","AP Topics 4.1, 4.3",context_synthesis,constructed_response,,Unit 4 Assessment Plan + Course Framework; supplied AP Topic scoring guides consulted for authentic representation/rigor only (no question wording copied).,
U4-S1-ET-C-L01,MATH,4,4.1,exit_ticket_c,exit_ticket,et_c_l01,last,2,"Synthesize derivative rules, higher-order notation, procedure selection, and early motion connections from Unit 3 Section 3.5.",Retrieve recent learning.,"AP Topics 4.1, 4.3",mixed_derivative,expression,,Unit 4 Assessment Plan + Course Framework; supplied AP Topic scoring guides consulted for authentic representation/rigor only (no question wording copied).,
U4-S1-ET-C-M01,MATH,4,4.1,exit_ticket_c,exit_ticket,et_c_m01,mastery,1,Derivative notation and rules; graph/table interpretation; units and rate meaning; limit and continuity reasoning when relevant.,Retrieve durable prerequisite learning.,"AP Topics 4.1, 4.3",average_rate,numeric,,Unit 4 Assessment Plan + Course Framework; supplied AP Topic scoring guides consulted for authentic representation/rigor only (no question wording copied).,
U4-S2-CYU-C01,MATH,4,4.2,cyu,cyu,c01,current,3,"Analyze position, velocity, acceleration, speed, and sign relationships from equations, graphs, tables, and calculator-supported representations.","I can connect position, velocity, acceleration, speed, direction, and speeding-up/slowing-down behavior using derivative values and signs.",AP Topic 4.2,motion_claim_critique,constructed_response,,Unit 4 Assessment Plan + Course Framework; supplied AP Topic scoring guides consulted for authentic representation/rigor only (no question wording copied).,
U4-S2-CYU-C02,MATH,4,4.2,cyu,cyu,c02,current,2,"Analyze position, velocity, acceleration, speed, and sign relationships from equations, graphs, tables, and calculator-supported representations.","I can connect position, velocity, acceleration, speed, direction, and speeding-up/slowing-down behavior using derivative values and signs.",AP Topic 4.2,motion_velocity,numeric,,Unit 4 Assessment Plan + Course Framework; supplied AP Topic scoring guides consulted for authentic representation/rigor only (no question wording copied).,
U4-S2-CYU-L01,MATH,4,4.2,cyu,cyu,l01,last,1,"Interpret $f$, $f'$, and $f''$ in context using appropriate units, rates, and verbal meaning.",Retrieve recent learning.,AP Topic 4.2,context_first_derivative,interpretation,,Unit 4 Assessment Plan + Course Framework; supplied AP Topic scoring guides consulted for authentic representation/rigor only (no question wording copied).,
U4-S2-CYU-L02,MATH,4,4.2,cyu,cyu,l02,last,2,"Interpret $f$, $f'$, and $f''$ in context using appropriate units, rates, and verbal meaning.",Retrieve recent learning.,AP Topic 4.2,context_second_derivative,interpretation,,Unit 4 Assessment Plan + Course Framework; supplied AP Topic scoring guides consulted for authentic representation/rigor only (no question wording copied).,
U4-S2-CYU-M01,MATH,4,4.2,cyu,cyu,m01,mastery,2,Derivative notation and rules; graph/table interpretation; units and rate meaning; limit and continuity reasoning when relevant.,Retrieve durable prerequisite learning.,AP Topic 4.2,table_derivative,numeric,,Unit 4 Assessment Plan + Course Framework; supplied AP Topic scoring guides consulted for authentic representation/rigor only (no question wording copied).,
U4-S2-CYU-M02,MATH,4,4.2,cyu,cyu,m02,mastery,1,Derivative notation and rules; graph/table interpretation; units and rate meaning; limit and continuity reasoning when relevant.,Retrieve durable prerequisite learning.,AP Topic 4.2,derivative_units,short_response,,Unit 4 Assessment Plan + Course Framework; supplied AP Topic scoring guides consulted for authentic representation/rigor only (no question wording copied).,
U4-S2-WU1-C01,MATH,4,4.2,warm_up_1,warm_up,wu1_c01,current,2,"Analyze position, velocity, acceleration, speed, and sign relationships from equations, graphs, tables, and calculator-supported representations.","I can connect position, velocity, acceleration, speed, direction, and speeding-up/slowing-down behavior using derivative values and signs.",AP Topic 4.2,motion_sign_analysis,interpretation,,Unit 4 Assessment Plan + Course Framework; supplied AP Topic scoring guides consulted for authentic representation/rigor only (no question wording copied).,
U4-S2-WU1-L01,MATH,4,4.2,warm_up_1,warm_up,wu1_l01,last,1,"Interpret $f$, $f'$, and $f''$ in context using appropriate units, rates, and verbal meaning.",Retrieve recent learning.,AP Topic 4.2,context_units,short_response,,Unit 4 Assessment Plan + Course Framework; supplied AP Topic scoring guides consulted for authentic representation/rigor only (no question wording copied).,
U4-S2-WU1-M01,MATH,4,4.2,warm_up_1,warm_up,wu1_m01,mastery,2,Derivative notation and rules; graph/table interpretation; units and rate meaning; limit and continuity reasoning when relevant.,Retrieve durable prerequisite learning.,AP Topic 4.2,quotient_rule,expression,,Unit 4 Assessment Plan + Course Framework; supplied AP Topic scoring guides consulted for authentic representation/rigor only (no question wording copied).,
U4-S2-WU2-C01,MATH,4,4.2,warm_up_2,warm_up,wu2_c01,current,2,"Analyze position, velocity, acceleration, speed, and sign relationships from equations, graphs, tables, and calculator-supported representations.","I can connect position, velocity, acceleration, speed, direction, and speeding-up/slowing-down behavior using derivative values and signs.",AP Topic 4.2,motion_table_acceleration,numeric,,Unit 4 Assessment Plan + Course Framework; supplied AP Topic scoring guides consulted for authentic representation/rigor only (no question wording copied).,
U4-S2-WU2-L01,MATH,4,4.2,warm_up_2,warm_up,wu2_l01,last,2,"Interpret $f$, $f'$, and $f''$ in context using appropriate units, rates, and verbal meaning.",Retrieve recent learning.,AP Topic 4.2,context_table_sign,interpretation,,Unit 4 Assessment Plan + Course Framework; supplied AP Topic scoring guides consulted for authentic representation/rigor only (no question wording copied).,
U4-S2-WU2-M01,MATH,4,4.2,warm_up_2,warm_up,wu2_m01,mastery,2,Derivative notation and rules; graph/table interpretation; units and rate meaning; limit and continuity reasoning when relevant.,Retrieve durable prerequisite learning.,AP Topic 4.2,derivative_evaluation,numeric,,Unit 4 Assessment Plan + Course Framework; supplied AP Topic scoring guides consulted for authentic representation/rigor only (no question wording copied).,
U4-S2-WU3-C01,MATH,4,4.2,warm_up_3,warm_up,wu3_c01,current,2,"Analyze position, velocity, acceleration, speed, and sign relationships from equations, graphs, tables, and calculator-supported representations.","I can connect position, velocity, acceleration, speed, direction, and speeding-up/slowing-down behavior using derivative values and signs.",AP Topic 4.2,motion_graph_direction,constructed_response,u4_s2_wu3_c01_velocity_graph.png,Unit 4 Assessment Plan + Course Framework; supplied AP Topic scoring guides consulted for authentic representation/rigor only (no question wording copied).,
U4-S2-WU3-L01,MATH,4,4.2,warm_up_3,warm_up,wu3_l01,last,2,"Interpret $f$, $f'$, and $f''$ in context using appropriate units, rates, and verbal meaning.",Retrieve recent learning.,AP Topic 4.2,context_synthesis,constructed_response,,Unit 4 Assessment Plan + Course Framework; supplied AP Topic scoring guides consulted for authentic representation/rigor only (no question wording copied).,
U4-S2-WU3-M01,MATH,4,4.2,warm_up_3,warm_up,wu3_m01,mastery,1,Derivative notation and rules; graph/table interpretation; units and rate meaning; limit and continuity reasoning when relevant.,Retrieve durable prerequisite learning.,AP Topic 4.2,average_rate,numeric,,Unit 4 Assessment Plan + Course Framework; supplied AP Topic scoring guides consulted for authentic representation/rigor only (no question wording copied).,
U4-S2-ET-A-C01,MATH,4,4.2,exit_ticket_a,exit_ticket,et_a_c01,current,2,"Analyze position, velocity, acceleration, speed, and sign relationships from equations, graphs, tables, and calculator-supported representations.","I can connect position, velocity, acceleration, speed, direction, and speeding-up/slowing-down behavior using derivative values and signs.",AP Topic 4.2,motion_velocity,numeric,,Unit 4 Assessment Plan + Course Framework; supplied AP Topic scoring guides consulted for authentic representation/rigor only (no question wording copied).,
U4-S2-ET-A-C02,MATH,4,4.2,exit_ticket_a,exit_ticket,et_a_c02,current,2,"Analyze position, velocity, acceleration, speed, and sign relationships from equations, graphs, tables, and calculator-supported representations.","I can connect position, velocity, acceleration, speed, direction, and speeding-up/slowing-down behavior using derivative values and signs.",AP Topic 4.2,motion_acceleration,numeric,,Unit 4 Assessment Plan + Course Framework; supplied AP Topic scoring guides consulted for authentic representation/rigor only (no question wording copied).,
U4-S2-ET-A-L01,MATH,4,4.2,exit_ticket_a,exit_ticket,et_a_l01,last,2,"Interpret $f$, $f'$, and $f''$ in context using appropriate units, rates, and verbal meaning.",Retrieve recent learning.,AP Topic 4.2,context_second_derivative,interpretation,,Unit 4 Assessment Plan + Course Framework; supplied AP Topic scoring guides consulted for authentic representation/rigor only (no question wording copied).,
U4-S2-ET-A-M01,MATH,4,4.2,exit_ticket_a,exit_ticket,et_a_m01,mastery,2,Derivative notation and rules; graph/table interpretation; units and rate meaning; limit and continuity reasoning when relevant.,Retrieve durable prerequisite learning.,AP Topic 4.2,table_derivative,numeric,,Unit 4 Assessment Plan + Course Framework; supplied AP Topic scoring guides consulted for authentic representation/rigor only (no question wording copied).,
U4-S2-ET-B-C01,MATH,4,4.2,exit_ticket_b,exit_ticket,et_b_c01,current,3,"Analyze position, velocity, acceleration, speed, and sign relationships from equations, graphs, tables, and calculator-supported representations.","I can connect position, velocity, acceleration, speed, direction, and speeding-up/slowing-down behavior using derivative values and signs.",AP Topic 4.2,motion_claim_critique,constructed_response,,Unit 4 Assessment Plan + Course Framework; supplied AP Topic scoring guides consulted for authentic representation/rigor only (no question wording copied).,
U4-S2-ET-B-C02,MATH,4,4.2,exit_ticket_b,exit_ticket,et_b_c02,current,2,"Analyze position, velocity, acceleration, speed, and sign relationships from equations, graphs, tables, and calculator-supported representations.","I can connect position, velocity, acceleration, speed, direction, and speeding-up/slowing-down behavior using derivative values and signs.",AP Topic 4.2,motion_velocity,numeric,,Unit 4 Assessment Plan + Course Framework; supplied AP Topic scoring guides consulted for authentic representation/rigor only (no question wording copied).,
U4-S2-ET-B-L01,MATH,4,4.2,exit_ticket_b,exit_ticket,et_b_l01,last,1,"Interpret $f$, $f'$, and $f''$ in context using appropriate units, rates, and verbal meaning.",Retrieve recent learning.,AP Topic 4.2,context_first_derivative,interpretation,,Unit 4 Assessment Plan + Course Framework; supplied AP Topic scoring guides consulted for authentic representation/rigor only (no question wording copied).,
U4-S2-ET-B-M01,MATH,4,4.2,exit_ticket_b,exit_ticket,et_b_m01,mastery,2,Derivative notation and rules; graph/table interpretation; units and rate meaning; limit and continuity reasoning when relevant.,Retrieve durable prerequisite learning.,AP Topic 4.2,algebraic_limit,numeric,,Unit 4 Assessment Plan + Course Framework; supplied AP Topic scoring guides consulted for authentic representation/rigor only (no question wording copied).,
U4-S2-ET-C-C01,MATH,4,4.2,exit_ticket_c,exit_ticket,et_c_c01,current,2,"Analyze position, velocity, acceleration, speed, and sign relationships from equations, graphs, tables, and calculator-supported representations.","I can connect position, velocity, acceleration, speed, direction, and speeding-up/slowing-down behavior using derivative values and signs.",AP Topic 4.2,motion_graph_connection,constructed_response,u4_s2_et_c_c01_position_graph.png,Unit 4 Assessment Plan + Course Framework; supplied AP Topic scoring guides consulted for authentic representation/rigor only (no question wording copied).,
U4-S2-ET-C-C02,MATH,4,4.2,exit_ticket_c,exit_ticket,et_c_c02,current,3,"Analyze position, velocity, acceleration, speed, and sign relationships from equations, graphs, tables, and calculator-supported representations.","I can connect position, velocity, acceleration, speed, direction, and speeding-up/slowing-down behavior using derivative values and signs.",AP Topic 4.2,motion_claim_critique,constructed_response,,Unit 4 Assessment Plan + Course Framework; supplied AP Topic scoring guides consulted for authentic representation/rigor only (no question wording copied).,
U4-S2-ET-C-L01,MATH,4,4.2,exit_ticket_c,exit_ticket,et_c_l01,last,1,"Interpret $f$, $f'$, and $f''$ in context using appropriate units, rates, and verbal meaning.",Retrieve recent learning.,AP Topic 4.2,context_function_value,interpretation,,Unit 4 Assessment Plan + Course Framework; supplied AP Topic scoring guides consulted for authentic representation/rigor only (no question wording copied).,
U4-S2-ET-C-M01,MATH,4,4.2,exit_ticket_c,exit_ticket,et_c_m01,mastery,1,Derivative notation and rules; graph/table interpretation; units and rate meaning; limit and continuity reasoning when relevant.,Retrieve durable prerequisite learning.,AP Topic 4.2,average_rate,numeric,,Unit 4 Assessment Plan + Course Framework; supplied AP Topic scoring guides consulted for authentic representation/rigor only (no question wording copied).,
U4-S3-CYU-C01,MATH,4,4.3,cyu,cyu,c01,current,3,"Translate a changing-quantity context into related variables, rates, a constraint equation, and the specific instant needed for related-rates reasoning.","I can identify changing quantities and rates, write a valid constraint, and prepare a related-rates setup without substituting values too early.",AP Topic 4.4,related_setup_critique,constructed_response,,Unit 4 Assessment Plan + Course Framework; supplied AP Topic scoring guides consulted for authentic representation/rigor only (no question wording copied).,
U4-S3-CYU-C02,MATH,4,4.3,cyu,cyu,c02,current,1,"Translate a changing-quantity context into related variables, rates, a constraint equation, and the specific instant needed for related-rates reasoning.","I can identify changing quantities and rates, write a valid constraint, and prepare a related-rates setup without substituting values too early.",AP Topic 4.4,related_setup_vocabulary,classification,,Unit 4 Assessment Plan + Course Framework; supplied AP Topic scoring guides consulted for authentic representation/rigor only (no question wording copied).,
U4-S3-CYU-L01,MATH,4,4.3,cyu,cyu,l01,last,2,"Analyze position, velocity, acceleration, speed, and sign relationships from equations, graphs, tables, and calculator-supported representations.",Retrieve recent learning.,AP Topic 4.4,motion_acceleration,numeric,,Unit 4 Assessment Plan + Course Framework; supplied AP Topic scoring guides consulted for authentic representation/rigor only (no question wording copied).,
U4-S3-CYU-L02,MATH,4,4.3,cyu,cyu,l02,last,1,"Analyze position, velocity, acceleration, speed, and sign relationships from equations, graphs, tables, and calculator-supported representations.",Retrieve recent learning.,AP Topic 4.4,motion_speed_direction,short_response,,Unit 4 Assessment Plan + Course Framework; supplied AP Topic scoring guides consulted for authentic representation/rigor only (no question wording copied).,
U4-S3-CYU-M01,MATH,4,4.3,cyu,cyu,m01,mastery,2,Derivative notation and rules; graph/table interpretation; units and rate meaning; limit and continuity reasoning when relevant.,Retrieve durable prerequisite learning.,AP Topic 4.4,table_derivative,numeric,,Unit 4 Assessment Plan + Course Framework; supplied AP Topic scoring guides consulted for authentic representation/rigor only (no question wording copied).,
U4-S3-CYU-M02,MATH,4,4.3,cyu,cyu,m02,mastery,1,Derivative notation and rules; graph/table interpretation; units and rate meaning; limit and continuity reasoning when relevant.,Retrieve durable prerequisite learning.,AP Topic 4.4,derivative_units,short_response,,Unit 4 Assessment Plan + Course Framework; supplied AP Topic scoring guides consulted for authentic representation/rigor only (no question wording copied).,
U4-S3-WU1-C01,MATH,4,4.3,warm_up_1,warm_up,wu1_c01,current,1,"Translate a changing-quantity context into related variables, rates, a constraint equation, and the specific instant needed for related-rates reasoning.","I can identify changing quantities and rates, write a valid constraint, and prepare a related-rates setup without substituting values too early.",AP Topic 4.4,related_quantity_rate,classification,,Unit 4 Assessment Plan + Course Framework; supplied AP Topic scoring guides consulted for authentic representation/rigor only (no question wording copied).,
U4-S3-WU1-L01,MATH,4,4.3,warm_up_1,warm_up,wu1_l01,last,2,"Analyze position, velocity, acceleration, speed, and sign relationships from equations, graphs, tables, and calculator-supported representations.",Retrieve recent learning.,AP Topic 4.4,motion_graph_direction,constructed_response,u4_s3_wu1_l01_velocity_graph.png,Unit 4 Assessment Plan + Course Framework; supplied AP Topic scoring guides consulted for authentic representation/rigor only (no question wording copied).,
U4-S3-WU1-M01,MATH,4,4.3,warm_up_1,warm_up,wu1_m01,mastery,2,Derivative notation and rules; graph/table interpretation; units and rate meaning; limit and continuity reasoning when relevant.,Retrieve durable prerequisite learning.,AP Topic 4.4,quotient_rule,expression,,Unit 4 Assessment Plan + Course Framework; supplied AP Topic scoring guides consulted for authentic representation/rigor only (no question wording copied).,
U4-S3-WU2-C01,MATH,4,4.3,warm_up_2,warm_up,wu2_c01,current,2,"Translate a changing-quantity context into related variables, rates, a constraint equation, and the specific instant needed for related-rates reasoning.","I can identify changing quantities and rates, write a valid constraint, and prepare a related-rates setup without substituting values too early.",AP Topic 4.4,related_setup_cylinder,equation,,Unit 4 Assessment Plan + Course Framework; supplied AP Topic scoring guides consulted for authentic representation/rigor only (no question wording copied).,
U4-S3-WU2-L01,MATH,4,4.3,warm_up_2,warm_up,wu2_l01,last,2,"Analyze position, velocity, acceleration, speed, and sign relationships from equations, graphs, tables, and calculator-supported representations.",Retrieve recent learning.,AP Topic 4.4,motion_graph_connection,constructed_response,u4_s3_wu2_l01_position_graph.png,Unit 4 Assessment Plan + Course Framework; supplied AP Topic scoring guides consulted for authentic representation/rigor only (no question wording copied).,
U4-S3-WU2-M01,MATH,4,4.3,warm_up_2,warm_up,wu2_m01,mastery,2,Derivative notation and rules; graph/table interpretation; units and rate meaning; limit and continuity reasoning when relevant.,Retrieve durable prerequisite learning.,AP Topic 4.4,derivative_evaluation,numeric,,Unit 4 Assessment Plan + Course Framework; supplied AP Topic scoring guides consulted for authentic representation/rigor only (no question wording copied).,
U4-S3-WU3-C01,MATH,4,4.3,warm_up_3,warm_up,wu3_c01,current,2,"Translate a changing-quantity context into related variables, rates, a constraint equation, and the specific instant needed for related-rates reasoning.","I can identify changing quantities and rates, write a valid constraint, and prepare a related-rates setup without substituting values too early.",AP Topic 4.4,related_substitution_timing,constructed_response,,Unit 4 Assessment Plan + Course Framework; supplied AP Topic scoring guides consulted for authentic representation/rigor only (no question wording copied).,
U4-S3-WU3-L01,MATH,4,4.3,warm_up_3,warm_up,wu3_l01,last,3,"Analyze position, velocity, acceleration, speed, and sign relationships from equations, graphs, tables, and calculator-supported representations.",Retrieve recent learning.,AP Topic 4.4,motion_claim_critique,constructed_response,,Unit 4 Assessment Plan + Course Framework; supplied AP Topic scoring guides consulted for authentic representation/rigor only (no question wording copied).,
U4-S3-WU3-M01,MATH,4,4.3,warm_up_3,warm_up,wu3_m01,mastery,1,Derivative notation and rules; graph/table interpretation; units and rate meaning; limit and continuity reasoning when relevant.,Retrieve durable prerequisite learning.,AP Topic 4.4,average_rate,numeric,,Unit 4 Assessment Plan + Course Framework; supplied AP Topic scoring guides consulted for authentic representation/rigor only (no question wording copied).,
U4-S3-ET-A-C01,MATH,4,4.3,exit_ticket_a,exit_ticket,et_a_c01,current,1,"Translate a changing-quantity context into related variables, rates, a constraint equation, and the specific instant needed for related-rates reasoning.","I can identify changing quantities and rates, write a valid constraint, and prepare a related-rates setup without substituting values too early.",AP Topic 4.4,related_setup_vocabulary,classification,,Unit 4 Assessment Plan + Course Framework; supplied AP Topic scoring guides consulted for authentic representation/rigor only (no question wording copied).,
U4-S3-ET-A-C02,MATH,4,4.3,exit_ticket_a,exit_ticket,et_a_c02,current,2,"Translate a changing-quantity context into related variables, rates, a constraint equation, and the specific instant needed for related-rates reasoning.","I can identify changing quantities and rates, write a valid constraint, and prepare a related-rates setup without substituting values too early.",AP Topic 4.4,related_setup_square,equation,,Unit 4 Assessment Plan + Course Framework; supplied AP Topic scoring guides consulted for authentic representation/rigor only (no question wording copied).,
U4-S3-ET-A-L01,MATH,4,4.3,exit_ticket_a,exit_ticket,et_a_l01,last,1,"Analyze position, velocity, acceleration, speed, and sign relationships from equations, graphs, tables, and calculator-supported representations.",Retrieve recent learning.,AP Topic 4.4,motion_speed_direction,short_response,,Unit 4 Assessment Plan + Course Framework; supplied AP Topic scoring guides consulted for authentic representation/rigor only (no question wording copied).,
U4-S3-ET-A-M01,MATH,4,4.3,exit_ticket_a,exit_ticket,et_a_m01,mastery,2,Derivative notation and rules; graph/table interpretation; units and rate meaning; limit and continuity reasoning when relevant.,Retrieve durable prerequisite learning.,AP Topic 4.4,table_derivative,numeric,,Unit 4 Assessment Plan + Course Framework; supplied AP Topic scoring guides consulted for authentic representation/rigor only (no question wording copied).,
U4-S3-ET-B-C01,MATH,4,4.3,exit_ticket_b,exit_ticket,et_b_c01,current,3,"Translate a changing-quantity context into related variables, rates, a constraint equation, and the specific instant needed for related-rates reasoning.","I can identify changing quantities and rates, write a valid constraint, and prepare a related-rates setup without substituting values too early.",AP Topic 4.4,related_setup_critique,constructed_response,,Unit 4 Assessment Plan + Course Framework; supplied AP Topic scoring guides consulted for authentic representation/rigor only (no question wording copied).,
U4-S3-ET-B-C02,MATH,4,4.3,exit_ticket_b,exit_ticket,et_b_c02,current,1,"Translate a changing-quantity context into related variables, rates, a constraint equation, and the specific instant needed for related-rates reasoning.","I can identify changing quantities and rates, write a valid constraint, and prepare a related-rates setup without substituting values too early.",AP Topic 4.4,related_setup_vocabulary,classification,,Unit 4 Assessment Plan + Course Framework; supplied AP Topic scoring guides consulted for authentic representation/rigor only (no question wording copied).,
U4-S3-ET-B-L01,MATH,4,4.3,exit_ticket_b,exit_ticket,et_b_l01,last,2,"Analyze position, velocity, acceleration, speed, and sign relationships from equations, graphs, tables, and calculator-supported representations.",Retrieve recent learning.,AP Topic 4.4,motion_acceleration,numeric,,Unit 4 Assessment Plan + Course Framework; supplied AP Topic scoring guides consulted for authentic representation/rigor only (no question wording copied).,
U4-S3-ET-B-M01,MATH,4,4.3,exit_ticket_b,exit_ticket,et_b_m01,mastery,2,Derivative notation and rules; graph/table interpretation; units and rate meaning; limit and continuity reasoning when relevant.,Retrieve durable prerequisite learning.,AP Topic 4.4,algebraic_limit,numeric,,Unit 4 Assessment Plan + Course Framework; supplied AP Topic scoring guides consulted for authentic representation/rigor only (no question wording copied).,
U4-S3-ET-C-C01,MATH,4,4.3,exit_ticket_c,exit_ticket,et_c_c01,current,2,"Translate a changing-quantity context into related variables, rates, a constraint equation, and the specific instant needed for related-rates reasoning.","I can identify changing quantities and rates, write a valid constraint, and prepare a related-rates setup without substituting values too early.",AP Topic 4.4,related_setup_product,equation,,Unit 4 Assessment Plan + Course Framework; supplied AP Topic scoring guides consulted for authentic representation/rigor only (no question wording copied).,
U4-S3-ET-C-C02,MATH,4,4.3,exit_ticket_c,exit_ticket,et_c_c02,current,3,"Translate a changing-quantity context into related variables, rates, a constraint equation, and the specific instant needed for related-rates reasoning.","I can identify changing quantities and rates, write a valid constraint, and prepare a related-rates setup without substituting values too early.",AP Topic 4.4,related_setup_critique,constructed_response,,Unit 4 Assessment Plan + Course Framework; supplied AP Topic scoring guides consulted for authentic representation/rigor only (no question wording copied).,
U4-S3-ET-C-L01,MATH,4,4.3,exit_ticket_c,exit_ticket,et_c_l01,last,2,"Analyze position, velocity, acceleration, speed, and sign relationships from equations, graphs, tables, and calculator-supported representations.",Retrieve recent learning.,AP Topic 4.4,motion_velocity,numeric,,Unit 4 Assessment Plan + Course Framework; supplied AP Topic scoring guides consulted for authentic representation/rigor only (no question wording copied).,
U4-S3-ET-C-M01,MATH,4,4.3,exit_ticket_c,exit_ticket,et_c_m01,mastery,1,Derivative notation and rules; graph/table interpretation; units and rate meaning; limit and continuity reasoning when relevant.,Retrieve durable prerequisite learning.,AP Topic 4.4,average_rate,numeric,,Unit 4 Assessment Plan + Course Framework; supplied AP Topic scoring guides consulted for authentic representation/rigor only (no question wording copied).,
U4-S4-CYU-C01,MATH,4,4.4,cyu,cyu,c01,current,2,"Solve related-rates problems by modeling the quantities, differentiating with respect to time, substituting the instant data, and interpreting the resulting rate with units and direction.",I can solve geometric and physical related-rate contexts and explain the sign and units of the requested rate.,AP Topic 4.5,related_process_explanation,constructed_response,,Unit 4 Assessment Plan + Course Framework; supplied AP Topic scoring guides consulted for authentic representation/rigor only (no question wording copied).,
U4-S4-CYU-C02,MATH,4,4.4,cyu,cyu,c02,current,2,"Solve related-rates problems by modeling the quantities, differentiating with respect to time, substituting the instant data, and interpreting the resulting rate with units and direction.",I can solve geometric and physical related-rate contexts and explain the sign and units of the requested rate.,AP Topic 4.5,related_circle_area,numeric,,Unit 4 Assessment Plan + Course Framework; supplied AP Topic scoring guides consulted for authentic representation/rigor only (no question wording copied).,
U4-S4-CYU-L01,MATH,4,4.4,cyu,cyu,l01,last,2,"Translate a changing-quantity context into related variables, rates, a constraint equation, and the specific instant needed for related-rates reasoning.",Retrieve recent learning.,AP Topic 4.5,related_setup_square,equation,,Unit 4 Assessment Plan + Course Framework; supplied AP Topic scoring guides consulted for authentic representation/rigor only (no question wording copied).,
U4-S4-CYU-L02,MATH,4,4.4,cyu,cyu,l02,last,2,"Translate a changing-quantity context into related variables, rates, a constraint equation, and the specific instant needed for related-rates reasoning.",Retrieve recent learning.,AP Topic 4.5,related_setup_ladder,equation,,Unit 4 Assessment Plan + Course Framework; supplied AP Topic scoring guides consulted for authentic representation/rigor only (no question wording copied).,
U4-S4-CYU-M01,MATH,4,4.4,cyu,cyu,m01,mastery,2,Derivative notation and rules; graph/table interpretation; units and rate meaning; limit and continuity reasoning when relevant.,Retrieve durable prerequisite learning.,AP Topic 4.5,table_derivative,numeric,,Unit 4 Assessment Plan + Course Framework; supplied AP Topic scoring guides consulted for authentic representation/rigor only (no question wording copied).,
U4-S4-CYU-M02,MATH,4,4.4,cyu,cyu,m02,mastery,1,Derivative notation and rules; graph/table interpretation; units and rate meaning; limit and continuity reasoning when relevant.,Retrieve durable prerequisite learning.,AP Topic 4.5,derivative_units,short_response,,Unit 4 Assessment Plan + Course Framework; supplied AP Topic scoring guides consulted for authentic representation/rigor only (no question wording copied).,
U4-S4-WU1-C01,MATH,4,4.4,warm_up_1,warm_up,wu1_c01,current,2,"Solve related-rates problems by modeling the quantities, differentiating with respect to time, substituting the instant data, and interpreting the resulting rate with units and direction.",I can solve geometric and physical related-rate contexts and explain the sign and units of the requested rate.,AP Topic 4.5,related_cylinder,numeric,,Unit 4 Assessment Plan + Course Framework; supplied AP Topic scoring guides consulted for authentic representation/rigor only (no question wording copied).,
U4-S4-WU1-L01,MATH,4,4.4,warm_up_1,warm_up,wu1_l01,last,2,"Translate a changing-quantity context into related variables, rates, a constraint equation, and the specific instant needed for related-rates reasoning.",Retrieve recent learning.,AP Topic 4.5,related_substitution_timing,constructed_response,,Unit 4 Assessment Plan + Course Framework; supplied AP Topic scoring guides consulted for authentic representation/rigor only (no question wording copied).,
U4-S4-WU1-M01,MATH,4,4.4,warm_up_1,warm_up,wu1_m01,mastery,2,Derivative notation and rules; graph/table interpretation; units and rate meaning; limit and continuity reasoning when relevant.,Retrieve durable prerequisite learning.,AP Topic 4.5,quotient_rule,expression,,Unit 4 Assessment Plan + Course Framework; supplied AP Topic scoring guides consulted for authentic representation/rigor only (no question wording copied).,
U4-S4-WU2-C01,MATH,4,4.4,warm_up_2,warm_up,wu2_c01,current,2,"Solve related-rates problems by modeling the quantities, differentiating with respect to time, substituting the instant data, and interpreting the resulting rate with units and direction.",I can solve geometric and physical related-rate contexts and explain the sign and units of the requested rate.,AP Topic 4.5,related_rectangle,numeric,,Unit 4 Assessment Plan + Course Framework; supplied AP Topic scoring guides consulted for authentic representation/rigor only (no question wording copied).,
U4-S4-WU2-L01,MATH,4,4.4,warm_up_2,warm_up,wu2_l01,last,2,"Translate a changing-quantity context into related variables, rates, a constraint equation, and the specific instant needed for related-rates reasoning.",Retrieve recent learning.,AP Topic 4.5,related_setup_product,equation,,Unit 4 Assessment Plan + Course Framework; supplied AP Topic scoring guides consulted for authentic representation/rigor only (no question wording copied).,
U4-S4-WU2-M01,MATH,4,4.4,warm_up_2,warm_up,wu2_m01,mastery,2,Derivative notation and rules; graph/table interpretation; units and rate meaning; limit and continuity reasoning when relevant.,Retrieve durable prerequisite learning.,AP Topic 4.5,derivative_evaluation,numeric,,Unit 4 Assessment Plan + Course Framework; supplied AP Topic scoring guides consulted for authentic representation/rigor only (no question wording copied).,
U4-S4-WU3-C01,MATH,4,4.4,warm_up_3,warm_up,wu3_c01,current,3,"Solve related-rates problems by modeling the quantities, differentiating with respect to time, substituting the instant data, and interpreting the resulting rate with units and direction.",I can solve geometric and physical related-rate contexts and explain the sign and units of the requested rate.,AP Topic 4.5,related_sign_critique,constructed_response,,Unit 4 Assessment Plan + Course Framework; supplied AP Topic scoring guides consulted for authentic representation/rigor only (no question wording copied).,
U4-S4-WU3-L01,MATH,4,4.4,warm_up_3,warm_up,wu3_l01,last,3,"Translate a changing-quantity context into related variables, rates, a constraint equation, and the specific instant needed for related-rates reasoning.",Retrieve recent learning.,AP Topic 4.5,related_setup_critique,constructed_response,,Unit 4 Assessment Plan + Course Framework; supplied AP Topic scoring guides consulted for authentic representation/rigor only (no question wording copied).,
U4-S4-WU3-M01,MATH,4,4.4,warm_up_3,warm_up,wu3_m01,mastery,1,Derivative notation and rules; graph/table interpretation; units and rate meaning; limit and continuity reasoning when relevant.,Retrieve durable prerequisite learning.,AP Topic 4.5,average_rate,numeric,,Unit 4 Assessment Plan + Course Framework; supplied AP Topic scoring guides consulted for authentic representation/rigor only (no question wording copied).,
U4-S4-ET-A-C01,MATH,4,4.4,exit_ticket_a,exit_ticket,et_a_c01,current,2,"Solve related-rates problems by modeling the quantities, differentiating with respect to time, substituting the instant data, and interpreting the resulting rate with units and direction.",I can solve geometric and physical related-rate contexts and explain the sign and units of the requested rate.,AP Topic 4.5,related_circle_area,numeric,,Unit 4 Assessment Plan + Course Framework; supplied AP Topic scoring guides consulted for authentic representation/rigor only (no question wording copied).,
U4-S4-ET-A-C02,MATH,4,4.4,exit_ticket_a,exit_ticket,et_a_c02,current,2,"Solve related-rates problems by modeling the quantities, differentiating with respect to time, substituting the instant data, and interpreting the resulting rate with units and direction.",I can solve geometric and physical related-rate contexts and explain the sign and units of the requested rate.,AP Topic 4.5,related_sphere_volume,numeric,,Unit 4 Assessment Plan + Course Framework; supplied AP Topic scoring guides consulted for authentic representation/rigor only (no question wording copied).,
U4-S4-ET-A-L01,MATH,4,4.4,exit_ticket_a,exit_ticket,et_a_l01,last,2,"Translate a changing-quantity context into related variables, rates, a constraint equation, and the specific instant needed for related-rates reasoning.",Retrieve recent learning.,AP Topic 4.5,related_setup_ladder,equation,,Unit 4 Assessment Plan + Course Framework; supplied AP Topic scoring guides consulted for authentic representation/rigor only (no question wording copied).,
U4-S4-ET-A-M01,MATH,4,4.4,exit_ticket_a,exit_ticket,et_a_m01,mastery,2,Derivative notation and rules; graph/table interpretation; units and rate meaning; limit and continuity reasoning when relevant.,Retrieve durable prerequisite learning.,AP Topic 4.5,table_derivative,numeric,,Unit 4 Assessment Plan + Course Framework; supplied AP Topic scoring guides consulted for authentic representation/rigor only (no question wording copied).,
U4-S4-ET-B-C01,MATH,4,4.4,exit_ticket_b,exit_ticket,et_b_c01,current,2,"Solve related-rates problems by modeling the quantities, differentiating with respect to time, substituting the instant data, and interpreting the resulting rate with units and direction.",I can solve geometric and physical related-rate contexts and explain the sign and units of the requested rate.,AP Topic 4.5,related_process_explanation,constructed_response,,Unit 4 Assessment Plan + Course Framework; supplied AP Topic scoring guides consulted for authentic representation/rigor only (no question wording copied).,
U4-S4-ET-B-C02,MATH,4,4.4,exit_ticket_b,exit_ticket,et_b_c02,current,2,"Solve related-rates problems by modeling the quantities, differentiating with respect to time, substituting the instant data, and interpreting the resulting rate with units and direction.",I can solve geometric and physical related-rate contexts and explain the sign and units of the requested rate.,AP Topic 4.5,related_circle_area,numeric,,Unit 4 Assessment Plan + Course Framework; supplied AP Topic scoring guides consulted for authentic representation/rigor only (no question wording copied).,
U4-S4-ET-B-L01,MATH,4,4.4,exit_ticket_b,exit_ticket,et_b_l01,last,2,"Translate a changing-quantity context into related variables, rates, a constraint equation, and the specific instant needed for related-rates reasoning.",Retrieve recent learning.,AP Topic 4.5,related_setup_square,equation,,Unit 4 Assessment Plan + Course Framework; supplied AP Topic scoring guides consulted for authentic representation/rigor only (no question wording copied).,
U4-S4-ET-B-M01,MATH,4,4.4,exit_ticket_b,exit_ticket,et_b_m01,mastery,2,Derivative notation and rules; graph/table interpretation; units and rate meaning; limit and continuity reasoning when relevant.,Retrieve durable prerequisite learning.,AP Topic 4.5,algebraic_limit,numeric,,Unit 4 Assessment Plan + Course Framework; supplied AP Topic scoring guides consulted for authentic representation/rigor only (no question wording copied).,
U4-S4-ET-C-C01,MATH,4,4.4,exit_ticket_c,exit_ticket,et_c_c01,current,3,"Solve related-rates problems by modeling the quantities, differentiating with respect to time, substituting the instant data, and interpreting the resulting rate with units and direction.",I can solve geometric and physical related-rate contexts and explain the sign and units of the requested rate.,AP Topic 4.5,related_model_choice,constructed_response,,Unit 4 Assessment Plan + Course Framework; supplied AP Topic scoring guides consulted for authentic representation/rigor only (no question wording copied).,
U4-S4-ET-C-C02,MATH,4,4.4,exit_ticket_c,exit_ticket,et_c_c02,current,2,"Solve related-rates problems by modeling the quantities, differentiating with respect to time, substituting the instant data, and interpreting the resulting rate with units and direction.",I can solve geometric and physical related-rate contexts and explain the sign and units of the requested rate.,AP Topic 4.5,related_process_explanation,constructed_response,,Unit 4 Assessment Plan + Course Framework; supplied AP Topic scoring guides consulted for authentic representation/rigor only (no question wording copied).,
U4-S4-ET-C-L01,MATH,4,4.4,exit_ticket_c,exit_ticket,et_c_l01,last,1,"Translate a changing-quantity context into related variables, rates, a constraint equation, and the specific instant needed for related-rates reasoning.",Retrieve recent learning.,AP Topic 4.5,related_setup_vocabulary,classification,,Unit 4 Assessment Plan + Course Framework; supplied AP Topic scoring guides consulted for authentic representation/rigor only (no question wording copied).,
U4-S4-ET-C-M01,MATH,4,4.4,exit_ticket_c,exit_ticket,et_c_m01,mastery,1,Derivative notation and rules; graph/table interpretation; units and rate meaning; limit and continuity reasoning when relevant.,Retrieve durable prerequisite learning.,AP Topic 4.5,average_rate,numeric,,Unit 4 Assessment Plan + Course Framework; supplied AP Topic scoring guides consulted for authentic representation/rigor only (no question wording copied).,
U4-S5-CYU-C01,MATH,4,4.5,cyu,cyu,c01,current,3,Use local linearity for tangent-line approximation and apply L'Hospital's Rule only to appropriate indeterminate forms when its conditions are satisfied.,"I can build and use a linearization, discuss local approximation behavior, and decide whether L'Hospital's Rule is justified before applying it.","AP Topics 4.6, 4.7",method_conditions_compare,constructed_response,,Unit 4 Assessment Plan + Course Framework; supplied AP Topic scoring guides consulted for authentic representation/rigor only (no question wording copied).,
U4-S5-CYU-C02,MATH,4,4.5,cyu,cyu,c02,current,2,Use local linearity for tangent-line approximation and apply L'Hospital's Rule only to appropriate indeterminate forms when its conditions are satisfied.,"I can build and use a linearization, discuss local approximation behavior, and decide whether L'Hospital's Rule is justified before applying it.","AP Topics 4.6, 4.7",linearization_data,numeric,,Unit 4 Assessment Plan + Course Framework; supplied AP Topic scoring guides consulted for authentic representation/rigor only (no question wording copied).,
U4-S5-CYU-L01,MATH,4,4.5,cyu,cyu,l01,last,2,"Solve related-rates problems by modeling the quantities, differentiating with respect to time, substituting the instant data, and interpreting the resulting rate with units and direction.",Retrieve recent learning.,"AP Topics 4.6, 4.7",related_sphere_volume,numeric,,Unit 4 Assessment Plan + Course Framework; supplied AP Topic scoring guides consulted for authentic representation/rigor only (no question wording copied).,
U4-S5-CYU-L02,MATH,4,4.5,cyu,cyu,l02,last,2,"Solve related-rates problems by modeling the quantities, differentiating with respect to time, substituting the instant data, and interpreting the resulting rate with units and direction.",Retrieve recent learning.,"AP Topics 4.6, 4.7",related_ladder,numeric,,Unit 4 Assessment Plan + Course Framework; supplied AP Topic scoring guides consulted for authentic representation/rigor only (no question wording copied).,
U4-S5-CYU-M01,MATH,4,4.5,cyu,cyu,m01,mastery,2,Derivative notation and rules; graph/table interpretation; units and rate meaning; limit and continuity reasoning when relevant.,Retrieve durable prerequisite learning.,"AP Topics 4.6, 4.7",table_derivative,numeric,,Unit 4 Assessment Plan + Course Framework; supplied AP Topic scoring guides consulted for authentic representation/rigor only (no question wording copied).,
U4-S5-CYU-M02,MATH,4,4.5,cyu,cyu,m02,mastery,1,Derivative notation and rules; graph/table interpretation; units and rate meaning; limit and continuity reasoning when relevant.,Retrieve durable prerequisite learning.,"AP Topics 4.6, 4.7",derivative_units,short_response,,Unit 4 Assessment Plan + Course Framework; supplied AP Topic scoring guides consulted for authentic representation/rigor only (no question wording copied).,
U4-S5-WU1-C01,MATH,4,4.5,warm_up_1,warm_up,wu1_c01,current,1,Use local linearity for tangent-line approximation and apply L'Hospital's Rule only to appropriate indeterminate forms when its conditions are satisfied.,"I can build and use a linearization, discuss local approximation behavior, and decide whether L'Hospital's Rule is justified before applying it.","AP Topics 4.6, 4.7",lhopital_form_recognition,classification,,Unit 4 Assessment Plan + Course Framework; supplied AP Topic scoring guides consulted for authentic representation/rigor only (no question wording copied).,
U4-S5-WU1-L01,MATH,4,4.5,warm_up_1,warm_up,wu1_l01,last,3,"Solve related-rates problems by modeling the quantities, differentiating with respect to time, substituting the instant data, and interpreting the resulting rate with units and direction.",Retrieve recent learning.,"AP Topics 4.6, 4.7",related_sign_critique,constructed_response,,Unit 4 Assessment Plan + Course Framework; supplied AP Topic scoring guides consulted for authentic representation/rigor only (no question wording copied).,
U4-S5-WU1-M01,MATH,4,4.5,warm_up_1,warm_up,wu1_m01,mastery,2,Derivative notation and rules; graph/table interpretation; units and rate meaning; limit and continuity reasoning when relevant.,Retrieve durable prerequisite learning.,"AP Topics 4.6, 4.7",quotient_rule,expression,,Unit 4 Assessment Plan + Course Framework; supplied AP Topic scoring guides consulted for authentic representation/rigor only (no question wording copied).,
U4-S5-WU2-C01,MATH,4,4.5,warm_up_2,warm_up,wu2_c01,current,2,Use local linearity for tangent-line approximation and apply L'Hospital's Rule only to appropriate indeterminate forms when its conditions are satisfied.,"I can build and use a linearization, discuss local approximation behavior, and decide whether L'Hospital's Rule is justified before applying it.","AP Topics 4.6, 4.7",lhopital_zero_zero,numeric,,Unit 4 Assessment Plan + Course Framework; supplied AP Topic scoring guides consulted for authentic representation/rigor only (no question wording copied).,
U4-S5-WU2-L01,MATH,4,4.5,warm_up_2,warm_up,wu2_l01,last,3,"Solve related-rates problems by modeling the quantities, differentiating with respect to time, substituting the instant data, and interpreting the resulting rate with units and direction.",Retrieve recent learning.,"AP Topics 4.6, 4.7",related_model_choice,constructed_response,,Unit 4 Assessment Plan + Course Framework; supplied AP Topic scoring guides consulted for authentic representation/rigor only (no question wording copied).,
U4-S5-WU2-M01,MATH,4,4.5,warm_up_2,warm_up,wu2_m01,mastery,2,Derivative notation and rules; graph/table interpretation; units and rate meaning; limit and continuity reasoning when relevant.,Retrieve durable prerequisite learning.,"AP Topics 4.6, 4.7",derivative_evaluation,numeric,,Unit 4 Assessment Plan + Course Framework; supplied AP Topic scoring guides consulted for authentic representation/rigor only (no question wording copied).,
U4-S5-WU3-C01,MATH,4,4.5,warm_up_3,warm_up,wu3_c01,current,2,Use local linearity for tangent-line approximation and apply L'Hospital's Rule only to appropriate indeterminate forms when its conditions are satisfied.,"I can build and use a linearization, discuss local approximation behavior, and decide whether L'Hospital's Rule is justified before applying it.","AP Topics 4.6, 4.7",lhopital_infinity,numeric,,Unit 4 Assessment Plan + Course Framework; supplied AP Topic scoring guides consulted for authentic representation/rigor only (no question wording copied).,
U4-S5-WU3-L01,MATH,4,4.5,warm_up_3,warm_up,wu3_l01,last,2,"Solve related-rates problems by modeling the quantities, differentiating with respect to time, substituting the instant data, and interpreting the resulting rate with units and direction.",Retrieve recent learning.,"AP Topics 4.6, 4.7",related_process_explanation,constructed_response,,Unit 4 Assessment Plan + Course Framework; supplied AP Topic scoring guides consulted for authentic representation/rigor only (no question wording copied).,
U4-S5-WU3-M01,MATH,4,4.5,warm_up_3,warm_up,wu3_m01,mastery,1,Derivative notation and rules; graph/table interpretation; units and rate meaning; limit and continuity reasoning when relevant.,Retrieve durable prerequisite learning.,"AP Topics 4.6, 4.7",average_rate,numeric,,Unit 4 Assessment Plan + Course Framework; supplied AP Topic scoring guides consulted for authentic representation/rigor only (no question wording copied).,
U4-S5-ET-A-C01,MATH,4,4.5,exit_ticket_a,exit_ticket,et_a_c01,current,2,Use local linearity for tangent-line approximation and apply L'Hospital's Rule only to appropriate indeterminate forms when its conditions are satisfied.,"I can build and use a linearization, discuss local approximation behavior, and decide whether L'Hospital's Rule is justified before applying it.","AP Topics 4.6, 4.7",linearization_data,numeric,,Unit 4 Assessment Plan + Course Framework; supplied AP Topic scoring guides consulted for authentic representation/rigor only (no question wording copied).,
U4-S5-ET-A-C02,MATH,4,4.5,exit_ticket_a,exit_ticket,et_a_c02,current,2,Use local linearity for tangent-line approximation and apply L'Hospital's Rule only to appropriate indeterminate forms when its conditions are satisfied.,"I can build and use a linearization, discuss local approximation behavior, and decide whether L'Hospital's Rule is justified before applying it.","AP Topics 4.6, 4.7",linearization_sqrt,numeric,,Unit 4 Assessment Plan + Course Framework; supplied AP Topic scoring guides consulted for authentic representation/rigor only (no question wording copied).,
U4-S5-ET-A-L01,MATH,4,4.5,exit_ticket_a,exit_ticket,et_a_l01,last,2,"Solve related-rates problems by modeling the quantities, differentiating with respect to time, substituting the instant data, and interpreting the resulting rate with units and direction.",Retrieve recent learning.,"AP Topics 4.6, 4.7",related_ladder,numeric,,Unit 4 Assessment Plan + Course Framework; supplied AP Topic scoring guides consulted for authentic representation/rigor only (no question wording copied).,
U4-S5-ET-A-M01,MATH,4,4.5,exit_ticket_a,exit_ticket,et_a_m01,mastery,2,Derivative notation and rules; graph/table interpretation; units and rate meaning; limit and continuity reasoning when relevant.,Retrieve durable prerequisite learning.,"AP Topics 4.6, 4.7",table_derivative,numeric,,Unit 4 Assessment Plan + Course Framework; supplied AP Topic scoring guides consulted for authentic representation/rigor only (no question wording copied).,
U4-S5-ET-B-C01,MATH,4,4.5,exit_ticket_b,exit_ticket,et_b_c01,current,3,Use local linearity for tangent-line approximation and apply L'Hospital's Rule only to appropriate indeterminate forms when its conditions are satisfied.,"I can build and use a linearization, discuss local approximation behavior, and decide whether L'Hospital's Rule is justified before applying it.","AP Topics 4.6, 4.7",method_conditions_compare,constructed_response,,Unit 4 Assessment Plan + Course Framework; supplied AP Topic scoring guides consulted for authentic representation/rigor only (no question wording copied).,
U4-S5-ET-B-C02,MATH,4,4.5,exit_ticket_b,exit_ticket,et_b_c02,current,2,Use local linearity for tangent-line approximation and apply L'Hospital's Rule only to appropriate indeterminate forms when its conditions are satisfied.,"I can build and use a linearization, discuss local approximation behavior, and decide whether L'Hospital's Rule is justified before applying it.","AP Topics 4.6, 4.7",linearization_data,numeric,,Unit 4 Assessment Plan + Course Framework; supplied AP Topic scoring guides consulted for authentic representation/rigor only (no question wording copied).,
U4-S5-ET-B-L01,MATH,4,4.5,exit_ticket_b,exit_ticket,et_b_l01,last,2,"Solve related-rates problems by modeling the quantities, differentiating with respect to time, substituting the instant data, and interpreting the resulting rate with units and direction.",Retrieve recent learning.,"AP Topics 4.6, 4.7",related_sphere_volume,numeric,,Unit 4 Assessment Plan + Course Framework; supplied AP Topic scoring guides consulted for authentic representation/rigor only (no question wording copied).,
U4-S5-ET-B-M01,MATH,4,4.5,exit_ticket_b,exit_ticket,et_b_m01,mastery,2,Derivative notation and rules; graph/table interpretation; units and rate meaning; limit and continuity reasoning when relevant.,Retrieve durable prerequisite learning.,"AP Topics 4.6, 4.7",algebraic_limit,numeric,,Unit 4 Assessment Plan + Course Framework; supplied AP Topic scoring guides consulted for authentic representation/rigor only (no question wording copied).,
U4-S5-ET-C-C01,MATH,4,4.5,exit_ticket_c,exit_ticket,et_c_c01,current,3,Use local linearity for tangent-line approximation and apply L'Hospital's Rule only to appropriate indeterminate forms when its conditions are satisfied.,"I can build and use a linearization, discuss local approximation behavior, and decide whether L'Hospital's Rule is justified before applying it.","AP Topics 4.6, 4.7",lhopital_conditions_critique,constructed_response,,Unit 4 Assessment Plan + Course Framework; supplied AP Topic scoring guides consulted for authentic representation/rigor only (no question wording copied).,
U4-S5-ET-C-C02,MATH,4,4.5,exit_ticket_c,exit_ticket,et_c_c02,current,3,Use local linearity for tangent-line approximation and apply L'Hospital's Rule only to appropriate indeterminate forms when its conditions are satisfied.,"I can build and use a linearization, discuss local approximation behavior, and decide whether L'Hospital's Rule is justified before applying it.","AP Topics 4.6, 4.7",method_conditions_compare,constructed_response,,Unit 4 Assessment Plan + Course Framework; supplied AP Topic scoring guides consulted for authentic representation/rigor only (no question wording copied).,
U4-S5-ET-C-L01,MATH,4,4.5,exit_ticket_c,exit_ticket,et_c_l01,last,2,"Solve related-rates problems by modeling the quantities, differentiating with respect to time, substituting the instant data, and interpreting the resulting rate with units and direction.",Retrieve recent learning.,"AP Topics 4.6, 4.7",related_circle_area,numeric,,Unit 4 Assessment Plan + Course Framework; supplied AP Topic scoring guides consulted for authentic representation/rigor only (no question wording copied).,
U4-S5-ET-C-M01,MATH,4,4.5,exit_ticket_c,exit_ticket,et_c_m01,mastery,1,Derivative notation and rules; graph/table interpretation; units and rate meaning; limit and continuity reasoning when relevant.,Retrieve durable prerequisite learning.,"AP Topics 4.6, 4.7",average_rate,numeric,,Unit 4 Assessment Plan + Course Framework; supplied AP Topic scoring guides consulted for authentic representation/rigor only (no question wording copied).,
U4-S1-PERF01,MATH,4,4.1,performance_future_task,performance,perf01,performance,3,"Interpret $f$, $f'$, and $f''$ in context using appropriate units, rates, and verbal meaning.","I can interpret $f$, $f'$, and $f''$ in context, attach correct units, and distinguish a quantity from its first and second rates of change.","AP Topics 4.1, 4.3",context_interpretation_audit,performance_response,,Unit 4 Assessment Plan + Course Framework; supplied AP Topic scoring guides consulted for authentic representation/rigor only (no question wording copied).,Performance-oriented Unit 4 evidence aligned to the assessment plan.
U4-S2-PERF01,MATH,4,4.2,performance_future_task,performance,perf01,performance,4,"Analyze position, velocity, acceleration, speed, and sign relationships from equations, graphs, tables, and calculator-supported representations.","I can connect position, velocity, acceleration, speed, direction, and speeding-up/slowing-down behavior using derivative values and signs.",AP Topic 4.2,motion_model_investigation,performance_response,,Unit 4 Assessment Plan + Course Framework; supplied AP Topic scoring guides consulted for authentic representation/rigor only (no question wording copied).,Performance-oriented Unit 4 evidence aligned to the assessment plan.
U4-S3-PERF01,MATH,4,4.3,performance_future_task,performance,perf01,performance,3,"Translate a changing-quantity context into related variables, rates, a constraint equation, and the specific instant needed for related-rates reasoning.","I can identify changing quantities and rates, write a valid constraint, and prepare a related-rates setup without substituting values too early.",AP Topic 4.4,related_setup_protocol,performance_response,,Unit 4 Assessment Plan + Course Framework; supplied AP Topic scoring guides consulted for authentic representation/rigor only (no question wording copied).,Performance-oriented Unit 4 evidence aligned to the assessment plan.
U4-S4-PERF01,MATH,4,4.4,performance_future_task,performance,perf01,performance,4,"Solve related-rates problems by modeling the quantities, differentiating with respect to time, substituting the instant data, and interpreting the resulting rate with units and direction.",I can solve geometric and physical related-rate contexts and explain the sign and units of the requested rate.,AP Topic 4.5,related_rates_performance,performance_response,,Unit 4 Assessment Plan + Course Framework; supplied AP Topic scoring guides consulted for authentic representation/rigor only (no question wording copied).,Performance-oriented Unit 4 evidence aligned to the assessment plan.
U4-S5-PERF01,MATH,4,4.5,performance_future_task,performance,perf01,performance,4,Use local linearity for tangent-line approximation and apply L'Hospital's Rule only to appropriate indeterminate forms when its conditions are satisfied.,"I can build and use a linearization, discuss local approximation behavior, and decide whether L'Hospital's Rule is justified before applying it.","AP Topics 4.6, 4.7",local_linearity_performance,performance_response,u4_s5_perf01_linearization_model.png,Unit 4 Assessment Plan + Course Framework; supplied AP Topic scoring guides consulted for authentic representation/rigor only (no question wording copied).,Performance-oriented Unit 4 evidence aligned to the assessment plan.
U4-FA-D1-01-V1,MATH,4,4.1,formative_assessment,formative,d1_01_v1,n-a,1,"Interpret $f$, $f'$, and $f''$ in context using appropriate units, rates, and verbal meaning.","I can interpret $f$, $f'$, and $f''$ in context, attach correct units, and distinguish a quantity from its first and second rates of change.","AP Topics 4.1, 4.3",meaning_units,interpretation,,Unit 4 Assessment Plan + Course Framework; supplied AP Topic scoring guides consulted for authentic representation/rigor only (no question wording copied).,Assessment-plan family: Derivative Meaning and Units Check; eligible after Section 4.1; version 1. 
U4-FA-D1-01-V2,MATH,4,4.1,formative_assessment,formative,d1_01_v2,n-a,1,"Interpret $f$, $f'$, and $f''$ in context using appropriate units, rates, and verbal meaning.","I can interpret $f$, $f'$, and $f''$ in context, attach correct units, and distinguish a quantity from its first and second rates of change.","AP Topics 4.1, 4.3",meaning_units,interpretation,,Unit 4 Assessment Plan + Course Framework; supplied AP Topic scoring guides consulted for authentic representation/rigor only (no question wording copied).,Assessment-plan family: Derivative Meaning and Units Check; eligible after Section 4.1; version 2. 
U4-FA-D1-01-V3,MATH,4,4.1,formative_assessment,formative,d1_01_v3,n-a,1,"Interpret $f$, $f'$, and $f''$ in context using appropriate units, rates, and verbal meaning.","I can interpret $f$, $f'$, and $f''$ in context, attach correct units, and distinguish a quantity from its first and second rates of change.","AP Topics 4.1, 4.3",meaning_units,interpretation,,Unit 4 Assessment Plan + Course Framework; supplied AP Topic scoring guides consulted for authentic representation/rigor only (no question wording copied).,Assessment-plan family: Derivative Meaning and Units Check; eligible after Section 4.1; version 3. 
U4-FA-D1-01-V4,MATH,4,4.1,formative_assessment,formative,d1_01_v4,n-a,1,"Interpret $f$, $f'$, and $f''$ in context using appropriate units, rates, and verbal meaning.","I can interpret $f$, $f'$, and $f''$ in context, attach correct units, and distinguish a quantity from its first and second rates of change.","AP Topics 4.1, 4.3",meaning_units,interpretation,,Unit 4 Assessment Plan + Course Framework; supplied AP Topic scoring guides consulted for authentic representation/rigor only (no question wording copied).,Assessment-plan family: Derivative Meaning and Units Check; eligible after Section 4.1; version 4. 
U4-FA-D1-01-V5,MATH,4,4.1,formative_assessment,formative,d1_01_v5,n-a,1,"Interpret $f$, $f'$, and $f''$ in context using appropriate units, rates, and verbal meaning.","I can interpret $f$, $f'$, and $f''$ in context, attach correct units, and distinguish a quantity from its first and second rates of change.","AP Topics 4.1, 4.3",meaning_units,interpretation,,Unit 4 Assessment Plan + Course Framework; supplied AP Topic scoring guides consulted for authentic representation/rigor only (no question wording copied).,Assessment-plan family: Derivative Meaning and Units Check; eligible after Section 4.1; version 5. 
U4-FA-D1-01-V6,MATH,4,4.1,formative_assessment,formative,d1_01_v6,n-a,1,"Interpret $f$, $f'$, and $f''$ in context using appropriate units, rates, and verbal meaning.","I can interpret $f$, $f'$, and $f''$ in context, attach correct units, and distinguish a quantity from its first and second rates of change.","AP Topics 4.1, 4.3",meaning_units,interpretation,,Unit 4 Assessment Plan + Course Framework; supplied AP Topic scoring guides consulted for authentic representation/rigor only (no question wording copied).,Assessment-plan family: Derivative Meaning and Units Check; eligible after Section 4.1; version 6. 
U4-FA-D1-01-V7,MATH,4,4.1,formative_assessment,formative,d1_01_v7,n-a,1,"Interpret $f$, $f'$, and $f''$ in context using appropriate units, rates, and verbal meaning.","I can interpret $f$, $f'$, and $f''$ in context, attach correct units, and distinguish a quantity from its first and second rates of change.","AP Topics 4.1, 4.3",meaning_units,interpretation,,Unit 4 Assessment Plan + Course Framework; supplied AP Topic scoring guides consulted for authentic representation/rigor only (no question wording copied).,Assessment-plan family: Derivative Meaning and Units Check; eligible after Section 4.1; version 7. 
U4-FA-D1-01-V8,MATH,4,4.1,formative_assessment,formative,d1_01_v8,n-a,1,"Interpret $f$, $f'$, and $f''$ in context using appropriate units, rates, and verbal meaning.","I can interpret $f$, $f'$, and $f''$ in context, attach correct units, and distinguish a quantity from its first and second rates of change.","AP Topics 4.1, 4.3",meaning_units,interpretation,,Unit 4 Assessment Plan + Course Framework; supplied AP Topic scoring guides consulted for authentic representation/rigor only (no question wording copied).,Assessment-plan family: Derivative Meaning and Units Check; eligible after Section 4.1; version 8. 
U4-FA-D1-02-V1,MATH,4,4.2,formative_assessment,formative,d1_02_v1,n-a,1,"Analyze position, velocity, acceleration, speed, and sign relationships from equations, graphs, tables, and calculator-supported representations.","I can connect position, velocity, acceleration, speed, direction, and speeding-up/slowing-down behavior using derivative values and signs.",AP Topic 4.2,motion_recognition,short_response,,Unit 4 Assessment Plan + Course Framework; supplied AP Topic scoring guides consulted for authentic representation/rigor only (no question wording copied).,Assessment-plan family: Motion Quantity Recognition; eligible after Section 4.2; version 1. 
U4-FA-D1-02-V2,MATH,4,4.2,formative_assessment,formative,d1_02_v2,n-a,1,"Analyze position, velocity, acceleration, speed, and sign relationships from equations, graphs, tables, and calculator-supported representations.","I can connect position, velocity, acceleration, speed, direction, and speeding-up/slowing-down behavior using derivative values and signs.",AP Topic 4.2,motion_recognition,short_response,,Unit 4 Assessment Plan + Course Framework; supplied AP Topic scoring guides consulted for authentic representation/rigor only (no question wording copied).,Assessment-plan family: Motion Quantity Recognition; eligible after Section 4.2; version 2. 
U4-FA-D1-02-V3,MATH,4,4.2,formative_assessment,formative,d1_02_v3,n-a,1,"Analyze position, velocity, acceleration, speed, and sign relationships from equations, graphs, tables, and calculator-supported representations.","I can connect position, velocity, acceleration, speed, direction, and speeding-up/slowing-down behavior using derivative values and signs.",AP Topic 4.2,motion_recognition,short_response,,Unit 4 Assessment Plan + Course Framework; supplied AP Topic scoring guides consulted for authentic representation/rigor only (no question wording copied).,Assessment-plan family: Motion Quantity Recognition; eligible after Section 4.2; version 3. 
U4-FA-D1-02-V4,MATH,4,4.2,formative_assessment,formative,d1_02_v4,n-a,1,"Analyze position, velocity, acceleration, speed, and sign relationships from equations, graphs, tables, and calculator-supported representations.","I can connect position, velocity, acceleration, speed, direction, and speeding-up/slowing-down behavior using derivative values and signs.",AP Topic 4.2,motion_recognition,short_response,,Unit 4 Assessment Plan + Course Framework; supplied AP Topic scoring guides consulted for authentic representation/rigor only (no question wording copied).,Assessment-plan family: Motion Quantity Recognition; eligible after Section 4.2; version 4. 
U4-FA-D1-02-V5,MATH,4,4.2,formative_assessment,formative,d1_02_v5,n-a,1,"Analyze position, velocity, acceleration, speed, and sign relationships from equations, graphs, tables, and calculator-supported representations.","I can connect position, velocity, acceleration, speed, direction, and speeding-up/slowing-down behavior using derivative values and signs.",AP Topic 4.2,motion_recognition,short_response,,Unit 4 Assessment Plan + Course Framework; supplied AP Topic scoring guides consulted for authentic representation/rigor only (no question wording copied).,Assessment-plan family: Motion Quantity Recognition; eligible after Section 4.2; version 5. 
U4-FA-D1-02-V6,MATH,4,4.2,formative_assessment,formative,d1_02_v6,n-a,1,"Analyze position, velocity, acceleration, speed, and sign relationships from equations, graphs, tables, and calculator-supported representations.","I can connect position, velocity, acceleration, speed, direction, and speeding-up/slowing-down behavior using derivative values and signs.",AP Topic 4.2,motion_recognition,short_response,,Unit 4 Assessment Plan + Course Framework; supplied AP Topic scoring guides consulted for authentic representation/rigor only (no question wording copied).,Assessment-plan family: Motion Quantity Recognition; eligible after Section 4.2; version 6. 
U4-FA-D1-02-V7,MATH,4,4.2,formative_assessment,formative,d1_02_v7,n-a,1,"Analyze position, velocity, acceleration, speed, and sign relationships from equations, graphs, tables, and calculator-supported representations.","I can connect position, velocity, acceleration, speed, direction, and speeding-up/slowing-down behavior using derivative values and signs.",AP Topic 4.2,motion_recognition,short_response,,Unit 4 Assessment Plan + Course Framework; supplied AP Topic scoring guides consulted for authentic representation/rigor only (no question wording copied).,Assessment-plan family: Motion Quantity Recognition; eligible after Section 4.2; version 7. 
U4-FA-D1-02-V8,MATH,4,4.2,formative_assessment,formative,d1_02_v8,n-a,1,"Analyze position, velocity, acceleration, speed, and sign relationships from equations, graphs, tables, and calculator-supported representations.","I can connect position, velocity, acceleration, speed, direction, and speeding-up/slowing-down behavior using derivative values and signs.",AP Topic 4.2,motion_recognition,short_response,,Unit 4 Assessment Plan + Course Framework; supplied AP Topic scoring guides consulted for authentic representation/rigor only (no question wording copied).,Assessment-plan family: Motion Quantity Recognition; eligible after Section 4.2; version 8. 
U4-FA-D1-03-V1,MATH,4,4.3,formative_assessment,formative,d1_03_v1,n-a,1,"Translate a changing-quantity context into related variables, rates, a constraint equation, and the specific instant needed for related-rates reasoning.","I can identify changing quantities and rates, write a valid constraint, and prepare a related-rates setup without substituting values too early.",AP Topic 4.4,setup_vocabulary,classification,,Unit 4 Assessment Plan + Course Framework; supplied AP Topic scoring guides consulted for authentic representation/rigor only (no question wording copied).,Assessment-plan family: Related-Rate Setup Vocabulary; eligible after Section 4.3; version 1. 
U4-FA-D1-03-V2,MATH,4,4.3,formative_assessment,formative,d1_03_v2,n-a,1,"Translate a changing-quantity context into related variables, rates, a constraint equation, and the specific instant needed for related-rates reasoning.","I can identify changing quantities and rates, write a valid constraint, and prepare a related-rates setup without substituting values too early.",AP Topic 4.4,setup_vocabulary,classification,,Unit 4 Assessment Plan + Course Framework; supplied AP Topic scoring guides consulted for authentic representation/rigor only (no question wording copied).,Assessment-plan family: Related-Rate Setup Vocabulary; eligible after Section 4.3; version 2. 
U4-FA-D1-03-V3,MATH,4,4.3,formative_assessment,formative,d1_03_v3,n-a,1,"Translate a changing-quantity context into related variables, rates, a constraint equation, and the specific instant needed for related-rates reasoning.","I can identify changing quantities and rates, write a valid constraint, and prepare a related-rates setup without substituting values too early.",AP Topic 4.4,setup_vocabulary,classification,,Unit 4 Assessment Plan + Course Framework; supplied AP Topic scoring guides consulted for authentic representation/rigor only (no question wording copied).,Assessment-plan family: Related-Rate Setup Vocabulary; eligible after Section 4.3; version 3. 
U4-FA-D1-03-V4,MATH,4,4.3,formative_assessment,formative,d1_03_v4,n-a,1,"Translate a changing-quantity context into related variables, rates, a constraint equation, and the specific instant needed for related-rates reasoning.","I can identify changing quantities and rates, write a valid constraint, and prepare a related-rates setup without substituting values too early.",AP Topic 4.4,setup_vocabulary,classification,,Unit 4 Assessment Plan + Course Framework; supplied AP Topic scoring guides consulted for authentic representation/rigor only (no question wording copied).,Assessment-plan family: Related-Rate Setup Vocabulary; eligible after Section 4.3; version 4. 
U4-FA-D1-03-V5,MATH,4,4.3,formative_assessment,formative,d1_03_v5,n-a,1,"Translate a changing-quantity context into related variables, rates, a constraint equation, and the specific instant needed for related-rates reasoning.","I can identify changing quantities and rates, write a valid constraint, and prepare a related-rates setup without substituting values too early.",AP Topic 4.4,setup_vocabulary,classification,,Unit 4 Assessment Plan + Course Framework; supplied AP Topic scoring guides consulted for authentic representation/rigor only (no question wording copied).,Assessment-plan family: Related-Rate Setup Vocabulary; eligible after Section 4.3; version 5. 
U4-FA-D1-03-V6,MATH,4,4.3,formative_assessment,formative,d1_03_v6,n-a,1,"Translate a changing-quantity context into related variables, rates, a constraint equation, and the specific instant needed for related-rates reasoning.","I can identify changing quantities and rates, write a valid constraint, and prepare a related-rates setup without substituting values too early.",AP Topic 4.4,setup_vocabulary,classification,,Unit 4 Assessment Plan + Course Framework; supplied AP Topic scoring guides consulted for authentic representation/rigor only (no question wording copied).,Assessment-plan family: Related-Rate Setup Vocabulary; eligible after Section 4.3; version 6. 
U4-FA-D1-03-V7,MATH,4,4.3,formative_assessment,formative,d1_03_v7,n-a,1,"Translate a changing-quantity context into related variables, rates, a constraint equation, and the specific instant needed for related-rates reasoning.","I can identify changing quantities and rates, write a valid constraint, and prepare a related-rates setup without substituting values too early.",AP Topic 4.4,setup_vocabulary,classification,,Unit 4 Assessment Plan + Course Framework; supplied AP Topic scoring guides consulted for authentic representation/rigor only (no question wording copied).,Assessment-plan family: Related-Rate Setup Vocabulary; eligible after Section 4.3; version 7. 
U4-FA-D1-03-V8,MATH,4,4.3,formative_assessment,formative,d1_03_v8,n-a,1,"Translate a changing-quantity context into related variables, rates, a constraint equation, and the specific instant needed for related-rates reasoning.","I can identify changing quantities and rates, write a valid constraint, and prepare a related-rates setup without substituting values too early.",AP Topic 4.4,setup_vocabulary,classification,,Unit 4 Assessment Plan + Course Framework; supplied AP Topic scoring guides consulted for authentic representation/rigor only (no question wording copied).,Assessment-plan family: Related-Rate Setup Vocabulary; eligible after Section 4.3; version 8. 
U4-FA-D1-04-V1,MATH,4,4.5,formative_assessment,formative,d1_04_v1,n-a,1,Use local linearity for tangent-line approximation and apply L'Hospital's Rule only to appropriate indeterminate forms when its conditions are satisfied.,"I can build and use a linearization, discuss local approximation behavior, and decide whether L'Hospital's Rule is justified before applying it.","AP Topics 4.6, 4.7",indeterminate_recognition,short_response,,Unit 4 Assessment Plan + Course Framework; supplied AP Topic scoring guides consulted for authentic representation/rigor only (no question wording copied).,Assessment-plan family: Linearization and Indeterminate-Form Check; eligible after Section 4.5; version 1. 
U4-FA-D1-04-V2,MATH,4,4.5,formative_assessment,formative,d1_04_v2,n-a,1,Use local linearity for tangent-line approximation and apply L'Hospital's Rule only to appropriate indeterminate forms when its conditions are satisfied.,"I can build and use a linearization, discuss local approximation behavior, and decide whether L'Hospital's Rule is justified before applying it.","AP Topics 4.6, 4.7",linearization_recognition,equation,,Unit 4 Assessment Plan + Course Framework; supplied AP Topic scoring guides consulted for authentic representation/rigor only (no question wording copied).,Assessment-plan family: Linearization and Indeterminate-Form Check; eligible after Section 4.5; version 2. 
U4-FA-D1-04-V3,MATH,4,4.5,formative_assessment,formative,d1_04_v3,n-a,1,Use local linearity for tangent-line approximation and apply L'Hospital's Rule only to appropriate indeterminate forms when its conditions are satisfied.,"I can build and use a linearization, discuss local approximation behavior, and decide whether L'Hospital's Rule is justified before applying it.","AP Topics 4.6, 4.7",indeterminate_recognition,short_response,,Unit 4 Assessment Plan + Course Framework; supplied AP Topic scoring guides consulted for authentic representation/rigor only (no question wording copied).,Assessment-plan family: Linearization and Indeterminate-Form Check; eligible after Section 4.5; version 3. 
U4-FA-D1-04-V4,MATH,4,4.5,formative_assessment,formative,d1_04_v4,n-a,1,Use local linearity for tangent-line approximation and apply L'Hospital's Rule only to appropriate indeterminate forms when its conditions are satisfied.,"I can build and use a linearization, discuss local approximation behavior, and decide whether L'Hospital's Rule is justified before applying it.","AP Topics 4.6, 4.7",linearization_recognition,equation,,Unit 4 Assessment Plan + Course Framework; supplied AP Topic scoring guides consulted for authentic representation/rigor only (no question wording copied).,Assessment-plan family: Linearization and Indeterminate-Form Check; eligible after Section 4.5; version 4. 
U4-FA-D1-04-V5,MATH,4,4.5,formative_assessment,formative,d1_04_v5,n-a,1,Use local linearity for tangent-line approximation and apply L'Hospital's Rule only to appropriate indeterminate forms when its conditions are satisfied.,"I can build and use a linearization, discuss local approximation behavior, and decide whether L'Hospital's Rule is justified before applying it.","AP Topics 4.6, 4.7",indeterminate_recognition,short_response,,Unit 4 Assessment Plan + Course Framework; supplied AP Topic scoring guides consulted for authentic representation/rigor only (no question wording copied).,Assessment-plan family: Linearization and Indeterminate-Form Check; eligible after Section 4.5; version 5. 
U4-FA-D1-04-V6,MATH,4,4.5,formative_assessment,formative,d1_04_v6,n-a,1,Use local linearity for tangent-line approximation and apply L'Hospital's Rule only to appropriate indeterminate forms when its conditions are satisfied.,"I can build and use a linearization, discuss local approximation behavior, and decide whether L'Hospital's Rule is justified before applying it.","AP Topics 4.6, 4.7",linearization_recognition,equation,,Unit 4 Assessment Plan + Course Framework; supplied AP Topic scoring guides consulted for authentic representation/rigor only (no question wording copied).,Assessment-plan family: Linearization and Indeterminate-Form Check; eligible after Section 4.5; version 6. 
U4-FA-D1-04-V7,MATH,4,4.5,formative_assessment,formative,d1_04_v7,n-a,1,Use local linearity for tangent-line approximation and apply L'Hospital's Rule only to appropriate indeterminate forms when its conditions are satisfied.,"I can build and use a linearization, discuss local approximation behavior, and decide whether L'Hospital's Rule is justified before applying it.","AP Topics 4.6, 4.7",indeterminate_recognition,short_response,,Unit 4 Assessment Plan + Course Framework; supplied AP Topic scoring guides consulted for authentic representation/rigor only (no question wording copied).,Assessment-plan family: Linearization and Indeterminate-Form Check; eligible after Section 4.5; version 7. 
U4-FA-D1-04-V8,MATH,4,4.5,formative_assessment,formative,d1_04_v8,n-a,1,Use local linearity for tangent-line approximation and apply L'Hospital's Rule only to appropriate indeterminate forms when its conditions are satisfied.,"I can build and use a linearization, discuss local approximation behavior, and decide whether L'Hospital's Rule is justified before applying it.","AP Topics 4.6, 4.7",linearization_recognition,equation,,Unit 4 Assessment Plan + Course Framework; supplied AP Topic scoring guides consulted for authentic representation/rigor only (no question wording copied).,Assessment-plan family: Linearization and Indeterminate-Form Check; eligible after Section 4.5; version 8. 
U4-FA-D2-01-V1,MATH,4,4.1,formative_assessment,formative,d2_01_v1,n-a,2,"Interpret $f$, $f'$, and $f''$ in context using appropriate units, rates, and verbal meaning.","I can interpret $f$, $f'$, and $f''$ in context, attach correct units, and distinguish a quantity from its first and second rates of change.","AP Topics 4.1, 4.3",context_application,interpretation,,Unit 4 Assessment Plan + Course Framework; supplied AP Topic scoring guides consulted for authentic representation/rigor only (no question wording copied).,Assessment-plan family: Context Interpretation Application; eligible after Section 4.1; version 1. 
U4-FA-D2-01-V2,MATH,4,4.1,formative_assessment,formative,d2_01_v2,n-a,2,"Interpret $f$, $f'$, and $f''$ in context using appropriate units, rates, and verbal meaning.","I can interpret $f$, $f'$, and $f''$ in context, attach correct units, and distinguish a quantity from its first and second rates of change.","AP Topics 4.1, 4.3",context_application,interpretation,,Unit 4 Assessment Plan + Course Framework; supplied AP Topic scoring guides consulted for authentic representation/rigor only (no question wording copied).,Assessment-plan family: Context Interpretation Application; eligible after Section 4.1; version 2. 
U4-FA-D2-01-V3,MATH,4,4.1,formative_assessment,formative,d2_01_v3,n-a,2,"Interpret $f$, $f'$, and $f''$ in context using appropriate units, rates, and verbal meaning.","I can interpret $f$, $f'$, and $f''$ in context, attach correct units, and distinguish a quantity from its first and second rates of change.","AP Topics 4.1, 4.3",context_application,interpretation,,Unit 4 Assessment Plan + Course Framework; supplied AP Topic scoring guides consulted for authentic representation/rigor only (no question wording copied).,Assessment-plan family: Context Interpretation Application; eligible after Section 4.1; version 3. 
U4-FA-D2-01-V4,MATH,4,4.1,formative_assessment,formative,d2_01_v4,n-a,2,"Interpret $f$, $f'$, and $f''$ in context using appropriate units, rates, and verbal meaning.","I can interpret $f$, $f'$, and $f''$ in context, attach correct units, and distinguish a quantity from its first and second rates of change.","AP Topics 4.1, 4.3",context_application,interpretation,,Unit 4 Assessment Plan + Course Framework; supplied AP Topic scoring guides consulted for authentic representation/rigor only (no question wording copied).,Assessment-plan family: Context Interpretation Application; eligible after Section 4.1; version 4. 
U4-FA-D2-01-V5,MATH,4,4.1,formative_assessment,formative,d2_01_v5,n-a,2,"Interpret $f$, $f'$, and $f''$ in context using appropriate units, rates, and verbal meaning.","I can interpret $f$, $f'$, and $f''$ in context, attach correct units, and distinguish a quantity from its first and second rates of change.","AP Topics 4.1, 4.3",context_application,interpretation,,Unit 4 Assessment Plan + Course Framework; supplied AP Topic scoring guides consulted for authentic representation/rigor only (no question wording copied).,Assessment-plan family: Context Interpretation Application; eligible after Section 4.1; version 5. 
U4-FA-D2-01-V6,MATH,4,4.1,formative_assessment,formative,d2_01_v6,n-a,2,"Interpret $f$, $f'$, and $f''$ in context using appropriate units, rates, and verbal meaning.","I can interpret $f$, $f'$, and $f''$ in context, attach correct units, and distinguish a quantity from its first and second rates of change.","AP Topics 4.1, 4.3",context_application,interpretation,,Unit 4 Assessment Plan + Course Framework; supplied AP Topic scoring guides consulted for authentic representation/rigor only (no question wording copied).,Assessment-plan family: Context Interpretation Application; eligible after Section 4.1; version 6. 
U4-FA-D2-01-V7,MATH,4,4.1,formative_assessment,formative,d2_01_v7,n-a,2,"Interpret $f$, $f'$, and $f''$ in context using appropriate units, rates, and verbal meaning.","I can interpret $f$, $f'$, and $f''$ in context, attach correct units, and distinguish a quantity from its first and second rates of change.","AP Topics 4.1, 4.3",context_application,interpretation,,Unit 4 Assessment Plan + Course Framework; supplied AP Topic scoring guides consulted for authentic representation/rigor only (no question wording copied).,Assessment-plan family: Context Interpretation Application; eligible after Section 4.1; version 7. 
U4-FA-D2-01-V8,MATH,4,4.1,formative_assessment,formative,d2_01_v8,n-a,2,"Interpret $f$, $f'$, and $f''$ in context using appropriate units, rates, and verbal meaning.","I can interpret $f$, $f'$, and $f''$ in context, attach correct units, and distinguish a quantity from its first and second rates of change.","AP Topics 4.1, 4.3",context_application,interpretation,,Unit 4 Assessment Plan + Course Framework; supplied AP Topic scoring guides consulted for authentic representation/rigor only (no question wording copied).,Assessment-plan family: Context Interpretation Application; eligible after Section 4.1; version 8. 
U4-FA-D2-02-V1,MATH,4,4.2,formative_assessment,formative,d2_02_v1,n-a,2,"Analyze position, velocity, acceleration, speed, and sign relationships from equations, graphs, tables, and calculator-supported representations.","I can connect position, velocity, acceleration, speed, direction, and speeding-up/slowing-down behavior using derivative values and signs.",AP Topic 4.2,motion_sign_application,constructed_response,,Unit 4 Assessment Plan + Course Framework; supplied AP Topic scoring guides consulted for authentic representation/rigor only (no question wording copied).,Assessment-plan family: Motion Sign Analysis; eligible after Section 4.2; version 1. 
U4-FA-D2-02-V2,MATH,4,4.2,formative_assessment,formative,d2_02_v2,n-a,2,"Analyze position, velocity, acceleration, speed, and sign relationships from equations, graphs, tables, and calculator-supported representations.","I can connect position, velocity, acceleration, speed, direction, and speeding-up/slowing-down behavior using derivative values and signs.",AP Topic 4.2,motion_sign_application,constructed_response,,Unit 4 Assessment Plan + Course Framework; supplied AP Topic scoring guides consulted for authentic representation/rigor only (no question wording copied).,Assessment-plan family: Motion Sign Analysis; eligible after Section 4.2; version 2. 
U4-FA-D2-02-V3,MATH,4,4.2,formative_assessment,formative,d2_02_v3,n-a,2,"Analyze position, velocity, acceleration, speed, and sign relationships from equations, graphs, tables, and calculator-supported representations.","I can connect position, velocity, acceleration, speed, direction, and speeding-up/slowing-down behavior using derivative values and signs.",AP Topic 4.2,motion_sign_application,constructed_response,,Unit 4 Assessment Plan + Course Framework; supplied AP Topic scoring guides consulted for authentic representation/rigor only (no question wording copied).,Assessment-plan family: Motion Sign Analysis; eligible after Section 4.2; version 3. 
U4-FA-D2-02-V4,MATH,4,4.2,formative_assessment,formative,d2_02_v4,n-a,2,"Analyze position, velocity, acceleration, speed, and sign relationships from equations, graphs, tables, and calculator-supported representations.","I can connect position, velocity, acceleration, speed, direction, and speeding-up/slowing-down behavior using derivative values and signs.",AP Topic 4.2,motion_sign_application,constructed_response,,Unit 4 Assessment Plan + Course Framework; supplied AP Topic scoring guides consulted for authentic representation/rigor only (no question wording copied).,Assessment-plan family: Motion Sign Analysis; eligible after Section 4.2; version 4. 
U4-FA-D2-02-V5,MATH,4,4.2,formative_assessment,formative,d2_02_v5,n-a,2,"Analyze position, velocity, acceleration, speed, and sign relationships from equations, graphs, tables, and calculator-supported representations.","I can connect position, velocity, acceleration, speed, direction, and speeding-up/slowing-down behavior using derivative values and signs.",AP Topic 4.2,motion_sign_application,constructed_response,,Unit 4 Assessment Plan + Course Framework; supplied AP Topic scoring guides consulted for authentic representation/rigor only (no question wording copied).,Assessment-plan family: Motion Sign Analysis; eligible after Section 4.2; version 5. 
U4-FA-D2-02-V6,MATH,4,4.2,formative_assessment,formative,d2_02_v6,n-a,2,"Analyze position, velocity, acceleration, speed, and sign relationships from equations, graphs, tables, and calculator-supported representations.","I can connect position, velocity, acceleration, speed, direction, and speeding-up/slowing-down behavior using derivative values and signs.",AP Topic 4.2,motion_sign_application,constructed_response,,Unit 4 Assessment Plan + Course Framework; supplied AP Topic scoring guides consulted for authentic representation/rigor only (no question wording copied).,Assessment-plan family: Motion Sign Analysis; eligible after Section 4.2; version 6. 
U4-FA-D2-02-V7,MATH,4,4.2,formative_assessment,formative,d2_02_v7,n-a,2,"Analyze position, velocity, acceleration, speed, and sign relationships from equations, graphs, tables, and calculator-supported representations.","I can connect position, velocity, acceleration, speed, direction, and speeding-up/slowing-down behavior using derivative values and signs.",AP Topic 4.2,motion_sign_application,constructed_response,,Unit 4 Assessment Plan + Course Framework; supplied AP Topic scoring guides consulted for authentic representation/rigor only (no question wording copied).,Assessment-plan family: Motion Sign Analysis; eligible after Section 4.2; version 7. 
U4-FA-D2-02-V8,MATH,4,4.2,formative_assessment,formative,d2_02_v8,n-a,2,"Analyze position, velocity, acceleration, speed, and sign relationships from equations, graphs, tables, and calculator-supported representations.","I can connect position, velocity, acceleration, speed, direction, and speeding-up/slowing-down behavior using derivative values and signs.",AP Topic 4.2,motion_sign_application,constructed_response,,Unit 4 Assessment Plan + Course Framework; supplied AP Topic scoring guides consulted for authentic representation/rigor only (no question wording copied).,Assessment-plan family: Motion Sign Analysis; eligible after Section 4.2; version 8. 
U4-FA-D2-03-V1,MATH,4,4.4,formative_assessment,formative,d2_03_v1,n-a,2,"Solve related-rates problems by modeling the quantities, differentiating with respect to time, substituting the instant data, and interpreting the resulting rate with units and direction.",I can solve geometric and physical related-rate contexts and explain the sign and units of the requested rate.,AP Topic 4.5,related_solve,numeric,,Unit 4 Assessment Plan + Course Framework; supplied AP Topic scoring guides consulted for authentic representation/rigor only (no question wording copied).,Assessment-plan family: Related Rates Setup and Solve; eligible after Section 4.4; version 1. 
U4-FA-D2-03-V2,MATH,4,4.4,formative_assessment,formative,d2_03_v2,n-a,2,"Solve related-rates problems by modeling the quantities, differentiating with respect to time, substituting the instant data, and interpreting the resulting rate with units and direction.",I can solve geometric and physical related-rate contexts and explain the sign and units of the requested rate.,AP Topic 4.5,related_solve,numeric,,Unit 4 Assessment Plan + Course Framework; supplied AP Topic scoring guides consulted for authentic representation/rigor only (no question wording copied).,Assessment-plan family: Related Rates Setup and Solve; eligible after Section 4.4; version 2. 
U4-FA-D2-03-V3,MATH,4,4.4,formative_assessment,formative,d2_03_v3,n-a,2,"Solve related-rates problems by modeling the quantities, differentiating with respect to time, substituting the instant data, and interpreting the resulting rate with units and direction.",I can solve geometric and physical related-rate contexts and explain the sign and units of the requested rate.,AP Topic 4.5,related_solve,numeric,,Unit 4 Assessment Plan + Course Framework; supplied AP Topic scoring guides consulted for authentic representation/rigor only (no question wording copied).,Assessment-plan family: Related Rates Setup and Solve; eligible after Section 4.4; version 3. 
U4-FA-D2-03-V4,MATH,4,4.4,formative_assessment,formative,d2_03_v4,n-a,2,"Solve related-rates problems by modeling the quantities, differentiating with respect to time, substituting the instant data, and interpreting the resulting rate with units and direction.",I can solve geometric and physical related-rate contexts and explain the sign and units of the requested rate.,AP Topic 4.5,related_solve,numeric,,Unit 4 Assessment Plan + Course Framework; supplied AP Topic scoring guides consulted for authentic representation/rigor only (no question wording copied).,Assessment-plan family: Related Rates Setup and Solve; eligible after Section 4.4; version 4. 
U4-FA-D2-03-V5,MATH,4,4.4,formative_assessment,formative,d2_03_v5,n-a,2,"Solve related-rates problems by modeling the quantities, differentiating with respect to time, substituting the instant data, and interpreting the resulting rate with units and direction.",I can solve geometric and physical related-rate contexts and explain the sign and units of the requested rate.,AP Topic 4.5,related_solve,numeric,,Unit 4 Assessment Plan + Course Framework; supplied AP Topic scoring guides consulted for authentic representation/rigor only (no question wording copied).,Assessment-plan family: Related Rates Setup and Solve; eligible after Section 4.4; version 5. 
U4-FA-D2-03-V6,MATH,4,4.4,formative_assessment,formative,d2_03_v6,n-a,2,"Solve related-rates problems by modeling the quantities, differentiating with respect to time, substituting the instant data, and interpreting the resulting rate with units and direction.",I can solve geometric and physical related-rate contexts and explain the sign and units of the requested rate.,AP Topic 4.5,related_solve,numeric,,Unit 4 Assessment Plan + Course Framework; supplied AP Topic scoring guides consulted for authentic representation/rigor only (no question wording copied).,Assessment-plan family: Related Rates Setup and Solve; eligible after Section 4.4; version 6. 
U4-FA-D2-03-V7,MATH,4,4.4,formative_assessment,formative,d2_03_v7,n-a,2,"Solve related-rates problems by modeling the quantities, differentiating with respect to time, substituting the instant data, and interpreting the resulting rate with units and direction.",I can solve geometric and physical related-rate contexts and explain the sign and units of the requested rate.,AP Topic 4.5,related_solve,numeric,,Unit 4 Assessment Plan + Course Framework; supplied AP Topic scoring guides consulted for authentic representation/rigor only (no question wording copied).,Assessment-plan family: Related Rates Setup and Solve; eligible after Section 4.4; version 7. 
U4-FA-D2-03-V8,MATH,4,4.4,formative_assessment,formative,d2_03_v8,n-a,2,"Solve related-rates problems by modeling the quantities, differentiating with respect to time, substituting the instant data, and interpreting the resulting rate with units and direction.",I can solve geometric and physical related-rate contexts and explain the sign and units of the requested rate.,AP Topic 4.5,related_solve,numeric,,Unit 4 Assessment Plan + Course Framework; supplied AP Topic scoring guides consulted for authentic representation/rigor only (no question wording copied).,Assessment-plan family: Related Rates Setup and Solve; eligible after Section 4.4; version 8. 
U4-FA-D2-04-V1,MATH,4,4.5,formative_assessment,formative,d2_04_v1,n-a,2,Use local linearity for tangent-line approximation and apply L'Hospital's Rule only to appropriate indeterminate forms when its conditions are satisfied.,"I can build and use a linearization, discuss local approximation behavior, and decide whether L'Hospital's Rule is justified before applying it.","AP Topics 4.6, 4.7",lhopital_application,numeric,,Unit 4 Assessment Plan + Course Framework; supplied AP Topic scoring guides consulted for authentic representation/rigor only (no question wording copied).,Assessment-plan family: Linearization or L'Hospital Application; eligible after Section 4.5; version 1. 
U4-FA-D2-04-V2,MATH,4,4.5,formative_assessment,formative,d2_04_v2,n-a,2,Use local linearity for tangent-line approximation and apply L'Hospital's Rule only to appropriate indeterminate forms when its conditions are satisfied.,"I can build and use a linearization, discuss local approximation behavior, and decide whether L'Hospital's Rule is justified before applying it.","AP Topics 4.6, 4.7",linearization_application,numeric,,Unit 4 Assessment Plan + Course Framework; supplied AP Topic scoring guides consulted for authentic representation/rigor only (no question wording copied).,Assessment-plan family: Linearization or L'Hospital Application; eligible after Section 4.5; version 2. 
U4-FA-D2-04-V3,MATH,4,4.5,formative_assessment,formative,d2_04_v3,n-a,2,Use local linearity for tangent-line approximation and apply L'Hospital's Rule only to appropriate indeterminate forms when its conditions are satisfied.,"I can build and use a linearization, discuss local approximation behavior, and decide whether L'Hospital's Rule is justified before applying it.","AP Topics 4.6, 4.7",lhopital_application,numeric,,Unit 4 Assessment Plan + Course Framework; supplied AP Topic scoring guides consulted for authentic representation/rigor only (no question wording copied).,Assessment-plan family: Linearization or L'Hospital Application; eligible after Section 4.5; version 3. 
U4-FA-D2-04-V4,MATH,4,4.5,formative_assessment,formative,d2_04_v4,n-a,2,Use local linearity for tangent-line approximation and apply L'Hospital's Rule only to appropriate indeterminate forms when its conditions are satisfied.,"I can build and use a linearization, discuss local approximation behavior, and decide whether L'Hospital's Rule is justified before applying it.","AP Topics 4.6, 4.7",linearization_application,numeric,,Unit 4 Assessment Plan + Course Framework; supplied AP Topic scoring guides consulted for authentic representation/rigor only (no question wording copied).,Assessment-plan family: Linearization or L'Hospital Application; eligible after Section 4.5; version 4. 
U4-FA-D2-04-V5,MATH,4,4.5,formative_assessment,formative,d2_04_v5,n-a,2,Use local linearity for tangent-line approximation and apply L'Hospital's Rule only to appropriate indeterminate forms when its conditions are satisfied.,"I can build and use a linearization, discuss local approximation behavior, and decide whether L'Hospital's Rule is justified before applying it.","AP Topics 4.6, 4.7",lhopital_application,numeric,,Unit 4 Assessment Plan + Course Framework; supplied AP Topic scoring guides consulted for authentic representation/rigor only (no question wording copied).,Assessment-plan family: Linearization or L'Hospital Application; eligible after Section 4.5; version 5. 
U4-FA-D2-04-V6,MATH,4,4.5,formative_assessment,formative,d2_04_v6,n-a,2,Use local linearity for tangent-line approximation and apply L'Hospital's Rule only to appropriate indeterminate forms when its conditions are satisfied.,"I can build and use a linearization, discuss local approximation behavior, and decide whether L'Hospital's Rule is justified before applying it.","AP Topics 4.6, 4.7",linearization_application,numeric,,Unit 4 Assessment Plan + Course Framework; supplied AP Topic scoring guides consulted for authentic representation/rigor only (no question wording copied).,Assessment-plan family: Linearization or L'Hospital Application; eligible after Section 4.5; version 6. 
U4-FA-D2-04-V7,MATH,4,4.5,formative_assessment,formative,d2_04_v7,n-a,2,Use local linearity for tangent-line approximation and apply L'Hospital's Rule only to appropriate indeterminate forms when its conditions are satisfied.,"I can build and use a linearization, discuss local approximation behavior, and decide whether L'Hospital's Rule is justified before applying it.","AP Topics 4.6, 4.7",lhopital_application,numeric,,Unit 4 Assessment Plan + Course Framework; supplied AP Topic scoring guides consulted for authentic representation/rigor only (no question wording copied).,Assessment-plan family: Linearization or L'Hospital Application; eligible after Section 4.5; version 7. 
U4-FA-D2-04-V8,MATH,4,4.5,formative_assessment,formative,d2_04_v8,n-a,2,Use local linearity for tangent-line approximation and apply L'Hospital's Rule only to appropriate indeterminate forms when its conditions are satisfied.,"I can build and use a linearization, discuss local approximation behavior, and decide whether L'Hospital's Rule is justified before applying it.","AP Topics 4.6, 4.7",linearization_application,numeric,,Unit 4 Assessment Plan + Course Framework; supplied AP Topic scoring guides consulted for authentic representation/rigor only (no question wording copied).,Assessment-plan family: Linearization or L'Hospital Application; eligible after Section 4.5; version 8. 
U4-FA-D3-01-V1,MATH,4,4.1,formative_assessment,formative,d3_01_v1,n-a,3,"Interpret $f$, $f'$, and $f''$ in context using appropriate units, rates, and verbal meaning.","I can interpret $f$, $f'$, and $f''$ in context, attach correct units, and distinguish a quantity from its first and second rates of change.","AP Topics 4.1, 4.3",context_claim_critique,constructed_response,,Unit 4 Assessment Plan + Course Framework; supplied AP Topic scoring guides consulted for authentic representation/rigor only (no question wording copied).,Assessment-plan family: Context Claim Critique; eligible after Section 4.1; version 1. 
U4-FA-D3-01-V2,MATH,4,4.1,formative_assessment,formative,d3_01_v2,n-a,3,"Interpret $f$, $f'$, and $f''$ in context using appropriate units, rates, and verbal meaning.","I can interpret $f$, $f'$, and $f''$ in context, attach correct units, and distinguish a quantity from its first and second rates of change.","AP Topics 4.1, 4.3",context_claim_critique,constructed_response,,Unit 4 Assessment Plan + Course Framework; supplied AP Topic scoring guides consulted for authentic representation/rigor only (no question wording copied).,Assessment-plan family: Context Claim Critique; eligible after Section 4.1; version 2. 
U4-FA-D3-01-V3,MATH,4,4.1,formative_assessment,formative,d3_01_v3,n-a,3,"Interpret $f$, $f'$, and $f''$ in context using appropriate units, rates, and verbal meaning.","I can interpret $f$, $f'$, and $f''$ in context, attach correct units, and distinguish a quantity from its first and second rates of change.","AP Topics 4.1, 4.3",context_claim_critique,constructed_response,,Unit 4 Assessment Plan + Course Framework; supplied AP Topic scoring guides consulted for authentic representation/rigor only (no question wording copied).,Assessment-plan family: Context Claim Critique; eligible after Section 4.1; version 3. 
U4-FA-D3-01-V4,MATH,4,4.1,formative_assessment,formative,d3_01_v4,n-a,3,"Interpret $f$, $f'$, and $f''$ in context using appropriate units, rates, and verbal meaning.","I can interpret $f$, $f'$, and $f''$ in context, attach correct units, and distinguish a quantity from its first and second rates of change.","AP Topics 4.1, 4.3",context_claim_critique,constructed_response,,Unit 4 Assessment Plan + Course Framework; supplied AP Topic scoring guides consulted for authentic representation/rigor only (no question wording copied).,Assessment-plan family: Context Claim Critique; eligible after Section 4.1; version 4. 
U4-FA-D3-01-V5,MATH,4,4.1,formative_assessment,formative,d3_01_v5,n-a,3,"Interpret $f$, $f'$, and $f''$ in context using appropriate units, rates, and verbal meaning.","I can interpret $f$, $f'$, and $f''$ in context, attach correct units, and distinguish a quantity from its first and second rates of change.","AP Topics 4.1, 4.3",context_claim_critique,constructed_response,,Unit 4 Assessment Plan + Course Framework; supplied AP Topic scoring guides consulted for authentic representation/rigor only (no question wording copied).,Assessment-plan family: Context Claim Critique; eligible after Section 4.1; version 5. 
U4-FA-D3-01-V6,MATH,4,4.1,formative_assessment,formative,d3_01_v6,n-a,3,"Interpret $f$, $f'$, and $f''$ in context using appropriate units, rates, and verbal meaning.","I can interpret $f$, $f'$, and $f''$ in context, attach correct units, and distinguish a quantity from its first and second rates of change.","AP Topics 4.1, 4.3",context_claim_critique,constructed_response,,Unit 4 Assessment Plan + Course Framework; supplied AP Topic scoring guides consulted for authentic representation/rigor only (no question wording copied).,Assessment-plan family: Context Claim Critique; eligible after Section 4.1; version 6. 
U4-FA-D3-01-V7,MATH,4,4.1,formative_assessment,formative,d3_01_v7,n-a,3,"Interpret $f$, $f'$, and $f''$ in context using appropriate units, rates, and verbal meaning.","I can interpret $f$, $f'$, and $f''$ in context, attach correct units, and distinguish a quantity from its first and second rates of change.","AP Topics 4.1, 4.3",context_claim_critique,constructed_response,,Unit 4 Assessment Plan + Course Framework; supplied AP Topic scoring guides consulted for authentic representation/rigor only (no question wording copied).,Assessment-plan family: Context Claim Critique; eligible after Section 4.1; version 7. 
U4-FA-D3-01-V8,MATH,4,4.1,formative_assessment,formative,d3_01_v8,n-a,3,"Interpret $f$, $f'$, and $f''$ in context using appropriate units, rates, and verbal meaning.","I can interpret $f$, $f'$, and $f''$ in context, attach correct units, and distinguish a quantity from its first and second rates of change.","AP Topics 4.1, 4.3",context_claim_critique,constructed_response,,Unit 4 Assessment Plan + Course Framework; supplied AP Topic scoring guides consulted for authentic representation/rigor only (no question wording copied).,Assessment-plan family: Context Claim Critique; eligible after Section 4.1; version 8. 
U4-FA-D3-02-V1,MATH,4,4.2,formative_assessment,formative,d3_02_v1,n-a,3,"Analyze position, velocity, acceleration, speed, and sign relationships from equations, graphs, tables, and calculator-supported representations.","I can connect position, velocity, acceleration, speed, direction, and speeding-up/slowing-down behavior using derivative values and signs.",AP Topic 4.2,motion_rep_synthesis,constructed_response,u4_fa_d3_02_v1_motion_synthesis.png,Unit 4 Assessment Plan + Course Framework; supplied AP Topic scoring guides consulted for authentic representation/rigor only (no question wording copied).,Assessment-plan family: Motion Representation Synthesis; eligible after Section 4.2; version 1. 
U4-FA-D3-02-V2,MATH,4,4.2,formative_assessment,formative,d3_02_v2,n-a,3,"Analyze position, velocity, acceleration, speed, and sign relationships from equations, graphs, tables, and calculator-supported representations.","I can connect position, velocity, acceleration, speed, direction, and speeding-up/slowing-down behavior using derivative values and signs.",AP Topic 4.2,motion_rep_synthesis,constructed_response,u4_fa_d3_02_v2_motion_synthesis.png,Unit 4 Assessment Plan + Course Framework; supplied AP Topic scoring guides consulted for authentic representation/rigor only (no question wording copied).,Assessment-plan family: Motion Representation Synthesis; eligible after Section 4.2; version 2. 
U4-FA-D3-02-V3,MATH,4,4.2,formative_assessment,formative,d3_02_v3,n-a,3,"Analyze position, velocity, acceleration, speed, and sign relationships from equations, graphs, tables, and calculator-supported representations.","I can connect position, velocity, acceleration, speed, direction, and speeding-up/slowing-down behavior using derivative values and signs.",AP Topic 4.2,motion_rep_synthesis,constructed_response,u4_fa_d3_02_v3_motion_synthesis.png,Unit 4 Assessment Plan + Course Framework; supplied AP Topic scoring guides consulted for authentic representation/rigor only (no question wording copied).,Assessment-plan family: Motion Representation Synthesis; eligible after Section 4.2; version 3. 
U4-FA-D3-02-V4,MATH,4,4.2,formative_assessment,formative,d3_02_v4,n-a,3,"Analyze position, velocity, acceleration, speed, and sign relationships from equations, graphs, tables, and calculator-supported representations.","I can connect position, velocity, acceleration, speed, direction, and speeding-up/slowing-down behavior using derivative values and signs.",AP Topic 4.2,motion_rep_synthesis,constructed_response,u4_fa_d3_02_v4_motion_synthesis.png,Unit 4 Assessment Plan + Course Framework; supplied AP Topic scoring guides consulted for authentic representation/rigor only (no question wording copied).,Assessment-plan family: Motion Representation Synthesis; eligible after Section 4.2; version 4. 
U4-FA-D3-02-V5,MATH,4,4.2,formative_assessment,formative,d3_02_v5,n-a,3,"Analyze position, velocity, acceleration, speed, and sign relationships from equations, graphs, tables, and calculator-supported representations.","I can connect position, velocity, acceleration, speed, direction, and speeding-up/slowing-down behavior using derivative values and signs.",AP Topic 4.2,motion_rep_synthesis,constructed_response,u4_fa_d3_02_v5_motion_synthesis.png,Unit 4 Assessment Plan + Course Framework; supplied AP Topic scoring guides consulted for authentic representation/rigor only (no question wording copied).,Assessment-plan family: Motion Representation Synthesis; eligible after Section 4.2; version 5. 
U4-FA-D3-02-V6,MATH,4,4.2,formative_assessment,formative,d3_02_v6,n-a,3,"Analyze position, velocity, acceleration, speed, and sign relationships from equations, graphs, tables, and calculator-supported representations.","I can connect position, velocity, acceleration, speed, direction, and speeding-up/slowing-down behavior using derivative values and signs.",AP Topic 4.2,motion_rep_synthesis,constructed_response,u4_fa_d3_02_v6_motion_synthesis.png,Unit 4 Assessment Plan + Course Framework; supplied AP Topic scoring guides consulted for authentic representation/rigor only (no question wording copied).,Assessment-plan family: Motion Representation Synthesis; eligible after Section 4.2; version 6. 
U4-FA-D3-02-V7,MATH,4,4.2,formative_assessment,formative,d3_02_v7,n-a,3,"Analyze position, velocity, acceleration, speed, and sign relationships from equations, graphs, tables, and calculator-supported representations.","I can connect position, velocity, acceleration, speed, direction, and speeding-up/slowing-down behavior using derivative values and signs.",AP Topic 4.2,motion_rep_synthesis,constructed_response,u4_fa_d3_02_v7_motion_synthesis.png,Unit 4 Assessment Plan + Course Framework; supplied AP Topic scoring guides consulted for authentic representation/rigor only (no question wording copied).,Assessment-plan family: Motion Representation Synthesis; eligible after Section 4.2; version 7. 
U4-FA-D3-02-V8,MATH,4,4.2,formative_assessment,formative,d3_02_v8,n-a,3,"Analyze position, velocity, acceleration, speed, and sign relationships from equations, graphs, tables, and calculator-supported representations.","I can connect position, velocity, acceleration, speed, direction, and speeding-up/slowing-down behavior using derivative values and signs.",AP Topic 4.2,motion_rep_synthesis,constructed_response,u4_fa_d3_02_v8_motion_synthesis.png,Unit 4 Assessment Plan + Course Framework; supplied AP Topic scoring guides consulted for authentic representation/rigor only (no question wording copied).,Assessment-plan family: Motion Representation Synthesis; eligible after Section 4.2; version 8. 
U4-FA-D3-03-V1,MATH,4,4.4,formative_assessment,formative,d3_03_v1,n-a,3,"Solve related-rates problems by modeling the quantities, differentiating with respect to time, substituting the instant data, and interpreting the resulting rate with units and direction.",I can solve geometric and physical related-rate contexts and explain the sign and units of the requested rate.,AP Topic 4.5,related_model_choice,constructed_response,,Unit 4 Assessment Plan + Course Framework; supplied AP Topic scoring guides consulted for authentic representation/rigor only (no question wording copied).,Assessment-plan family: Related Rates Model Choice; eligible after Section 4.4; version 1. 
U4-FA-D3-03-V2,MATH,4,4.4,formative_assessment,formative,d3_03_v2,n-a,3,"Solve related-rates problems by modeling the quantities, differentiating with respect to time, substituting the instant data, and interpreting the resulting rate with units and direction.",I can solve geometric and physical related-rate contexts and explain the sign and units of the requested rate.,AP Topic 4.5,related_model_choice,constructed_response,,Unit 4 Assessment Plan + Course Framework; supplied AP Topic scoring guides consulted for authentic representation/rigor only (no question wording copied).,Assessment-plan family: Related Rates Model Choice; eligible after Section 4.4; version 2. 
U4-FA-D3-03-V3,MATH,4,4.4,formative_assessment,formative,d3_03_v3,n-a,3,"Solve related-rates problems by modeling the quantities, differentiating with respect to time, substituting the instant data, and interpreting the resulting rate with units and direction.",I can solve geometric and physical related-rate contexts and explain the sign and units of the requested rate.,AP Topic 4.5,related_model_choice,constructed_response,,Unit 4 Assessment Plan + Course Framework; supplied AP Topic scoring guides consulted for authentic representation/rigor only (no question wording copied).,Assessment-plan family: Related Rates Model Choice; eligible after Section 4.4; version 3. 
U4-FA-D3-03-V4,MATH,4,4.4,formative_assessment,formative,d3_03_v4,n-a,3,"Solve related-rates problems by modeling the quantities, differentiating with respect to time, substituting the instant data, and interpreting the resulting rate with units and direction.",I can solve geometric and physical related-rate contexts and explain the sign and units of the requested rate.,AP Topic 4.5,related_model_choice,constructed_response,,Unit 4 Assessment Plan + Course Framework; supplied AP Topic scoring guides consulted for authentic representation/rigor only (no question wording copied).,Assessment-plan family: Related Rates Model Choice; eligible after Section 4.4; version 4. 
U4-FA-D3-03-V5,MATH,4,4.4,formative_assessment,formative,d3_03_v5,n-a,3,"Solve related-rates problems by modeling the quantities, differentiating with respect to time, substituting the instant data, and interpreting the resulting rate with units and direction.",I can solve geometric and physical related-rate contexts and explain the sign and units of the requested rate.,AP Topic 4.5,related_model_choice,constructed_response,,Unit 4 Assessment Plan + Course Framework; supplied AP Topic scoring guides consulted for authentic representation/rigor only (no question wording copied).,Assessment-plan family: Related Rates Model Choice; eligible after Section 4.4; version 5. 
U4-FA-D3-03-V6,MATH,4,4.4,formative_assessment,formative,d3_03_v6,n-a,3,"Solve related-rates problems by modeling the quantities, differentiating with respect to time, substituting the instant data, and interpreting the resulting rate with units and direction.",I can solve geometric and physical related-rate contexts and explain the sign and units of the requested rate.,AP Topic 4.5,related_model_choice,constructed_response,,Unit 4 Assessment Plan + Course Framework; supplied AP Topic scoring guides consulted for authentic representation/rigor only (no question wording copied).,Assessment-plan family: Related Rates Model Choice; eligible after Section 4.4; version 6. 
U4-FA-D3-03-V7,MATH,4,4.4,formative_assessment,formative,d3_03_v7,n-a,3,"Solve related-rates problems by modeling the quantities, differentiating with respect to time, substituting the instant data, and interpreting the resulting rate with units and direction.",I can solve geometric and physical related-rate contexts and explain the sign and units of the requested rate.,AP Topic 4.5,related_model_choice,constructed_response,,Unit 4 Assessment Plan + Course Framework; supplied AP Topic scoring guides consulted for authentic representation/rigor only (no question wording copied).,Assessment-plan family: Related Rates Model Choice; eligible after Section 4.4; version 7. 
U4-FA-D3-03-V8,MATH,4,4.4,formative_assessment,formative,d3_03_v8,n-a,3,"Solve related-rates problems by modeling the quantities, differentiating with respect to time, substituting the instant data, and interpreting the resulting rate with units and direction.",I can solve geometric and physical related-rate contexts and explain the sign and units of the requested rate.,AP Topic 4.5,related_model_choice,constructed_response,,Unit 4 Assessment Plan + Course Framework; supplied AP Topic scoring guides consulted for authentic representation/rigor only (no question wording copied).,Assessment-plan family: Related Rates Model Choice; eligible after Section 4.4; version 8. 
U4-FA-D3-04-V1,MATH,4,4.5,formative_assessment,formative,d3_04_v1,n-a,3,Use local linearity for tangent-line approximation and apply L'Hospital's Rule only to appropriate indeterminate forms when its conditions are satisfied.,"I can build and use a linearization, discuss local approximation behavior, and decide whether L'Hospital's Rule is justified before applying it.","AP Topics 4.6, 4.7",method_conditions,constructed_response,,Unit 4 Assessment Plan + Course Framework; supplied AP Topic scoring guides consulted for authentic representation/rigor only (no question wording copied).,Assessment-plan family: Method Conditions Analysis; eligible after Section 4.5; version 1. 
U4-FA-D3-04-V2,MATH,4,4.5,formative_assessment,formative,d3_04_v2,n-a,3,Use local linearity for tangent-line approximation and apply L'Hospital's Rule only to appropriate indeterminate forms when its conditions are satisfied.,"I can build and use a linearization, discuss local approximation behavior, and decide whether L'Hospital's Rule is justified before applying it.","AP Topics 4.6, 4.7",method_conditions,constructed_response,,Unit 4 Assessment Plan + Course Framework; supplied AP Topic scoring guides consulted for authentic representation/rigor only (no question wording copied).,Assessment-plan family: Method Conditions Analysis; eligible after Section 4.5; version 2. 
U4-FA-D3-04-V3,MATH,4,4.5,formative_assessment,formative,d3_04_v3,n-a,3,Use local linearity for tangent-line approximation and apply L'Hospital's Rule only to appropriate indeterminate forms when its conditions are satisfied.,"I can build and use a linearization, discuss local approximation behavior, and decide whether L'Hospital's Rule is justified before applying it.","AP Topics 4.6, 4.7",method_conditions,constructed_response,,Unit 4 Assessment Plan + Course Framework; supplied AP Topic scoring guides consulted for authentic representation/rigor only (no question wording copied).,Assessment-plan family: Method Conditions Analysis; eligible after Section 4.5; version 3. 
U4-FA-D3-04-V4,MATH,4,4.5,formative_assessment,formative,d3_04_v4,n-a,3,Use local linearity for tangent-line approximation and apply L'Hospital's Rule only to appropriate indeterminate forms when its conditions are satisfied.,"I can build and use a linearization, discuss local approximation behavior, and decide whether L'Hospital's Rule is justified before applying it.","AP Topics 4.6, 4.7",method_conditions,constructed_response,,Unit 4 Assessment Plan + Course Framework; supplied AP Topic scoring guides consulted for authentic representation/rigor only (no question wording copied).,Assessment-plan family: Method Conditions Analysis; eligible after Section 4.5; version 4. 
U4-FA-D3-04-V5,MATH,4,4.5,formative_assessment,formative,d3_04_v5,n-a,3,Use local linearity for tangent-line approximation and apply L'Hospital's Rule only to appropriate indeterminate forms when its conditions are satisfied.,"I can build and use a linearization, discuss local approximation behavior, and decide whether L'Hospital's Rule is justified before applying it.","AP Topics 4.6, 4.7",method_conditions,constructed_response,,Unit 4 Assessment Plan + Course Framework; supplied AP Topic scoring guides consulted for authentic representation/rigor only (no question wording copied).,Assessment-plan family: Method Conditions Analysis; eligible after Section 4.5; version 5. 
U4-FA-D3-04-V6,MATH,4,4.5,formative_assessment,formative,d3_04_v6,n-a,3,Use local linearity for tangent-line approximation and apply L'Hospital's Rule only to appropriate indeterminate forms when its conditions are satisfied.,"I can build and use a linearization, discuss local approximation behavior, and decide whether L'Hospital's Rule is justified before applying it.","AP Topics 4.6, 4.7",method_conditions,constructed_response,,Unit 4 Assessment Plan + Course Framework; supplied AP Topic scoring guides consulted for authentic representation/rigor only (no question wording copied).,Assessment-plan family: Method Conditions Analysis; eligible after Section 4.5; version 6. 
U4-FA-D3-04-V7,MATH,4,4.5,formative_assessment,formative,d3_04_v7,n-a,3,Use local linearity for tangent-line approximation and apply L'Hospital's Rule only to appropriate indeterminate forms when its conditions are satisfied.,"I can build and use a linearization, discuss local approximation behavior, and decide whether L'Hospital's Rule is justified before applying it.","AP Topics 4.6, 4.7",method_conditions,constructed_response,,Unit 4 Assessment Plan + Course Framework; supplied AP Topic scoring guides consulted for authentic representation/rigor only (no question wording copied).,Assessment-plan family: Method Conditions Analysis; eligible after Section 4.5; version 7. 
U4-FA-D3-04-V8,MATH,4,4.5,formative_assessment,formative,d3_04_v8,n-a,3,Use local linearity for tangent-line approximation and apply L'Hospital's Rule only to appropriate indeterminate forms when its conditions are satisfied.,"I can build and use a linearization, discuss local approximation behavior, and decide whether L'Hospital's Rule is justified before applying it.","AP Topics 4.6, 4.7",method_conditions,constructed_response,,Unit 4 Assessment Plan + Course Framework; supplied AP Topic scoring guides consulted for authentic representation/rigor only (no question wording copied).,Assessment-plan family: Method Conditions Analysis; eligible after Section 4.5; version 8. 
U4-FA-D4-01-V1,MATH,4,4.2,formative_assessment,formative,d4_01_v1,performance,4,"Analyze position, velocity, acceleration, speed, and sign relationships from equations, graphs, tables, and calculator-supported representations.","I can connect position, velocity, acceleration, speed, direction, and speeding-up/slowing-down behavior using derivative values and signs.",AP Topic 4.2,motion_investigation,performance_response,,Unit 4 Assessment Plan + Course Framework; supplied AP Topic scoring guides consulted for authentic representation/rigor only (no question wording copied).,Assessment-plan family: Motion Model Investigation; eligible after Section 4.2; version 1. 12-18 minutes
U4-FA-D4-01-V2,MATH,4,4.2,formative_assessment,formative,d4_01_v2,performance,4,"Analyze position, velocity, acceleration, speed, and sign relationships from equations, graphs, tables, and calculator-supported representations.","I can connect position, velocity, acceleration, speed, direction, and speeding-up/slowing-down behavior using derivative values and signs.",AP Topic 4.2,motion_investigation,performance_response,,Unit 4 Assessment Plan + Course Framework; supplied AP Topic scoring guides consulted for authentic representation/rigor only (no question wording copied).,Assessment-plan family: Motion Model Investigation; eligible after Section 4.2; version 2. 12-18 minutes
U4-FA-D4-01-V3,MATH,4,4.2,formative_assessment,formative,d4_01_v3,performance,4,"Analyze position, velocity, acceleration, speed, and sign relationships from equations, graphs, tables, and calculator-supported representations.","I can connect position, velocity, acceleration, speed, direction, and speeding-up/slowing-down behavior using derivative values and signs.",AP Topic 4.2,motion_investigation,performance_response,,Unit 4 Assessment Plan + Course Framework; supplied AP Topic scoring guides consulted for authentic representation/rigor only (no question wording copied).,Assessment-plan family: Motion Model Investigation; eligible after Section 4.2; version 3. 12-18 minutes
U4-FA-D4-01-V4,MATH,4,4.2,formative_assessment,formative,d4_01_v4,performance,4,"Analyze position, velocity, acceleration, speed, and sign relationships from equations, graphs, tables, and calculator-supported representations.","I can connect position, velocity, acceleration, speed, direction, and speeding-up/slowing-down behavior using derivative values and signs.",AP Topic 4.2,motion_investigation,performance_response,,Unit 4 Assessment Plan + Course Framework; supplied AP Topic scoring guides consulted for authentic representation/rigor only (no question wording copied).,Assessment-plan family: Motion Model Investigation; eligible after Section 4.2; version 4. 12-18 minutes
U4-FA-D4-01-V5,MATH,4,4.2,formative_assessment,formative,d4_01_v5,performance,4,"Analyze position, velocity, acceleration, speed, and sign relationships from equations, graphs, tables, and calculator-supported representations.","I can connect position, velocity, acceleration, speed, direction, and speeding-up/slowing-down behavior using derivative values and signs.",AP Topic 4.2,motion_investigation,performance_response,,Unit 4 Assessment Plan + Course Framework; supplied AP Topic scoring guides consulted for authentic representation/rigor only (no question wording copied).,Assessment-plan family: Motion Model Investigation; eligible after Section 4.2; version 5. 12-18 minutes
U4-FA-D4-01-V6,MATH,4,4.2,formative_assessment,formative,d4_01_v6,performance,4,"Analyze position, velocity, acceleration, speed, and sign relationships from equations, graphs, tables, and calculator-supported representations.","I can connect position, velocity, acceleration, speed, direction, and speeding-up/slowing-down behavior using derivative values and signs.",AP Topic 4.2,motion_investigation,performance_response,,Unit 4 Assessment Plan + Course Framework; supplied AP Topic scoring guides consulted for authentic representation/rigor only (no question wording copied).,Assessment-plan family: Motion Model Investigation; eligible after Section 4.2; version 6. 12-18 minutes
U4-FA-D4-01-V7,MATH,4,4.2,formative_assessment,formative,d4_01_v7,performance,4,"Analyze position, velocity, acceleration, speed, and sign relationships from equations, graphs, tables, and calculator-supported representations.","I can connect position, velocity, acceleration, speed, direction, and speeding-up/slowing-down behavior using derivative values and signs.",AP Topic 4.2,motion_investigation,performance_response,,Unit 4 Assessment Plan + Course Framework; supplied AP Topic scoring guides consulted for authentic representation/rigor only (no question wording copied).,Assessment-plan family: Motion Model Investigation; eligible after Section 4.2; version 7. 12-18 minutes
U4-FA-D4-01-V8,MATH,4,4.2,formative_assessment,formative,d4_01_v8,performance,4,"Analyze position, velocity, acceleration, speed, and sign relationships from equations, graphs, tables, and calculator-supported representations.","I can connect position, velocity, acceleration, speed, direction, and speeding-up/slowing-down behavior using derivative values and signs.",AP Topic 4.2,motion_investigation,performance_response,,Unit 4 Assessment Plan + Course Framework; supplied AP Topic scoring guides consulted for authentic representation/rigor only (no question wording copied).,Assessment-plan family: Motion Model Investigation; eligible after Section 4.2; version 8. 12-18 minutes
U4-FA-D4-02-V1,MATH,4,4.4,formative_assessment,formative,d4_02_v1,performance,4,"Solve related-rates problems by modeling the quantities, differentiating with respect to time, substituting the instant data, and interpreting the resulting rate with units and direction.",I can solve geometric and physical related-rate contexts and explain the sign and units of the requested rate.,AP Topic 4.5,related_performance,performance_response,,Unit 4 Assessment Plan + Course Framework; supplied AP Topic scoring guides consulted for authentic representation/rigor only (no question wording copied).,Assessment-plan family: Related Rates Performance; eligible after Section 4.4; version 1. 12-18 minutes
U4-FA-D4-02-V2,MATH,4,4.4,formative_assessment,formative,d4_02_v2,performance,4,"Solve related-rates problems by modeling the quantities, differentiating with respect to time, substituting the instant data, and interpreting the resulting rate with units and direction.",I can solve geometric and physical related-rate contexts and explain the sign and units of the requested rate.,AP Topic 4.5,related_performance,performance_response,,Unit 4 Assessment Plan + Course Framework; supplied AP Topic scoring guides consulted for authentic representation/rigor only (no question wording copied).,Assessment-plan family: Related Rates Performance; eligible after Section 4.4; version 2. 12-18 minutes
U4-FA-D4-02-V3,MATH,4,4.4,formative_assessment,formative,d4_02_v3,performance,4,"Solve related-rates problems by modeling the quantities, differentiating with respect to time, substituting the instant data, and interpreting the resulting rate with units and direction.",I can solve geometric and physical related-rate contexts and explain the sign and units of the requested rate.,AP Topic 4.5,related_performance,performance_response,,Unit 4 Assessment Plan + Course Framework; supplied AP Topic scoring guides consulted for authentic representation/rigor only (no question wording copied).,Assessment-plan family: Related Rates Performance; eligible after Section 4.4; version 3. 12-18 minutes
U4-FA-D4-02-V4,MATH,4,4.4,formative_assessment,formative,d4_02_v4,performance,4,"Solve related-rates problems by modeling the quantities, differentiating with respect to time, substituting the instant data, and interpreting the resulting rate with units and direction.",I can solve geometric and physical related-rate contexts and explain the sign and units of the requested rate.,AP Topic 4.5,related_performance,performance_response,,Unit 4 Assessment Plan + Course Framework; supplied AP Topic scoring guides consulted for authentic representation/rigor only (no question wording copied).,Assessment-plan family: Related Rates Performance; eligible after Section 4.4; version 4. 12-18 minutes
U4-FA-D4-02-V5,MATH,4,4.4,formative_assessment,formative,d4_02_v5,performance,4,"Solve related-rates problems by modeling the quantities, differentiating with respect to time, substituting the instant data, and interpreting the resulting rate with units and direction.",I can solve geometric and physical related-rate contexts and explain the sign and units of the requested rate.,AP Topic 4.5,related_performance,performance_response,,Unit 4 Assessment Plan + Course Framework; supplied AP Topic scoring guides consulted for authentic representation/rigor only (no question wording copied).,Assessment-plan family: Related Rates Performance; eligible after Section 4.4; version 5. 12-18 minutes
U4-FA-D4-02-V6,MATH,4,4.4,formative_assessment,formative,d4_02_v6,performance,4,"Solve related-rates problems by modeling the quantities, differentiating with respect to time, substituting the instant data, and interpreting the resulting rate with units and direction.",I can solve geometric and physical related-rate contexts and explain the sign and units of the requested rate.,AP Topic 4.5,related_performance,performance_response,,Unit 4 Assessment Plan + Course Framework; supplied AP Topic scoring guides consulted for authentic representation/rigor only (no question wording copied).,Assessment-plan family: Related Rates Performance; eligible after Section 4.4; version 6. 12-18 minutes
U4-FA-D4-02-V7,MATH,4,4.4,formative_assessment,formative,d4_02_v7,performance,4,"Solve related-rates problems by modeling the quantities, differentiating with respect to time, substituting the instant data, and interpreting the resulting rate with units and direction.",I can solve geometric and physical related-rate contexts and explain the sign and units of the requested rate.,AP Topic 4.5,related_performance,performance_response,,Unit 4 Assessment Plan + Course Framework; supplied AP Topic scoring guides consulted for authentic representation/rigor only (no question wording copied).,Assessment-plan family: Related Rates Performance; eligible after Section 4.4; version 7. 12-18 minutes
U4-FA-D4-02-V8,MATH,4,4.4,formative_assessment,formative,d4_02_v8,performance,4,"Solve related-rates problems by modeling the quantities, differentiating with respect to time, substituting the instant data, and interpreting the resulting rate with units and direction.",I can solve geometric and physical related-rate contexts and explain the sign and units of the requested rate.,AP Topic 4.5,related_performance,performance_response,,Unit 4 Assessment Plan + Course Framework; supplied AP Topic scoring guides consulted for authentic representation/rigor only (no question wording copied).,Assessment-plan family: Related Rates Performance; eligible after Section 4.4; version 8. 12-18 minutes
U4-FA-D4-03-V1,MATH,4,4.5,formative_assessment,formative,d4_03_v1,performance,4,Use local linearity for tangent-line approximation and apply L'Hospital's Rule only to appropriate indeterminate forms when its conditions are satisfied.,"I can build and use a linearization, discuss local approximation behavior, and decide whether L'Hospital's Rule is justified before applying it.","AP Topics 4.6, 4.7",local_linearity_experiment,performance_response,u4_fa_d4_03_v1_local_experiment.png,Unit 4 Assessment Plan + Course Framework; supplied AP Topic scoring guides consulted for authentic representation/rigor only (no question wording copied).,Assessment-plan family: Local Linearity Experiment; eligible after Section 4.5; version 1. 15-18 minutes
U4-FA-D4-03-V2,MATH,4,4.5,formative_assessment,formative,d4_03_v2,performance,4,Use local linearity for tangent-line approximation and apply L'Hospital's Rule only to appropriate indeterminate forms when its conditions are satisfied.,"I can build and use a linearization, discuss local approximation behavior, and decide whether L'Hospital's Rule is justified before applying it.","AP Topics 4.6, 4.7",local_linearity_experiment,performance_response,u4_fa_d4_03_v2_local_experiment.png,Unit 4 Assessment Plan + Course Framework; supplied AP Topic scoring guides consulted for authentic representation/rigor only (no question wording copied).,Assessment-plan family: Local Linearity Experiment; eligible after Section 4.5; version 2. 15-18 minutes
U4-FA-D4-03-V3,MATH,4,4.5,formative_assessment,formative,d4_03_v3,performance,4,Use local linearity for tangent-line approximation and apply L'Hospital's Rule only to appropriate indeterminate forms when its conditions are satisfied.,"I can build and use a linearization, discuss local approximation behavior, and decide whether L'Hospital's Rule is justified before applying it.","AP Topics 4.6, 4.7",local_linearity_experiment,performance_response,u4_fa_d4_03_v3_local_experiment.png,Unit 4 Assessment Plan + Course Framework; supplied AP Topic scoring guides consulted for authentic representation/rigor only (no question wording copied).,Assessment-plan family: Local Linearity Experiment; eligible after Section 4.5; version 3. 15-18 minutes
U4-FA-D4-03-V4,MATH,4,4.5,formative_assessment,formative,d4_03_v4,performance,4,Use local linearity for tangent-line approximation and apply L'Hospital's Rule only to appropriate indeterminate forms when its conditions are satisfied.,"I can build and use a linearization, discuss local approximation behavior, and decide whether L'Hospital's Rule is justified before applying it.","AP Topics 4.6, 4.7",local_linearity_experiment,performance_response,u4_fa_d4_03_v4_local_experiment.png,Unit 4 Assessment Plan + Course Framework; supplied AP Topic scoring guides consulted for authentic representation/rigor only (no question wording copied).,Assessment-plan family: Local Linearity Experiment; eligible after Section 4.5; version 4. 15-18 minutes
U4-FA-D4-03-V5,MATH,4,4.5,formative_assessment,formative,d4_03_v5,performance,4,Use local linearity for tangent-line approximation and apply L'Hospital's Rule only to appropriate indeterminate forms when its conditions are satisfied.,"I can build and use a linearization, discuss local approximation behavior, and decide whether L'Hospital's Rule is justified before applying it.","AP Topics 4.6, 4.7",local_linearity_experiment,performance_response,u4_fa_d4_03_v5_local_experiment.png,Unit 4 Assessment Plan + Course Framework; supplied AP Topic scoring guides consulted for authentic representation/rigor only (no question wording copied).,Assessment-plan family: Local Linearity Experiment; eligible after Section 4.5; version 5. 15-18 minutes
U4-FA-D4-03-V6,MATH,4,4.5,formative_assessment,formative,d4_03_v6,performance,4,Use local linearity for tangent-line approximation and apply L'Hospital's Rule only to appropriate indeterminate forms when its conditions are satisfied.,"I can build and use a linearization, discuss local approximation behavior, and decide whether L'Hospital's Rule is justified before applying it.","AP Topics 4.6, 4.7",local_linearity_experiment,performance_response,u4_fa_d4_03_v6_local_experiment.png,Unit 4 Assessment Plan + Course Framework; supplied AP Topic scoring guides consulted for authentic representation/rigor only (no question wording copied).,Assessment-plan family: Local Linearity Experiment; eligible after Section 4.5; version 6. 15-18 minutes
U4-FA-D4-03-V7,MATH,4,4.5,formative_assessment,formative,d4_03_v7,performance,4,Use local linearity for tangent-line approximation and apply L'Hospital's Rule only to appropriate indeterminate forms when its conditions are satisfied.,"I can build and use a linearization, discuss local approximation behavior, and decide whether L'Hospital's Rule is justified before applying it.","AP Topics 4.6, 4.7",local_linearity_experiment,performance_response,u4_fa_d4_03_v7_local_experiment.png,Unit 4 Assessment Plan + Course Framework; supplied AP Topic scoring guides consulted for authentic representation/rigor only (no question wording copied).,Assessment-plan family: Local Linearity Experiment; eligible after Section 4.5; version 7. 15-18 minutes
U4-FA-D4-03-V8,MATH,4,4.5,formative_assessment,formative,d4_03_v8,performance,4,Use local linearity for tangent-line approximation and apply L'Hospital's Rule only to appropriate indeterminate forms when its conditions are satisfied.,"I can build and use a linearization, discuss local approximation behavior, and decide whether L'Hospital's Rule is justified before applying it.","AP Topics 4.6, 4.7",local_linearity_experiment,performance_response,u4_fa_d4_03_v8_local_experiment.png,Unit 4 Assessment Plan + Course Framework; supplied AP Topic scoring guides consulted for authentic representation/rigor only (no question wording copied).,Assessment-plan family: Local Linearity Experiment; eligible after Section 4.5; version 8. 15-18 minutes
U4-FA-D4-04-V1,MATH,4,4.5,formative_assessment,formative,d4_04_v1,performance,4,Use local linearity for tangent-line approximation and apply L'Hospital's Rule only to appropriate indeterminate forms when its conditions are satisfied.,"I can build and use a linearization, discuss local approximation behavior, and decide whether L'Hospital's Rule is justified before applying it.","AP Topics 4.6, 4.7",contextual_synthesis,performance_response,,Unit 4 Assessment Plan + Course Framework; supplied AP Topic scoring guides consulted for authentic representation/rigor only (no question wording copied).,Assessment-plan family: Contextual Derivative Synthesis; eligible after Section 4.5; version 1. 15-20 minutes
U4-FA-D4-04-V2,MATH,4,4.5,formative_assessment,formative,d4_04_v2,performance,4,Use local linearity for tangent-line approximation and apply L'Hospital's Rule only to appropriate indeterminate forms when its conditions are satisfied.,"I can build and use a linearization, discuss local approximation behavior, and decide whether L'Hospital's Rule is justified before applying it.","AP Topics 4.6, 4.7",contextual_synthesis,performance_response,,Unit 4 Assessment Plan + Course Framework; supplied AP Topic scoring guides consulted for authentic representation/rigor only (no question wording copied).,Assessment-plan family: Contextual Derivative Synthesis; eligible after Section 4.5; version 2. 15-20 minutes
U4-FA-D4-04-V3,MATH,4,4.5,formative_assessment,formative,d4_04_v3,performance,4,Use local linearity for tangent-line approximation and apply L'Hospital's Rule only to appropriate indeterminate forms when its conditions are satisfied.,"I can build and use a linearization, discuss local approximation behavior, and decide whether L'Hospital's Rule is justified before applying it.","AP Topics 4.6, 4.7",contextual_synthesis,performance_response,,Unit 4 Assessment Plan + Course Framework; supplied AP Topic scoring guides consulted for authentic representation/rigor only (no question wording copied).,Assessment-plan family: Contextual Derivative Synthesis; eligible after Section 4.5; version 3. 15-20 minutes
U4-FA-D4-04-V4,MATH,4,4.5,formative_assessment,formative,d4_04_v4,performance,4,Use local linearity for tangent-line approximation and apply L'Hospital's Rule only to appropriate indeterminate forms when its conditions are satisfied.,"I can build and use a linearization, discuss local approximation behavior, and decide whether L'Hospital's Rule is justified before applying it.","AP Topics 4.6, 4.7",contextual_synthesis,performance_response,,Unit 4 Assessment Plan + Course Framework; supplied AP Topic scoring guides consulted for authentic representation/rigor only (no question wording copied).,Assessment-plan family: Contextual Derivative Synthesis; eligible after Section 4.5; version 4. 15-20 minutes
U4-FA-D4-04-V5,MATH,4,4.5,formative_assessment,formative,d4_04_v5,performance,4,Use local linearity for tangent-line approximation and apply L'Hospital's Rule only to appropriate indeterminate forms when its conditions are satisfied.,"I can build and use a linearization, discuss local approximation behavior, and decide whether L'Hospital's Rule is justified before applying it.","AP Topics 4.6, 4.7",contextual_synthesis,performance_response,,Unit 4 Assessment Plan + Course Framework; supplied AP Topic scoring guides consulted for authentic representation/rigor only (no question wording copied).,Assessment-plan family: Contextual Derivative Synthesis; eligible after Section 4.5; version 5. 15-20 minutes
U4-FA-D4-04-V6,MATH,4,4.5,formative_assessment,formative,d4_04_v6,performance,4,Use local linearity for tangent-line approximation and apply L'Hospital's Rule only to appropriate indeterminate forms when its conditions are satisfied.,"I can build and use a linearization, discuss local approximation behavior, and decide whether L'Hospital's Rule is justified before applying it.","AP Topics 4.6, 4.7",contextual_synthesis,performance_response,,Unit 4 Assessment Plan + Course Framework; supplied AP Topic scoring guides consulted for authentic representation/rigor only (no question wording copied).,Assessment-plan family: Contextual Derivative Synthesis; eligible after Section 4.5; version 6. 15-20 minutes
U4-FA-D4-04-V7,MATH,4,4.5,formative_assessment,formative,d4_04_v7,performance,4,Use local linearity for tangent-line approximation and apply L'Hospital's Rule only to appropriate indeterminate forms when its conditions are satisfied.,"I can build and use a linearization, discuss local approximation behavior, and decide whether L'Hospital's Rule is justified before applying it.","AP Topics 4.6, 4.7",contextual_synthesis,performance_response,,Unit 4 Assessment Plan + Course Framework; supplied AP Topic scoring guides consulted for authentic representation/rigor only (no question wording copied).,Assessment-plan family: Contextual Derivative Synthesis; eligible after Section 4.5; version 7. 15-20 minutes
U4-FA-D4-04-V8,MATH,4,4.5,formative_assessment,formative,d4_04_v8,performance,4,Use local linearity for tangent-line approximation and apply L'Hospital's Rule only to appropriate indeterminate forms when its conditions are satisfied.,"I can build and use a linearization, discuss local approximation behavior, and decide whether L'Hospital's Rule is justified before applying it.","AP Topics 4.6, 4.7",contextual_synthesis,performance_response,,Unit 4 Assessment Plan + Course Framework; supplied AP Topic scoring guides consulted for authentic representation/rigor only (no question wording copied).,Assessment-plan family: Contextual Derivative Synthesis; eligible after Section 4.5; version 8. 15-20 minutes
U4-SUM-V1-Q01,MATH,4,4.1,summative_assessment,summative,v1_q01,unit-synthesis,1,"Interpret $f$, $f'$, and $f''$ in context using appropriate units, rates, and verbal meaning.","I can interpret $f$, $f'$, and $f''$ in context, attach correct units, and distinguish a quantity from its first and second rates of change.","AP Topics 4.1, 4.3",context_meaning,multiple_choice,,Unit 4 Assessment Plan + Course Framework; supplied AP Topic scoring guides consulted for authentic representation/rigor only (no question wording copied).,AP-style mixed selected/constructed response source; no published question text copied.
U4-SUM-V1-Q02,MATH,4,4.1,summative_assessment,summative,v1_q02,unit-synthesis,2,"Interpret $f$, $f'$, and $f''$ in context using appropriate units, rates, and verbal meaning.","I can interpret $f$, $f'$, and $f''$ in context, attach correct units, and distinguish a quantity from its first and second rates of change.","AP Topics 4.1, 4.3",context_second_derivative,constructed_response,,Unit 4 Assessment Plan + Course Framework; supplied AP Topic scoring guides consulted for authentic representation/rigor only (no question wording copied).,AP-style mixed selected/constructed response source; no published question text copied.
U4-SUM-V1-Q03,MATH,4,4.1,summative_assessment,summative,v1_q03,unit-synthesis,1,"Interpret $f$, $f'$, and $f''$ in context using appropriate units, rates, and verbal meaning.","I can interpret $f$, $f'$, and $f''$ in context, attach correct units, and distinguish a quantity from its first and second rates of change.","AP Topics 4.1, 4.3",context_orders,multiple_choice,,Unit 4 Assessment Plan + Course Framework; supplied AP Topic scoring guides consulted for authentic representation/rigor only (no question wording copied).,AP-style mixed selected/constructed response source; no published question text copied.
U4-SUM-V1-Q04,MATH,4,4.1,summative_assessment,summative,v1_q04,unit-synthesis,3,"Interpret $f$, $f'$, and $f''$ in context using appropriate units, rates, and verbal meaning.","I can interpret $f$, $f'$, and $f''$ in context, attach correct units, and distinguish a quantity from its first and second rates of change.","AP Topics 4.1, 4.3",context_claim_critique,constructed_response,,Unit 4 Assessment Plan + Course Framework; supplied AP Topic scoring guides consulted for authentic representation/rigor only (no question wording copied).,AP-style mixed selected/constructed response source; no published question text copied.
U4-SUM-V1-Q05,MATH,4,4.2,summative_assessment,summative,v1_q05,unit-synthesis,2,"Analyze position, velocity, acceleration, speed, and sign relationships from equations, graphs, tables, and calculator-supported representations.","I can connect position, velocity, acceleration, speed, direction, and speeding-up/slowing-down behavior using derivative values and signs.",AP Topic 4.2,motion_velocity,multiple_choice,,Unit 4 Assessment Plan + Course Framework; supplied AP Topic scoring guides consulted for authentic representation/rigor only (no question wording copied).,AP-style mixed selected/constructed response source; no published question text copied.
U4-SUM-V1-Q06,MATH,4,4.2,summative_assessment,summative,v1_q06,unit-synthesis,2,"Analyze position, velocity, acceleration, speed, and sign relationships from equations, graphs, tables, and calculator-supported representations.","I can connect position, velocity, acceleration, speed, direction, and speeding-up/slowing-down behavior using derivative values and signs.",AP Topic 4.2,motion_sign,constructed_response,,Unit 4 Assessment Plan + Course Framework; supplied AP Topic scoring guides consulted for authentic representation/rigor only (no question wording copied).,AP-style mixed selected/constructed response source; no published question text copied.
U4-SUM-V1-Q07,MATH,4,4.2,summative_assessment,summative,v1_q07,unit-synthesis,2,"Analyze position, velocity, acceleration, speed, and sign relationships from equations, graphs, tables, and calculator-supported representations.","I can connect position, velocity, acceleration, speed, direction, and speeding-up/slowing-down behavior using derivative values and signs.",AP Topic 4.2,motion_table,multiple_choice,,Unit 4 Assessment Plan + Course Framework; supplied AP Topic scoring guides consulted for authentic representation/rigor only (no question wording copied).,AP-style mixed selected/constructed response source; no published question text copied.
U4-SUM-V1-Q08,MATH,4,4.2,summative_assessment,summative,v1_q08,unit-synthesis,3,"Analyze position, velocity, acceleration, speed, and sign relationships from equations, graphs, tables, and calculator-supported representations.","I can connect position, velocity, acceleration, speed, direction, and speeding-up/slowing-down behavior using derivative values and signs.",AP Topic 4.2,motion_synthesis,constructed_response,u4_sum_v1_q08_summative_velocity.png,Unit 4 Assessment Plan + Course Framework; supplied AP Topic scoring guides consulted for authentic representation/rigor only (no question wording copied).,AP-style mixed selected/constructed response source; no published question text copied.
U4-SUM-V1-Q09,MATH,4,4.3,summative_assessment,summative,v1_q09,unit-synthesis,1,"Translate a changing-quantity context into related variables, rates, a constraint equation, and the specific instant needed for related-rates reasoning.","I can identify changing quantities and rates, write a valid constraint, and prepare a related-rates setup without substituting values too early.",AP Topic 4.4,related_setup_order,multiple_choice,,Unit 4 Assessment Plan + Course Framework; supplied AP Topic scoring guides consulted for authentic representation/rigor only (no question wording copied).,AP-style mixed selected/constructed response source; no published question text copied.
U4-SUM-V1-Q10,MATH,4,4.3,summative_assessment,summative,v1_q10,unit-synthesis,2,"Translate a changing-quantity context into related variables, rates, a constraint equation, and the specific instant needed for related-rates reasoning.","I can identify changing quantities and rates, write a valid constraint, and prepare a related-rates setup without substituting values too early.",AP Topic 4.4,related_setup_ladder,constructed_response,,Unit 4 Assessment Plan + Course Framework; supplied AP Topic scoring guides consulted for authentic representation/rigor only (no question wording copied).,AP-style mixed selected/constructed response source; no published question text copied.
U4-SUM-V1-Q11,MATH,4,4.3,summative_assessment,summative,v1_q11,unit-synthesis,1,"Translate a changing-quantity context into related variables, rates, a constraint equation, and the specific instant needed for related-rates reasoning.","I can identify changing quantities and rates, write a valid constraint, and prepare a related-rates setup without substituting values too early.",AP Topic 4.4,related_rate_recognition,multiple_choice,,Unit 4 Assessment Plan + Course Framework; supplied AP Topic scoring guides consulted for authentic representation/rigor only (no question wording copied).,AP-style mixed selected/constructed response source; no published question text copied.
U4-SUM-V1-Q12,MATH,4,4.3,summative_assessment,summative,v1_q12,unit-synthesis,3,"Translate a changing-quantity context into related variables, rates, a constraint equation, and the specific instant needed for related-rates reasoning.","I can identify changing quantities and rates, write a valid constraint, and prepare a related-rates setup without substituting values too early.",AP Topic 4.4,related_setup_critique,constructed_response,,Unit 4 Assessment Plan + Course Framework; supplied AP Topic scoring guides consulted for authentic representation/rigor only (no question wording copied).,AP-style mixed selected/constructed response source; no published question text copied.
U4-SUM-V1-Q13,MATH,4,4.4,summative_assessment,summative,v1_q13,unit-synthesis,2,"Solve related-rates problems by modeling the quantities, differentiating with respect to time, substituting the instant data, and interpreting the resulting rate with units and direction.",I can solve geometric and physical related-rate contexts and explain the sign and units of the requested rate.,AP Topic 4.5,related_circle,multiple_choice,,Unit 4 Assessment Plan + Course Framework; supplied AP Topic scoring guides consulted for authentic representation/rigor only (no question wording copied).,AP-style mixed selected/constructed response source; no published question text copied.
U4-SUM-V1-Q14,MATH,4,4.4,summative_assessment,summative,v1_q14,unit-synthesis,2,"Solve related-rates problems by modeling the quantities, differentiating with respect to time, substituting the instant data, and interpreting the resulting rate with units and direction.",I can solve geometric and physical related-rate contexts and explain the sign and units of the requested rate.,AP Topic 4.5,related_ladder_solve,constructed_response,,Unit 4 Assessment Plan + Course Framework; supplied AP Topic scoring guides consulted for authentic representation/rigor only (no question wording copied).,AP-style mixed selected/constructed response source; no published question text copied.
U4-SUM-V1-Q15,MATH,4,4.4,summative_assessment,summative,v1_q15,unit-synthesis,2,"Solve related-rates problems by modeling the quantities, differentiating with respect to time, substituting the instant data, and interpreting the resulting rate with units and direction.",I can solve geometric and physical related-rate contexts and explain the sign and units of the requested rate.,AP Topic 4.5,related_rectangle,multiple_choice,,Unit 4 Assessment Plan + Course Framework; supplied AP Topic scoring guides consulted for authentic representation/rigor only (no question wording copied).,AP-style mixed selected/constructed response source; no published question text copied.
U4-SUM-V1-Q16,MATH,4,4.4,summative_assessment,summative,v1_q16,unit-synthesis,3,"Solve related-rates problems by modeling the quantities, differentiating with respect to time, substituting the instant data, and interpreting the resulting rate with units and direction.",I can solve geometric and physical related-rate contexts and explain the sign and units of the requested rate.,AP Topic 4.5,related_sign_critique,constructed_response,,Unit 4 Assessment Plan + Course Framework; supplied AP Topic scoring guides consulted for authentic representation/rigor only (no question wording copied).,AP-style mixed selected/constructed response source; no published question text copied.
U4-SUM-V1-Q17,MATH,4,4.5,summative_assessment,summative,v1_q17,unit-synthesis,2,Use local linearity for tangent-line approximation and apply L'Hospital's Rule only to appropriate indeterminate forms when its conditions are satisfied.,"I can build and use a linearization, discuss local approximation behavior, and decide whether L'Hospital's Rule is justified before applying it.","AP Topics 4.6, 4.7",linearization,multiple_choice,,Unit 4 Assessment Plan + Course Framework; supplied AP Topic scoring guides consulted for authentic representation/rigor only (no question wording copied).,AP-style mixed selected/constructed response source; no published question text copied.
U4-SUM-V1-Q18,MATH,4,4.5,summative_assessment,summative,v1_q18,unit-synthesis,2,Use local linearity for tangent-line approximation and apply L'Hospital's Rule only to appropriate indeterminate forms when its conditions are satisfied.,"I can build and use a linearization, discuss local approximation behavior, and decide whether L'Hospital's Rule is justified before applying it.","AP Topics 4.6, 4.7",lhopital,constructed_response,,Unit 4 Assessment Plan + Course Framework; supplied AP Topic scoring guides consulted for authentic representation/rigor only (no question wording copied).,AP-style mixed selected/constructed response source; no published question text copied.
U4-SUM-V1-Q19,MATH,4,4.5,summative_assessment,summative,v1_q19,unit-synthesis,1,Use local linearity for tangent-line approximation and apply L'Hospital's Rule only to appropriate indeterminate forms when its conditions are satisfied.,"I can build and use a linearization, discuss local approximation behavior, and decide whether L'Hospital's Rule is justified before applying it.","AP Topics 4.6, 4.7",lhopital_applicability,multiple_choice,,Unit 4 Assessment Plan + Course Framework; supplied AP Topic scoring guides consulted for authentic representation/rigor only (no question wording copied).,AP-style mixed selected/constructed response source; no published question text copied.
U4-SUM-V1-Q20,MATH,4,4.5,summative_assessment,summative,v1_q20,unit-synthesis,3,Use local linearity for tangent-line approximation and apply L'Hospital's Rule only to appropriate indeterminate forms when its conditions are satisfied.,"I can build and use a linearization, discuss local approximation behavior, and decide whether L'Hospital's Rule is justified before applying it.","AP Topics 4.6, 4.7",method_conditions,constructed_response,,Unit 4 Assessment Plan + Course Framework; supplied AP Topic scoring guides consulted for authentic representation/rigor only (no question wording copied).,AP-style mixed selected/constructed response source; no published question text copied.
U4-SUM-V2-Q01,MATH,4,4.1,summative_assessment,summative,v2_q01,unit-synthesis,1,"Interpret $f$, $f'$, and $f''$ in context using appropriate units, rates, and verbal meaning.","I can interpret $f$, $f'$, and $f''$ in context, attach correct units, and distinguish a quantity from its first and second rates of change.","AP Topics 4.1, 4.3",context_meaning,multiple_choice,,Unit 4 Assessment Plan + Course Framework; supplied AP Topic scoring guides consulted for authentic representation/rigor only (no question wording copied).,AP-style mixed selected/constructed response source; no published question text copied.
U4-SUM-V2-Q02,MATH,4,4.1,summative_assessment,summative,v2_q02,unit-synthesis,2,"Interpret $f$, $f'$, and $f''$ in context using appropriate units, rates, and verbal meaning.","I can interpret $f$, $f'$, and $f''$ in context, attach correct units, and distinguish a quantity from its first and second rates of change.","AP Topics 4.1, 4.3",context_second_derivative,constructed_response,,Unit 4 Assessment Plan + Course Framework; supplied AP Topic scoring guides consulted for authentic representation/rigor only (no question wording copied).,AP-style mixed selected/constructed response source; no published question text copied.
U4-SUM-V2-Q03,MATH,4,4.1,summative_assessment,summative,v2_q03,unit-synthesis,1,"Interpret $f$, $f'$, and $f''$ in context using appropriate units, rates, and verbal meaning.","I can interpret $f$, $f'$, and $f''$ in context, attach correct units, and distinguish a quantity from its first and second rates of change.","AP Topics 4.1, 4.3",context_orders,multiple_choice,,Unit 4 Assessment Plan + Course Framework; supplied AP Topic scoring guides consulted for authentic representation/rigor only (no question wording copied).,AP-style mixed selected/constructed response source; no published question text copied.
U4-SUM-V2-Q04,MATH,4,4.1,summative_assessment,summative,v2_q04,unit-synthesis,3,"Interpret $f$, $f'$, and $f''$ in context using appropriate units, rates, and verbal meaning.","I can interpret $f$, $f'$, and $f''$ in context, attach correct units, and distinguish a quantity from its first and second rates of change.","AP Topics 4.1, 4.3",context_claim_critique,constructed_response,,Unit 4 Assessment Plan + Course Framework; supplied AP Topic scoring guides consulted for authentic representation/rigor only (no question wording copied).,AP-style mixed selected/constructed response source; no published question text copied.
U4-SUM-V2-Q05,MATH,4,4.2,summative_assessment,summative,v2_q05,unit-synthesis,2,"Analyze position, velocity, acceleration, speed, and sign relationships from equations, graphs, tables, and calculator-supported representations.","I can connect position, velocity, acceleration, speed, direction, and speeding-up/slowing-down behavior using derivative values and signs.",AP Topic 4.2,motion_velocity,multiple_choice,,Unit 4 Assessment Plan + Course Framework; supplied AP Topic scoring guides consulted for authentic representation/rigor only (no question wording copied).,AP-style mixed selected/constructed response source; no published question text copied.
U4-SUM-V2-Q06,MATH,4,4.2,summative_assessment,summative,v2_q06,unit-synthesis,2,"Analyze position, velocity, acceleration, speed, and sign relationships from equations, graphs, tables, and calculator-supported representations.","I can connect position, velocity, acceleration, speed, direction, and speeding-up/slowing-down behavior using derivative values and signs.",AP Topic 4.2,motion_sign,constructed_response,,Unit 4 Assessment Plan + Course Framework; supplied AP Topic scoring guides consulted for authentic representation/rigor only (no question wording copied).,AP-style mixed selected/constructed response source; no published question text copied.
U4-SUM-V2-Q07,MATH,4,4.2,summative_assessment,summative,v2_q07,unit-synthesis,2,"Analyze position, velocity, acceleration, speed, and sign relationships from equations, graphs, tables, and calculator-supported representations.","I can connect position, velocity, acceleration, speed, direction, and speeding-up/slowing-down behavior using derivative values and signs.",AP Topic 4.2,motion_table,multiple_choice,,Unit 4 Assessment Plan + Course Framework; supplied AP Topic scoring guides consulted for authentic representation/rigor only (no question wording copied).,AP-style mixed selected/constructed response source; no published question text copied.
U4-SUM-V2-Q08,MATH,4,4.2,summative_assessment,summative,v2_q08,unit-synthesis,3,"Analyze position, velocity, acceleration, speed, and sign relationships from equations, graphs, tables, and calculator-supported representations.","I can connect position, velocity, acceleration, speed, direction, and speeding-up/slowing-down behavior using derivative values and signs.",AP Topic 4.2,motion_synthesis,constructed_response,u4_sum_v2_q08_summative_velocity.png,Unit 4 Assessment Plan + Course Framework; supplied AP Topic scoring guides consulted for authentic representation/rigor only (no question wording copied).,AP-style mixed selected/constructed response source; no published question text copied.
U4-SUM-V2-Q09,MATH,4,4.3,summative_assessment,summative,v2_q09,unit-synthesis,1,"Translate a changing-quantity context into related variables, rates, a constraint equation, and the specific instant needed for related-rates reasoning.","I can identify changing quantities and rates, write a valid constraint, and prepare a related-rates setup without substituting values too early.",AP Topic 4.4,related_setup_order,multiple_choice,,Unit 4 Assessment Plan + Course Framework; supplied AP Topic scoring guides consulted for authentic representation/rigor only (no question wording copied).,AP-style mixed selected/constructed response source; no published question text copied.
U4-SUM-V2-Q10,MATH,4,4.3,summative_assessment,summative,v2_q10,unit-synthesis,2,"Translate a changing-quantity context into related variables, rates, a constraint equation, and the specific instant needed for related-rates reasoning.","I can identify changing quantities and rates, write a valid constraint, and prepare a related-rates setup without substituting values too early.",AP Topic 4.4,related_setup_ladder,constructed_response,,Unit 4 Assessment Plan + Course Framework; supplied AP Topic scoring guides consulted for authentic representation/rigor only (no question wording copied).,AP-style mixed selected/constructed response source; no published question text copied.
U4-SUM-V2-Q11,MATH,4,4.3,summative_assessment,summative,v2_q11,unit-synthesis,1,"Translate a changing-quantity context into related variables, rates, a constraint equation, and the specific instant needed for related-rates reasoning.","I can identify changing quantities and rates, write a valid constraint, and prepare a related-rates setup without substituting values too early.",AP Topic 4.4,related_rate_recognition,multiple_choice,,Unit 4 Assessment Plan + Course Framework; supplied AP Topic scoring guides consulted for authentic representation/rigor only (no question wording copied).,AP-style mixed selected/constructed response source; no published question text copied.
U4-SUM-V2-Q12,MATH,4,4.3,summative_assessment,summative,v2_q12,unit-synthesis,3,"Translate a changing-quantity context into related variables, rates, a constraint equation, and the specific instant needed for related-rates reasoning.","I can identify changing quantities and rates, write a valid constraint, and prepare a related-rates setup without substituting values too early.",AP Topic 4.4,related_setup_critique,constructed_response,,Unit 4 Assessment Plan + Course Framework; supplied AP Topic scoring guides consulted for authentic representation/rigor only (no question wording copied).,AP-style mixed selected/constructed response source; no published question text copied.
U4-SUM-V2-Q13,MATH,4,4.4,summative_assessment,summative,v2_q13,unit-synthesis,2,"Solve related-rates problems by modeling the quantities, differentiating with respect to time, substituting the instant data, and interpreting the resulting rate with units and direction.",I can solve geometric and physical related-rate contexts and explain the sign and units of the requested rate.,AP Topic 4.5,related_circle,multiple_choice,,Unit 4 Assessment Plan + Course Framework; supplied AP Topic scoring guides consulted for authentic representation/rigor only (no question wording copied).,AP-style mixed selected/constructed response source; no published question text copied.
U4-SUM-V2-Q14,MATH,4,4.4,summative_assessment,summative,v2_q14,unit-synthesis,2,"Solve related-rates problems by modeling the quantities, differentiating with respect to time, substituting the instant data, and interpreting the resulting rate with units and direction.",I can solve geometric and physical related-rate contexts and explain the sign and units of the requested rate.,AP Topic 4.5,related_ladder_solve,constructed_response,,Unit 4 Assessment Plan + Course Framework; supplied AP Topic scoring guides consulted for authentic representation/rigor only (no question wording copied).,AP-style mixed selected/constructed response source; no published question text copied.
U4-SUM-V2-Q15,MATH,4,4.4,summative_assessment,summative,v2_q15,unit-synthesis,2,"Solve related-rates problems by modeling the quantities, differentiating with respect to time, substituting the instant data, and interpreting the resulting rate with units and direction.",I can solve geometric and physical related-rate contexts and explain the sign and units of the requested rate.,AP Topic 4.5,related_rectangle,multiple_choice,,Unit 4 Assessment Plan + Course Framework; supplied AP Topic scoring guides consulted for authentic representation/rigor only (no question wording copied).,AP-style mixed selected/constructed response source; no published question text copied.
U4-SUM-V2-Q16,MATH,4,4.4,summative_assessment,summative,v2_q16,unit-synthesis,3,"Solve related-rates problems by modeling the quantities, differentiating with respect to time, substituting the instant data, and interpreting the resulting rate with units and direction.",I can solve geometric and physical related-rate contexts and explain the sign and units of the requested rate.,AP Topic 4.5,related_sign_critique,constructed_response,,Unit 4 Assessment Plan + Course Framework; supplied AP Topic scoring guides consulted for authentic representation/rigor only (no question wording copied).,AP-style mixed selected/constructed response source; no published question text copied.
U4-SUM-V2-Q17,MATH,4,4.5,summative_assessment,summative,v2_q17,unit-synthesis,2,Use local linearity for tangent-line approximation and apply L'Hospital's Rule only to appropriate indeterminate forms when its conditions are satisfied.,"I can build and use a linearization, discuss local approximation behavior, and decide whether L'Hospital's Rule is justified before applying it.","AP Topics 4.6, 4.7",linearization,multiple_choice,,Unit 4 Assessment Plan + Course Framework; supplied AP Topic scoring guides consulted for authentic representation/rigor only (no question wording copied).,AP-style mixed selected/constructed response source; no published question text copied.
U4-SUM-V2-Q18,MATH,4,4.5,summative_assessment,summative,v2_q18,unit-synthesis,2,Use local linearity for tangent-line approximation and apply L'Hospital's Rule only to appropriate indeterminate forms when its conditions are satisfied.,"I can build and use a linearization, discuss local approximation behavior, and decide whether L'Hospital's Rule is justified before applying it.","AP Topics 4.6, 4.7",lhopital,constructed_response,,Unit 4 Assessment Plan + Course Framework; supplied AP Topic scoring guides consulted for authentic representation/rigor only (no question wording copied).,AP-style mixed selected/constructed response source; no published question text copied.
U4-SUM-V2-Q19,MATH,4,4.5,summative_assessment,summative,v2_q19,unit-synthesis,1,Use local linearity for tangent-line approximation and apply L'Hospital's Rule only to appropriate indeterminate forms when its conditions are satisfied.,"I can build and use a linearization, discuss local approximation behavior, and decide whether L'Hospital's Rule is justified before applying it.","AP Topics 4.6, 4.7",lhopital_applicability,multiple_choice,,Unit 4 Assessment Plan + Course Framework; supplied AP Topic scoring guides consulted for authentic representation/rigor only (no question wording copied).,AP-style mixed selected/constructed response source; no published question text copied.
U4-SUM-V2-Q20,MATH,4,4.5,summative_assessment,summative,v2_q20,unit-synthesis,3,Use local linearity for tangent-line approximation and apply L'Hospital's Rule only to appropriate indeterminate forms when its conditions are satisfied.,"I can build and use a linearization, discuss local approximation behavior, and decide whether L'Hospital's Rule is justified before applying it.","AP Topics 4.6, 4.7",method_conditions,constructed_response,,Unit 4 Assessment Plan + Course Framework; supplied AP Topic scoring guides consulted for authentic representation/rigor only (no question wording copied).,AP-style mixed selected/constructed response source; no published question text copied.
U4-SUM-V3-Q01,MATH,4,4.1,summative_assessment,summative,v3_q01,unit-synthesis,1,"Interpret $f$, $f'$, and $f''$ in context using appropriate units, rates, and verbal meaning.","I can interpret $f$, $f'$, and $f''$ in context, attach correct units, and distinguish a quantity from its first and second rates of change.","AP Topics 4.1, 4.3",context_meaning,multiple_choice,,Unit 4 Assessment Plan + Course Framework; supplied AP Topic scoring guides consulted for authentic representation/rigor only (no question wording copied).,AP-style mixed selected/constructed response source; no published question text copied.
U4-SUM-V3-Q02,MATH,4,4.1,summative_assessment,summative,v3_q02,unit-synthesis,2,"Interpret $f$, $f'$, and $f''$ in context using appropriate units, rates, and verbal meaning.","I can interpret $f$, $f'$, and $f''$ in context, attach correct units, and distinguish a quantity from its first and second rates of change.","AP Topics 4.1, 4.3",context_second_derivative,constructed_response,,Unit 4 Assessment Plan + Course Framework; supplied AP Topic scoring guides consulted for authentic representation/rigor only (no question wording copied).,AP-style mixed selected/constructed response source; no published question text copied.
U4-SUM-V3-Q03,MATH,4,4.1,summative_assessment,summative,v3_q03,unit-synthesis,1,"Interpret $f$, $f'$, and $f''$ in context using appropriate units, rates, and verbal meaning.","I can interpret $f$, $f'$, and $f''$ in context, attach correct units, and distinguish a quantity from its first and second rates of change.","AP Topics 4.1, 4.3",context_orders,multiple_choice,,Unit 4 Assessment Plan + Course Framework; supplied AP Topic scoring guides consulted for authentic representation/rigor only (no question wording copied).,AP-style mixed selected/constructed response source; no published question text copied.
U4-SUM-V3-Q04,MATH,4,4.1,summative_assessment,summative,v3_q04,unit-synthesis,3,"Interpret $f$, $f'$, and $f''$ in context using appropriate units, rates, and verbal meaning.","I can interpret $f$, $f'$, and $f''$ in context, attach correct units, and distinguish a quantity from its first and second rates of change.","AP Topics 4.1, 4.3",context_claim_critique,constructed_response,,Unit 4 Assessment Plan + Course Framework; supplied AP Topic scoring guides consulted for authentic representation/rigor only (no question wording copied).,AP-style mixed selected/constructed response source; no published question text copied.
U4-SUM-V3-Q05,MATH,4,4.2,summative_assessment,summative,v3_q05,unit-synthesis,2,"Analyze position, velocity, acceleration, speed, and sign relationships from equations, graphs, tables, and calculator-supported representations.","I can connect position, velocity, acceleration, speed, direction, and speeding-up/slowing-down behavior using derivative values and signs.",AP Topic 4.2,motion_velocity,multiple_choice,,Unit 4 Assessment Plan + Course Framework; supplied AP Topic scoring guides consulted for authentic representation/rigor only (no question wording copied).,AP-style mixed selected/constructed response source; no published question text copied.
U4-SUM-V3-Q06,MATH,4,4.2,summative_assessment,summative,v3_q06,unit-synthesis,2,"Analyze position, velocity, acceleration, speed, and sign relationships from equations, graphs, tables, and calculator-supported representations.","I can connect position, velocity, acceleration, speed, direction, and speeding-up/slowing-down behavior using derivative values and signs.",AP Topic 4.2,motion_sign,constructed_response,,Unit 4 Assessment Plan + Course Framework; supplied AP Topic scoring guides consulted for authentic representation/rigor only (no question wording copied).,AP-style mixed selected/constructed response source; no published question text copied.
U4-SUM-V3-Q07,MATH,4,4.2,summative_assessment,summative,v3_q07,unit-synthesis,2,"Analyze position, velocity, acceleration, speed, and sign relationships from equations, graphs, tables, and calculator-supported representations.","I can connect position, velocity, acceleration, speed, direction, and speeding-up/slowing-down behavior using derivative values and signs.",AP Topic 4.2,motion_table,multiple_choice,,Unit 4 Assessment Plan + Course Framework; supplied AP Topic scoring guides consulted for authentic representation/rigor only (no question wording copied).,AP-style mixed selected/constructed response source; no published question text copied.
U4-SUM-V3-Q08,MATH,4,4.2,summative_assessment,summative,v3_q08,unit-synthesis,3,"Analyze position, velocity, acceleration, speed, and sign relationships from equations, graphs, tables, and calculator-supported representations.","I can connect position, velocity, acceleration, speed, direction, and speeding-up/slowing-down behavior using derivative values and signs.",AP Topic 4.2,motion_synthesis,constructed_response,u4_sum_v3_q08_summative_velocity.png,Unit 4 Assessment Plan + Course Framework; supplied AP Topic scoring guides consulted for authentic representation/rigor only (no question wording copied).,AP-style mixed selected/constructed response source; no published question text copied.
U4-SUM-V3-Q09,MATH,4,4.3,summative_assessment,summative,v3_q09,unit-synthesis,1,"Translate a changing-quantity context into related variables, rates, a constraint equation, and the specific instant needed for related-rates reasoning.","I can identify changing quantities and rates, write a valid constraint, and prepare a related-rates setup without substituting values too early.",AP Topic 4.4,related_setup_order,multiple_choice,,Unit 4 Assessment Plan + Course Framework; supplied AP Topic scoring guides consulted for authentic representation/rigor only (no question wording copied).,AP-style mixed selected/constructed response source; no published question text copied.
U4-SUM-V3-Q10,MATH,4,4.3,summative_assessment,summative,v3_q10,unit-synthesis,2,"Translate a changing-quantity context into related variables, rates, a constraint equation, and the specific instant needed for related-rates reasoning.","I can identify changing quantities and rates, write a valid constraint, and prepare a related-rates setup without substituting values too early.",AP Topic 4.4,related_setup_ladder,constructed_response,,Unit 4 Assessment Plan + Course Framework; supplied AP Topic scoring guides consulted for authentic representation/rigor only (no question wording copied).,AP-style mixed selected/constructed response source; no published question text copied.
U4-SUM-V3-Q11,MATH,4,4.3,summative_assessment,summative,v3_q11,unit-synthesis,1,"Translate a changing-quantity context into related variables, rates, a constraint equation, and the specific instant needed for related-rates reasoning.","I can identify changing quantities and rates, write a valid constraint, and prepare a related-rates setup without substituting values too early.",AP Topic 4.4,related_rate_recognition,multiple_choice,,Unit 4 Assessment Plan + Course Framework; supplied AP Topic scoring guides consulted for authentic representation/rigor only (no question wording copied).,AP-style mixed selected/constructed response source; no published question text copied.
U4-SUM-V3-Q12,MATH,4,4.3,summative_assessment,summative,v3_q12,unit-synthesis,3,"Translate a changing-quantity context into related variables, rates, a constraint equation, and the specific instant needed for related-rates reasoning.","I can identify changing quantities and rates, write a valid constraint, and prepare a related-rates setup without substituting values too early.",AP Topic 4.4,related_setup_critique,constructed_response,,Unit 4 Assessment Plan + Course Framework; supplied AP Topic scoring guides consulted for authentic representation/rigor only (no question wording copied).,AP-style mixed selected/constructed response source; no published question text copied.
U4-SUM-V3-Q13,MATH,4,4.4,summative_assessment,summative,v3_q13,unit-synthesis,2,"Solve related-rates problems by modeling the quantities, differentiating with respect to time, substituting the instant data, and interpreting the resulting rate with units and direction.",I can solve geometric and physical related-rate contexts and explain the sign and units of the requested rate.,AP Topic 4.5,related_circle,multiple_choice,,Unit 4 Assessment Plan + Course Framework; supplied AP Topic scoring guides consulted for authentic representation/rigor only (no question wording copied).,AP-style mixed selected/constructed response source; no published question text copied.
U4-SUM-V3-Q14,MATH,4,4.4,summative_assessment,summative,v3_q14,unit-synthesis,2,"Solve related-rates problems by modeling the quantities, differentiating with respect to time, substituting the instant data, and interpreting the resulting rate with units and direction.",I can solve geometric and physical related-rate contexts and explain the sign and units of the requested rate.,AP Topic 4.5,related_ladder_solve,constructed_response,,Unit 4 Assessment Plan + Course Framework; supplied AP Topic scoring guides consulted for authentic representation/rigor only (no question wording copied).,AP-style mixed selected/constructed response source; no published question text copied.
U4-SUM-V3-Q15,MATH,4,4.4,summative_assessment,summative,v3_q15,unit-synthesis,2,"Solve related-rates problems by modeling the quantities, differentiating with respect to time, substituting the instant data, and interpreting the resulting rate with units and direction.",I can solve geometric and physical related-rate contexts and explain the sign and units of the requested rate.,AP Topic 4.5,related_rectangle,multiple_choice,,Unit 4 Assessment Plan + Course Framework; supplied AP Topic scoring guides consulted for authentic representation/rigor only (no question wording copied).,AP-style mixed selected/constructed response source; no published question text copied.
U4-SUM-V3-Q16,MATH,4,4.4,summative_assessment,summative,v3_q16,unit-synthesis,3,"Solve related-rates problems by modeling the quantities, differentiating with respect to time, substituting the instant data, and interpreting the resulting rate with units and direction.",I can solve geometric and physical related-rate contexts and explain the sign and units of the requested rate.,AP Topic 4.5,related_sign_critique,constructed_response,,Unit 4 Assessment Plan + Course Framework; supplied AP Topic scoring guides consulted for authentic representation/rigor only (no question wording copied).,AP-style mixed selected/constructed response source; no published question text copied.
U4-SUM-V3-Q17,MATH,4,4.5,summative_assessment,summative,v3_q17,unit-synthesis,2,Use local linearity for tangent-line approximation and apply L'Hospital's Rule only to appropriate indeterminate forms when its conditions are satisfied.,"I can build and use a linearization, discuss local approximation behavior, and decide whether L'Hospital's Rule is justified before applying it.","AP Topics 4.6, 4.7",linearization,multiple_choice,,Unit 4 Assessment Plan + Course Framework; supplied AP Topic scoring guides consulted for authentic representation/rigor only (no question wording copied).,AP-style mixed selected/constructed response source; no published question text copied.
U4-SUM-V3-Q18,MATH,4,4.5,summative_assessment,summative,v3_q18,unit-synthesis,2,Use local linearity for tangent-line approximation and apply L'Hospital's Rule only to appropriate indeterminate forms when its conditions are satisfied.,"I can build and use a linearization, discuss local approximation behavior, and decide whether L'Hospital's Rule is justified before applying it.","AP Topics 4.6, 4.7",lhopital,constructed_response,,Unit 4 Assessment Plan + Course Framework; supplied AP Topic scoring guides consulted for authentic representation/rigor only (no question wording copied).,AP-style mixed selected/constructed response source; no published question text copied.
U4-SUM-V3-Q19,MATH,4,4.5,summative_assessment,summative,v3_q19,unit-synthesis,1,Use local linearity for tangent-line approximation and apply L'Hospital's Rule only to appropriate indeterminate forms when its conditions are satisfied.,"I can build and use a linearization, discuss local approximation behavior, and decide whether L'Hospital's Rule is justified before applying it.","AP Topics 4.6, 4.7",lhopital_applicability,multiple_choice,,Unit 4 Assessment Plan + Course Framework; supplied AP Topic scoring guides consulted for authentic representation/rigor only (no question wording copied).,AP-style mixed selected/constructed response source; no published question text copied.
U4-SUM-V3-Q20,MATH,4,4.5,summative_assessment,summative,v3_q20,unit-synthesis,3,Use local linearity for tangent-line approximation and apply L'Hospital's Rule only to appropriate indeterminate forms when its conditions are satisfied.,"I can build and use a linearization, discuss local approximation behavior, and decide whether L'Hospital's Rule is justified before applying it.","AP Topics 4.6, 4.7",method_conditions,constructed_response,,Unit 4 Assessment Plan + Course Framework; supplied AP Topic scoring guides consulted for authentic representation/rigor only (no question wording copied).,AP-style mixed selected/constructed response source; no published question text copied.
U4-SUM-V4-Q01,MATH,4,4.1,summative_assessment,summative,v4_q01,unit-synthesis,1,"Interpret $f$, $f'$, and $f''$ in context using appropriate units, rates, and verbal meaning.","I can interpret $f$, $f'$, and $f''$ in context, attach correct units, and distinguish a quantity from its first and second rates of change.","AP Topics 4.1, 4.3",context_meaning,multiple_choice,,Unit 4 Assessment Plan + Course Framework; supplied AP Topic scoring guides consulted for authentic representation/rigor only (no question wording copied).,AP-style mixed selected/constructed response source; no published question text copied.
U4-SUM-V4-Q02,MATH,4,4.1,summative_assessment,summative,v4_q02,unit-synthesis,2,"Interpret $f$, $f'$, and $f''$ in context using appropriate units, rates, and verbal meaning.","I can interpret $f$, $f'$, and $f''$ in context, attach correct units, and distinguish a quantity from its first and second rates of change.","AP Topics 4.1, 4.3",context_second_derivative,constructed_response,,Unit 4 Assessment Plan + Course Framework; supplied AP Topic scoring guides consulted for authentic representation/rigor only (no question wording copied).,AP-style mixed selected/constructed response source; no published question text copied.
U4-SUM-V4-Q03,MATH,4,4.1,summative_assessment,summative,v4_q03,unit-synthesis,1,"Interpret $f$, $f'$, and $f''$ in context using appropriate units, rates, and verbal meaning.","I can interpret $f$, $f'$, and $f''$ in context, attach correct units, and distinguish a quantity from its first and second rates of change.","AP Topics 4.1, 4.3",context_orders,multiple_choice,,Unit 4 Assessment Plan + Course Framework; supplied AP Topic scoring guides consulted for authentic representation/rigor only (no question wording copied).,AP-style mixed selected/constructed response source; no published question text copied.
U4-SUM-V4-Q04,MATH,4,4.1,summative_assessment,summative,v4_q04,unit-synthesis,3,"Interpret $f$, $f'$, and $f''$ in context using appropriate units, rates, and verbal meaning.","I can interpret $f$, $f'$, and $f''$ in context, attach correct units, and distinguish a quantity from its first and second rates of change.","AP Topics 4.1, 4.3",context_claim_critique,constructed_response,,Unit 4 Assessment Plan + Course Framework; supplied AP Topic scoring guides consulted for authentic representation/rigor only (no question wording copied).,AP-style mixed selected/constructed response source; no published question text copied.
U4-SUM-V4-Q05,MATH,4,4.2,summative_assessment,summative,v4_q05,unit-synthesis,2,"Analyze position, velocity, acceleration, speed, and sign relationships from equations, graphs, tables, and calculator-supported representations.","I can connect position, velocity, acceleration, speed, direction, and speeding-up/slowing-down behavior using derivative values and signs.",AP Topic 4.2,motion_velocity,multiple_choice,,Unit 4 Assessment Plan + Course Framework; supplied AP Topic scoring guides consulted for authentic representation/rigor only (no question wording copied).,AP-style mixed selected/constructed response source; no published question text copied.
U4-SUM-V4-Q06,MATH,4,4.2,summative_assessment,summative,v4_q06,unit-synthesis,2,"Analyze position, velocity, acceleration, speed, and sign relationships from equations, graphs, tables, and calculator-supported representations.","I can connect position, velocity, acceleration, speed, direction, and speeding-up/slowing-down behavior using derivative values and signs.",AP Topic 4.2,motion_sign,constructed_response,,Unit 4 Assessment Plan + Course Framework; supplied AP Topic scoring guides consulted for authentic representation/rigor only (no question wording copied).,AP-style mixed selected/constructed response source; no published question text copied.
U4-SUM-V4-Q07,MATH,4,4.2,summative_assessment,summative,v4_q07,unit-synthesis,2,"Analyze position, velocity, acceleration, speed, and sign relationships from equations, graphs, tables, and calculator-supported representations.","I can connect position, velocity, acceleration, speed, direction, and speeding-up/slowing-down behavior using derivative values and signs.",AP Topic 4.2,motion_table,multiple_choice,,Unit 4 Assessment Plan + Course Framework; supplied AP Topic scoring guides consulted for authentic representation/rigor only (no question wording copied).,AP-style mixed selected/constructed response source; no published question text copied.
U4-SUM-V4-Q08,MATH,4,4.2,summative_assessment,summative,v4_q08,unit-synthesis,3,"Analyze position, velocity, acceleration, speed, and sign relationships from equations, graphs, tables, and calculator-supported representations.","I can connect position, velocity, acceleration, speed, direction, and speeding-up/slowing-down behavior using derivative values and signs.",AP Topic 4.2,motion_synthesis,constructed_response,u4_sum_v4_q08_summative_velocity.png,Unit 4 Assessment Plan + Course Framework; supplied AP Topic scoring guides consulted for authentic representation/rigor only (no question wording copied).,AP-style mixed selected/constructed response source; no published question text copied.
U4-SUM-V4-Q09,MATH,4,4.3,summative_assessment,summative,v4_q09,unit-synthesis,1,"Translate a changing-quantity context into related variables, rates, a constraint equation, and the specific instant needed for related-rates reasoning.","I can identify changing quantities and rates, write a valid constraint, and prepare a related-rates setup without substituting values too early.",AP Topic 4.4,related_setup_order,multiple_choice,,Unit 4 Assessment Plan + Course Framework; supplied AP Topic scoring guides consulted for authentic representation/rigor only (no question wording copied).,AP-style mixed selected/constructed response source; no published question text copied.
U4-SUM-V4-Q10,MATH,4,4.3,summative_assessment,summative,v4_q10,unit-synthesis,2,"Translate a changing-quantity context into related variables, rates, a constraint equation, and the specific instant needed for related-rates reasoning.","I can identify changing quantities and rates, write a valid constraint, and prepare a related-rates setup without substituting values too early.",AP Topic 4.4,related_setup_ladder,constructed_response,,Unit 4 Assessment Plan + Course Framework; supplied AP Topic scoring guides consulted for authentic representation/rigor only (no question wording copied).,AP-style mixed selected/constructed response source; no published question text copied.
U4-SUM-V4-Q11,MATH,4,4.3,summative_assessment,summative,v4_q11,unit-synthesis,1,"Translate a changing-quantity context into related variables, rates, a constraint equation, and the specific instant needed for related-rates reasoning.","I can identify changing quantities and rates, write a valid constraint, and prepare a related-rates setup without substituting values too early.",AP Topic 4.4,related_rate_recognition,multiple_choice,,Unit 4 Assessment Plan + Course Framework; supplied AP Topic scoring guides consulted for authentic representation/rigor only (no question wording copied).,AP-style mixed selected/constructed response source; no published question text copied.
U4-SUM-V4-Q12,MATH,4,4.3,summative_assessment,summative,v4_q12,unit-synthesis,3,"Translate a changing-quantity context into related variables, rates, a constraint equation, and the specific instant needed for related-rates reasoning.","I can identify changing quantities and rates, write a valid constraint, and prepare a related-rates setup without substituting values too early.",AP Topic 4.4,related_setup_critique,constructed_response,,Unit 4 Assessment Plan + Course Framework; supplied AP Topic scoring guides consulted for authentic representation/rigor only (no question wording copied).,AP-style mixed selected/constructed response source; no published question text copied.
U4-SUM-V4-Q13,MATH,4,4.4,summative_assessment,summative,v4_q13,unit-synthesis,2,"Solve related-rates problems by modeling the quantities, differentiating with respect to time, substituting the instant data, and interpreting the resulting rate with units and direction.",I can solve geometric and physical related-rate contexts and explain the sign and units of the requested rate.,AP Topic 4.5,related_circle,multiple_choice,,Unit 4 Assessment Plan + Course Framework; supplied AP Topic scoring guides consulted for authentic representation/rigor only (no question wording copied).,AP-style mixed selected/constructed response source; no published question text copied.
U4-SUM-V4-Q14,MATH,4,4.4,summative_assessment,summative,v4_q14,unit-synthesis,2,"Solve related-rates problems by modeling the quantities, differentiating with respect to time, substituting the instant data, and interpreting the resulting rate with units and direction.",I can solve geometric and physical related-rate contexts and explain the sign and units of the requested rate.,AP Topic 4.5,related_ladder_solve,constructed_response,,Unit 4 Assessment Plan + Course Framework; supplied AP Topic scoring guides consulted for authentic representation/rigor only (no question wording copied).,AP-style mixed selected/constructed response source; no published question text copied.
U4-SUM-V4-Q15,MATH,4,4.4,summative_assessment,summative,v4_q15,unit-synthesis,2,"Solve related-rates problems by modeling the quantities, differentiating with respect to time, substituting the instant data, and interpreting the resulting rate with units and direction.",I can solve geometric and physical related-rate contexts and explain the sign and units of the requested rate.,AP Topic 4.5,related_rectangle,multiple_choice,,Unit 4 Assessment Plan + Course Framework; supplied AP Topic scoring guides consulted for authentic representation/rigor only (no question wording copied).,AP-style mixed selected/constructed response source; no published question text copied.
U4-SUM-V4-Q16,MATH,4,4.4,summative_assessment,summative,v4_q16,unit-synthesis,3,"Solve related-rates problems by modeling the quantities, differentiating with respect to time, substituting the instant data, and interpreting the resulting rate with units and direction.",I can solve geometric and physical related-rate contexts and explain the sign and units of the requested rate.,AP Topic 4.5,related_sign_critique,constructed_response,,Unit 4 Assessment Plan + Course Framework; supplied AP Topic scoring guides consulted for authentic representation/rigor only (no question wording copied).,AP-style mixed selected/constructed response source; no published question text copied.
U4-SUM-V4-Q17,MATH,4,4.5,summative_assessment,summative,v4_q17,unit-synthesis,2,Use local linearity for tangent-line approximation and apply L'Hospital's Rule only to appropriate indeterminate forms when its conditions are satisfied.,"I can build and use a linearization, discuss local approximation behavior, and decide whether L'Hospital's Rule is justified before applying it.","AP Topics 4.6, 4.7",linearization,multiple_choice,,Unit 4 Assessment Plan + Course Framework; supplied AP Topic scoring guides consulted for authentic representation/rigor only (no question wording copied).,AP-style mixed selected/constructed response source; no published question text copied.
U4-SUM-V4-Q18,MATH,4,4.5,summative_assessment,summative,v4_q18,unit-synthesis,2,Use local linearity for tangent-line approximation and apply L'Hospital's Rule only to appropriate indeterminate forms when its conditions are satisfied.,"I can build and use a linearization, discuss local approximation behavior, and decide whether L'Hospital's Rule is justified before applying it.","AP Topics 4.6, 4.7",lhopital,constructed_response,,Unit 4 Assessment Plan + Course Framework; supplied AP Topic scoring guides consulted for authentic representation/rigor only (no question wording copied).,AP-style mixed selected/constructed response source; no published question text copied.
U4-SUM-V4-Q19,MATH,4,4.5,summative_assessment,summative,v4_q19,unit-synthesis,1,Use local linearity for tangent-line approximation and apply L'Hospital's Rule only to appropriate indeterminate forms when its conditions are satisfied.,"I can build and use a linearization, discuss local approximation behavior, and decide whether L'Hospital's Rule is justified before applying it.","AP Topics 4.6, 4.7",lhopital_applicability,multiple_choice,,Unit 4 Assessment Plan + Course Framework; supplied AP Topic scoring guides consulted for authentic representation/rigor only (no question wording copied).,AP-style mixed selected/constructed response source; no published question text copied.
U4-SUM-V4-Q20,MATH,4,4.5,summative_assessment,summative,v4_q20,unit-synthesis,3,Use local linearity for tangent-line approximation and apply L'Hospital's Rule only to appropriate indeterminate forms when its conditions are satisfied.,"I can build and use a linearization, discuss local approximation behavior, and decide whether L'Hospital's Rule is justified before applying it.","AP Topics 4.6, 4.7",method_conditions,constructed_response,,Unit 4 Assessment Plan + Course Framework; supplied AP Topic scoring guides consulted for authentic representation/rigor only (no question wording copied).,AP-style mixed selected/constructed response source; no published question text copied.
U4-SUM-V5-Q01,MATH,4,4.1,summative_assessment,summative,v5_q01,unit-synthesis,1,"Interpret $f$, $f'$, and $f''$ in context using appropriate units, rates, and verbal meaning.","I can interpret $f$, $f'$, and $f''$ in context, attach correct units, and distinguish a quantity from its first and second rates of change.","AP Topics 4.1, 4.3",context_meaning,multiple_choice,,Unit 4 Assessment Plan + Course Framework; supplied AP Topic scoring guides consulted for authentic representation/rigor only (no question wording copied).,AP-style mixed selected/constructed response source; no published question text copied.
U4-SUM-V5-Q02,MATH,4,4.1,summative_assessment,summative,v5_q02,unit-synthesis,2,"Interpret $f$, $f'$, and $f''$ in context using appropriate units, rates, and verbal meaning.","I can interpret $f$, $f'$, and $f''$ in context, attach correct units, and distinguish a quantity from its first and second rates of change.","AP Topics 4.1, 4.3",context_second_derivative,constructed_response,,Unit 4 Assessment Plan + Course Framework; supplied AP Topic scoring guides consulted for authentic representation/rigor only (no question wording copied).,AP-style mixed selected/constructed response source; no published question text copied.
U4-SUM-V5-Q03,MATH,4,4.1,summative_assessment,summative,v5_q03,unit-synthesis,1,"Interpret $f$, $f'$, and $f''$ in context using appropriate units, rates, and verbal meaning.","I can interpret $f$, $f'$, and $f''$ in context, attach correct units, and distinguish a quantity from its first and second rates of change.","AP Topics 4.1, 4.3",context_orders,multiple_choice,,Unit 4 Assessment Plan + Course Framework; supplied AP Topic scoring guides consulted for authentic representation/rigor only (no question wording copied).,AP-style mixed selected/constructed response source; no published question text copied.
U4-SUM-V5-Q04,MATH,4,4.1,summative_assessment,summative,v5_q04,unit-synthesis,3,"Interpret $f$, $f'$, and $f''$ in context using appropriate units, rates, and verbal meaning.","I can interpret $f$, $f'$, and $f''$ in context, attach correct units, and distinguish a quantity from its first and second rates of change.","AP Topics 4.1, 4.3",context_claim_critique,constructed_response,,Unit 4 Assessment Plan + Course Framework; supplied AP Topic scoring guides consulted for authentic representation/rigor only (no question wording copied).,AP-style mixed selected/constructed response source; no published question text copied.
U4-SUM-V5-Q05,MATH,4,4.2,summative_assessment,summative,v5_q05,unit-synthesis,2,"Analyze position, velocity, acceleration, speed, and sign relationships from equations, graphs, tables, and calculator-supported representations.","I can connect position, velocity, acceleration, speed, direction, and speeding-up/slowing-down behavior using derivative values and signs.",AP Topic 4.2,motion_velocity,multiple_choice,,Unit 4 Assessment Plan + Course Framework; supplied AP Topic scoring guides consulted for authentic representation/rigor only (no question wording copied).,AP-style mixed selected/constructed response source; no published question text copied.
U4-SUM-V5-Q06,MATH,4,4.2,summative_assessment,summative,v5_q06,unit-synthesis,2,"Analyze position, velocity, acceleration, speed, and sign relationships from equations, graphs, tables, and calculator-supported representations.","I can connect position, velocity, acceleration, speed, direction, and speeding-up/slowing-down behavior using derivative values and signs.",AP Topic 4.2,motion_sign,constructed_response,,Unit 4 Assessment Plan + Course Framework; supplied AP Topic scoring guides consulted for authentic representation/rigor only (no question wording copied).,AP-style mixed selected/constructed response source; no published question text copied.
U4-SUM-V5-Q07,MATH,4,4.2,summative_assessment,summative,v5_q07,unit-synthesis,2,"Analyze position, velocity, acceleration, speed, and sign relationships from equations, graphs, tables, and calculator-supported representations.","I can connect position, velocity, acceleration, speed, direction, and speeding-up/slowing-down behavior using derivative values and signs.",AP Topic 4.2,motion_table,multiple_choice,,Unit 4 Assessment Plan + Course Framework; supplied AP Topic scoring guides consulted for authentic representation/rigor only (no question wording copied).,AP-style mixed selected/constructed response source; no published question text copied.
U4-SUM-V5-Q08,MATH,4,4.2,summative_assessment,summative,v5_q08,unit-synthesis,3,"Analyze position, velocity, acceleration, speed, and sign relationships from equations, graphs, tables, and calculator-supported representations.","I can connect position, velocity, acceleration, speed, direction, and speeding-up/slowing-down behavior using derivative values and signs.",AP Topic 4.2,motion_synthesis,constructed_response,u4_sum_v5_q08_summative_velocity.png,Unit 4 Assessment Plan + Course Framework; supplied AP Topic scoring guides consulted for authentic representation/rigor only (no question wording copied).,AP-style mixed selected/constructed response source; no published question text copied.
U4-SUM-V5-Q09,MATH,4,4.3,summative_assessment,summative,v5_q09,unit-synthesis,1,"Translate a changing-quantity context into related variables, rates, a constraint equation, and the specific instant needed for related-rates reasoning.","I can identify changing quantities and rates, write a valid constraint, and prepare a related-rates setup without substituting values too early.",AP Topic 4.4,related_setup_order,multiple_choice,,Unit 4 Assessment Plan + Course Framework; supplied AP Topic scoring guides consulted for authentic representation/rigor only (no question wording copied).,AP-style mixed selected/constructed response source; no published question text copied.
U4-SUM-V5-Q10,MATH,4,4.3,summative_assessment,summative,v5_q10,unit-synthesis,2,"Translate a changing-quantity context into related variables, rates, a constraint equation, and the specific instant needed for related-rates reasoning.","I can identify changing quantities and rates, write a valid constraint, and prepare a related-rates setup without substituting values too early.",AP Topic 4.4,related_setup_ladder,constructed_response,,Unit 4 Assessment Plan + Course Framework; supplied AP Topic scoring guides consulted for authentic representation/rigor only (no question wording copied).,AP-style mixed selected/constructed response source; no published question text copied.
U4-SUM-V5-Q11,MATH,4,4.3,summative_assessment,summative,v5_q11,unit-synthesis,1,"Translate a changing-quantity context into related variables, rates, a constraint equation, and the specific instant needed for related-rates reasoning.","I can identify changing quantities and rates, write a valid constraint, and prepare a related-rates setup without substituting values too early.",AP Topic 4.4,related_rate_recognition,multiple_choice,,Unit 4 Assessment Plan + Course Framework; supplied AP Topic scoring guides consulted for authentic representation/rigor only (no question wording copied).,AP-style mixed selected/constructed response source; no published question text copied.
U4-SUM-V5-Q12,MATH,4,4.3,summative_assessment,summative,v5_q12,unit-synthesis,3,"Translate a changing-quantity context into related variables, rates, a constraint equation, and the specific instant needed for related-rates reasoning.","I can identify changing quantities and rates, write a valid constraint, and prepare a related-rates setup without substituting values too early.",AP Topic 4.4,related_setup_critique,constructed_response,,Unit 4 Assessment Plan + Course Framework; supplied AP Topic scoring guides consulted for authentic representation/rigor only (no question wording copied).,AP-style mixed selected/constructed response source; no published question text copied.
U4-SUM-V5-Q13,MATH,4,4.4,summative_assessment,summative,v5_q13,unit-synthesis,2,"Solve related-rates problems by modeling the quantities, differentiating with respect to time, substituting the instant data, and interpreting the resulting rate with units and direction.",I can solve geometric and physical related-rate contexts and explain the sign and units of the requested rate.,AP Topic 4.5,related_circle,multiple_choice,,Unit 4 Assessment Plan + Course Framework; supplied AP Topic scoring guides consulted for authentic representation/rigor only (no question wording copied).,AP-style mixed selected/constructed response source; no published question text copied.
U4-SUM-V5-Q14,MATH,4,4.4,summative_assessment,summative,v5_q14,unit-synthesis,2,"Solve related-rates problems by modeling the quantities, differentiating with respect to time, substituting the instant data, and interpreting the resulting rate with units and direction.",I can solve geometric and physical related-rate contexts and explain the sign and units of the requested rate.,AP Topic 4.5,related_ladder_solve,constructed_response,,Unit 4 Assessment Plan + Course Framework; supplied AP Topic scoring guides consulted for authentic representation/rigor only (no question wording copied).,AP-style mixed selected/constructed response source; no published question text copied.
U4-SUM-V5-Q15,MATH,4,4.4,summative_assessment,summative,v5_q15,unit-synthesis,2,"Solve related-rates problems by modeling the quantities, differentiating with respect to time, substituting the instant data, and interpreting the resulting rate with units and direction.",I can solve geometric and physical related-rate contexts and explain the sign and units of the requested rate.,AP Topic 4.5,related_rectangle,multiple_choice,,Unit 4 Assessment Plan + Course Framework; supplied AP Topic scoring guides consulted for authentic representation/rigor only (no question wording copied).,AP-style mixed selected/constructed response source; no published question text copied.
U4-SUM-V5-Q16,MATH,4,4.4,summative_assessment,summative,v5_q16,unit-synthesis,3,"Solve related-rates problems by modeling the quantities, differentiating with respect to time, substituting the instant data, and interpreting the resulting rate with units and direction.",I can solve geometric and physical related-rate contexts and explain the sign and units of the requested rate.,AP Topic 4.5,related_sign_critique,constructed_response,,Unit 4 Assessment Plan + Course Framework; supplied AP Topic scoring guides consulted for authentic representation/rigor only (no question wording copied).,AP-style mixed selected/constructed response source; no published question text copied.
U4-SUM-V5-Q17,MATH,4,4.5,summative_assessment,summative,v5_q17,unit-synthesis,2,Use local linearity for tangent-line approximation and apply L'Hospital's Rule only to appropriate indeterminate forms when its conditions are satisfied.,"I can build and use a linearization, discuss local approximation behavior, and decide whether L'Hospital's Rule is justified before applying it.","AP Topics 4.6, 4.7",linearization,multiple_choice,,Unit 4 Assessment Plan + Course Framework; supplied AP Topic scoring guides consulted for authentic representation/rigor only (no question wording copied).,AP-style mixed selected/constructed response source; no published question text copied.
U4-SUM-V5-Q18,MATH,4,4.5,summative_assessment,summative,v5_q18,unit-synthesis,2,Use local linearity for tangent-line approximation and apply L'Hospital's Rule only to appropriate indeterminate forms when its conditions are satisfied.,"I can build and use a linearization, discuss local approximation behavior, and decide whether L'Hospital's Rule is justified before applying it.","AP Topics 4.6, 4.7",lhopital,constructed_response,,Unit 4 Assessment Plan + Course Framework; supplied AP Topic scoring guides consulted for authentic representation/rigor only (no question wording copied).,AP-style mixed selected/constructed response source; no published question text copied.
U4-SUM-V5-Q19,MATH,4,4.5,summative_assessment,summative,v5_q19,unit-synthesis,1,Use local linearity for tangent-line approximation and apply L'Hospital's Rule only to appropriate indeterminate forms when its conditions are satisfied.,"I can build and use a linearization, discuss local approximation behavior, and decide whether L'Hospital's Rule is justified before applying it.","AP Topics 4.6, 4.7",lhopital_applicability,multiple_choice,,Unit 4 Assessment Plan + Course Framework; supplied AP Topic scoring guides consulted for authentic representation/rigor only (no question wording copied).,AP-style mixed selected/constructed response source; no published question text copied.
U4-SUM-V5-Q20,MATH,4,4.5,summative_assessment,summative,v5_q20,unit-synthesis,3,Use local linearity for tangent-line approximation and apply L'Hospital's Rule only to appropriate indeterminate forms when its conditions are satisfied.,"I can build and use a linearization, discuss local approximation behavior, and decide whether L'Hospital's Rule is justified before applying it.","AP Topics 4.6, 4.7",method_conditions,constructed_response,,Unit 4 Assessment Plan + Course Framework; supplied AP Topic scoring guides consulted for authentic representation/rigor only (no question wording copied).,AP-style mixed selected/constructed response source; no published question text copied.
U4-SUM-V6-Q01,MATH,4,4.1,summative_assessment,summative,v6_q01,unit-synthesis,1,"Interpret $f$, $f'$, and $f''$ in context using appropriate units, rates, and verbal meaning.","I can interpret $f$, $f'$, and $f''$ in context, attach correct units, and distinguish a quantity from its first and second rates of change.","AP Topics 4.1, 4.3",context_meaning,multiple_choice,,Unit 4 Assessment Plan + Course Framework; supplied AP Topic scoring guides consulted for authentic representation/rigor only (no question wording copied).,AP-style mixed selected/constructed response source; no published question text copied.
U4-SUM-V6-Q02,MATH,4,4.1,summative_assessment,summative,v6_q02,unit-synthesis,2,"Interpret $f$, $f'$, and $f''$ in context using appropriate units, rates, and verbal meaning.","I can interpret $f$, $f'$, and $f''$ in context, attach correct units, and distinguish a quantity from its first and second rates of change.","AP Topics 4.1, 4.3",context_second_derivative,constructed_response,,Unit 4 Assessment Plan + Course Framework; supplied AP Topic scoring guides consulted for authentic representation/rigor only (no question wording copied).,AP-style mixed selected/constructed response source; no published question text copied.
U4-SUM-V6-Q03,MATH,4,4.1,summative_assessment,summative,v6_q03,unit-synthesis,1,"Interpret $f$, $f'$, and $f''$ in context using appropriate units, rates, and verbal meaning.","I can interpret $f$, $f'$, and $f''$ in context, attach correct units, and distinguish a quantity from its first and second rates of change.","AP Topics 4.1, 4.3",context_orders,multiple_choice,,Unit 4 Assessment Plan + Course Framework; supplied AP Topic scoring guides consulted for authentic representation/rigor only (no question wording copied).,AP-style mixed selected/constructed response source; no published question text copied.
U4-SUM-V6-Q04,MATH,4,4.1,summative_assessment,summative,v6_q04,unit-synthesis,3,"Interpret $f$, $f'$, and $f''$ in context using appropriate units, rates, and verbal meaning.","I can interpret $f$, $f'$, and $f''$ in context, attach correct units, and distinguish a quantity from its first and second rates of change.","AP Topics 4.1, 4.3",context_claim_critique,constructed_response,,Unit 4 Assessment Plan + Course Framework; supplied AP Topic scoring guides consulted for authentic representation/rigor only (no question wording copied).,AP-style mixed selected/constructed response source; no published question text copied.
U4-SUM-V6-Q05,MATH,4,4.2,summative_assessment,summative,v6_q05,unit-synthesis,2,"Analyze position, velocity, acceleration, speed, and sign relationships from equations, graphs, tables, and calculator-supported representations.","I can connect position, velocity, acceleration, speed, direction, and speeding-up/slowing-down behavior using derivative values and signs.",AP Topic 4.2,motion_velocity,multiple_choice,,Unit 4 Assessment Plan + Course Framework; supplied AP Topic scoring guides consulted for authentic representation/rigor only (no question wording copied).,AP-style mixed selected/constructed response source; no published question text copied.
U4-SUM-V6-Q06,MATH,4,4.2,summative_assessment,summative,v6_q06,unit-synthesis,2,"Analyze position, velocity, acceleration, speed, and sign relationships from equations, graphs, tables, and calculator-supported representations.","I can connect position, velocity, acceleration, speed, direction, and speeding-up/slowing-down behavior using derivative values and signs.",AP Topic 4.2,motion_sign,constructed_response,,Unit 4 Assessment Plan + Course Framework; supplied AP Topic scoring guides consulted for authentic representation/rigor only (no question wording copied).,AP-style mixed selected/constructed response source; no published question text copied.
U4-SUM-V6-Q07,MATH,4,4.2,summative_assessment,summative,v6_q07,unit-synthesis,2,"Analyze position, velocity, acceleration, speed, and sign relationships from equations, graphs, tables, and calculator-supported representations.","I can connect position, velocity, acceleration, speed, direction, and speeding-up/slowing-down behavior using derivative values and signs.",AP Topic 4.2,motion_table,multiple_choice,,Unit 4 Assessment Plan + Course Framework; supplied AP Topic scoring guides consulted for authentic representation/rigor only (no question wording copied).,AP-style mixed selected/constructed response source; no published question text copied.
U4-SUM-V6-Q08,MATH,4,4.2,summative_assessment,summative,v6_q08,unit-synthesis,3,"Analyze position, velocity, acceleration, speed, and sign relationships from equations, graphs, tables, and calculator-supported representations.","I can connect position, velocity, acceleration, speed, direction, and speeding-up/slowing-down behavior using derivative values and signs.",AP Topic 4.2,motion_synthesis,constructed_response,u4_sum_v6_q08_summative_velocity.png,Unit 4 Assessment Plan + Course Framework; supplied AP Topic scoring guides consulted for authentic representation/rigor only (no question wording copied).,AP-style mixed selected/constructed response source; no published question text copied.
U4-SUM-V6-Q09,MATH,4,4.3,summative_assessment,summative,v6_q09,unit-synthesis,1,"Translate a changing-quantity context into related variables, rates, a constraint equation, and the specific instant needed for related-rates reasoning.","I can identify changing quantities and rates, write a valid constraint, and prepare a related-rates setup without substituting values too early.",AP Topic 4.4,related_setup_order,multiple_choice,,Unit 4 Assessment Plan + Course Framework; supplied AP Topic scoring guides consulted for authentic representation/rigor only (no question wording copied).,AP-style mixed selected/constructed response source; no published question text copied.
U4-SUM-V6-Q10,MATH,4,4.3,summative_assessment,summative,v6_q10,unit-synthesis,2,"Translate a changing-quantity context into related variables, rates, a constraint equation, and the specific instant needed for related-rates reasoning.","I can identify changing quantities and rates, write a valid constraint, and prepare a related-rates setup without substituting values too early.",AP Topic 4.4,related_setup_ladder,constructed_response,,Unit 4 Assessment Plan + Course Framework; supplied AP Topic scoring guides consulted for authentic representation/rigor only (no question wording copied).,AP-style mixed selected/constructed response source; no published question text copied.
U4-SUM-V6-Q11,MATH,4,4.3,summative_assessment,summative,v6_q11,unit-synthesis,1,"Translate a changing-quantity context into related variables, rates, a constraint equation, and the specific instant needed for related-rates reasoning.","I can identify changing quantities and rates, write a valid constraint, and prepare a related-rates setup without substituting values too early.",AP Topic 4.4,related_rate_recognition,multiple_choice,,Unit 4 Assessment Plan + Course Framework; supplied AP Topic scoring guides consulted for authentic representation/rigor only (no question wording copied).,AP-style mixed selected/constructed response source; no published question text copied.
U4-SUM-V6-Q12,MATH,4,4.3,summative_assessment,summative,v6_q12,unit-synthesis,3,"Translate a changing-quantity context into related variables, rates, a constraint equation, and the specific instant needed for related-rates reasoning.","I can identify changing quantities and rates, write a valid constraint, and prepare a related-rates setup without substituting values too early.",AP Topic 4.4,related_setup_critique,constructed_response,,Unit 4 Assessment Plan + Course Framework; supplied AP Topic scoring guides consulted for authentic representation/rigor only (no question wording copied).,AP-style mixed selected/constructed response source; no published question text copied.
U4-SUM-V6-Q13,MATH,4,4.4,summative_assessment,summative,v6_q13,unit-synthesis,2,"Solve related-rates problems by modeling the quantities, differentiating with respect to time, substituting the instant data, and interpreting the resulting rate with units and direction.",I can solve geometric and physical related-rate contexts and explain the sign and units of the requested rate.,AP Topic 4.5,related_circle,multiple_choice,,Unit 4 Assessment Plan + Course Framework; supplied AP Topic scoring guides consulted for authentic representation/rigor only (no question wording copied).,AP-style mixed selected/constructed response source; no published question text copied.
U4-SUM-V6-Q14,MATH,4,4.4,summative_assessment,summative,v6_q14,unit-synthesis,2,"Solve related-rates problems by modeling the quantities, differentiating with respect to time, substituting the instant data, and interpreting the resulting rate with units and direction.",I can solve geometric and physical related-rate contexts and explain the sign and units of the requested rate.,AP Topic 4.5,related_ladder_solve,constructed_response,,Unit 4 Assessment Plan + Course Framework; supplied AP Topic scoring guides consulted for authentic representation/rigor only (no question wording copied).,AP-style mixed selected/constructed response source; no published question text copied.
U4-SUM-V6-Q15,MATH,4,4.4,summative_assessment,summative,v6_q15,unit-synthesis,2,"Solve related-rates problems by modeling the quantities, differentiating with respect to time, substituting the instant data, and interpreting the resulting rate with units and direction.",I can solve geometric and physical related-rate contexts and explain the sign and units of the requested rate.,AP Topic 4.5,related_rectangle,multiple_choice,,Unit 4 Assessment Plan + Course Framework; supplied AP Topic scoring guides consulted for authentic representation/rigor only (no question wording copied).,AP-style mixed selected/constructed response source; no published question text copied.
U4-SUM-V6-Q16,MATH,4,4.4,summative_assessment,summative,v6_q16,unit-synthesis,3,"Solve related-rates problems by modeling the quantities, differentiating with respect to time, substituting the instant data, and interpreting the resulting rate with units and direction.",I can solve geometric and physical related-rate contexts and explain the sign and units of the requested rate.,AP Topic 4.5,related_sign_critique,constructed_response,,Unit 4 Assessment Plan + Course Framework; supplied AP Topic scoring guides consulted for authentic representation/rigor only (no question wording copied).,AP-style mixed selected/constructed response source; no published question text copied.
U4-SUM-V6-Q17,MATH,4,4.5,summative_assessment,summative,v6_q17,unit-synthesis,2,Use local linearity for tangent-line approximation and apply L'Hospital's Rule only to appropriate indeterminate forms when its conditions are satisfied.,"I can build and use a linearization, discuss local approximation behavior, and decide whether L'Hospital's Rule is justified before applying it.","AP Topics 4.6, 4.7",linearization,multiple_choice,,Unit 4 Assessment Plan + Course Framework; supplied AP Topic scoring guides consulted for authentic representation/rigor only (no question wording copied).,AP-style mixed selected/constructed response source; no published question text copied.
U4-SUM-V6-Q18,MATH,4,4.5,summative_assessment,summative,v6_q18,unit-synthesis,2,Use local linearity for tangent-line approximation and apply L'Hospital's Rule only to appropriate indeterminate forms when its conditions are satisfied.,"I can build and use a linearization, discuss local approximation behavior, and decide whether L'Hospital's Rule is justified before applying it.","AP Topics 4.6, 4.7",lhopital,constructed_response,,Unit 4 Assessment Plan + Course Framework; supplied AP Topic scoring guides consulted for authentic representation/rigor only (no question wording copied).,AP-style mixed selected/constructed response source; no published question text copied.
U4-SUM-V6-Q19,MATH,4,4.5,summative_assessment,summative,v6_q19,unit-synthesis,1,Use local linearity for tangent-line approximation and apply L'Hospital's Rule only to appropriate indeterminate forms when its conditions are satisfied.,"I can build and use a linearization, discuss local approximation behavior, and decide whether L'Hospital's Rule is justified before applying it.","AP Topics 4.6, 4.7",lhopital_applicability,multiple_choice,,Unit 4 Assessment Plan + Course Framework; supplied AP Topic scoring guides consulted for authentic representation/rigor only (no question wording copied).,AP-style mixed selected/constructed response source; no published question text copied.
U4-SUM-V6-Q20,MATH,4,4.5,summative_assessment,summative,v6_q20,unit-synthesis,3,Use local linearity for tangent-line approximation and apply L'Hospital's Rule only to appropriate indeterminate forms when its conditions are satisfied.,"I can build and use a linearization, discuss local approximation behavior, and decide whether L'Hospital's Rule is justified before applying it.","AP Topics 4.6, 4.7",method_conditions,constructed_response,,Unit 4 Assessment Plan + Course Framework; supplied AP Topic scoring guides consulted for authentic representation/rigor only (no question wording copied).,AP-style mixed selected/constructed response source; no published question text copied.
U4-SUM-V7-Q01,MATH,4,4.1,summative_assessment,summative,v7_q01,unit-synthesis,1,"Interpret $f$, $f'$, and $f''$ in context using appropriate units, rates, and verbal meaning.","I can interpret $f$, $f'$, and $f''$ in context, attach correct units, and distinguish a quantity from its first and second rates of change.","AP Topics 4.1, 4.3",context_meaning,multiple_choice,,Unit 4 Assessment Plan + Course Framework; supplied AP Topic scoring guides consulted for authentic representation/rigor only (no question wording copied).,AP-style mixed selected/constructed response source; no published question text copied.
U4-SUM-V7-Q02,MATH,4,4.1,summative_assessment,summative,v7_q02,unit-synthesis,2,"Interpret $f$, $f'$, and $f''$ in context using appropriate units, rates, and verbal meaning.","I can interpret $f$, $f'$, and $f''$ in context, attach correct units, and distinguish a quantity from its first and second rates of change.","AP Topics 4.1, 4.3",context_second_derivative,constructed_response,,Unit 4 Assessment Plan + Course Framework; supplied AP Topic scoring guides consulted for authentic representation/rigor only (no question wording copied).,AP-style mixed selected/constructed response source; no published question text copied.
U4-SUM-V7-Q03,MATH,4,4.1,summative_assessment,summative,v7_q03,unit-synthesis,1,"Interpret $f$, $f'$, and $f''$ in context using appropriate units, rates, and verbal meaning.","I can interpret $f$, $f'$, and $f''$ in context, attach correct units, and distinguish a quantity from its first and second rates of change.","AP Topics 4.1, 4.3",context_orders,multiple_choice,,Unit 4 Assessment Plan + Course Framework; supplied AP Topic scoring guides consulted for authentic representation/rigor only (no question wording copied).,AP-style mixed selected/constructed response source; no published question text copied.
U4-SUM-V7-Q04,MATH,4,4.1,summative_assessment,summative,v7_q04,unit-synthesis,3,"Interpret $f$, $f'$, and $f''$ in context using appropriate units, rates, and verbal meaning.","I can interpret $f$, $f'$, and $f''$ in context, attach correct units, and distinguish a quantity from its first and second rates of change.","AP Topics 4.1, 4.3",context_claim_critique,constructed_response,,Unit 4 Assessment Plan + Course Framework; supplied AP Topic scoring guides consulted for authentic representation/rigor only (no question wording copied).,AP-style mixed selected/constructed response source; no published question text copied.
U4-SUM-V7-Q05,MATH,4,4.2,summative_assessment,summative,v7_q05,unit-synthesis,2,"Analyze position, velocity, acceleration, speed, and sign relationships from equations, graphs, tables, and calculator-supported representations.","I can connect position, velocity, acceleration, speed, direction, and speeding-up/slowing-down behavior using derivative values and signs.",AP Topic 4.2,motion_velocity,multiple_choice,,Unit 4 Assessment Plan + Course Framework; supplied AP Topic scoring guides consulted for authentic representation/rigor only (no question wording copied).,AP-style mixed selected/constructed response source; no published question text copied.
U4-SUM-V7-Q06,MATH,4,4.2,summative_assessment,summative,v7_q06,unit-synthesis,2,"Analyze position, velocity, acceleration, speed, and sign relationships from equations, graphs, tables, and calculator-supported representations.","I can connect position, velocity, acceleration, speed, direction, and speeding-up/slowing-down behavior using derivative values and signs.",AP Topic 4.2,motion_sign,constructed_response,,Unit 4 Assessment Plan + Course Framework; supplied AP Topic scoring guides consulted for authentic representation/rigor only (no question wording copied).,AP-style mixed selected/constructed response source; no published question text copied.
U4-SUM-V7-Q07,MATH,4,4.2,summative_assessment,summative,v7_q07,unit-synthesis,2,"Analyze position, velocity, acceleration, speed, and sign relationships from equations, graphs, tables, and calculator-supported representations.","I can connect position, velocity, acceleration, speed, direction, and speeding-up/slowing-down behavior using derivative values and signs.",AP Topic 4.2,motion_table,multiple_choice,,Unit 4 Assessment Plan + Course Framework; supplied AP Topic scoring guides consulted for authentic representation/rigor only (no question wording copied).,AP-style mixed selected/constructed response source; no published question text copied.
U4-SUM-V7-Q08,MATH,4,4.2,summative_assessment,summative,v7_q08,unit-synthesis,3,"Analyze position, velocity, acceleration, speed, and sign relationships from equations, graphs, tables, and calculator-supported representations.","I can connect position, velocity, acceleration, speed, direction, and speeding-up/slowing-down behavior using derivative values and signs.",AP Topic 4.2,motion_synthesis,constructed_response,u4_sum_v7_q08_summative_velocity.png,Unit 4 Assessment Plan + Course Framework; supplied AP Topic scoring guides consulted for authentic representation/rigor only (no question wording copied).,AP-style mixed selected/constructed response source; no published question text copied.
U4-SUM-V7-Q09,MATH,4,4.3,summative_assessment,summative,v7_q09,unit-synthesis,1,"Translate a changing-quantity context into related variables, rates, a constraint equation, and the specific instant needed for related-rates reasoning.","I can identify changing quantities and rates, write a valid constraint, and prepare a related-rates setup without substituting values too early.",AP Topic 4.4,related_setup_order,multiple_choice,,Unit 4 Assessment Plan + Course Framework; supplied AP Topic scoring guides consulted for authentic representation/rigor only (no question wording copied).,AP-style mixed selected/constructed response source; no published question text copied.
U4-SUM-V7-Q10,MATH,4,4.3,summative_assessment,summative,v7_q10,unit-synthesis,2,"Translate a changing-quantity context into related variables, rates, a constraint equation, and the specific instant needed for related-rates reasoning.","I can identify changing quantities and rates, write a valid constraint, and prepare a related-rates setup without substituting values too early.",AP Topic 4.4,related_setup_ladder,constructed_response,,Unit 4 Assessment Plan + Course Framework; supplied AP Topic scoring guides consulted for authentic representation/rigor only (no question wording copied).,AP-style mixed selected/constructed response source; no published question text copied.
U4-SUM-V7-Q11,MATH,4,4.3,summative_assessment,summative,v7_q11,unit-synthesis,1,"Translate a changing-quantity context into related variables, rates, a constraint equation, and the specific instant needed for related-rates reasoning.","I can identify changing quantities and rates, write a valid constraint, and prepare a related-rates setup without substituting values too early.",AP Topic 4.4,related_rate_recognition,multiple_choice,,Unit 4 Assessment Plan + Course Framework; supplied AP Topic scoring guides consulted for authentic representation/rigor only (no question wording copied).,AP-style mixed selected/constructed response source; no published question text copied.
U4-SUM-V7-Q12,MATH,4,4.3,summative_assessment,summative,v7_q12,unit-synthesis,3,"Translate a changing-quantity context into related variables, rates, a constraint equation, and the specific instant needed for related-rates reasoning.","I can identify changing quantities and rates, write a valid constraint, and prepare a related-rates setup without substituting values too early.",AP Topic 4.4,related_setup_critique,constructed_response,,Unit 4 Assessment Plan + Course Framework; supplied AP Topic scoring guides consulted for authentic representation/rigor only (no question wording copied).,AP-style mixed selected/constructed response source; no published question text copied.
U4-SUM-V7-Q13,MATH,4,4.4,summative_assessment,summative,v7_q13,unit-synthesis,2,"Solve related-rates problems by modeling the quantities, differentiating with respect to time, substituting the instant data, and interpreting the resulting rate with units and direction.",I can solve geometric and physical related-rate contexts and explain the sign and units of the requested rate.,AP Topic 4.5,related_circle,multiple_choice,,Unit 4 Assessment Plan + Course Framework; supplied AP Topic scoring guides consulted for authentic representation/rigor only (no question wording copied).,AP-style mixed selected/constructed response source; no published question text copied.
U4-SUM-V7-Q14,MATH,4,4.4,summative_assessment,summative,v7_q14,unit-synthesis,2,"Solve related-rates problems by modeling the quantities, differentiating with respect to time, substituting the instant data, and interpreting the resulting rate with units and direction.",I can solve geometric and physical related-rate contexts and explain the sign and units of the requested rate.,AP Topic 4.5,related_ladder_solve,constructed_response,,Unit 4 Assessment Plan + Course Framework; supplied AP Topic scoring guides consulted for authentic representation/rigor only (no question wording copied).,AP-style mixed selected/constructed response source; no published question text copied.
U4-SUM-V7-Q15,MATH,4,4.4,summative_assessment,summative,v7_q15,unit-synthesis,2,"Solve related-rates problems by modeling the quantities, differentiating with respect to time, substituting the instant data, and interpreting the resulting rate with units and direction.",I can solve geometric and physical related-rate contexts and explain the sign and units of the requested rate.,AP Topic 4.5,related_rectangle,multiple_choice,,Unit 4 Assessment Plan + Course Framework; supplied AP Topic scoring guides consulted for authentic representation/rigor only (no question wording copied).,AP-style mixed selected/constructed response source; no published question text copied.
U4-SUM-V7-Q16,MATH,4,4.4,summative_assessment,summative,v7_q16,unit-synthesis,3,"Solve related-rates problems by modeling the quantities, differentiating with respect to time, substituting the instant data, and interpreting the resulting rate with units and direction.",I can solve geometric and physical related-rate contexts and explain the sign and units of the requested rate.,AP Topic 4.5,related_sign_critique,constructed_response,,Unit 4 Assessment Plan + Course Framework; supplied AP Topic scoring guides consulted for authentic representation/rigor only (no question wording copied).,AP-style mixed selected/constructed response source; no published question text copied.
U4-SUM-V7-Q17,MATH,4,4.5,summative_assessment,summative,v7_q17,unit-synthesis,2,Use local linearity for tangent-line approximation and apply L'Hospital's Rule only to appropriate indeterminate forms when its conditions are satisfied.,"I can build and use a linearization, discuss local approximation behavior, and decide whether L'Hospital's Rule is justified before applying it.","AP Topics 4.6, 4.7",linearization,multiple_choice,,Unit 4 Assessment Plan + Course Framework; supplied AP Topic scoring guides consulted for authentic representation/rigor only (no question wording copied).,AP-style mixed selected/constructed response source; no published question text copied.
U4-SUM-V7-Q18,MATH,4,4.5,summative_assessment,summative,v7_q18,unit-synthesis,2,Use local linearity for tangent-line approximation and apply L'Hospital's Rule only to appropriate indeterminate forms when its conditions are satisfied.,"I can build and use a linearization, discuss local approximation behavior, and decide whether L'Hospital's Rule is justified before applying it.","AP Topics 4.6, 4.7",lhopital,constructed_response,,Unit 4 Assessment Plan + Course Framework; supplied AP Topic scoring guides consulted for authentic representation/rigor only (no question wording copied).,AP-style mixed selected/constructed response source; no published question text copied.
U4-SUM-V7-Q19,MATH,4,4.5,summative_assessment,summative,v7_q19,unit-synthesis,1,Use local linearity for tangent-line approximation and apply L'Hospital's Rule only to appropriate indeterminate forms when its conditions are satisfied.,"I can build and use a linearization, discuss local approximation behavior, and decide whether L'Hospital's Rule is justified before applying it.","AP Topics 4.6, 4.7",lhopital_applicability,multiple_choice,,Unit 4 Assessment Plan + Course Framework; supplied AP Topic scoring guides consulted for authentic representation/rigor only (no question wording copied).,AP-style mixed selected/constructed response source; no published question text copied.
U4-SUM-V7-Q20,MATH,4,4.5,summative_assessment,summative,v7_q20,unit-synthesis,3,Use local linearity for tangent-line approximation and apply L'Hospital's Rule only to appropriate indeterminate forms when its conditions are satisfied.,"I can build and use a linearization, discuss local approximation behavior, and decide whether L'Hospital's Rule is justified before applying it.","AP Topics 4.6, 4.7",method_conditions,constructed_response,,Unit 4 Assessment Plan + Course Framework; supplied AP Topic scoring guides consulted for authentic representation/rigor only (no question wording copied).,AP-style mixed selected/constructed response source; no published question text copied.
U4-SUM-V8-Q01,MATH,4,4.1,summative_assessment,summative,v8_q01,unit-synthesis,1,"Interpret $f$, $f'$, and $f''$ in context using appropriate units, rates, and verbal meaning.","I can interpret $f$, $f'$, and $f''$ in context, attach correct units, and distinguish a quantity from its first and second rates of change.","AP Topics 4.1, 4.3",context_meaning,multiple_choice,,Unit 4 Assessment Plan + Course Framework; supplied AP Topic scoring guides consulted for authentic representation/rigor only (no question wording copied).,AP-style mixed selected/constructed response source; no published question text copied.
U4-SUM-V8-Q02,MATH,4,4.1,summative_assessment,summative,v8_q02,unit-synthesis,2,"Interpret $f$, $f'$, and $f''$ in context using appropriate units, rates, and verbal meaning.","I can interpret $f$, $f'$, and $f''$ in context, attach correct units, and distinguish a quantity from its first and second rates of change.","AP Topics 4.1, 4.3",context_second_derivative,constructed_response,,Unit 4 Assessment Plan + Course Framework; supplied AP Topic scoring guides consulted for authentic representation/rigor only (no question wording copied).,AP-style mixed selected/constructed response source; no published question text copied.
U4-SUM-V8-Q03,MATH,4,4.1,summative_assessment,summative,v8_q03,unit-synthesis,1,"Interpret $f$, $f'$, and $f''$ in context using appropriate units, rates, and verbal meaning.","I can interpret $f$, $f'$, and $f''$ in context, attach correct units, and distinguish a quantity from its first and second rates of change.","AP Topics 4.1, 4.3",context_orders,multiple_choice,,Unit 4 Assessment Plan + Course Framework; supplied AP Topic scoring guides consulted for authentic representation/rigor only (no question wording copied).,AP-style mixed selected/constructed response source; no published question text copied.
U4-SUM-V8-Q04,MATH,4,4.1,summative_assessment,summative,v8_q04,unit-synthesis,3,"Interpret $f$, $f'$, and $f''$ in context using appropriate units, rates, and verbal meaning.","I can interpret $f$, $f'$, and $f''$ in context, attach correct units, and distinguish a quantity from its first and second rates of change.","AP Topics 4.1, 4.3",context_claim_critique,constructed_response,,Unit 4 Assessment Plan + Course Framework; supplied AP Topic scoring guides consulted for authentic representation/rigor only (no question wording copied).,AP-style mixed selected/constructed response source; no published question text copied.
U4-SUM-V8-Q05,MATH,4,4.2,summative_assessment,summative,v8_q05,unit-synthesis,2,"Analyze position, velocity, acceleration, speed, and sign relationships from equations, graphs, tables, and calculator-supported representations.","I can connect position, velocity, acceleration, speed, direction, and speeding-up/slowing-down behavior using derivative values and signs.",AP Topic 4.2,motion_velocity,multiple_choice,,Unit 4 Assessment Plan + Course Framework; supplied AP Topic scoring guides consulted for authentic representation/rigor only (no question wording copied).,AP-style mixed selected/constructed response source; no published question text copied.
U4-SUM-V8-Q06,MATH,4,4.2,summative_assessment,summative,v8_q06,unit-synthesis,2,"Analyze position, velocity, acceleration, speed, and sign relationships from equations, graphs, tables, and calculator-supported representations.","I can connect position, velocity, acceleration, speed, direction, and speeding-up/slowing-down behavior using derivative values and signs.",AP Topic 4.2,motion_sign,constructed_response,,Unit 4 Assessment Plan + Course Framework; supplied AP Topic scoring guides consulted for authentic representation/rigor only (no question wording copied).,AP-style mixed selected/constructed response source; no published question text copied.
U4-SUM-V8-Q07,MATH,4,4.2,summative_assessment,summative,v8_q07,unit-synthesis,2,"Analyze position, velocity, acceleration, speed, and sign relationships from equations, graphs, tables, and calculator-supported representations.","I can connect position, velocity, acceleration, speed, direction, and speeding-up/slowing-down behavior using derivative values and signs.",AP Topic 4.2,motion_table,multiple_choice,,Unit 4 Assessment Plan + Course Framework; supplied AP Topic scoring guides consulted for authentic representation/rigor only (no question wording copied).,AP-style mixed selected/constructed response source; no published question text copied.
U4-SUM-V8-Q08,MATH,4,4.2,summative_assessment,summative,v8_q08,unit-synthesis,3,"Analyze position, velocity, acceleration, speed, and sign relationships from equations, graphs, tables, and calculator-supported representations.","I can connect position, velocity, acceleration, speed, direction, and speeding-up/slowing-down behavior using derivative values and signs.",AP Topic 4.2,motion_synthesis,constructed_response,u4_sum_v8_q08_summative_velocity.png,Unit 4 Assessment Plan + Course Framework; supplied AP Topic scoring guides consulted for authentic representation/rigor only (no question wording copied).,AP-style mixed selected/constructed response source; no published question text copied.
U4-SUM-V8-Q09,MATH,4,4.3,summative_assessment,summative,v8_q09,unit-synthesis,1,"Translate a changing-quantity context into related variables, rates, a constraint equation, and the specific instant needed for related-rates reasoning.","I can identify changing quantities and rates, write a valid constraint, and prepare a related-rates setup without substituting values too early.",AP Topic 4.4,related_setup_order,multiple_choice,,Unit 4 Assessment Plan + Course Framework; supplied AP Topic scoring guides consulted for authentic representation/rigor only (no question wording copied).,AP-style mixed selected/constructed response source; no published question text copied.
U4-SUM-V8-Q10,MATH,4,4.3,summative_assessment,summative,v8_q10,unit-synthesis,2,"Translate a changing-quantity context into related variables, rates, a constraint equation, and the specific instant needed for related-rates reasoning.","I can identify changing quantities and rates, write a valid constraint, and prepare a related-rates setup without substituting values too early.",AP Topic 4.4,related_setup_ladder,constructed_response,,Unit 4 Assessment Plan + Course Framework; supplied AP Topic scoring guides consulted for authentic representation/rigor only (no question wording copied).,AP-style mixed selected/constructed response source; no published question text copied.
U4-SUM-V8-Q11,MATH,4,4.3,summative_assessment,summative,v8_q11,unit-synthesis,1,"Translate a changing-quantity context into related variables, rates, a constraint equation, and the specific instant needed for related-rates reasoning.","I can identify changing quantities and rates, write a valid constraint, and prepare a related-rates setup without substituting values too early.",AP Topic 4.4,related_rate_recognition,multiple_choice,,Unit 4 Assessment Plan + Course Framework; supplied AP Topic scoring guides consulted for authentic representation/rigor only (no question wording copied).,AP-style mixed selected/constructed response source; no published question text copied.
U4-SUM-V8-Q12,MATH,4,4.3,summative_assessment,summative,v8_q12,unit-synthesis,3,"Translate a changing-quantity context into related variables, rates, a constraint equation, and the specific instant needed for related-rates reasoning.","I can identify changing quantities and rates, write a valid constraint, and prepare a related-rates setup without substituting values too early.",AP Topic 4.4,related_setup_critique,constructed_response,,Unit 4 Assessment Plan + Course Framework; supplied AP Topic scoring guides consulted for authentic representation/rigor only (no question wording copied).,AP-style mixed selected/constructed response source; no published question text copied.
U4-SUM-V8-Q13,MATH,4,4.4,summative_assessment,summative,v8_q13,unit-synthesis,2,"Solve related-rates problems by modeling the quantities, differentiating with respect to time, substituting the instant data, and interpreting the resulting rate with units and direction.",I can solve geometric and physical related-rate contexts and explain the sign and units of the requested rate.,AP Topic 4.5,related_circle,multiple_choice,,Unit 4 Assessment Plan + Course Framework; supplied AP Topic scoring guides consulted for authentic representation/rigor only (no question wording copied).,AP-style mixed selected/constructed response source; no published question text copied.
U4-SUM-V8-Q14,MATH,4,4.4,summative_assessment,summative,v8_q14,unit-synthesis,2,"Solve related-rates problems by modeling the quantities, differentiating with respect to time, substituting the instant data, and interpreting the resulting rate with units and direction.",I can solve geometric and physical related-rate contexts and explain the sign and units of the requested rate.,AP Topic 4.5,related_ladder_solve,constructed_response,,Unit 4 Assessment Plan + Course Framework; supplied AP Topic scoring guides consulted for authentic representation/rigor only (no question wording copied).,AP-style mixed selected/constructed response source; no published question text copied.
U4-SUM-V8-Q15,MATH,4,4.4,summative_assessment,summative,v8_q15,unit-synthesis,2,"Solve related-rates problems by modeling the quantities, differentiating with respect to time, substituting the instant data, and interpreting the resulting rate with units and direction.",I can solve geometric and physical related-rate contexts and explain the sign and units of the requested rate.,AP Topic 4.5,related_rectangle,multiple_choice,,Unit 4 Assessment Plan + Course Framework; supplied AP Topic scoring guides consulted for authentic representation/rigor only (no question wording copied).,AP-style mixed selected/constructed response source; no published question text copied.
U4-SUM-V8-Q16,MATH,4,4.4,summative_assessment,summative,v8_q16,unit-synthesis,3,"Solve related-rates problems by modeling the quantities, differentiating with respect to time, substituting the instant data, and interpreting the resulting rate with units and direction.",I can solve geometric and physical related-rate contexts and explain the sign and units of the requested rate.,AP Topic 4.5,related_sign_critique,constructed_response,,Unit 4 Assessment Plan + Course Framework; supplied AP Topic scoring guides consulted for authentic representation/rigor only (no question wording copied).,AP-style mixed selected/constructed response source; no published question text copied.
U4-SUM-V8-Q17,MATH,4,4.5,summative_assessment,summative,v8_q17,unit-synthesis,2,Use local linearity for tangent-line approximation and apply L'Hospital's Rule only to appropriate indeterminate forms when its conditions are satisfied.,"I can build and use a linearization, discuss local approximation behavior, and decide whether L'Hospital's Rule is justified before applying it.","AP Topics 4.6, 4.7",linearization,multiple_choice,,Unit 4 Assessment Plan + Course Framework; supplied AP Topic scoring guides consulted for authentic representation/rigor only (no question wording copied).,AP-style mixed selected/constructed response source; no published question text copied.
U4-SUM-V8-Q18,MATH,4,4.5,summative_assessment,summative,v8_q18,unit-synthesis,2,Use local linearity for tangent-line approximation and apply L'Hospital's Rule only to appropriate indeterminate forms when its conditions are satisfied.,"I can build and use a linearization, discuss local approximation behavior, and decide whether L'Hospital's Rule is justified before applying it.","AP Topics 4.6, 4.7",lhopital,constructed_response,,Unit 4 Assessment Plan + Course Framework; supplied AP Topic scoring guides consulted for authentic representation/rigor only (no question wording copied).,AP-style mixed selected/constructed response source; no published question text copied.
U4-SUM-V8-Q19,MATH,4,4.5,summative_assessment,summative,v8_q19,unit-synthesis,1,Use local linearity for tangent-line approximation and apply L'Hospital's Rule only to appropriate indeterminate forms when its conditions are satisfied.,"I can build and use a linearization, discuss local approximation behavior, and decide whether L'Hospital's Rule is justified before applying it.","AP Topics 4.6, 4.7",lhopital_applicability,multiple_choice,,Unit 4 Assessment Plan + Course Framework; supplied AP Topic scoring guides consulted for authentic representation/rigor only (no question wording copied).,AP-style mixed selected/constructed response source; no published question text copied.
U4-SUM-V8-Q20,MATH,4,4.5,summative_assessment,summative,v8_q20,unit-synthesis,3,Use local linearity for tangent-line approximation and apply L'Hospital's Rule only to appropriate indeterminate forms when its conditions are satisfied.,"I can build and use a linearization, discuss local approximation behavior, and decide whether L'Hospital's Rule is justified before applying it.","AP Topics 4.6, 4.7",method_conditions,constructed_response,,Unit 4 Assessment Plan + Course Framework; supplied AP Topic scoring guides consulted for authentic representation/rigor only (no question wording copied).,AP-style mixed selected/constructed response source; no published question text copied.
